肖申克的救赎 The Shawshank Redemption,9.7,全部 345005 条,"“这是一部男人必看的电影。”人人都这么说。但单纯从性别区分，就会让这电影变狭隘。《肖申克的救赎》突破了男人电影的局限，通篇几乎充满令人难以置信的温馨基调，而电影里最伟大的主题是“希望”。
当我们无奈地遇到了如同肖申克一般囚禁了心灵自由的那种囹圄，我们是无奈的老布鲁克，灰心的瑞德，还是智慧的安迪？运用智慧，信任希望，并且勇敢面对恐惧心理，去打败它？
经典的电影之所以经典，因为他们都在做同一件事—...
Fear Can Hold You Prisoner, Hope Can Set You Free
人的生命不过是从一个洞穴通往另一个世界..然后在那个世界的雨中继续颤抖.i hope
一部没有爱情与美女的电影,却光芒四射
Hope is a good thing, and maybe the best thing of all."
霸王别姬,9.6,全部 278396 条,"他竟当面一语点破：虞姬是真虞姬，霸王是假霸王。
不解,拍出过霸王别姬的人怎能拍出无极来
就凭这个，我愿意原谅陈凯歌一切的烂片 你只要伟大过一次就可以了 就凭这个 哥哥你是我心中永远不朽的传奇 你是全世界最大的角儿
程蝶衣，和《海上钢琴师》的主角，都是一类人。
蝶衣于台上贵妃醉酒，头顶忽撒下无数抗日传单。灯骤灭，台下喧哗。没有人再顾及台上的贵妃。唯有蝶衣，继续着未尽的绝美舞步丝毫未曾停滞。一片混乱之中，也唯有四爷，独自于楼上包厢继续丝毫未曾分神。看到这里感动的一塌糊涂。结尾处“我本是男儿郎,又不是女娇娥”真的落泪了。纯粹坚持的2人去了"
阿甘正传 Forrest Gump,9.5,全部 221426 条,"Mama always said life was like a box of chocolates. You never know what you're gonna get.
you are my girl.

重新再看一遍，觉得奥斯卡当年颁给《阿甘正传》而不是《肖申克的救赎》，还是对的……更广阔，经得起各种解读，每个人都能找到自己的点。
十年前看过一遍，那时还是一个小屁孩，就像Forrest的妈妈说的一样，生活就像一盒巧克力，十年前的我绝对不会预料得到现在我会成为一个这样的大男生。Forrest Gump真是把""蠢萌""这两个字发挥到极致，我的意思是，蠢萌，其实也是上帝给予的天赋。
又是七年后，重温一遍。上帝是仁慈的，妈妈走了，珍妮走了，朋友走了，可是给阿甘留下了一个孩子。要是没有孩子他该怎么活下去。也是电影的仁慈。"
这个杀手不太冷 Léon,9.4,全部 270617 条,"我开始想要过得快乐，睡在床上，有牵挂
Leon的门打开，一束好象来自天堂的光照在Mathilda脸上。给他快乐，从不发问。细节和大方向都很出色，一部控制得几乎完美的电影。
我没啥感觉的公认好片。
看到泪飙，世上最温情的杀手。
幸运的姑娘在12岁就遇到了真正的男人。

我到哪里找，像你这么好。"
美丽人生 La vita è bella,9.5,全部 190121 条,"如果谎言可以这样美丽，我也情愿生活在谎言之中
喜剧的开始，悲剧的结束，
满满的亲情，无限的父爱
即使是悲惨世界,也要大大的笑着.
世界上最美丽的谎言与微笑。Surprise her, forever!
三刷了。记得上学时跟父母吵过，中国的父母经常想让小孩相信这世界的丑陋，而国外的父母即便身在地狱也要让孩子相信在天堂，让他们开心的活着，你们为什么要让我的童年的这么痛苦。哈哈，大概就是受这剧影响吧。"
泰坦尼克号 Titanic,9.4,全部 204348 条,"永远是我在电影院所看过最好的电影
一部应该被记住的电影.
你不能否认，它就是个传奇 
学校组织放映的影片，大家好像对rose和jack恋爱过程猎奇，但是让我感动的一幕是轮船将要沉沦，海上乐队的绅士们整理领结，肃穆庄严的弹奏最后一曲，那一瞬间，仿佛听见一首镇魂曲在响彻。
看了四遍，最后一次也是五年前了吧。不知再拿出来重温的话，会不会嚎啕大哭，像小学那时一样。 1998，5"
千与千寻 千と千尋の神隠し,9.3,全部 254877 条,"有那么那么经典吗？还是我老了？
一个寻找自我或者自我复苏的过程
我与猪都认可的片儿。
隔那么多年再看，还是会二话不说就爱上温柔的白龙，还是会被无脸男捧出的一把木牌打动，还是想坐在阁楼上边吃豆包边看电车从海上驶过，但是……再也说不出“想留在那样的世界再也不出来”的话了！愿幻想的世界里没有工作！
话说千寻现在也28岁了啊，不知道有没有和白龙重逢，如果按好故事的标准，应该是没有吧？她大概已经变成了普通的上班族，每天搭末班电车回家，只是在路过每一条河流时，会想起少女时曾经爱过一条龙。
宫崎骏没有迪斯尼那么花哨 甚至有些落伍 直到现在 他还坚持用手工绘画而不是电脑绘图来完成自己的卡通片 但他懂得一部卡通片 或者一部影片 应该用什么去打动别人 所以 宫崎骏笔下的形象是一个个人 而不是一个个没有知觉的卡通形象 "
辛德勒的名单 Schindler's List,9.5,全部 109538 条,"印象很深刻的是黑白画面中的红色。
这不止是剧情，更是技术、镜头、剪辑、演技和配乐的综合胜利。表达是一出技巧活，不以剧本和背景定优劣，这一切都是导演的功力和运气造成，不可求，但可遇——《辛德勒的名单》可谓厚积薄发。而实论背景，辛德勒本人之事尚存争议，电影却已在全世界人面前诠释并且定性了，由此可见媒体的影响之大
不仅仅是犹太人，而是整个人类的悲剧。
救人一命等于救全人类。集中营进得来，出不去，除非你从焚尸炉的烟囱里爬出去。
斯皮尔伯格，犹太人，世界最著名的导演之一，他通过黑白映像把第二次世界大战中德国纳粹犯下的滔天罪行传播到世界各地，那段对犹太人灭绝人性的杀戮终于大白于天下。
苍天悲悯，辛德勒名单内是生命，外是死亡，他为此倾家荡产，1100犹太人得已生还，也记住了辛德勒这位伟人。
"
盗梦空间 Inception,9.3,全部 258982 条,"1、电影确实精彩。2、没有想象的难懂，相信你自己。3、总会有一个让你记一辈子的镜头。4、请降低期待值。5、请提前上厕所。6、记得关手机。7、一定要去影院，因为影院也是个造梦机器。8、记得听完结尾音乐。因为它负责让你醒来。9、极可能是近几年你在影院看过最精彩的电影。10、穿越吧少年
我的陀螺停不下来了。
我还能说什么呢 出影院第一件事就是拿iphone 上豆瓣 至少5颗星啊 第156个评分的 哈哈哈哈 一直要用心用脑看的电影 内容很严谨 逻辑性强 非常好看 等高人仔细分析。。 又去影院 看了一遍 很爽 很抖擞
确实挺好看。人人都在评论这片，我也评不出个鸟来了。因为《盗梦空间》这片，中国人民已经陷入了智商无限的癫狂幻想之中。人人都觉得自己的解释最牛逼，人人都觉得自己是哲学家，是心理学家，是数学家，是诺兰的知己。
列奥纳多干完这票肯定是要去Shutter Island修养一阵了。"
忠犬八公的故事 Hachi: A Dog's Tale,9.4,全部 195661 条,"八公的主人，也在天堂的门口等了它很久吧。
Hachi就是爱一个人过一生了。
这真是漫长的一生啊，八公。
天呐我从后半段开始一直在哭 为什么面对这么居心不良的赚眼泪煽情电影我还是被套牢了！我马上要给我家小羊皮一个热烈的大拥抱！！！
....明早眼睛又肿了"
海上钢琴师 La leggenda del pianista sull'oceano,9.3,全部 223769 条,"如果我把吉他练熟了，就可以不用买打火机啦
又是一定该看的，只在自己的世界里坚持自己的人．哪怕生命就这样消逝．只留下一点声音的碎片，１９００，也许我们都一样害怕脚踏实地的生活，害怕乌烟瘴气的世界．
海上乌托邦
在船上出生，在船上死亡，他是一个从来没有存在过的人。
第一次放弃下船，他放弃了财富和名气。
第二次放弃下船，他放弃了生命。
人们把音乐当成一种比赛，他不在意虚名和输赢。
人们想利用他的才华致富，他不愿意让他的音乐离开他。
人们浪费了太多的时间去问“为什么”，他想活得简单点。
宁愿一生孤独，不愿随波逐流。
人可以下船，但是不能离开大海。
每个人的心中都有一片海，而他的大海是音乐，是钢琴，是那个女孩。
我想有些东西只是能在特定的环境下生长。当环境变了，其他的一切都会变。"
机器人总动员 WALL·E,9.3,全部 150853 条,"很久没看过这么可爱的动画片了。瓦力什么都不会说，除了那一声声执拗的：Eve！他们在星空画出美丽的弧线，他们无意间守候了一份真正的爱情。
没有引进真是太遗憾了。
堪称完美的动画作品。
到底有多少人是因为《机器人总动员》这个烂译名错过它的！太出色的一部动画了，你找不到替代品的。默片，看似简单又非常复杂的设计，怎么那么棒，那么感人。
有那么一丝感人，但在皮克斯里不算最精彩的，是属于那种背景深刻剧情简单的片子。但是豆瓣咋能有那么高的分- -。"
三傻大闹宝莱坞 3 Idiots,9.2,全部 243434 条,"【温馨提示：请忽略这傻逼名字.不然你会错过一部好电影】1、病毒的鸟巢飞来了一只自由之鸟；2、Ta有没有告诉你,朋友就是给你一枚硬币教你自己独立做出选择的那个人.这个人才是你最大的财富 ：）
活在当下，不记得失，以无为之心做有为之事，你收获的会是比物质更珍贵永恒的生命体验。
如果有一天你变成了奇怪的家伙，生活于恐惧和虚假之中，就念重生的咒语“All is well”，狠狠地给这个世界一脚！对鼓励别样人生价值和给人梦想的片子我是举双手赞成，何况从头到尾都拍得这么欢乐。台词：“朋友是男人最大的胸部”、“你这么害怕明天，又怎么能过好今天”。
第一次完整看完一部印度片。中国不如。
你们都说好看，我也就觉得一般般"
楚门的世界 The Truman Show,9.3,全部 188247 条,"“如果再也不能见到你，祝你早安，午安和晚安。”
看的时候甚至有种绝望的情绪，这个世界有时就是这么的令人无助
不止一次的怀疑所有人都在演戏，而我却蒙在鼓里
换句话说，他的生活就是真实的生活，如果什么也没出现什么也没发现。再换句话说，所有的配角被迫清醒地站在这个虚拟的边缘，吃喝拉撒24小时待命，意识到此刻的高潮被以亿计算的人类消费着，除此之外生活的区别只是没有摄像头对着，不用去区分真或假。精神病和真实一线之隔。坚持到底你就赢了。
当你望着深渊的时候，深渊也在回望你。楚门之外的世界，又会有怎么样的窥探？最怕的是，我们永远无法求证自己身处在哪个世界。"
放牛班的春天 Les choristes,9.3,全部 141771 条,"一个孩子在启蒙时期，能够遇到一位好的老师，真的是一件非常幸运的事情。
莫翰奇每一次独唱我都热泪盈眶.
看到激动地直起鸡皮疙瘩，看来总有那么一种类型的东西能感动本人
男孩的声音真是好听……
马修先生好可爱。"
星际穿越 Interstellar,9.3,全部 235799 条,"诺兰说：如果我活得够长 那么豆瓣TOP250就被我承包了。
我想给100颗星，这可能是我至今看过最令我震撼的电影了。到电影结束时候还不断流泪，奇迹不是因为有上帝 也不是有什么不可知的 某种力量，正是我们自己，人类不相信人类的力量把那些我们无可预知的奇迹都认为是上帝的功劳。若兰把我的世界观如此震撼人心的展现出来，我感觉我现在都激动得语无伦次了
三体迷们不用担心电影版会拍的稀烂啦！章北海船长，面壁人希恩斯，高维碎片，青铜时代和万有引力舰太空大战，冬眠和星际航行，三体世界的荒芜，高维世界的样貌，云天明的童话，诺兰新作中一次性看完！#刚刚看完星际穿越interstellar，感觉自己萌萌哒#
赶着首映翘课去看了imax版。诺兰一直在围绕人物内心讲故事，配上宇宙孤独梗，目瞪口呆或许是夸张，但泪流满面了几次绝对是事实。很多宇宙中的片段没有背景音乐，全场安静地如梦如幻。影片结束后随着观众鼓了掌，能和这样出色的人类活在同一个时代，的确是我的幸运。 期待影片明年多拿到几个提名
以地球全部北京化（咦？）为背景的近未来硬科幻，对虫洞、重力和时间维度都有新颖的理解，刻画的浩瀚宇宙让人目眩。可惜诺兰的野心太大（真的是bigger than bigger！），而且把人性拔那么高，到最后就成太空神棍片了..."
大话西游之大圣娶亲 西遊記大結局之仙履奇緣,9.2,全部 152924 条,"一遍烂，两遍笑，三遍哭
经历过和正在经历着悟空式的命运和紫霞式的爱情，才发现生命的本质是以最低的姿态出现的。英雄？你为什么不问问做英雄的代价？  
“想不到经过这五百年，我要找的并不是她，而是你。”人生际遇真是难以言喻。
我猜中了开头，却猜不到这结局。/ 20141024 在影院哭死
年少时特别不喜欢周星驰，觉得瞎搞，觉得脏乱差，但长大之后，每看一遍就难过一遍，每看一遍哭一遍。他真是在这里说尽了爱，说尽了责任，说尽了人世种种无奈无力
盗用一句黄姐姐很喜欢的管风琴，""人能这么锲而不舍地轻佻，骨子里一定有哀世伤生的肃穆在支撑。"""
熔炉 도가니,9.3,全部 136488 条,"這個世界的絕望在於，眼睜睜地看著那麼多的不公不平每天都在身邊發生，自己再怎麼努力卻依舊無可奈何；而這個世界的希望也在於，明知是蚍蜉撼大樹，卻還是有那麼一群人執著地選擇了這一條艱難而幾近不可能的路。
。。。套用 被嫌弃的松子的一生 里面的一句话：生而为人，对不起。
大概只有套用《让子弹飞》里的一句经典台词才能略为表达我看完本片时的心情——震撼！震撼！！还是TMD震撼！！！我可以理解部分人站在纯粹艺术的角度对这部电影技法上的乏善可陈评头论足，但是我无法相信有人面对它由始至终散发出的那股震撼人心的力量时居然能做到完全无动于衷。
令人绝望的不是电影，而是生活本身。
一个文科生，每天背着政治生活，背四项基本原则我国的国体公民的权利。亲眼看着热搜被撤下，视频被删除，三种颜色消失不见。豫章书院还存在，赵V再也没有人提及，国乒事件最后化为一题选择题。熔炉的故事真实发生在我所在的国度。“我们一路奋战，不是为了改变世界，而是为了不让世界改变我们。”"
疯狂动物城 Zootopia,9.2,全部 229066 条,"树懒太他妈好笑了！！那两分钟我嗓子都哑了！！卧槽！！真是太他妈好笑了！！
无论是人设，世界观，动画制作，还是剧本，都挑不出毛病来啊啊啊！！细节多到爆！！好幸福！！！！>w< 最难能可贵的是配角们的人物性格和形象设置都非常饱满（教父梗好惊喜>< ） 虽然是动画，但是剧本还是隐射很多人类社会的种族问题，以及政治两党上位之争的问题。另外我狐Nick的眼神是在太苏了TwT...
完爆冰雪超能头脑，动物再次证明了动画片不止是给小朋友看的，而是全年龄段和世界级的，尖端数码特技、新意剧情、老梗新用搭配萌Q画风，乌托励志、搞笑温情、自然销魂、阴谋反转，用动物来映射人类，涉及种族歧视和两党斗争，无论从制作技术还是政治倾向或是社会意义来说，基本锁定今年奥斯卡最佳动画
故事流程对小盆友来说不艰深对大盆友也不无聊。树懒那段，跟法国公务员打过交道的都会心一笑。兔子的微表情做得很棒。然而对所有的群体标签统一嘲讽的结果就是下意识也贴了标签（比如狐狸必然聪明却捞偏门，兔子一定是繁殖癌，猛兽全是雄性，etc）。最后，可惜世界不是一部迪斯尼出品的动画片。
赞 看完赶脚世界都美好了"
无间道 無間道,9.2,全部 111911 条,"我还是不能理解为什么美国人可以这么无耻直接拿本子过去拍出烂片还得了奥斯卡但是不给这部片子正名?
最后那一下爆头，刘德华和梁朝伟的眼神里都是震惊，他死在电梯里，电梯门来回的开关，我们也从震惊中恢复，觉得残酷，谁说的，好人有好报，那些为民除害的，都死了。会有人惦记着他们吗？把他们视为英雄吗？又有什么用呢，这个社会还不都是恶人当道。
看刘德华演戏好累
一气呵成。梁朝伟的眼神令人揪心。
经典港片，无间道，如人生~~"
龙猫 となりのトトロ,9.2,全部 148475 条,"如果你在下雨天的车站，遇到被淋湿的妖怪，请把雨伞借给它，你会得到森林的通行证哦
摸摸龙猫的鼻子胡须就会颤动起来哦=w=……看见斜眼偷瞄逃跑的小白一定要跟上去！ 童话总是在相信它的人心中真实的存在着，想起来的时候心中就会充满温暖守护的力量
宫崎骏最感人的一部，初看平平无奇，回味一下痛彻肺腑。
简单奇妙的故事、可爱的人物造型，除此，没有太多打动人心的地方。
因为缺少重看的观影经历，又被那套网络上的都市传说所影响（已辟谣），一直在疑心，年少时，是不是真有遗漏掉关键信息。得益于二十年后的重映，大银幕上重温，依然觉得是个单纯无比、被孩童想象所充盈和浇筑的成长故事。里面有美化过后，昭和年间的田园风貌回忆。樟树王、老房子、水稻田、乡间小路和巴士车。 小孩子能看见龙猫，自然是关于童心无邪。除了制造人类与大自然的连接，更多是因为，小孩子才能看见美好、已经失去的东西..."
教父 The Godfather,9.3,全部 97102 条,"to所有男生：别想太多。你们都不是马龙白兰度，不是阿尔帕西诺。
无论阿尔帕西诺多卖力，教父也只有一个，那就是永远的马龙白兰度。时代不一样，要走的路不一样，所以那个黄金时代，讲义气重家庭谈承诺的时代，永远回不去了。
科波拉是有厌女症吧？这片子里的女人要么圣母得让人恶心，要么就傻逼得遭人烦，除了哭哭啼啼就是无理取闹。最后一个镜头，麦克成为新的教父，一道门隔开他的妻子，不是没有理由的。这是一个男人的世界。相对来说我最喜欢医院里那场戏，拍得相当有张力，第一场婚礼戏也喜欢。
平缓的节奏蕴藏着巨大的权威和张力，音乐舒缓淡淡忧伤，利益博弈人性冲突。无论是演技还是镜头、音乐的运用，都给人以一种美的享受。而看这部电影是极其需要沉下心来细细品味，也无论何时翻出来重温都能有新的感受。★★★★☆
聪明的女人不会去揭穿男人的谎言，聪明的男人不会让女人知道自己在说谎。"
当幸福来敲门 The Pursuit of Happyness,9.1,全部 153174 条,"如果能让自己不再为光阴被虚度，才华被耗尽而流泪，如果能让自己坚定，“我不要似是而非的人生，我要自己做的每一件事都刻骨铭心”，那么这场狂热便是得其所，记住这永远不是最差的人生。
虽然是个好莱坞励志片，但真正让我感慨的其实是，穷人想要翻身，真是太难太难了，他们大多数不是不努力工作，但确实是一根绳子勒在脖子上，压根没有喘息的机会，而且他们的孩子从出生下来就没有，毕竟不是每个穷人家的孩子，都足够幸运能有这么顽强，比别人聪明十倍的爸爸啊。
孩子母亲颤抖着说你会照顾好他；
装扮成时光机器来安抚孩子，子夜洗手间中独自哭泣；
“你是个好爸爸”，孩子说。
看电影的时候，我的手经常不自觉的紧握着，为那揪心的困窘。
幸福在这里敲门了，可是那些没有被敲门的人呢？
有点失望...感觉是为了励志而励志......要不是导演和演员功力，就沦落成俗套励志片了......
除了幸福 什么都能放弃 一定要幸福 和自己喜欢的人在一起 做自己喜欢的事"
怦然心动 Flipped,9.1,全部 266127 条,"我看完后也对这女孩感触特别深，她独立而勤劳，恪守自尊但又不敏感到浑身长刺，正像邦妮另外一条说的，没有那个男孩，她也会生长得很好。对于成长电影来说，它对孩子和家长都很有教育意义，不论面对挫折还是爱，它都有非常正向的可贵的价值观。
当你喜欢我的时候，我不喜欢你；当你爱上我的时候，我喜欢上你；当你离开我的时候，我却爱上你；是你走得太快，还是我跟不上你的脚步……
篮子男孩，好萌的活动，怎么我们学校以前没有啊！
Flipped，怦然心动，喜欢这个翻译的片名，就像第一次看到那棵树上的美景，就像第一次看到你闪亮的眼睛，那一瞬，就莫名心动了
太好看了！十星推荐！就是太短了呀！！！！！！"
触不可及 Intouchables,9.2,全部 145648 条,"音乐真棒，看到最后有些意犹未尽。很舒服的电影，故事有趣又会带些感动。两个完全不同世界的人，因为教育、知识、习惯等各种不同造成情节冲突及笑料；而彼此的影响和同化则是感动的部分。对于菲利普来说，有时需要的未必是小心翼翼的服侍，而是像对待普通人一样的无歧视对待。
对残障人士最大的尊重，就是不要把他们当做残障人士。尊重比爱和同情心更高等级
毫不基情的友情片！
某个人在不经意间走进你的生活，他和你不同阶层，不完美，甚至有不少讨人厌的毛病，但是长期的相互信任和理解成就了一段真挚友情，也给两个人的生活都带来了阳光。把德瑞斯的原型改成黑人使对比更强烈情节更戏剧化，也让这段超越种族的友情更感人。影片里乘着滑翔伞在山谷中翱翔那幕太美了……
就像Ludovico Einaudi的钢琴配乐，古典，氛围，轻易就可以打动人心，我对于此人的印象，还停留在【这就是英格兰】电影原声阶段。欢乐和温情并存的法式温情喜剧，台词很精准，刻画人物的同时还让人捧腹，力道精准，火候尚佳，这应该就是点到即止的魅力！高雅和喜剧细胞还真不是随便就能学来的。★★★★"
蝙蝠侠：黑暗骑士 The Dark Knight,9.2,全部 112846 条,"好到一秒钟都不曾浪费
大片中很有内涵的一部，不管是人们心中暗自涌动的对小丑疯狂灭世主义的不安的共鸣，还是对蝙蝠侠孤独暗夜行走的英雄惜英雄般同情，其实都是人们对这个世界失望的一种情绪释放。其实小丑说的很对，他和蝙蝠侠很像，都是异类，只不过蝙蝠侠把痛苦留给自己，顽固地去坚守一丝信仰，而小丑把痛苦还给世界。
赞誉众口一致夸上了天，百闻不如一见，这种连环画超级英雄故事居然能扯到第六集真是要把编剧逼跳楼了，最后呈现的暗夜骑士全然超越了原著，悲怆到迷人的境界，着实是个奇迹。剧本确实很卓越，导演确实很出色，还有演技真是不得不叹服一下太tmd震撼
Batman是最不漫画的漫画英雄，也正因为这一点，使之最有可能成为跨越犯罪剧情片和漫画英雄片界限的特例。而这一次，编导精准的抓到了这一点，把这部电影打造得丰富严谨又酷劲十足，无论是满足视听还是人性复杂层面的挖掘上都做到了堪称完美！
绝对是杰作，大陆上不了院线在广电的耻辱柱上划了浓墨重彩的一笔～"
控方证人 Witness for the Prosecution,9.6,全部 69934 条,"好片遇上好字幕~爽
当结尾旁白说“影院友情提示，为了保证您没有看过这部电影的朋友，有机会获得更大观影乐趣，请您不要像任何人透露这部电影的结局”时，真爽，这个电影真是骗足了同情心，飚足了演技，压足了节奏，然后唰唰大释放。一场英国男人和德国女人之间爱情与欺骗的故事，现在才看，对不起比利·怀尔德老人家。
阿加莎·克里斯蒂的精妙情节配上比利·怀德的风趣对白，以及查尔斯·劳顿、玛琳·黛德丽、泰隆·鲍华等人的精彩表演，几近完美的电影。不老的玛琳·黛德丽，又被感动了，真棒。
Marlene Dietrich 的气质与片子并不十分切合啊，此时的她居然56岁了，难以置信！
满分！无法形容的精彩！怀德和阿加莎的完美结合，猜了几次凶手都没中，我还真是。。。马琳黛德丽已经56岁的人了还那么美，果然是remarkable。演员都极其出色。太精彩！"
活着,9.2,全部 102981 条,"年代记实录，看了让人不舒服，特别是里面的台词，虽然他们在拼尽全力的活着，可是却又显得如此可笑和悲凉。“小鸡长大了就变成了鹅，鹅长大了就变成了羊，羊长大了就变成了牛，牛长大了就是共产主义了。”
个人认为是张义谋最好的电影。
一个时代有一个时代的悲哀和可笑，你能在别人心酸的故事中读出些许温情，也能从自己的平凡中领会些许荡气回肠。电影少了原著的惨烈，但那种好死不如赖活着的悲凉还是存在的。
中国不是没有好电影，而是真正好的电影没有在这个社会喘息的余地。竟沦落至此，天涯同道，难语归途。友庆死掉的那段，泣不成声，不忍卒读，他们逃不过。
从一开始不可能让人哭，我就哭得一塌糊涂，因为这部片，又不全是。"
乱世佳人 Gone with the Wind,9.3,全部 87936 条,"整整4、5个小时啊，看到我中途昏死了过去。郝思嘉最后的那句“tomorrow is another day”鼓励了多少脑残志坚的女性呀！（包括我在内）
Tomorrow is another day. 又一句该死的经典台词。
Clark Gable你真是每一个女人都会梦想得到的男人
艾希礼的年龄和长相确实是个问题，我怀疑盖博当初签合同的时候是不是要求所有男演员都必须找比他难看的
看完斯嘉丽那么瘦小的身躯，却承受着那么大的压力，都能顶的住。真的感觉不到什么叫困难了，第二天去考试奇迹般的过了。。"
末代皇帝 The Last Emperor,9.2,全部 91594 条,"有史以来一部最地道最出色的中国电影，居然，Made By Italian～
尽管看一群中国人在屏幕上讲英语很是奇怪，但不能否认这是部出色的电影：它与国家无关，与王朝无关，这只是一个渴望自由却不得的人的编年史；""门""的意象被反复提及，寓意溥仪被禁闭的一生；贝托鲁奇娴熟的运镜，要人命的广角自然光，美妙的配乐。
我觉得对于一个外国人拍的中国人物传记来说，它最可贵的不是那些对比强烈的色彩和镜头，而是他的态度，他对这个人物的理解，他并没有评判什么但是他把故事默默地摆在那里，到结束，你会一时觉得心情复杂，而且更重要的一点是，电影里不仅仅塑造了溥仪一个角色，而是通过细节也讲述了围绕着他的一些人的沧桑，这对于一个外国人来说，我觉得异常珍贵。虽然还是有些次要人物显得有些脸谱化，呵呵。。。CC版本，3小时38分。。。
贝托鲁奇镜头下的中国始终是存在于他想象中的红色国度。电影拍得过于西化了，但讨巧的用溥仪的命运承载了近半个世纪中国的变迁，进而阐释了人与命运对抗的古希腊悲剧主题。如果说人的一生是不断失去的过程，溥仪无疑是失去最多的，因为他曾经拥有整个中国...
神作。三个小时完全不觉得长，没有一个镜头是浪费的。有人觉得这个电影太过魔幻主义。但那个时代， 这群人，不用魔幻现实主义的镜头怎么能体现的出来！尊龙太美，绝望之极时眼神里也有傲气。只可惜时代弄人。最后蛐蛐的隐喻太太太太太贴切又催泪。"
寻梦环游记 Coco,9.1,全部 255284 条,"我们是人类的一分子，而人类是充满激情的。医学、法律、商业、科技，这些都是崇高的追求，足以支撑人的一生。但音乐、诗歌、梦想、情感，这些才是我们活着的意义。
皮克斯保持原创的又一巅峰，回忆与遗忘的情感核心，在家庭、音乐、梦想、冒险的故事线下饱满溢出银幕，最后只能以泪洗面。2017年度Top3
老人不图儿女为家做多大贡献呀，一辈子不容易就图个团团圆圆。皮克斯替蔡国庆唱了回春晚。
麻烦说比头脑特工队好的适可而止，coco这烂大街的设定真的被头脑完爆。只是一些观众更吃coco这种温情又煽情的故事罢了
1、对不起，梦想和亲情永远不该对立。男孩最后怎么就能主动放弃了呢？2、我爱这个死亡和分离的故事，感谢皮克斯，将墨西哥的亡灵节变成了温馨的生之欢喜。3、依然催泪，但你流泪了，不代表这就是一个好故事。泪水不该廉价。"
摔跤吧！爸爸 Dangal,9.0,全部 216916 条,"根据真人真事改编，讲述印度一块女子摔跤金牌的诞生。剧情热血逗乐，竞技惊心动魄，挑不出什么毛病的宝莱坞电影，父女情尽在不言中。阿米尔·汗太敬业了，为了一闪而过的几秒就把自己的身材从肥胖练成魔鬼，好演员都是用生命在演戏啊～
女权癌们归根结底还是她们看不起摔跤这项运动，要是把爸爸让女儿练习摔跤改成鼓励女儿去选美，当模特，变成大明星，估计就不会有那么多愤慨了。她们骨子里认为摔跤是男人的运动而已，所以说女权癌本质上是男权思维奴役下的产物。
#北京电影节#我不觉得这个片子囿于父权的藩篱，父亲虽然有在女儿身上圆梦的渴望，但也建立在发现女儿的天分的前提上。摔跤让两个女孩子挣脱了偏见和无止境的家务，挣脱了14岁嫁人的命运，踏入更广阔的世界。说直男癌都是怎么想的？
（看的完整版）取材真实，剧作扎实，用体育竞技片来拍父女情节剧，并改写了上到封建礼数、下到官僚制度的不变法则。有人提出片中受父权压制的价值观导向，请站在印度国男尊女卑的角度去看待吧，它明明是在拥护女性。另外结尾父亲的缺席，也暗示了女性的独立。另外，套路也是路，不要排斥套路。
父亲堪称年度最讨厌角色，女性意识的觉醒不是建立在自我的基础上，而是在父权的逼迫下强制产生，这种价值感实在不敢苟同。此外，本片将体育的竞技精神完全扭曲，以输赢作为唯一指标。放在励志题材电影横向比较，也毫无任何创新之处。"
少年派的奇幻漂流 Life of Pi,9.1,全部 218171 条,"李安的片子越来越有得道升仙的感觉。。。把奇幻的世界也拍的太美了/见证上帝的说辞是真是让人羡慕有信仰真好/男主角π说人生虽然要放开一些事物，但是放开的时候还是要好好的道别呀。然后我就哭了。。。
不得不承认，跟要讲的漂流故事一样，电影有个挺吸引人的3D开头。中间开始乏力，大段大段重复的明信片场景，呼唤神灵喊妈妈。至于所谓的黑暗版，这种流于表面、直接扔给倾听者（观众）去选择的方法，真的很独到吗？信哪个会提升你的人生感悟么？？反正，它是影响不了我对影片的失望
我从小热爱着海洋，觉得它美极了神秘极了，李安完全把我所能想象出的乘以十倍夸张梦幻勾勒出来，水母之夜鲸鱼出水，晚幕下晶莹剔透的绿色孤岛，电闪雷鸣的暴风雨等等，大海上的每一帧剪下来都是一副视觉佳作，3D效果异常出色，老虎出来的那一下我他妈真的在电影院吼了句“我操你妈 ！！！！” 
每个人心中都有一个瑰丽壮观、无人能及的冒险之旅。李安用最豪华的视效和最细挚的情感打造了2012年海上漂流版的《荒野生存》，看完电影，我宁愿相信它是一场梦，长醉不醒。【人生到头来就是不停地放下，可最痛心的是，我都没能跟他好好道别……】
同樣是關於少年和冒險的故事，不得不說，勝過老馬的《雨果》不止一兩點。第一次，3D的感覺不再那麼商業。50屆紐約電影節光榮開幕影片！More than just amazing and great. "
指环王3：王者无敌 The Lord of the Rings: The Return of the King,9.2,全部 55462 条,"最服的就是山姆了，走了那么长的路，路上吃得那么少，一点儿没瘦。
原来真的可以被友情、信念和正义给感动。。。
一口气看完三部白金加长版，对于这样的片子，只有两个字形容：经典。相对于骇客帝国，这三部的连续性非常好，值得称赞。
亡灵奔涌那里很帅••••••
彼得大帝告诉你：什么叫做史诗！
本片荣获第76届奥斯卡最佳影片、最佳导演、最佳改编剧本、最佳视觉效果等11项大奖，和《泰坦尼克号》《宾虚》并列“获得奥斯卡最多的电影”。"
飞屋环游记 Up,9.0,全部 135795 条,"我心中的结局：就在老爷爷被勒令搬进养老院的第二天，来接他的人发现老爷爷静静地坐在椅子上，手中拿着还没充完的气球。他已经死了，脸上留着幸福的笑容。飞屋冒险只是老爷爷死前的幻境。至此影片结束。
前面几分钟就让人落泪，后面却越来越不靠谱
气球升起的时候太美好了
最让我感动的是电影开头，这对夫妻志趣相投、相濡以沫，我想自己能不能找到这样的另一半呢
前12分钟完美，后面剧作不及技术好。"
十二怒汉 12 Angry Men,9.4,全部 66111 条,"偏见，合理的怀疑。任何时候都要保持怀疑的能力。最后，当意见终于统一，每个人默默地穿上外套，离开，桌子上是刚刚一个半小时内发生的巨大震荡留下的痕迹，烟灰缸，纸团，凌乱的纸张，笔，还有那把刀。经过这些震荡后的十二个男人，不管之前是多么的抱着偏见不放，此刻都闪着光。这是人类进步的光芒。
民主、人性、理智、原则。合理怀疑。
人是说谎者，人是连自己也会欺骗的说谎者。因为冷漠，成见，因为麻木，可笑的自尊，或者甚至不需要任何理由的去坚持一个谎言。一个没有理智的社会，往往同时也是一个没有感情的社会。强烈推荐，精采绝伦。
傻了B了，竟然先看介绍，结果观影过程觉得影片本身十分做作。
1.看罢暗惊，但细想之下，并非最爱的吕美特电影。2.把罪案摊在阳光下。3.我从小到大住在纽约，却从来没去过那里。4.并非称言其无罪，而是不确定是否有罪。5.最棒的钟表匠都在欧洲。6.不论去到哪里，偏见总是遮蔽了真相。"
鬼子来了,9.2,全部 72308 条,"十部南京也抵不过一部鬼子来了。
大概姜文最后的一笑意思是“幸好我死了，这狗B的世界我可不想活着”
留口气活着很重要，可有些事比活着留口气重要
在抗战这个题材上，找不到比这部片子做得更好的了。与之相比，陆川简直是坨狗屎。
1.一些意味深长却无法言说的东西。2.众生平等。人性并无美丑之分。渺小的人类个体的行为也无对错可言。是战争和国家这个巨大的利益机器扭曲了人性。3.战争，荣誉，保卫祖国都是公然杀戮的借口而已。4.南京只讲出一分我已觉得满足。姜文简直就是惊喜。"
何以为家 كفرناحوم,9.1,全部 153049 条,"人类究竟为什么对生育有这么大的执念？
前100分钟拍的没有任何一丝赘笔，冷静利落，最后20分钟稍有煽情过度，但也是在合理范围之内，小男孩的演技已经超过当年的柳乐优弥，戛纳最年轻影帝马上就要诞生了。
从一句话的简介 就直击心灵 再到120分钟完整故事 一直受到着冲击与震撼。 三个看片小伙伴 开篇就哭的稀里哗啦 结束 已经泣不成声  真的是一部还没看完就想让全世界去看的电影。那句在法院上12岁的小ZEIN的发言：我要控诉父母生下我。我想让那些无法养活孩子的父母 不要生下孩子。
最后的笑，之于我们大众，本应平凡不过；之于这部影片，却是格格不入。这也是部超级英雄电影，一个在乱世底层顽强挣扎，救妹妹、当保姆的小小蟑螂侠。#21st SIFF#
小男孩非常突出，不知能不能冲下影帝。制作还不错，不过剧作人为痕迹还是太重，想要照顾更多，反而觉得有些过。煽情也有点多，属于催泪系。"
天空之城 天空の城ラピュタ,9.1,全部 71762 条,"多年后重看天空之城才能更加明白，宫崎骏对细节的处理的用心不仅仅是一时的感动你，宫崎骏能通过他的作品来让你逐渐明白生活的可贵，来明白爱与和平的作用。但就……还是早恋！
剧情无甚佳，但天空之城的景象忘不掉，尤其是废墟中布满杂草的死掉机器人出现的时候
久石让的原声太动人
如果说自然赐予文明以生命力的话，那么贪欲则会夺取文明的生命力，直至文明毁灭。植根厚土，沐浴清风。和种子一起过冬，一起在春天里生长；和鸟儿一起在春天里歌唱；和春风一起在大地上舞动。只为追寻那最质朴的生活。“巴鲁斯”与其说他是让拉普达毁灭，还不如说是让拉普达文明涅磐重生。 
佩服宫崎骏的想象力，电影中的某些情节还历历在目，是部非常不错的动漫电影，弦乐很动听！"
大话西游之月光宝盒 西遊記第壹佰零壹回之月光寶盒,9.0,全部 73258 条,"莫文蔚趴在地上时说了一句话让我很感动，她说，我找到了一个和你很像的人。
逢年过节必放必看的经典 我记得片子里最后一句台词是：“你看那个人，好奇怪哟，象一条狗。” 多少的唏嘘感慨啊
蛮好笑的，只是没觉得像大家分析的那么悬。不想深究，笑过就好~~
呵呵，1996年看的。【2014】终于在大荧幕上看了。虽然是普通话。经得起这么多次的反刍，可以确认是经典了。想起东邪西毒重演时提前离场的对比，简直。
哈哈，星爷的经典该怎么评呢？小时候看不太懂，长大了才看懂还看过好多遍，星爷的喜剧电影是唯一可以让我看3遍以上的电影。"
哈尔的移动城堡 ハウルの動く城,9.0,全部 97918 条,"看了这个电影就想要一个家。擦地板，在阳光下面放上铺着干净桌布的餐桌，还有照顾小火苗，就如同守护爱人的心一般。
宫老唯一采用的美男主~~千年一见
人不漂亮活着还有什么意思...哈哈哈哈太可爱了哈尔...
腾空徒步的那一段，最浪漫
木村拓哉的声音真是亚萨西啊……"
天堂电影院 Nuovo Cinema Paradiso,9.2,全部 80049 条,"出去闯荡吧，永远不要回来，不要打电话，不要写信。我不要在这里跟你谈话，我要听别人谈论你。。。
几个亮点：电影院题材；缘分错过后重逢。都是很不容易的题材。恐怖电影，电影院里所有人都捂住了双眼，只有一个男人无所谓地瞪大双眼看，转过头去，楼上也有一个面无惧色的女人在对着他笑。一切停止在此时。

真好的一部片子，关于忘年交，关于青春，关于爱情，关于真诚。三十年的时间，你会习惯多少事情而又忘了当初那些感动。当天堂电影院倒塌的一瞬间，脑中残留的画面想起了阿尔弗雷多的那句话：当你在这里待久了，你会以为这里就是世界的中心，你要离开这里。对未来的信仰和憧憬。结尾的吻戏剪辑真赞！
因为我也当过放映员，深有感悟……我们每个人都是小托托、每个人都希望自己的儿子也叫小托托、就连爷爷奶奶们也都希望有个小托托样的孙子……
回忆就是因为回不去才可爱，才可贵。错过多年以后let go的坦然有时比悲情的执着更能予脑海留香"
素媛 소원,9.2,全部 81656 条,"太催泪了，素媛和爸爸之间的很多细节都特别感人，素媛住院时，爸爸笨拙的在电脑上搜索“如何和女儿交流”；出院后爸爸悄悄在她床头放上装满糖的小包让她背着来掩盖便袋的声音；还有素媛不再和爸爸亲近，他只能扮成可可梦哄她开心，每次想到笑嘻嘻的可可梦背后是一个无奈的父亲就会觉得特别心酸。
爸爸和小女孩演的都太好了，爸爸的基友一家人真不错，这样的人在世上少有了。还好孩子没有受到欺负，能有人正确的引导她，帮助她。人渣们都该死~！我哭死了
最感人的是素媛回家时那一墙的小纸条。
负能量正能量负能量正能量负能量正能量负能量正能量负能量正能量，已虐哭…
泪流满面。"
罗马假日 Roman Holiday,9.0,全部 107147 条,"谁不爱赫本啊
完美的公主，天使的笑容，魅力的男人
从他背对着走，到不自然的转身，观众和他一样，都在奢望些什么。最后整个记者会的段落，就像戏剧和现实的静谧对抗，现实赢了，却让戏剧的魅力更大。也许爱情就是，你不知道她会不会出现，但你却能肯定：她也想出现。这就够了。这样的结局不知可以完爆多少现代爱情片。
公主与拍小照的穷光蛋，影史上不灭的永恒瞬间
戏里戏外皆是戏梦一场"
闻香识女人 Scent of a Woman,9.1,全部 107929 条,"当我心中的正直感逐渐淡去之时,我庆幸我看到此片.
原来讲的是男人的故事
美酒佳肴衣鬓香影，一曲绝世探戈，尽情绽放然后死……连自杀都这么浪漫。片名叫人没有看的欲望，看完却觉得再适合不过。你我身边都可能会有这样一位愤世嫉俗自以为是夸夸其谈的老顽固，在他身边多呆一秒都是折磨，然后某一天发现他身上的优点比你所能想象的更多。
黑暗中，一个自责的灵魂时刻经历着生命的拷问，在它即将放弃、摆脱、抽身而去时，另一个亟待帮助的灵魂出现了…一个孤独、另一个迷茫，当两颗心碰撞在一起才发现，其实一直在相互扶持、慰藉、拯救…我的心谁能懂？当一切已无法承受，那一曲穿越灵魂的探戈告诉我们，什么样的生命才是真正的永恒！
看过这部电影不仅是视觉上的感受更多的是内心的震动和灵魂的洗礼，两个主人公一个是上着大学的乖学生一个是脾气古怪的盲人大叔两个本素不相识的人，因为一分工作联系到了一起，从一开始的互不理解到最后改变了对方，整个过程确实值得人们深思。整部影片的最高潮就是最后的演讲也是我最爱的部分。"
辩护人 변호인,9.2,全部 87861 条,"如果在影院看这部电影，我会起立鼓掌，只是不知道有生之年有没有在中国影院看到这样电影的机会。当我们在自卑到狂妄的心理下吹嘘自己贬低邻国时；当我们对一切黑暗和罪恶习以为常并理所应当时；当我们成为这些行为的帮凶时...我们闭上眼睛装作看不见，其实已经落后人家30年，并且差距只会越来越大...
“国家，证人所说的国家到底是什么？大韩民国宪法第一条第二项，大韩民国主权属于国家，所有的权力都由国民产生，国家即国民。但是证人毫无法律依据，一味强调国家安保，就把国家镇压践踏在了脚下······你是让善良无罪的国家生病的蛆虫，你是军事政权肮脏的帮手。”
看着演技之神倾力贡献这样一部充满力量和信念的片子，本身就值回五颗星了，虽然片子拍面部特写太频繁了点儿，但因为对象是宋康昊，所以真的不能算是缺陷吧......至于故事和题材，除了震撼无话可说，我们只有羡慕嫉妒的份儿，毕竟，人家是用电影去改善制度，而我们，只是用制度来审判电影......
在韩国维权人士最后可以做总统。。。。。。
大家都看一下《辩护人》吧，我有一万个理由，来让你们去看，但是，请原谅我现在哭得一个都说不出来。我只想说，虽然，它是一个韩国电影，但是，它讲述的，就是中国，当下的中国，你我的中国，我们所熟悉又陌生的中国......"
搏击俱乐部 Fight Club,9.0,全部 115677 条,"邪恶与平庸蛰伏于同一个母体。在特定的时间互相对峙。
欢迎讨论。pitt帅成那样很不容易
看着所有的摩天大楼在我们面前轰然坍塌，结尾真他妈浪漫啊
抛开一切，重获自由。You met me at very strange time in my life. 天呐，今天才看完这部电影。佩服导演埋彩蛋的功力，特别那两个big nice cock，绝妙啊！
1.我看电影很少背台词,但这部片中的许多台词真是背的滚瓜烂熟. 2.我看过剧本结构最复杂的电影之一,其中情节的关联性对照性和许多彩蛋是模板级别的. 3.这部片后,大卫芬奇奠定了自己""黑暗小清新""教主地位. 4.原本大卫芬奇准备把1/24i秒一帧的布拉德皮特剪到片头24世纪福克斯处,太邪恶的念头了.可惜被否了"
哈利·波特与魔法石 Harry Potter and the Sorcerer's Stone,9.0,全部 69979 条,"花了8年才看完这部电影....
一整个世界被打开了的感觉啊。
演员最好看的一部。
当年还是在电影院看的，波特的魔法世界惊艳展开，风靡全球。
有一部电影，陪着我成长。"
死亡诗社 Dead Poets Society,9.1,全部 99056 条,"《死亡诗社》最后安德森爬上课桌那一幕哭得我稀里哗啦的，一个刚到口的龙眼就活生生地吞下去了。它和《孩子王》有一个同样的情境设定，但立意确实不同的。《孩子王》里“从前有座山”那段也是让我唏嘘呀。另外，《死亡诗社》的中文配音配得很好，不知道出自哪儿。
最后大家还是屈服了，但是永远不会忘记seize the day.
深刻并不来自死亡，而来自那对心爱姑娘眸上的深深一吻，岩洞里的昂扬青春，还有生命陨落前那最后璀璨。Carpe diem -- 换个角度，换个心态，不再一样。
明明不是悲剧,就是不停的被感动着
我和Nill有个一样的父亲，却从来没有遇见过像Mr. Keating那样的老师。所以我哭了。"
教父2 The Godfather: Part Ⅱ,9.2,全部 36529 条,"两代人的对比，Al Pacino和Robert Duvall都太帅了，不同的是，父亲拥有家庭与荣华，而Al Pacino几乎失去了所有亲人。
优雅的孤独
个人感觉比1更好，可能因为格局更大的原因，导演的难度系数增加了不少。两代教父的故事以波澜壮阔的手笔呈现，一个是朝气蓬勃，一个是盛极而衰，最后却是殊途同归的孤独。经典修复的画质真是太感人了！
既是前传，也是续集，两条线交错着叙述，一边是创业一边是奋斗。无论镜头还是画面色调的处理都一如既往的出色。作为一部续集来说，堪称完美。但作为《教父》的续集，却始终缺了点什么……★★★★
所以说，苟富贵 勿相忘是古今中外最难做到的六个字。仔细想了一下麦克和他爹的差别，一个是由穷到富的创业，从妻子到孩子到朋友到哥们弟兄，无一不是感恩的，跟着教父有肉吃。而麦克，只有他知道世界多危险，他一个人扛一个人摆平一个人承受，然后身边所有的人却把他看做是凶手和怪物，真可怜……"
窃听风暴 Das Leben der Anderen,9.1,全部 82203 条,"国安局血的教训：千万别请文艺青年做秘密警察～
结尾让人叹为观止，感慨万千。
专制意味着有些人可以做另一些人的主人。
作为一个专制的病人，应该拿什么来拯救自己的灵魂？
真的很赞，尤其是演员的表演！淡化意识形态的典范之作！故事本身也很精彩！20191031重温了这部电影，说一个你们肯定没注意到的细节：本片结尾告诉魏斯曼柏林墙倒掉的那个拆信员，就是那个在餐厅里讲大领导笑话的军官！而耳机里播送柏林墙倒掉新闻的，是导演本人……"
狮子王 The Lion King,9.0,全部 57085 条,"“太阳所能照到的地方，都是我们的国土” 随时随地、再看百遍、都会感动如初的经典。
动物版哈姆雷特
从此得知，原来动画片还可以是这样的……
这部动画绝对是经典，内容积极向上，音乐无可挑剔。
现在回头来看，已经很难从这种二元化的作品中找到感动了……"
指环王2：双塔奇兵 The Lord of the Rings: The Two Towers,9.1,全部 37782 条,"每次看魔戒都会被奥兰度惊艳到~
LOTR都有意或无意地削弱魔法的存在。因为LOTR所要传达的是：即使是平凡人也能改变事情的发展趋势，即使是最微不足道的角色也能改变许多人的命运，而魔法对事物进程的影响，却在演员们本色的表演中渐渐被淡化，这也是为什么在三部曲中魔法仅仅以渲染人物心理变化作为某种基调存在，而非针对某样事物的实体了。FOTR的行云如水可称为“公路电影”，而TTT与其说是魔幻篇章还不如说是战争史诗。
第二部，树精很萌，甘道夫升级了，〔尊敬的用户甘道夫，恭喜你升级为vip1白袍巫师！〕→_→精灵王子吕秀才越来越帅了！
一口气看完三部白金加长版，对于这样的片子，只有两个字形容：经典。相对于骇客帝国，这三部的连续性非常好，值得称赞。
影视改编的重点偏移在这一部里表现得更为显著。彻底挑明的原创感情副线，比重加大打法几乎完全原创的圣盔谷一战（当然这段干得不错可以收货），到不算太成功但尚算是有想法的视角切换。最值得赞的是咕噜的形象设计，除了技术限制导致的皮肤质感略欠真实外几乎做到了满分。"
我不是药神,9.0,全部 390609 条,"“你敢保证你一辈子不得病？”纯粹、直接、有力！常常感叹：电影只能是电影。但每看到这样的佳作，又感慨：电影不只是电影！由衷的希望这部电影大卖！成为话题！成为榜样！成为国产电影最该有的可能。
放在豆瓣语境下，是部时至今日终于拍出来的国产“高分韩国电影”。拿现实题材拍商业类型片，社会意义摆在那，群戏也处理得相当不错。对我们国家而言，这样的电影多一部是一部，走一步是一步。
这不是“中国版《达拉斯买家俱乐部》”，这是中国的真实事件改编的中国电影，是属于我们自己的电影，不知道就去百度一下“陆勇”。
最大的病，其实是穷病。真的被感动了，整体都很成熟，也有些许韩片的影子。几个演员表演都非常出色。可看性和内在的表达都不错。这个世界最荒诞在于，越贴近真实，真实越荒诞。人这一生，太不易了。最后，王传君，加油哦！
“今后都会越来越好吧，希望这一天早点来”口罩成为符号，不是雾霾，而是人性的仪式，结尾竟然看到《辛德勒名单》一样的救赎。通俗感人，上海电影节首映哭倒一片，基于真实事件改编的社会意义加分，或许《我不是药神》之于中国，就像《摔跤吧爸爸》之于印度吧…能看到就不错。“其实只有一种病：穷病”"
大闹天宫,9.3,全部 25246 条,"50年过去了，中国动画不进反退，还有比这更可悲的事么。技术上止步不前，创意上才思枯竭。一群羊和两只狼的故事都被反复翻炒出N部，悲矣；当年号称十年巨制制出一部宝莲灯，贻笑大方矣。现在小孩的物质条件比我们好了n倍，但是我仍然觉得当年的我们是幸福的，因为有这么多优秀的动画片陪伴成长。
中国动画=大闹天空，虽然对很多动画来说这样很不公平，但是，你能找出其他这么有代表性的佳作？
“怎么能抵的过我这一锤——呀~”
永远的经典
不朽的近义词"
"两杆大烟枪 Lock, Stock and Two Smoking Barrels",9.1,全部 76272 条,"中国多少年轻导演在学这风格
克里斯说:""整个过程让我感动!""
疯狂的石头在他面前只是浮云
和be cool同类的巧合，全是喜感的巧合..黑帮的轻喜剧 两柄大烟枪作为串场道具，比钻石和石头什么的要妙得多了..当然也远强于那幅莫名其妙的画作..盖里奇越玩越糟糕，被自己造出来的黑帮多线串烧模式给彻底困住了..
前半段很一般，完全是为后半段的惊世骇俗做铺垫，不太喜欢电影的色调，画质不太好的感觉囧"
指环王1：魔戒再现 The Lord of the Rings: The Fellowship of the Ring,9.0,全部 54952 条,"每次看魔戒都会被奥兰度惊艳到~
一口气看完三部白金加长版，对于这样的片子，只有两个字形容：经典。相对于骇客帝国，这三部的连续性非常好，值得称赞。
只为~～奥兰多布鲁姆
All time favorite!
人性与其他生灵都有自身的脆弱性，所以，即使是选择了善，也有可以脆弱导向其他的方向，就像森林女王。更可怕的是，用恶的手段达到善良的目的，本质上的以毒攻毒，以恶抗恶，就像人类国王贡多的儿子，都是人类信念不够坚定，内心的力量越来越弱时产生的。 "
飞越疯人院 One Flew Over the Cuckoo's Nest,9.1,全部 75468 条,"无论是现在还是在将来，疯人院和护士长化妆成各种形状潜伏在我们周围，飞越疯人院就永远有意义
始终没有办法喜欢尼科尔森，除了结局，基本是部烂片。
为什么我联想到在7中的日子
精神病们都是好孩子~
高能神结尾，酋长举起盥洗台时莫名的感动…身虽死，但信念犹存！唤起大家对自由的向往才是最重要的，尼克尔森把这个虽不安分守己但是心地善良的角色演活了…口吃小哥那段真想掐死护士长，孩子发型多in啊！每位卡司的表现都很精彩，比精神病还精神病，特别是那位翻飞的大爷，您的舞步好喜感啊…"
美丽心灵 A Beautiful Mind,9.0,全部 84908 条,"这才是真真的传奇，再好的编剧也想不出来吧。
看哭了，在约翰坐在餐厅里，大家挨个来给他送钢笔的时候。
我发现我的一句话短评竟然造成了严重剧透，所以我做了修改，我的建议是，在先生（女士）您看到我这条短评时，请停止手贱，不要再浏览任何短评，以防剧透，立刻去看电影。您将体验电影剧情的不确定性而感到万分愉悦。
与自己战斗，坚持，勇敢，相信自己。面对一切困境，克服它，朝着自己的理想前进。这是人性的光辉之处，这是人超越一切生物的闪光点。
与我想象中的不一样，很震撼人的传记电影，从中我最大的体会是：做伟人也真不容易啊~~"
饮食男女 飲食男女,9.1,全部 84491 条,"人生不能像做菜，把所有的料都准备好了才下锅。还有就是，原来男人会一直有性欲。
到现在才看这种基础款片子实在该打。吴倩莲的角色看得我如坐针毡。归亚蕾对小珊珊说：“小孩就嘴这么叼，长大必定嫁不出了。”镜头一扫吴，我才后迟钝地顿悟。问题或许甚至不在美貌和才情就在那份致命的骄傲。这才只是副线之一。李安这人坏到骨子里去了。
你个杀千刀滴老朱，我以为你要勾引我，原来你是要拐走我滴女儿！
昨天把这片子掏出来又看了遍，过去十三年看了总有三十遍了。开始是看做菜，之后看吴倩莲和赵文瑄，现在净注意杨贵媚、郎雄的小表情和归亚蕾的口音。昨天才注意到，这片平均颜值高得吓死人：三姐妹及夫婿都清爽标致，41岁的张艾嘉笑起来还有少女感。
惜食，平淡如水余味长~想起小时候吃麦丽素特别小心，还发明好多奇怪好玩的方法。人心粗了，吃什么都不精。"
V字仇杀队 V for Vendetta,8.9,全部 129900 条,"忘却乃是苍生之罪过。有些人不愿意我们说话，因为尽管沉默代替了对话，言语却总能保持它的力量。它向那些愿意倾听的人们发出真相的宣告。而真相是，这个国家有些事情错得可怕。残暴、不公、歧视和镇压，曾几何时，你们拥有自由，可以按照喜欢的方式所思所言，今天你有了审查和监督，强迫你随波逐流。想
站着不腰疼的政治童话
乔治奥威尔灵魂附体，1984诈尸还乡
还好没摘，摘了就俗了，但是作为演员一直不露脸是不是很憋屈？这个角色80％是用声音塑造的，太TM深邃了好听了！主题很好，后面鸡皮疙瘩起的。。OST棒，尤其是中间有段弥撒曲太好听了啊！！
民众没有这样善良。若真实发生，最后万人一张脸孔的场面仍是过于理想化。"
黑客帝国 The Matrix,9.0,全部 70016 条,"果真没让我失望~频频赞叹1999年人家的思维人家的意识 而咱都2012了还是爱构思古装穿越剧。。。
真是沧海桑田：那时候基努-里维斯还是清瘦小嫩肉，沃卓斯基姐弟还是沃卓斯基兄弟，诺基亚还是业界老大。
看得我满面春光！！
为数不多看不懂的电影
黑格尔的异化理论，事物发展到一定阶段会异化出与之相对的异己，异己的发展会最终替代本体，人发明机器，最终被机器所替代。"
猫鼠游戏 Catch Me If You Can,9.0,全部 86633 条,"这结局还真是没想到！绝不浪费一个人才！疏忽+牛B this is all
简直就是《华尔街之狼》的前传。PS：K两礼拜书就能从小白考到各种执照，跪服....这样的天才，为非作歹必为大盗，秉公执法必为大侠，无论怎样人生都是闪亮亮的，再次跪服......PS：结尾说的是--人生难得好基友，何必天涯胜旅。
诚实的人最自信，所以——我会尽量让自己不那么害怕。精彩绝伦的猫鼠游戏，现实比电影还牛叉闪闪，斯皮尔伯格真是拍传记片的天才！
非常好看，里面有很多有意思的经典桥段，看到小李子装同行骗过汤姆非常刺激，李子的美貌在这部电影中还是表现的挺淋漓尽致的，尤其是穿机长服时，简直帅爆
小李美哭。其实这是个很温暖的故事。一个骗子，一个FBI，一个任性的孩子，一个善良的人。"
钢琴家 The Pianist,9.1,全部 55763 条,"“我有件更暖的。”----Wilm Hosenfeld
爲何我會很憐憫那個納粹士官，至少他是鋼琴家的知音。
如今这个民族仍然在继续受苦，苍天无眼
可能因为刚看了拯救大兵，所以难免的觉得这里描述的世界太干净了．是的，即使你已经觉得很残忍了，它还是太干净漂亮了一点．但是我还是非常喜欢这部电影，．只要那些温暖的东西在，就好了，尽管战争的事实，实际上是要残酷得多的．
有些电影，你仿佛能看到导演在摆动机位，演员在背台词。但又还有些电影，你完全交出了自我，跟着电影走，不知接下来发生什么，因为你已相信这一切都是真实的。"
本杰明·巴顿奇事 The Curious Case of Benjamin Button,8.9,全部 116946 条,"阿甘正传+大鱼+摩托日记+罗拉快跑+千岁情人+第六感生死恋
其实也是有感动，感动的点很奇妙。
前半部太冗长了，我现在对这些都市童话不大有耐心了。也许我老了
很好,四平八稳,只是没有惊喜.
哇被两个女王睡过的男人，简直可以说是Holy cock了"
看不见的客人 Contratiempo,8.8,全部 183251 条,"开。车。的。时。候。不。要。谈。情。说。爱！ 系。好。安。全。带！（认真脸）
剧本太精彩，处处伏笔，层层反转，虚实交错，暗潮涌动。自作聪明的往往一败涂地，不动声色的才能笑到最后。
2015年看的《罪恶之家》，2016年看的《完美陌生人》，2017年看的《看不见的客人》，共通之处就是利用剧作上的巧合和人性的叵测，将一个充满黑色悬疑的精彩故事有条不紊地讲述出来，虽然过程中猜测出女律师古德曼的身份，但劳拉却并非我预测地来个《大卫·戈尔的一生》的自我救赎……人言可畏亦难信？！
8.7分真过誉了，IMDb7.9都偏高。与《谜一样的双眼》《消失的爱人》《一级恐惧》《非常嫌疑犯》等同类比都有所不如，刻意于情节的twist，对主题和角色都缺乏发掘展开（女主小三都没给出确定性格，完全功能角色）。看后缺乏回味，生硬和缺乏逻辑的地方很多。咱这儿还真喜欢这种看似烧脑、高智商的片子。
调度上有种将阿加莎小说当代化的直感 谷仓之冰和密室的三重解答亦是对黄金时代的致敬 拍推理片需要的是娓娓道来 不急不缓的叙述 以及临近收尾时暴风骤雨般地揭晓真相 本片都做到了 虽然对于非脸盲症而言这个最早来自莎士比亚的诡计略显累赘 讲义系列若拍成电影 要的也是这种感觉"
让子弹飞,8.8,全部 191304 条,"因为对《让子弹飞》吹捧得无耻到惊世骇俗的地步，本短评已被和谐。
姜文的个人英雄式表达，但拍得流畅热闹，复杂的剧情细节之下，是他坚持的自我，但与鬼子来了相比，他更懂得如何掩藏自己挑战的野心，这些野心都掩藏在了一流的喜剧功夫上。
承认爆米花式的好看不行么？别分析政治隐喻了不如去分析下百年孤独更给力。这次是冯小刚式的姜文，不是国产大师不是救世主，他是凡客。。。
说姜文用力过猛的  那只能说明您受功不够 受用不起！影志老师在各方压力下更新短评 缓和了语气“姜文导演作品里最差的，远不如《阳光灿烂》和《鬼子来了》。”  难道这也是打一星的理由？您明知道阳光灿烂和鬼子来了都是中国影史经典  难道在您看来不如经典就是一星？！牛掰就别改短评！
要是姜文拍完这部电影就宣布退休，他会被封神。"
海豚湾 The Cove,9.3,全部 58249 条,"我想知道的是 大地村那里的海豚屠宰场现在怎样？关闭了没有？当地的渔民是否还以屠宰海豚谋生？
看完确实很难受 但是其它被食用残杀的动物就因为比海豚低贱么...我也没办法真的素食主义..更别扭
看关于环保，动保的纪录片的最大意义就是转化为自身的行动。现在这种片子很多，如果看到10部你还没素食我怀疑你是不是要人格分裂了。
平庸得不能再平庸的纪录片。当然，我是指的影片本身。如果算上纪录片搞笑的逻辑的话，我们只能说，这世界充满了一批悲天悯人的无知者，一群道貌岸然的伪善者和一些聪明狡猾的叙述者。
自己在家里看都能鼓掌"
西西里的美丽传说 Malèna,8.9,全部 115348 条,"原来男孩子青春期是这个样子地，原来女人美丽起来是这个样子地，原来登徒子的沉默和中年妇女的疯狂是这个样子地……
即使美丽也不能太招摇，招摇总会惹来悲惨的下场。男人在小的时候都喜欢成熟的女人吗？那为什么长大了却又喜欢小姑娘？......
贝鲁奇实在太美！连咪咪都美得人神共愤！男孩视角不能更动人。我们的历史总是在动荡年代，挑出一两位绝色女性，用她们的绛唇妆点狼烟，然后任之委弃风尘...
每個人在他最純真的歲月裡全身心愛上的那個人總是最難忘的，然而在她最無助的時候竟然沒有人挺身而出
从13岁男孩眼里看到了人性的丑陋不堪，对特别美丽，又无所依傍的玛莲娜任意伤害，把她逼到绝境，不得已成为妓女，战后更是残酷暴虐把她逼离小镇，讽刺的是当一朵鲜花零落成泥后，她再一次和丈夫回到小镇时又用友善的一面对待。她终于不再美丽，不是异类，对她们没有威胁，沦为和她们同样普通。"
情书 Love Letter,8.9,全部 140300 条,"那些没有开口的告白，最终还是让你听见了。
翻过来的卡片，肖像，是初恋回忆的完美情书
这个人偷偷爱了你大半辈子
很久很久以前，电视上放了一个电影，我只看到一个镜头，是一个男生站在窗边读书。后来又过了很久，数字电视出现了，点播里有一个叫情书的电影，打开来，很巧的是，又是那个记忆里的男生在窗边读书。我听了这部电影很多年却没有看，今天看完了，又看到熟悉的那个场景，哦，原来那就是藤井树阿。
永远忘不了柏原崇倚在窗口的样子，他拿着一本书，低着头看，窗帘在他身后轻轻飘荡，抬起头，我看到了这个世纪末的美少年的干净美好。《情书》的就是经典的岩井俊二摄影风格，此后很多爱情片都有借鉴他的取景和摄影风格。"
拯救大兵瑞恩 Saving Private Ryan,9.0,全部 51930 条,"战争电影No1，美利坚精神输出大片。
我心目中的永恒经典。不知道集结号借用了他多少情节。反正不少。
其实……我并不赞同这部片子所宣扬的精神……
让我感动得哭了.
不论你如何唾弃，这就是美国！这就是人性！冒着损失一个小队代价的风险，也不能让一个母亲一天接到第四份阵亡通知书。影片开头的抢滩登陆极其写实，让人有种观看纪录片的错觉。近结尾 汤姆·汉克斯用手枪盲目下意识射击坦克最后竟然真的击爆的情节让人倍感希望。"
小鞋子 بچههای آسمان,9.2,全部 53220 条,"没有一点刻意、展览、景观，老老实实地拍，可就是能抓人，令人反思——电影真的需要那些东西么？最后那个金鱼池的场景甚至带点禅意，又那么平凡朴实，让整个片子顿时通透明澈，怎么会这么好！
去年从以色列乘车去巴勒斯坦，一过国界线简直是两个世界。犹太人的地方干净富裕，阿拉伯城市就垃圾满地，乌鸦乱飞。很多小孩子拿着矿泉水和粗糙的纪念品追着我们叫卖，都是长睫毛大眼睛很漂亮的孩子。晚上看新闻，巴勒斯坦又被战机轰炸死了70多个人，真他妈难受的什么也不想说了。
最纯的电影
一点儿都不造作的那种 
很少接触伊朗电影，这个是在CCTV-6看的。拍得很纯真，很感人~~"
音乐之声 The Sound of Music,9.0,全部 47087 条,"不知看过多少遍的经典 阿尔卑斯山脚美如画 纯真美好得不行
主题的音乐很好听，但可能是距离现在太久了，不太符合现在人的审美，感觉还好吧。
雪绒花这首歌太熟悉了，玛利亚老师真的是一个与众不同的家教老师，她用她的爱她的音乐感染了上校一家，让原本枯燥无味的家变的活泼充满音乐和欢笑的家，真的是一部很经典的片子
会好看的电影，音乐非常好听，男主角的小孩真多啊！好可爱
我是先喜欢里面的一首歌才来看这个电影的。里面的歌舞不错，故事也挺正能量的，如果老师都用爱来教育培养孩子，那孩子们就太幸福了。"
美国往事 Once Upon a Time in America,9.2,全部 55725 条,"他的一生，是关于几个出生入死的兄弟，和一个美轮美奂的姑娘
兄弟如垫背黑一枪，女人如蛋糕揩一块，美国梦一场滑一跤，往事烟一口笑一笑
两场强暴戏毕竟是吃不消，男性的传奇之路上似乎最少不得的就是美丽而无人格的女性牺牲品
一定要有耐心去看完的电影.又是时间,又是时间里丢失的东西.有一些伤感.
如果有一部黑帮片能和《教父》比肩，在我心里它只能是《美国往事》"
穿条纹睡衣的男孩 The Boy in the Striped Pajamas,9.1,全部 68718 条,"最后他成为了穿条纹睡衣的男孩。
你还当这是一场游戏么？
我一直以为会有传统电影中“最后一分钟营救”的那种结局，我一直理所当然地认为主角不死的光环会在这个男孩的身上，以至于看到最后一幕后我很久都没法接受。说到底这是一部纳粹电影。
如果有个惊喜的结局，犹太人反而会被妖魔化
我觉得它并不比[辛]差，不是只有透过大社会看战争才是正统的片子。父亲就算是纳粹也爱自己的妻子小孩，母亲做为女性心软，青少年容易被骟动，而什么都不知道的小孩只能接受大人给他灌输的知识。我觉得这些都是可以理解的，并不是“刻板”“形像化”的。最后的长镜头看了几遍"
致命魔术 The Prestige,8.9,全部 103095 条,"他选择了和他妻子一样的死法。100次。
这个片子有两个败点，其一：模式天才的胞弟出现太过唐突，显得有些老套；其二：用科幻成分作为支点，略显编剧底气不足。不过整体看来，属于上乘之作。
说穿了不管是孪生兄弟还是复制人，让他们对舞台上的成功如此痴迷的不过是观众脸上惊奇的表情和如雷的掌声。当我们一直生活在需要别人给予肯定的怪圈之下，我们就迷失了当初的自己。
情节悬疑，叙事精巧，主题丰富，背景深厚。简直为完美之作。
诺兰牛比阿"
七宗罪 Se7en,8.8,全部 96518 条,"结局真的很惊人。惨绝人寰……
结局让我喜欢这部电影
色调太深沉，纽约的雨一直下，混乱的街区，血腥的现场。
有些画面好恶心，分2天看完的，特别喜欢老警察，演技台词都是一流的。
还有万万没想到的结局。

那么，学会克制，远离se7en sins
这才是高智商电影行吗，剧中人物比其他悬疑片人物智商高多了……整部片子气氛很好，解密的话可能不够刺激，不过刺激的话就不是芬奇了，芬奇的电影一直就是这么冷冰冰的没有生气。"
低俗小说 Pulp Fiction,8.8,全部 104332 条,"一边聊天一边看，最后发现我竟然没看懂……反而特想吃汉堡……
太正点了，那妞。。。

怎么会有人说这部电影不好？五年间我看了至少六七遍，它是这么好玩而且嚼劲十足，开心得让人觉得在读一本好小说，昆丁是个很赞的story teller，这不就够了吗。
昆汀有三宝，恋足，逼叨，配乐屌。
不要在上厕所的时候看书  不要过量吸毒 不要把枪放在厕所门口"
绿皮书 Green Book,8.9,全部 259716 条,"绝对是今年tiff我看过的最有意思的一部电影，全场笑声掌声就没停过。节奏欢快，情节有趣又不失深度。V叔扮演的来自Bronx街头的意大利裔司机和Ali扮演的受高等教育的黑人音乐家碰撞出令人惊喜的火花，二人从纽约一路向南巡演，然而越向南种族歧视也越来越严重。导演用一种巧妙的角度向观众展示了当时的不公以及音乐家内心的纠葛。尽管他从小就在不同的重要场合表演，然而最尽兴的一次却是在圣诞前夕的一个黑人小酒吧。...
肤色、阶层、性格和性取向天差地远的两个男人，因为音乐而结缘，因为公路旅行而成为一生朋友。有时候才华并不够，还需要勇敢，推倒心中那面墙才能开门见山。电影就像一颗绿色小石子，投入黑白分明的美国社会，激起轻小而美丽的涟漪。虽然有刻意营造的温暖感，但我就是愿意买单~！
Mahershala說片子里某個根本不會被人注意到的佈景里的某塊石頭或許就是V撿的。他說V在拍攝的時候，一直留心撿很漂亮的石頭，撿到了就拿給導演說：看，把這塊石頭放在背景里會有多好看
說到電影里的部分，他可能增肥了有二三十斤，從來沒見過他有那麼大的肚腩（現在似乎已經減回來了）。今天在看V表演時，大部分的時間，我忘了他是Viggo，他就是那樣一個沒文化又油滑、滿嘴跑火車的司機。
僅僅偶爾偶爾有幾個他...
今年看过最好的剧情片之一。剧本扎实，细节充实，表演到位。颇有《为黛西小姐开车》和《触不可及》的意味，但又因为主角角色的互换，在特定的时代和地域里散发出更强的乐趣。
四平八稳的片子，精致的套路，一路都是能想到的通俗剧情，基本没有什么大的起伏，主要看演员，明知道是屡试不爽的美式套路，你还会微微感动，也许这就是好莱坞厉害的地方之一。"
沉默的羔羊 The Silence of the Lambs,8.8,全部 79644 条,"如果汉尼拜尔教授不整天嘴上念叨着吃人，和他共进晚餐一定是世界上最迷人的事情。★★★★★
周黑鸭的毛豆不如绝味的好吃。。。
棒就一字，看完后记住那句话“勇敢的克拉丽斯，如果有一天你的羔羊停止了尖叫，你会来告诉我吗？”
安东尼·霍普金斯的顶级表演~~
手指触碰的镜头好美！"
蝴蝶效应 The Butterfly Effect,8.8,全部 103111 条,"我们每个人，都会幻想能够改变过去使目前的状态更好些，或者希望过另一种生活成为另一个人，这部电影反映的就是这种想法以及假如我们真这样做的结果。埃文不停的改变过去的选择，希望能够找到一个完美的未来。可事与愿违，往往导致更加悲剧化的结尾。人类对自己的认识一度忘乎所以，以为自己就是上帝，而最终仍将认识到自然的种种限制，但正是这种限制，体现了生命的意义、抉择和努力的意义。当我们回首往事，自然会对以往的错误感...
每一次的选择已经是最好的选择了。改变未必是优化。
尽管有破绽,但是构思的巧妙和创新足以弥补,不能用科学的角度来分析艺术
人的命运被自己瞬间的抉择改变。
这部片一定要看导演剪辑版！最后的胎儿简直震撼人心！！！然后还特地追了几个不同版本的结局，其实也挺各有千秋的！"
被嫌弃的松子的一生 嫌われ松子の一生,8.9,全部 134118 条,"她不明白人生失败的根源就是全身心地投入舍弃自尊来博得并不值得拥有的所谓爱
用喜剧的手法来拍一部悲剧
你会发现最后笑得前仰后合
而眼里却挂满了泪水
【就算被打，也比孤独一人好】如果单拎出一段来看，一定会被浓烈的色彩、童话般的氛围和OST给骗了，其实这是一个在讲述“破碎”的故事，为了取悦别人松子不断的付出着钱财肉体灵魂乃至一切，可生活的变故却让她不断的破灭破灭再破灭，但她还是一次次站起来了，为松子鼓掌，操他妈的生活。
不过想说所谓爱情以及生活远没有那么崇高，把愚昧夸大成宽容和勇敢令人深感无趣。
极度艳丽如舞台剧一般的画面，极其难以做出的表情，表面上看极为悲惨的人生——但实际也正如乌兹别克斯坦女孩所说，人的价值不在乎得到多少，而在于付出多少：如此看来，松子的人生真的是丰富多彩的幸福，残缺正是作为人所应有的，总之彪悍的人生不需要解释。OST超赞的....^^但影片结尾略冗长"
春光乍泄 春光乍洩,8.9,全部 84801 条," 张国荣死后，有一个女荣迷，在网上发了一片贴子，说到自己看到梁朝伟的情形，有一次梁朝伟到内地来演出，等演出完毕后她守在他出门的必经之路，等看到他和一群人走来，她便大声的哭喊道：“黎耀辉，你还记不记得何宝荣？”梁朝伟听到她的喊叫，停下来，朝她这个方向看来，然后点了点头，急匆匆地走了
光棍节给自己准备的电影《春光乍泄》，根本就是找虐。。。。黎耀辉简直是八心八箭4个9的纯GAY，极品中的极品，GAY中的爱马仕，GAY中的劳力士，GAY中的劳斯莱斯，上下5000年不可多得的尤物！！！我想变男人要这样的男朋友啊啊啊啊
总是觉得，站在瀑布下的应该是两个人。
摄影助理 黎耀辉 何宝荣，王家卫你太坏了
感情说穿了 一人挣脱的 一人去捡"
禁闭岛 Shutter Island,8.8,全部 110507 条,"非阴谋结局 泰迪确实病了 最后泰迪是被治好了 但他不愿活在痛苦中 因而假装自己又犯病了而去做切除手术
所有人都陪你玩，你好牛逼
好吧，其实这是部*绝*对*不*能*剧*透*的电影。恩！
高中的时候曾和同桌讨论过。如果全班一齐撒一个谎可不可以把班主任搞到精分。
实在是看得我直犯晕。看了两遍，第一遍觉得男主本身就是个疯子，第二遍又觉得他没疯……他到底疯没疯我是不知道了，我感觉我快要疯了。"
心灵捕手 Good Will Hunting,8.9,全部 81197 条,"经历没有埋没我的才华，却抹杀了我应有的自信，我被吓坏了，成长出一腔的狂妄自大，我赖以这种方式保护自己，终于等到一句：这不是我的错。
你年轻彪悍，我如果和你谈论战争，你大可以向我大抛莎士比亚，背诵“共赴战场，亲爱的朋友”，但你从未亲临战阵，未试过把挚友的头拥入怀里，看着他吸着最后一口气，凝望着你，向你求助。不要以为，我了解你。也许我可以通过“知识”来看你，但那不是你，除非你愿意谈谈你自己，否则我不知道你到底是谁
能够做自己的心想做的事，菲尔兹奖又算个什么。抄三句台词。1.你花一万五所受的教育用一块五就能在公共图书馆得到。2.你没离开过波士顿，问你艺术你可能会提出艺术书籍中的粗浅论调，有关米开朗基罗你知道的很多，但你不知道西斯庭教堂的气味，你从没站在那儿看着美丽的天花板...问战争你会引用莎士比亚的话，但你从没接近过战争，看着好友吐出最后一口气...而你只是看了我的一张画就认定了解我的全部，你把我的人生撕裂...
当他作为清洁工演算全世界只有两人懂解答的方程式，当他在酒吧用丰富历史知识与清晰逻辑思维对敌哈佛学子，当他恋爱与女主角吃饭时接吻，被子里缠绵，当他坚定地说我不爱你，当他遇到心理学教授，当他口出狂言，当他说起飞机趣事，当他痛哭，当他大笑。这是个没法让人不着迷的男人。
就是这种电影能让我心甘情愿哭，因为我心甘情愿跟着它煽情的脚步。"
布达佩斯大饭店 The Grand Budapest Hotel,8.8,全部 132732 条,"这不仅仅是一部电影，它是游戏，是童话，还是一件艺术品，将作者化的美学风格、形式感和怀旧的主题完美融合！无论从故事、剧作、主题和美学，它的辨识度都只属于自己，对于韦斯·安德森的粉丝，这是杰作！
依然还是韦斯-安德森标志性的复古色调、悦耳配乐，神经兮兮的冷幽默。不像前作那么随意松散，《大饭店》故事紧凑、层层剥茧，而且居然有点“重口味”。也许只有韦斯-安德森才能把一个混合谋杀、越狱、械斗的故事拍得那么喜感。
保留了韦斯安德森独特的运镜构图色彩剪辑音乐特色的同时，故事的讲述和人物的塑造也同样成功。尤其production designer的各种空间营造，监狱，雪山缆车等已，不再是使影片风格化的辅助，而是直接参与叙事，大部分时间主角就像身处一个迷宫连环闯关游戏一样。一气呵成，爽就一个字
最后的彩蛋等啊等，那个小人出来时还挺嫌弃的，不知道他突然出来捣什么蛋，我等的是彩蛋…但随着小人伴着音乐越跳越欢脱，我也慢慢开始喜欢上他，以至于觉得后面根本不会有彩蛋了，于是更加爱他，跟着他high，舍不得他停下来…直到完全落幕。整个电影也是这样一种感受，优雅、欢乐而伤感…2014全年最爱
一张寄往旧时欧洲的精致明信片，L’Air de Panache的味道充斥整个屏幕，冷幽默和由慢至快的节奏依旧，尾声的高潮之后迷漫着令人惆怅的尾香。逝去的终将逝去，这童话式的一瞥令人难忘。"
海蒂和爷爷 Heidi,9.2,全部 67410 条,"人至善，景至美，故事细腻，淳朴动人，人生本该如此，温情永存，何惧苦难？
成功之处在于每个角色都很立体，都有优点缺点，海蒂不守规矩却天真可爱，克劳拉自私骄纵却优雅美丽，皮特淘气却耿直，爷爷脾气古怪却默默付出，女管家严厉却谨慎。山里的人没有那么朴实无华，“宫殿”里的人也没那么惟利是图。
这是一部被翻拍多次的剧本。小的时候看过秀兰邓波的版本，只记得阿尔卑斯的山景。不知为何，看过这部电影，仿佛回到了上个世纪，简单地剧本，没有特效，专注于人物的情感与内心。这才是艺术真正动人的地方。
有一些孩子只属于旷野 山林 和 自然。
而 每个人心中都有这样一个孩子。
疗愈 释放 重生 你需要拥有他 并 拥抱他。
with Katherine @ Elements
喜欢 很温馨 我泪点有点低"
勇敢的心 Braveheart,8.9,全部 66318 条,"有时候男人的一句嘶吼也可以让人流泪
freedom
里程碑式的电影
梅尔吉布森自导自演，斩获奥斯卡多项大奖。这部影片从史实角度看完全不及格，但从史诗角度看绝对堪称经典。童年苦情经历、爱情、复仇、战争、背叛、受刑等英雄片的元素齐集，配以高潮迭起的剧情和悠扬的苏格兰风笛，让人即使知道剧情与史实不符，也禁不住流泪。（8.5/10）
其中有一个场景很享受,大约是最后30分钟,华莱士的伙伴重新聚集力量,向其他人宣传华莱士召集士兵做战前准备，而华莱士独自一人登上高山顶峰,那一刻音乐背景画面以及心灵都异常的充实满足。因为这部电影爱上了苏格兰音乐，充满异域风情，风笛太好听了"
剪刀手爱德华 Edward Scissorhands,8.7,全部 114155 条,"除了JohnnyDepp 还能有谁能有那样的眼神？
有时候卑劣的人性才是剪刀。
爱德华的眼睛让人心疼
美好的东西注定只能潜藏在角落
佩格居住的小镇是画笔般彩色的，这里的人们好奇热情也多疑。爱德华获得明星般的关注，也在人类的世界遭遇讨伐。金对于他，永远只能是剪刀下冰雕的女神像，无法拥抱，无法守护。完美的悲剧童话，如同后来每年的雪。 "
阿凡达 Avatar,8.7,全部 141880 条," James Cameron闭上眼，全是电影的明天。
有一天,意中人会踏着飞着的大怪兽来救我.然后I see you...
阿凡达同时也揭示了女人的悲惨命运，主角与他的空中坐骑即是说明这个问题：选择她，她挣扎，插入她，她被俘获，甘心被他骑一辈子，众叛亲离之时，只有她在身边，魅影出现以后，她消失无踪，他再也没有寻找与过问。
特效震惊，3D感一般，但够真实，故事一般，创意度一般，世界观展示一般，但呈现效果牛逼至死，战斗场面热闹和精彩，但谈不上震惊，整体只能说，整体符合预期，这是它的优点，但没有意想不到的亮点是它的遗憾之处。推荐观看。
这电影的特效是自指环王以后见过的最令人惊艳的。我觉得可以打6星！去看的时候一定要去看3D版的。"
天使爱美丽 Le fabuleux destin d'Amélie Poulain,8.7,全部 135171 条,"看了心情会很好
浪漫到极至。
洋溢着法国人的性格风情
浓重的法国情调，舒缓，镜头语言动听。女主角漂亮。唯一的不足就是……这样的爱情会不会太作了？爱情就是门口经过的大巴，现在不上，以后都不能再上了……
浪漫到骨子里，忧郁，神经质，跳跃，文艺是很典型的法国电影啊！喜欢的人为它如痴如醉，不喜欢的人看的昏昏欲睡，两种极端。我只能说非常好，非常适合一遍一遍地欣赏。艾米丽是天使，拥抱世人，容纳那些不美好。"
摩登时代 Modern Times,9.3,全部 23486 条,"人的异化，极富前瞻性，即使放在今天看了依旧有着强烈的现实意义；卓别林是个极为矛盾的个体：一方面，他总是对社会那些最深入肌理的顽疾给予毫不留情的讽刺和抨击；另一方面，他也是个执拗的人性本善论者。
有些电影永远都有一个别名叫做——经典~~
经济萧条，失业严重，穷人潦倒，贫富不均，企业主压榨，社会混乱，体制不合理
永远的卓别林
卓别林系列儿时看得太多记不清谁是谁了……"
加勒比海盗 Pirates of the Caribbean: The Curse of the Black Pearl,8.7,全部 57322 条,"“因为地平线一直在那。你想到达那儿，但你永远到达不了。就是那样，遥不可及难以放弃。” 

在海岛的时候连看了三部，就记得第一部的剧情，2，3都忘记了
原创感十足，船长乃实在太美了！
放荡不羁的杰克船长，以海为家，以船为马的海盗们，那是属于你们的航海时代，升起骷髅旗，去远航吧！
在斯派罗（Sparrow）第一次出现的时候，主题音乐达到高潮，标示着他的到来。但对我来说，电影真正起飞的那一刻是在他第一次逃跑时，他抓起绳子，犹如荡秋千一般，向上,向下, 向外摆动, 我的心一直保持着那种愉快的状态，直到电影结束。"
致命ID Identity,8.8,全部 94913 条,"救命啊，金牛座遭遇大屠杀...
最不可能的那个人永远是最可能的
对阿婆的《无人生还》的一个相当有才的致敬。
哇！我是那个被剧透了也觉得好看的人，我好厉害！
又一部向阿婆《无人生还》致敬的电影，但是这种精神病题材很好写，就是怎么玄乎怎么来，根本不需要有逻辑，不需要交代凶手怎么装炸弹怎么把尸体弄没了的。不像阿婆写侦探小说就一定得把场给圆清楚，这样看来编剧的水平就高下立现了。"
喜剧之王 喜劇之王,8.7,全部 80929 条,"星星说“我养你啊”。张柏芝在回去的路上哭得浑身发抖。
周星星电影中最喜欢的一部
那时候的她无论多少流言蜚语都无所谓
又有什么？谁说一个跑龙套的不能爱上一个妓女？
戏梦人生，笑中带泪，好作品"
断背山 Brokeback Mountain,8.8,全部 91009 条,"喜欢李安。他的深沉、细腻、柔和、感性。他在《断背山》里揉进了那么多东方欲说还休的矜持，让我一下子觉得，他们的世界离我是那么近……
如果让我选择几部自己认为最优秀的电影，〈断背山〉肯定是其中之一。
这就是他们的命吧。李安说：人人的心中都有一座断背山。其实，不如说每个人都有回不去的地方。一个夏天的故事就是一辈子的回忆，因为这种不等式的交换才让他们生命的价值显得悲壮而又无奈。烟花已灭，埃尼斯与杰克都在黑暗之中，一开始看不清别人，也看不清楚自己，可慢慢的都习惯了。潮起潮落，有的人认命了，就飘飘荡荡地活着，有的人不肯认命，就挣扎地想抱一丝希望，无非是想多找到一点可以温暖的回忆。其实，不管怎样都是不容...
李安将一个动人的爱情故事讲述到了完美。导演天衣无缝。
断背山讲述的并不仅仅是性，而是爱，一种因为犹疑而备受阻碍、最终化为心底悲哀的爱。
He was a friend of mine."
幽灵公主 もののけ姫,8.9,全部 48079 条,"宫骑骏就是个生态环保大师啊。
老宫最宏伟的巨作
给我无数思考和感动。
宫崎骏果然是最关注女性的导演之一。
都不知道在说些什么，但是受伤的时候很让人心疼"
杀人回忆 살인의 추억,8.8,全部 85699 条,"这并非一个寻求真相的故事，而是关于真到底相如何被整没了……
不单只是杀人案，韩国在那个时代的回忆也都融在其中，化成了一幅背景
偏向于多人效仿作案，凶手不止一个。最后女学生是小白脸杀的可能性很大！言行逼供了三个人，只有小白脸最态度反抗、眼神一直有特写是充满恨意的，因为他并没有杀人还要被诬陷。出来后在酒馆喝酒，女学生从窗前走过也对他指点议论，让他觉得自己的名声已经彻底毁了洗不清了。所以最后警察媳妇和女学生同时出现他选了女学生。还有下手之前扶着树干的细嫩的手的特写。可能真的是出于报复——既然你们都觉得我是凶手那我就真杀个给你们...
拍得非常好，是不是传说里的评价太好了，我竟然有点小失望，一直到片尾也没满足。
无懈可击！影片的焦点从不在连环杀人案本身，主线是每个人深陷泥潭的不能自拔，副线则是当时整个韩国社会的动荡不安，时间的推移不能洗刷罪恶，宋康昊结尾处的眼神映射出无限的沧桑；第一次犯罪现场的长镜头和追捕手淫者的快速剪辑这两段都快要让我哭出来了。"
入殓师 おくりびと,8.8,全部 78131 条,"对待死的敬意，犹如对待生的真诚。举重若轻。
日本人的表演还是太做作
孝，最不能等
草野中木本拉奏提琴的容色有忧郁的神采.每一道程序日本人一贯的谨慎严肃和精微.对于逝去的人没有比这更好的尊重了.死亡并非代表一切终止了好的人生是一个自省的过程.于是才有谅解释怀充满了怜恤与爱的感情.感动由是草野上徜徉的音乐,飞起了生命的律动.
入殓既是生者的最后道别，也是死者的洒脱上路。生死之间，皆是肃穆。"
狩猎 Jagten,9.1,全部 63145 条,"其实小孩子最邪恶，因为他们完全不知道行动的后果。  
占据道德的制高点猎杀他者，你手上可有血污！？
实在是一部虐心的片子。感觉这样的故事很像时下微博流行的一些谣言，我们都喜欢耸动的新闻，人们不关注真相，更关注这个故事是否与自己预想的一致，或是对自己有利。而恶意一旦形成，将伴你一生。黑暗压抑的故事，麦德斯的表演很棒。这是个寓言，所以情节会略有刻意，尽可能的虐心。
如果你有个上幼儿园的孩子，就会明白，大多数情况下，通过诱导的方式，成人都能从孩子的口中得到他们想要得到的信息，所以，关键问题是大人们想得到什么，而不是孩子说了什么
童言无忌的威慑力足以将成人置于死地，但更怕的是人言可畏的成人世界，一味愚蠢、盲从、暴力，善良的猎人最终变成众人眼中的猎物。"
阳光灿烂的日子,8.8,全部 71710 条,"“我的故事总是发生在夏天。炎热的气候使人们裸露得更多，也更能掩饰心中的欲望。那时侯，好像永远是夏天，太阳总是有空出来伴随着我，阳光充足，太亮，使得眼前一阵阵发黑”——电影《阳光灿烂的日子》开场对白
再也没有这样的时候了。被禁锢的青春里面溶着化不开的酸涩。年轻的时候爱一个姑娘，就可以奋不顾身的把所有逞能的事情都做完。长大了以后就不会了。不是不爱姑娘了，而是理智的弦告诫你自己再这样做是多么蠢的一件事情。
看看当年夏雨演技多好，浑然天成。看看宁静，看看耿乐。这么牛逼的一群人。后来怎么都混成这么四六不靠的。
90年代最伟大的电影之一
中影史：根据王朔的小说《动物凶猛》改编，是著名演员姜文的导演处女作。作品对文革时期青少年的生活状态和青春期的困惑有着极为真实的描绘，使用了当时在中国较为新鲜的一些超现实手法，反映了那个年代青少年的暴力和朦胧的爱情。用对青少年故事的描画，展示了一个时代和一个国家的混乱与成长。"
重庆森林 重慶森林,8.7,全部 108024 条,"最喜欢的一部王家卫片子。喜欢王菲的那种“我爱你与你无关”的单纯，喜欢她把唱碟机开到最大，摇头晃脑地听着mamas&papas的《california dreaming》的样子~~
喜欢王菲那段.
你不说，我不说。
阿菲及這個電影它屬於治癒系，不開心就會看。
中影史：影片由两个基本不相干的故事构成，两个故事之间的关系，就像擦身而过的金城武和王菲，无限趋近，又无缘相交，只有0.01公分的距离。影片在各方面与巴洛克式繁复的悲剧巨制《东邪西毒》形成了对比。一言以蔽之，王家卫与杜可风的风格是典型的“万花筒、MTV、后现代”。"
第六感 The Sixth Sense,8.9,全部 72188 条,"看到最后眼泪哗哗。。的惊悚片。。。
虽然第一次看《第六感》已是四年前的事，但现在仍然记忆犹新。看之前就知道这是一部惊悚片，看的过程也的确被个别镜头“惊悚”了几下，但没想到的是，真正令人恐惧，心有余悸的却是影片的最后一分钟。当之前两个小时“惊悚”情节的铺垫成熟时，最后一分钟的真相大白更像是一种宣泄，一种试图冲破所有观看者心里防线的宣泄，而我的确被深深地震撼到了，那是一种发自心灵深处的震颤，一种深刻的心理体验。
他们无处不在，就像正常人一样到处行走，他们彼此看不到对方，只能看到他们想看到的东西。-“你想要什么？”-“我想要不再害怕……”
最意外的结局，只有电影能够很好地表达。其中较恐怖的镜头大概是床下看到鬼娃...最悲的画面是布鲁斯威利斯发现自己背上都是血，原来是只看到了自己想看到的，在无意中反而帮助了那个有鬼眼的孩子。个人觉得比《小岛惊魂》要好，但是那是基德曼演的，也有加分了。算一个类型吧
一开始看以为是心理片，看了一半失望的发现是老套的鬼片，看到最后惊奇的发现原来是鬼心理片，晕~~"
请以你的名字呼唤我 Call Me by Your Name,8.9,全部 126381 条,"后劲太大，沉醉在电影的情感和视听氛围中无法自拔。雕像下的长镜头，午夜约会时的触碰，深夜教堂外和陌生人的尬舞。最终所有乌托邦似的美好都凝固在了80年代初那个夏天的意大利小镇，就像父亲说的那些炽热纯粹又隐秘的欲望和情感，以及用尽全力去探索、去爱、去失去、去心碎的那个自己，再也没有了。
细腻、唯美、慵懒，带着浮生若梦的气息。我们大多数要等到青年时才能将蒙昧的性觉醒付诸实践，而CMBYN呈现了同志电影绝无仅有的“少年时代”。这个叫Timothée Chalamet的男孩是世间最美的珍宝，他的一颦一笑、从脚趾到发梢都让人疯狂。请以你的名字呼唤我，因为在这一刻You're MINE
“我无法忍受沉默，而与你交谈恰是良药”两个人最好的状态是，你会啃我下手过的桃而我心里只有你将离别的悲伤，原来很早之前就在球场上暗示过喜欢你。“每开始一段新的感情，我们能给予的便越少，但为了让自己没有感觉而不去感觉，多么浪费…别让这些痛苦消失，也别丧失你感受到的快乐”2017最佳！
年度十大！预计会刷个一百遍！好想再去一次意大利！好想再做一次少年！
配乐调色可称完美（天哪那段elio从阳台上寻看oliver时的钢琴）还有很高兴终于在电影里看到了对男性身体作为性客体的欣赏。但是导演（或者是原作者）的审美也就停留在此了，其他的，不管是父亲那段独白，对女性经历的剥削与不屑，还是点题的互换名字，都俗气浅显轻浮毫无头脑。"
小森林 夏秋篇 リトル・フォレスト 夏・秋,9.0,全部 66187 条,"那些静得只能听见呼吸的日子里，你明白孤独即生活。
把日本乡间简素的一餐一饭，拍得很有质感、美感、生活感。在天朝这个审美粗糙的国度，日式情调显得如此有“逼格”。但时人追捧日式美学所谓的“禅意”，恰恰最无禅意可言。刻意追求的形式感，努力再努力去趋向于“美”和“精致”的态度，其实都离禅很远。禅是一箪食、一瓢饮里全都是平常心，无谓美丑。
吃货妹子的《瓦尔登湖》，很闲适的小散文一般清新怡人，拍的不仅仅是故事，而是一种生活方式，这种乡村田园生活倒是很让人向往，很多时候估计也就是向往了，因为我们很多人都过着被别人杀了，还吐槽杀人方式的人生。
劳作令人无暇烦恼，片中的人物时而离凡世很远，时而又触手可及。我们有舌尖上的中国，通篇累述奉献、感恩，手艺传承和文化气节，却没人教导我们劳作本身的意义。一屋一田一人食，已是最令人羡慕的事。
桥本哥演出了吃货的本心，一边捧着小鸭子说好可爱下一秒就开始平心静气的磨刀嘴角含笑的杀鸭肢解，大写的帅。"
哈利·波特与死亡圣器(下) Harry Potter and the Deathly Hallows: Part 2,8.8,全部 87903 条,"我们的童年结束了，希望下一代人的童年里还会有魔法师，还会有霍格沃茨。
这绝对是David Yates这闷老头的巅峰之作了，虽然大部分场景3D效果非常不明显，但是仍有最后boss灰飞烟灭之类的场景充分体现了3D的美感。剧情安排相当紧凑，终于可以不必在太闷的过场掐自己大腿。结局的列车发车时的轰鸣声让我仿佛又回到了第一部，当时的我和小哈利一样依然很年轻。
哈利波特最好看一部！斯内普那一段，全场寂静一点声音都没有
麦格教授挺身而出的时候我都快泪奔了~~
十年 我的青春期开始和结束。等待十年的霍格沃斯通知书，等来的终是社会的入场券。十年前就猜中它的结局，却没猜中自己的"
消失的爱人 Gone Girl,8.7,全部 149216 条,"相信我...其实，这就是马伊琍和文章的故事...
男：我们互相折磨，互相控制，这样有什么意义呢？
女：这就是婚姻。
人渣大战
奥斯卡最佳改编剧本和最佳女主角的有力竞争者，当然这也绝对是一部芬奇风格的佳作。这是一个从头到尾都猜不中接下来会发生什么情节的故事，叙事视角转换，真相谎言交织，边看只能边感概中国再过一百年也写不出这水平，回来一查原著小说曾经连续八周位居纽约时报精装小说畅销排行榜第一名。【MCL JP】
以为结局会改，但只是比小说延续了一些情节，但本质上还是那种生活。全片越看越浑身发冷，女主角的表现确实是奔着小金人去的，但若不是为了冲击奥斯卡，这片本该是情人节的最佳献礼。"
7号房的礼物 7번방의 선물,8.9,全部 69679 条,"我们目击的事实，往往只是浮出水面的冰凌，冰山下面的巨大事实，更排山倒海穿透视听。
我们直面的人生舞台，也许只是化蝶幻影，层层垂帘般幕后的故事，更震撼世道人心。
里面有太多不现实的地方，故事的结局却又那么的现实。童话般的影片，让我大半夜看的哭到抽搐了。
从头哭到了尾 即使是很喜剧很温馨的地方也因为其沉重的故事而产生极大反差 更是戳泪点
感动又气愤，多么希望气球带着爸爸和女儿远走高飞！泪奔😭😭
他们甚至不惜冒险将艺胜带入牢房与父亲相会。
黑暗冰冷的监牢内，7号牢房阳光满满"
玛丽和马克思 Mary and Max,8.9,全部 75829 条,"loser片。只是相比评价电影，现实中的人们会有如此多的宽容与同情？不可能嘛
拍电影是不是和做爱一样 只有技术做不出感情
只有宇宙和人类的寂寞是永恒的
两颗寂寞的行星，拥有最纯粹的友情。
我一直不明白一个问题，有趣是不是源于自卑和寂寞？"
红辣椒 パプリカ,9.0,全部 58793 条,"如果说盗梦空间像是工科生拍的 充满了逻辑 数学 推理 极尽聪明之事 那红辣椒就像是文科生拍的 天马行空 无所不能 是一个真正的梦
极其喜欢游行部分的画面和音乐，虽然满诡异的，呵呵
好多场景跟《盗梦空间》好像啊~巧合么？。。。
今敏的画风太好了吧
不行，那个胖子太恶心了……没法理解那个大大大大大大胖子也会被爱上的事情……"
爱在黎明破晓前 Before Sunrise,8.8,全部 93887 条,"我觉得一个更可能的故事是：同一列火车上长相平庸的男女，也许真的能聊得非常非常投契，他们看过一样的书，喜欢同一部电影，讲的笑话能让对方哈哈大笑，甚至能理解彼此的某些小怪癖。但他们的面目是如此模糊啊，两个人的目光都没有在对方的身上停留过，下车的时候，大家也就这样擦过肩去了。
一天的时限和异地两个因素得以让两人更无保留的展示和欣赏彼此的优点，而忽视彼此的缺点。才会有这么一场新鲜的，完全付出的浪漫故事。
（第二部台词）""从某种意义上来说，我所有的浪漫都在一夜之间消耗光了。我将永远不可能再有那种感觉了，就好像，那一夜不知道怎么引发了我的全部感情，我把这些感情都向你倾诉出来，而你却把它们都从我身边带走了…"" 这个夜晚，就是一生。“我彻底了解一个人时，我才会真正喜欢他”
看了以后，发现爱情的无辜。发现感情的突然。
我所能想象的可以存在的最好的爱情啦~！"
告白,8.7,全部 131084 条,"当罪人无法通过法律将其制裁的时候，唯有以暴制暴。
本以为是个推理片，想不到电影一开始就已经知道犯人是谁，只剩下女教师的复仇；本以为她在关键时刻会俗套地圣母一把，看在对方“还是个孩子”的份上原谅杀死自己女儿的学生，想不到她腹黑到底，把两个少年折磨到求生不得求死不能。太tm帅了。
都是你爸害的（《松子》），都是你妈逼的（《告白》），中岛哲也太喜欢成长阴影了吧……
好久没有看到过这么震撼的剧了，喜欢这部剧的导演，处理的非常好～～～
中岛哲也再次把我震撼了.在看过小说的前提下，映画竟然一点都不冷场，镜头和剪辑简直神了！爱radiohead那么多年，第一次把thom的质感视觉化的，就是这次了.....实在太爱了！赶紧出碟吧我要珍藏
电影表现的方式与以往比较相当不同，全片充斥着大量的慢镜大量的特写，画面也甚是唯美。有很多人说此片因为拍摄、剪辑与音乐的搭配十足就是一部超长版的MV，但至少代表这部电影很美；也有人说内容空洞苍白，那只能说原著本身就有这样的问题。最后那句“开玩笑的……”比原著带来的震撼还大。★★★★"
一一,9.0,全部 63451 条,"我这样说好了，你不在的时候，我有个机会去过了一段年轻时候的日子，本来以为我再活一次的话也许会有什么不一样，结果还是差不多，没什么不同。只是突然间觉得，再活一次的话，好像真的没那个必要。真的没那个必要……★★★★★★
这就是传说中那种我一分钟暂停三次花三四天才能看完的那种无聊电影。
杨德昌获嘎纳最佳导演奖的影片，近三个小时的影像细腻而漫长，其间没有大起大落，只是一直温和的诉说，可看这平淡的真实，却叫人沉重起来
《一一》被法国媒体形容为“生命的诗篇”，透过电影传颂吟唱，在叙述一则简单的家庭故事时，真正触摸到“情感的精髓”，以四两拨千金的娴熟技巧交待了少女心事、童年困惑、事业危机、家庭纠纷，以及对宗教的慨叹和对时事的讽刺。9.4
NJ去了日本，回忆了初恋，却后悔，勇敢的告诉敏敏，敏敏每天和不会讲话的老妈说话，突然发现原来她根本不会表达，她的生活好沉闷。洋洋拍各种人的背影，只因为他们自己都看不到自己的背影，那有没有人拍洋洋的背影给他看？婷婷是不是我自己？不是，我要当洋洋。单纯的洋洋，如果有谁胆敢取走我的单纯，那他一定，一定没有好下场！"
小森林 冬春篇 リトル・フォレスト 冬・春,9.0,全部 50878 条,"嗯，要细心，要有耐性，还要要守得住寂寞。当然首先，你要有块地。8.5
想做饭想做饭想摸菜刀想翻锅想捏面团啊啊啊啊啊我的厨魂已经熊熊燃烧了！！！！感觉村里地上随便啥草都能焯一下炸了吃掉¯﹃¯…
舌尖上的日本啊。非常治愈，尤其在刚刚看完《疯狂的麦克斯4》之后接着看这部。这个世界上，可能也只有日本能拍出来这样的电影了。独立于地球的自我。一日三餐，周而复始，春播冬藏，这就是“日子”最好的解释。
多做一些好吃的，少讲一些大道理
一个比较感人的细节就是桥本爱全程看起来都像是几天没洗头，确实一个人住的话也不太可能有毅力经常洗头了！"
侧耳倾听 耳をすませば,8.9,全部 59865 条,"...................如果不是片尾的一句""你愿意嫁给我吗"" 我愿意打五星
我爱死青涩的恋爱的感觉了~~~~~
这是一个我早已错过的故事，我没有在十五岁看到它，我早已进入了不用借书卡的年代。现实中，只有我一个人与图书馆天荒地老。即便如此，我还是感谢它赐予我的全部勇气。|一五年夏去了多摩市。走在コンクリートロード上，山雨欲来，穿过长长长长的階段，从来没有觉得他们如此真实过。
最动人的一幕出现在爷爷拿着月岛刚完成的稚嫩的小说，对她说：太棒了，真是太棒了。在才华刚刚起步的日子里，有一个人能完全诚挚地赞美，比什么都好，它不会令人骄傲，相反会让人更看清自己。
阿雯：我还是下来吧  圣司：我没问题...我早就决定...要这样载着你翻山越岭...   阿雯：我不要变成你的包袱...我也早就想好了，要在背后支持你...  圣司：知道了，拜托你了——哥觉得这就是伟大的爱情！"
大鱼 Big Fish,8.8,全部 77791 条,"小王子说：“因为有一朵我们看不到的花儿，星星才显得如此美丽。沙漠之所以美丽，是因为沙漠的某处藏着一口井。”
波顿说：“他说故事，因为他无法忍受这无趣的地方。”这片子是献给在现实世界中迷失、畏首畏尾、丢失了童年时代欢愉梦想的人，那条游向远方的大鱼是我们对美的向往。
在这世界上，只有在你所爱的人之外，才需要辨别所谓真假。生活中的事，有种种说法。所谓真相，可能是最令人乏味最让人难以接受的。而在生活外表涂上彩虹颜色的人，他们值得尊重和信赖，因为他们的爱。
我怎么没有感动？因为我没有父亲。
“知道自己会怎么死，便不担心了。因为你知道这世界上其他任何事情都杀不死你”。
你会因此想念父亲"
阳光姐妹淘 써니,8.8,全部 97901 条,"一起哭，一起笑，一起疯，一起闹，一起尽情折腾我们的人生，即使老去也有最美最好的青春可以一起祭奠。
同是姐妹片，比《伴娘团》牛逼多了。大有中学不良少女团体史诗片气概
泪水和欢笑可以同时绽放。2011最爱韩国电影。无悔的青春就是和你们一起范2傻笑打闹。我们是永远的好朋友好姐妹。
五星佳片！一部人生的缩影！
论跟土豪做好朋友的重要性。"
蝙蝠侠：黑暗骑士崛起 The Dark Knight Rises,8.7,全部 97986 条,"失望到爆！反派为什么反的设定，最后反转的设定，最后拯救的设定，都是那么的普通乃至无趣，甚至连打斗都毫无新意，那些反派配角就是一个个等着轮流给蝙蝠侠打。诺兰导演水准没差，只是这次的编剧编得真的弱到爆炸!
难道我是第一个看的吗？墨尔本crown village cinema， 所有人都鼓掌了，绝对是今年最伟大的电影！
雙手合十，十指緊扣，我和一場的毒撚淚流滿面，如此蒼白的心，既視之溫柔，只有真心愛過的人，會照單全收，It really doesn't matter，燃燒有時，道成灰燼也有時，在話語把我們逮住之前，我知道我已轟轟烈烈的，真心愛過。★★★★★★★★★★★★★★★★★★★★★★★★★★★★★★★★★★★★★
拍出了黑暗英雄的铁血丹心，但没能超越《黑暗骑士》。配乐超赞！
解释了英雄以及英雄精神，蝙蝠侠终于找到了他的答案，无论是伤感或是其他情绪，这个黑暗系列终于结束了。汉斯·季默的配乐很棒，激昂或忧伤，很好的推动了情绪，很大一段时间都是被配乐震得热血沸腾的。合格的大片，场面、气势以及紧张感都有。最喜欢的还是猫女，Bane的发挥空间太有限了。三星半"
射雕英雄传之东成西就 射鵰英雄傳之東成西就,8.7,全部 66489 条,"这样的parody电影，如今已经不可得.......梁家辉叫人吐血那场唱段戏，竟是众人乐得不支之下张哥哥一手编词、导演的，10几年后我才知情......
香港缺心眼儿喜剧之最，看100次笑100次～
看不懂【东邪西毒】的时候就看【东成西就】。
当年看得我笑至浑身酥软的一部好电影.
跟同学一起又看了一遍，最喜欢刘嘉玲"
唐伯虎点秋香 唐伯虎點秋香,8.6,全部 57062 条,"可以忽略秋香……
经典中的经典
老少咸宜的经典喜剧。巩俐好美啊。
郭的港还是讲你的相声吧
周星驰的演技无话可说的好哪！特别喜剧是他最擅长的"
超脱 Detachment,8.9,全部 80198 条,"一次次泪倾，哭到胸口抽痛、难以呼吸。当我们感到需要暖意，首先要学会的，是彼此拥抱。穷尽一生，我们要学会的，不过是彼此拥抱。只因“一个人可以轻易地学会不在乎，但学会在乎，却要付出百倍的努力和勇气”，再不要独自一人穿过灰暗暝寂的暮色，在摇摇欲坠之前，在生命荒芜心脏冷却之前，彼此拥抱。
每个人的内心都是一座孤岛，人的心有多深，深到让别人无法试探的地步？教育和生活其实一样，教育者既可以超然物外，也可以放下防备与被教育者心灵交互。讽刺的却是，超脱既可以赢来尊敬，也一样能扼杀心灵。Adrien Brody终于跳出了烂片的泥潭，用忧郁气质和演技，再次将人性的考量重重甩在了观众脸上。
1 Brody演的太好了，人生导师和脆弱闷叔转换一念间；2 如果你施舍温暖，无家可归的人就必会依赖，“超脱”如何可能；3 对青少年的刻画犀利，但也许缺乏同情，我们无法知道他们为什么如此绝望冷漠而满不在乎；4 老师带着支离破碎的人生站在讲台上寻求权威和存在感，说不清工作和自我是否已经恶性循环
托尼·凯耶这么多年了，拍片仍然是一副死不回头的独立范儿，各种伪记实、访谈与剧情相结合以拉近观众的距离。整部影片始终弥散着一股伤感、落魄的情绪。很多男人都想在大街上拯救一个雏妓吧。布罗迪的表演很加分。
这部电影撩死了姐久违的厌世情绪（从值得褒奖的角度说的）。萝莉大叔之间的救赎之爱又很治愈，搞得姐要死不活（仍然是in good way）。个人风格非常强烈，影像形式非常自由，但信息传递得十分清晰。这很难得。姐真心觉得AB很帅的（好吧，我是马脸大叔爱好者），就是这长相注定演不了让人开心的电影"
倩女幽魂,8.7,全部 59571 条,"唉，王祖贤哪有张国荣漂亮
王祖贤太太美了，哥哥风华绝代。
飘逸写意中国古典，现在拍不出来也不愿拍
真美【A Chinese Ghost Story，英文名字真没美感】

此后心目中所有善良的女鬼都叫小倩"
甜蜜蜜,8.8,全部 70171 条,"你什么时候变得这么罗嗦，以前都不是这样，傻女，听我说，现在立刻回家，洗个热水澡，明早起来，满街都有男人，个个都比豹哥好。不用担心，我很有办法的，在台湾有很多老婆，高雄有一个，台中有一个，花莲有一个，阿里山也有一个…… \\\\我这辈子最开心的那一天，就是威廉带我去半岛吃饭，我趁着他不留意，偷了我们用过的刀叉杯碟，现在偶尔拿出来看一下，仍然是很开心，可能威廉早就不记得我了，不过不要紧，我记得就行了，...
你们看到了爱情，我看到了背叛。
到最后我们会幸福吗？最让人感动的是突然出现在曾志伟身上的米奇纹身。我们永远不知道另外一个人在以怎样一种方式爱自己。
曾经的香港电影多么令人激动与感动。
张曼玉精彩绝伦的演出成就了这部电影。聚散离合，缘起缘灭，情感的纹理与能量、生成与幻灭、真挚与虚妄，历史的荒诞与无情，一切的一切都是张曼玉。情到深处爆发出来的能量，如花瞬间绽放，充沛又从容，亚洲女星中大概唯有巅峰年代的高峰秀子可与之比肩。"
驯龙高手 How to Train Your Dragon,8.7,全部 77550 条,"和谐的生活离不开摸头与被摸头
妙蛙种子龙。。呜哇
酷酷的小龙外表下，是一只大型宠物犬的个性。
太喜欢无牙了，外表凶狠，内心像个孩子，摸头杀太萌了，想养
尽管对人与龙关系的描写未免逼格过低，但小嗝嗝和没牙间的互动着实非常挑逗，有着浓厚的情色意味，堪称是对反抗与驯服的银幕经典描述，美中不足的是小嗝嗝没能战胜直男的劣根性，把女朋友也带去骑龙，上演了一出小三上位的戏码，大大降低了后半段的观赏性，令人扼腕。"
萤火之森 蛍火の杜へ,8.9,全部 66272 条,"“总有一天，时间会把你我拆散吧，可是，即便如此，在那个时间到来之前，我们一直在一起吧”
最爱 没有之一 少女心都在这了
银发的狐面少年 夏日 花火 浴衣 隔着面具的那个吻 终于能够拥抱到你了阿金TAT 内山的声音好温柔 从开始就等着虐心的结局呜呜呜我又得内伤一天了 
TTTTvTTTT ←只有这个表情
在那个夏天那片森林 拥抱你 离开你 记住你 就知道是死虐"
恐怖直播 더 테러 라이브,8.8,全部 88001 条,"这种题材的电影有漏洞在所难免，但韩国电影能做到这一步值得称赞，几乎是一间房子中的故事，格局却相当大，节奏紧张，剧情张力太强，舆论、媒体与政治的黑洞令人反思，结尾比搏击俱乐部还激进，美国估计都不敢拍，但韩国敢拍能拍。河正宇的独角戏太强大，五星。
政界、传媒界以及某国的脸都被打得啪啪的，河正宇的演技简直无情
《致命呼叫》开篇，《狙击电话亭》过程，《搏击俱乐部》结尾。漏洞多多，但实在屌爆了！
爽，国内不可能有的剧情
我已经把拿这个片和搏击俱乐部瞎比的人全都拉黑了"
菊次郎的夏天 菊次郎の夏,8.8,全部 77355 条,"　北斗七星的来由：一个小女孩走了很久的路为她发烧的母亲找水，晕倒在路上，醒来时看到自己的水斗里盛满了水，她开心地要跑回家，这时来了一只很渴的小狗，她把水喂了它，水斗就变成银色的，升上了天空。
　　即便自己缺少爱，也带给别人爱，因为头上有北斗。
　　每个人都在旅行，有目的的，没方向的。有的人一直在走，有的人原地呆着，但我们都会经历很多人事，去遇见，或是被遇见。夏天，就这么结束。
天使终究是不会来的。可是我们还有北斗七星。
其实电影拍的不好，无意义的镜头太多，使得全片显得过于刻意，有点拼命让你笑的感觉，且过度使用同一个BGM，显得烂俗、生硬。电影大部分时间都在消费久石让的音乐和日本本身就很美的风景，俩飙车族的出现更是显得莫名其妙，莫名其妙听菊次郎的话，莫名其妙陪正男玩。不过我承认确实被电影感动到了。
其实我叫菊花次郎
过强的风格化有损叙事部分的流畅度，但反而造就出一种非常奇特的空白效应，与人物的怪诞乖张相得益彰。久石让的配乐为影片增色不少，是一部非常有趣而诚挚的作品。"
幸福终点站 The Terminal,8.8,全部 57276 条,"人不可妄自菲薄，人应当勇敢、坚强、坚定、乐观、积极、向上的活着。
能让你笑着感动的片儿。很励志。
太好看了，欢笑过后大大的感动。
“你没有如期归来，而这正是离别的意义。”五星都不够的好电影。一个好的故事，就是这样，内核足够坚实，情绪逐渐爆发，人物的一举一动不唐突，有温度。而坏的故事，就是内核虚空，拿句子和旁白来凑。相较之下，高下立判。
那个快餐店小伙的热情与多情、办理签证的女工作人员的一丝不苟、印度老清洁工的唠叨与古怪，都在影片设置的细节中展现了丰满的情节，给人留下很深的印象，皮尔伯格在电影中对塑造群体人物的功力还是显而易见的。"
爱在日落黄昏时 Before Sunset,8.8,全部 73848 条,"年轻时候看得汗毛都竖起来了。。这种句句台词都让你觉得“我也是这么想”的电影有这么一两部就够了 @20岁春
“从某种意义上来说，我所有的浪漫
都在一夜之间消耗光了...”
操！！泪流满面！！操！！！
最喜欢一起上楼梯那段，也是两小时话痨电影里唯一没有对话的一段，和九年前两人在视听室里一样，安静，尴尬，暧昧得浓厚。
欲买桂花同载酒，终不似，少年游。"
超能陆战队 Big Hero 6,8.7,全部 126074 条,"故事不新鲜，但角色有新意。几处萌点和泪点全部来自大白，大白的陪伴，让人想起的不仅仅是：大熊身边的哆啦A梦、教授帕克的忠犬八公、坚守地球的WALL·E、邻家的多多龙、维克多的科学怪狗、小嗝嗝身边的无牙、库珀身边的机器人Case、山姆身边的Gerty、Wallace身边的Gromit...
迪士尼最新的Hyperion渲染器，渲染旧金山全景，几千个光源，无数的precedural shading...碉堡... 剧情的话Hero's journy，感情带动很好。动画感觉比Dragon2有看头~ 忘了说一句，记得看彩蛋~ Stan Lee的哏儿~
三番和东京，动画和机器人，樱花和Caltech，我们的城市我们的大学我们的专业，这部片子对我的意义不一样，我真的惊。呆。了。对最近在想皮肤材质和场景建模和粒子特效的我也格外有教科书的意义。再见Monster Co，你现在排第二了！（DC在这个我所看过的最彩的彩蛋里被Marvel黑出翔~~~！！！！
史上最萌胖子诞生！要抱抱！彩蛋里的斯坦·李也是蛮拼的！
【大白，卖的一手好萌】一波三折，妙趣横生。悬疑和温情，搞笑与动作，即使拍成真人版也绝对是一部好题材和好故事。大白呆萌可爱一逗比，细节刻画真实有趣，放气如放屁，警察局撕扯胶带还有低电量时如同宿醉一样。最后，“I will always with you ！”绝对催泪。开年最佳动画！"
无人知晓 誰も知らない,9.1,全部 47712 条,"真是可爱的孩子啊。从《距离》之后，是枝裕和的电影就越来越生活化，有些纪实的风格，琐碎的生活细节，两个小孩甚至算不上表演，即兴发挥的表演也让这部电影充满了生活气息。更难得的是，面对这种狗血的题材，是枝裕和却并没有煽情和大喊大叫，只是让所有角色一起忍耐、承受着，连同观众一起
艾小柯写的：两个十几岁的孩子，白衣服上沾了泥巴，迎着微曦的曙光，在空旷的早晨一语不发的从黑暗走向黎明，耳边响起的是《珍宝》的歌声：“姗姗来迟的春光，让人深吸一口气……我逐渐成长，没有人可以亲近……”——这段情节最美了 

初工作时认识一位同事，有次一起出差时他忽然对我说起，他从小是被遗弃的孤儿，曾在垃圾堆捡废品为生，那是个夏天，他说话时常走在我前面，白衬衫上有星点的汗印。昨夜看此片，明在午夜霓虹中奔跑的身影，又让我想起他那件刺眼的白衬衫，一瞬间心酸莫名。这些，都是在世界的某个角落里，真实的人生啊。
看了开头以为这是关于爱的电影，其实这是关于无爱的电影。镜头和音乐看上去无比小清新，看进去之后，却无比悲凉。这四个孩子就像他们在路边捡的种子一样被丢弃，被遗忘，在角落里毫无希望地生长。方便面杯上写着的名字，终于出门时阿明的一笑，以及出门那段的轻快音乐，是仅有的动人时刻。
为什么一部如此沉重哀伤的电影，要用如此平淡甚至轻快的笔调来描述？无法上学、无人疼爱、停水断电、缺衣少食，甚至最后面临死亡。但是不是日复一日的生活会让我们变得麻木？亦或者是变得坚强。一人でも生きている。"
借东西的小人阿莉埃蒂 借りぐらしのアリエッティ,8.8,全部 66871 条,"“你永远在我心中，我永远都不会忘记你。”这是一部难得一见的富含诗意和伤感的动画片。细节和人设很棒，赏心悦目；配乐尤其出色，但叙事太过苍白匆忙。最后的轻轻告别，两人往后都会有自己人生，走自己的路，但曾经那段美好依旧会沉淀为一辈子的记忆。★★★★
我相信他们终有一天还会遇见的。
比波妞好看多了……而且配乐相当好听……
“我們要努力活下去！”但願你不要隨便放棄
还是那个最纯粹的宫崎骏。"
神偷奶爸 Despicable Me,8.6,全部 91346 条,"绝对史上top 5级别的动画片！！豆瓣评分不上9没天理
那群黄黄的不知是什么的玩意儿很有爱的说～本片同时适合所有大叔控观赏：）
这个动画片再次证明了，不怕讲老故事，只需要有颗不老的心。打动人的是里面的小情趣，小可爱，小孤独，坚硬外表下谁都渴望一颗被温暖的心。真的远比toy3得我的心。
上九天揽月，不如给萝莉当爹。
看到短短胖胖的小药丸， 就觉得好可爱，戈玛幼稚又充满希望的成熟让我心生怜爱。
^_^"
"怪兽电力公司 Monsters, Inc.",8.7,全部 46044 条,"""不要给它起名字，起了名字就有感情了""，不管是什么物种，它们的情感在皮克斯手笔下永远都是那么细腻，看到毛怪对小阿布告别时说：“Go ahead, Go grow up...” 眼珠各种打滚。《WALL·E》之外最爱的一部Pixar动画长片。We scare, because we care. 
kitty长得有点像姜文~
口碑巨好但我一直都特无感的一部。。。。。。可能是因为我特烦小孩吧。。。看到片子里那个孩子一直闹闹闹，我都快疯了。。。这里面最喜欢的就是布西密配的兰道~~~~~~~大眼怪也萌死了~不过放在2001年确实不错~~~
没忍住，终于内牛了。小倩，千寻，为什么这些小家伙闯妖窝的动画都洋溢这么多爱，都是从哪里来的？从来没有完完整整看全过这套动画，想想皮克斯以前智囊团们天天头脑风暴是有多开心啊，今非昔比。
这是个神设定渣展开的范例。。明显还是2更好嘛，2是渣设定神展开，在大学生看来特别有共鸣。PS这是我人生第一本电影杂志上重磅推荐过的片 一晃。。。哎"
风之谷 風の谷のナウシカ,8.9,全部 32688 条,"潇洒、乐观、仁爱的女英雄，用爱拯救了自己的领土。宫崎骏的电影真的是太有启发性了，小时候也是完全没看懂。宫崎骏不管哪部电影都是在宣导爱，正义，和平，友善，人性的温暖。但，王虫真的好恶心！
相当和谐的主题和世界观，经济与环境的矛盾、保护与破坏的冲突，人类将会走向什么未来？世界末日来临之前，大自然的绿色仍旧在为地球付出，为人类服务。当娜乌西卡公主在黄金色的草原上时，我感动死了...久石让的配乐部部很赞。
宫崎骏最爱。动画片的圣经
年纪越大，越容易对真善美消化不良
大师的第一部作品总是这样惊艳。虽然结尾有点俗而且女主太白莲花，但是最爱宫崎骏片子里勇敢坚强善良的女性形象，让现在的商业大片都感到羞愧。“反派”都是有自己信仰的立体的人，而不是为了坏而坏。真正作恶的还是人类自己。"
玩具总动员3 Toy Story 3,8.8,全部 55830 条,"那个倒垃圾的劲爆音乐男就是阿薛
闪耀着万丈光芒的又一动画杰作。每一处笑点都能轻易抓到，让我就像是回到了15年前，开心到得意忘形。最后一场戏动人程度堪比UP的""married life""!
它对于我已经不仅仅是一部电影那么简单，而是代表了对于童年时代的记忆与怀念，整个电影院从头到尾笑声不断，但我相信，更多人会被影片的后半段打动，相信看过前两部的人都会很感慨。★★★★☆
还记得你的那些玩伴么？
虽然是动画片，但没有一味地弘扬真善美，也反映了人性丑恶的一面。
比如抱抱熊罗素，它被替代了，它自己要走，还强行要别人也跟着离开。
胡迪救了它一命，它还恩将仇报。
除此之外，它还挑拨离间，企图让巴斯光年背叛朋友。
软的不行就来硬的，将巴斯光年恢复出厂设置，甚至提醒巴斯光年“当心它们对你用反间计”，太可怕了。
幼儿园充满黑暗和邪恶，连玩具也存在金字塔制度，分阶层和等级，有各种明争暗斗。
有卡车队伍巡逻..."
完美的世界 A Perfect World,9.1,全部 36499 条,"标准的好莱坞煽情之作，坏人的好总是比好人的好来得更感人~~
有史以来哭的最伤心的一部电影~
喜欢凯文.科思特勒
标准的有点像是教科书里的故事
我这辈子只杀过两个人，一个是伤害我妈妈的人，一个是伤害你的人。这个“你”却是仅仅相识一天的男孩。。同样缺失父爱的两人以这种方式依赖对方。特别安静特别可爱的男孩，以后也要给我孩子穿这样的连体衣！太萌了！"
血战钢锯岭 Hacksaw Ridge,8.7,全部 130320 条,"没有真人真事加持，你真会觉得，梅尔·吉布森是一枚假天主之名的神棍。当真实不可思议到某一个程度，你就会觉得，它怎么可以比电影还假啊。但这么老派的关乎个人信仰的电影，傻纯真的故事，看起来还是令人动容。电影是《全金属外壳》的两段式结构，大段的平静和抗争后，突然进入手撕鬼子的地狱模式。
救人75命，胜造525级浮屠。
枪林弹雨过，片叶不沾身。信仰没能改变战争，但也没让战争改变自己。梅尔·吉布森的宗教狂热病和个人英雄主义都让我想BB，但因为有本命在闭着眼睛也要给五星啊～（只有加菲才能这么一脸阳光的面对杀戮和暴力，五好青年的笑容太美！！！）
美国抗日神剧：乡巴佬,不杀人,信上帝,救队友。前一小时昏昏欲睡,而且新兵营抄袭<全金属外壳>.全片最好的就是40分钟的战争戏, 剪辑不错,混音很好,配乐能给老美煽哭。电脑特效五毛,化妆能让你吐出来。适合那些从没在电影院看过什么正经战争片的观众。槽点密集,比如日军冲到悬崖边却不扔手雷,人肉小吉普…
3.5 前半小时和爱情戏俗得发指，从入伍开始才走上正轨，上战场就很好看了，虽然时不时出现的槽点还是会让人出戏，但最后成功被煽到。Bromance基友的存在感和感人程度抵十个女主告诉我不是一个人。对加菲的印象也大有改观。"
上帝之城 Cidade de Deus,8.9,全部 37193 条,"看过巴西，才知道我国多么安定……
史上最强剪辑，《低俗小说》遇上它也要甘拜下风！第一次接触巴西电影，就让我着实惊叹了一大下~~
不只枪支，摄影也可以改变命运。血腥暴力、丛林法则以及完全不会出现在明信片上的里约。剪辑酣畅淋漓得像桑巴舞曲。据说奥运期间巴西政府对贫民窟的做法是建堵高墙眼不见为净，我...
再凶残的成长和再迷茫的反思最后还不是一场警匪勾结得救之后却扑街了事。一切都是轮回，还是作为乱世摄影师的正当职业好啊。
形式与内容并重的经典。巧妙的多线叙事，人物相互穿插、叠层、牵扯。各种枪击事件的发生以俯拍的九宫格式的构图来呈现。在无主之城里，江山易主是为常事。开始的结束——群人拿着枪捉鸡——结束的开始。“我现在不叫阿炮，我是摄影师威尔森·罗利吉。”"
傲慢与偏见 Pride & Prejudice,8.6,全部 98104 条,"拍得挺美的,拍名著只要不把它拍砸了就是胜利
这一版的每一刻都美得让我心醉。特别是片尾达西从田野的晨雾中向伊丽莎白走来的镜头~
特別喜歡 看很多次了
温馨的结局,看到和爸爸谈话的那段,哭了
当两个无比骄傲的人终于发现自己的愚蠢，爱情才超越一切从天而至，祥和美好。片尾，Darcy一声接一声、一边亲吻一边温柔地叫着Mrs. Darcy，真是美到摄魂。"
时空恋旅人 About Time,8.7,全部 89602 条,"理查德·柯蒂斯擅长的轻松有趣加温情。时空旅行仅是噱头，重头还是亲情。当主角发现即便可以时空旅行，仍无法避免那些生活的悲剧。比如亲人的离去，我们始终无能为力，这恐怕是最触动我的地方。最终的主题仍是学会爱，学会生活，并珍惜与亲人的每一天，这话说来容易，实际却相当难。生活中同样应该如此
可能是为了卖片，包装成穿越爱情故事，为此差点错过此片。谢谢贤妻的死拉硬拽。虽然中间说了几句这不合理，但真的很好，上了年纪的人，给我们上了一课，关于时间，关于人生，好像还关于电影，那个黑暗的小屋，何尝不可以是电影院。
""How long will I love you?""情节退后一步，把舞台留给家人、生活，留给错失爱人时的惊惶、表白时的笨拙不安，留给最后一次海滨散步、最后一次拥抱、最后一个吻。每天过两遍，会发现被忽略的美好；孩子养三个，万一某个太聪明笨笨的两个可以作伴。片名有点误导，画面美歌好听，一家人在一起真好。A-
以为它是软科幻片，结果一开始的感觉，它是个喜剧片，紧接着你发现它是个爱情片，然后你发现它个伦理片，最终，你发现它是鸡汤片。不可否认，这鸡汤还是挺美味的。
选角美，配乐美，造型美，镜头美，剧情美，台词美，这样一部让人心情好的电影，我都快忘了爱情事件多美的事儿了，可电影不仅仅只描述了爱情，还有温馨的家人，给一百颗星都不够！Rachel这样可人的女孩，要遇到了我一定会去追 ❤"
电锯惊魂 Saw,8.7,全部 54383 条,"这其实是个励志片好不好，杀手先生告诉俺们即使在生命的尽头还是能干成很多事情滴~
硬伤多，黑人警察傻到爆炸
看第一部的时候着实被他的情节设计给惊讶到了。
害我一晚都睡不着，三更半夜起来读英语！
哦测那 哦测那 哦测那 哦测那 哦测那 哦测那 哦测那 哦测那 哦测那 哦测那 "
喜宴 囍宴,8.9,全部 47569 条,"看來 高爸爸也是gay  跟張管家有一腿  但是爲了這個家嘛  延續香火 就只好結婚生娃咯
作为导演，李安在《喜宴》中的表现还略嫌稚嫩，电影中粗糙的细节比比皆是，远不及《卧虎藏龙》之后的精雕细琢；但从内容与情节上来说，这部我感觉却是李安最精品的几部电影之一：放了很多心血心思上去啊，对文化差异的刻画准确犀利而生动活泼。这部电影李安作为编剧比作为导演更成功。
李安自己在里面演路人甲划重点敲可爱！“让你们见识一下中国人五千年的性压抑”哈哈哈哈哈哈
故事讲圆了，金素梅的台词功太生硬，想打掉孩子的那两段台词写得不好。
所以说，结婚的时候一定要搞清楚伴郎和新郎的关系。微虐慎入。"
教父3 The Godfather: Part III,8.9,全部 24719 条,"年老的阿尔·帕西诺，并没有失去力量，而是更魅惑动人。
一个完整的教父，最后风烛残年很令人感动。其实并没有像很多人那样不喜欢这部经典的第三部，毕竟时隔这么多年不管是导演还是演员各方面都变化太大了，能保持在水准之上已经实属不易。★★★★
对政治的结露辛辣精确，对Michael的刻画终于成熟，影片氛围观感均保持一致，但韵味上留白欠缺。帕西诺的表演令人难忘。
除了艾尔帕西诺谁也演不了教父！
井然有序的叙述，深入人心的故事。阿尔·帕西诺嘶喊的那一幕，实在令人心碎。最后独自一人在阳光下坐着，安宁死去，这样的结果是他想要的吗？"
谍影重重3 The Bourne Ultimatum,8.8,全部 33408 条,"车站和小镇两段，绝对的经典。
作为Bourne系列，这部真是豹尾，节奏与情节安排都极为令人称道。
格林格拉斯彻底革新了动作场面，干净利落紧张刺激，这也是谍影重重系列最好的一部。
一夫当关万夫莫开。虽然有点神化，但伯恩真是这一行的大师啊~
浓缩版的《24》，回归版的Jack Paul。细节非常到位，情节紧凑到没时间上洗手间。滑铁卢车站那一段经典。"
岁月神偷 歲月神偷,8.7,全部 95766 条,"弟弟偷了能偷的一切给哥哥，可哥哥被偷走的却是生命。
突然觉得吴君如如此美丽.
每个人都有一场被岁月偷走的记忆。眼泪流了那么多，但丝毫不觉得煸情。节奏虽慢，但不琐碎。很喜欢李治廷的表演。这一场感动，来得无比自然、真实而朴素。难一步，佳一步。一步难，一步佳。有这样的爸妈，我们难道没有理由看得见天空中同时出现的两条彩虹吗。另，海报上明明不可以少了李冶廷的份嘛。
老演员表现非常精彩，新生代与小演员则一塌糊涂；布景与摄影都很粗糙；台词过分直白外露，细节安排不周到，刻意煽情；太情节缺乏深度，除了亲情尚有力度，其余都是苍白的怀旧。
全放映室的大叔大哥都在抹眼泪，更别说女生了，这电影点了香港人的泪穴"
英雄本色,8.7,全部 43816 条,"有几个镜头里，龙哥会发光
“做人有原则，就什么都不怕。” 真的不敢说这是我第一次看《英雄本色》，并不需要多么复杂的炫技，好电影从来都很简单纯粹。怀念最好的港片年代。“他有勇气去改过，你有没有没勇气去接受？” 上海电影节4k修复版。
英雄泪短,兄弟情长
小时候还看不懂这片的情怀和意义 只看枪战精彩程度 更爱第二部 如今长大 回头看 浓浓的江湖兄弟情 讲义气 在那个年代盛行 如今 这世道变了~ 
早年录像厅模糊印象 夜里被和某人重温了下 大叹原来当年主流片也这么恶心啊！ 张国荣还略显稚嫩 当然这也和面具化的人设不无关系 和十三少 风月 阿飞还远不能相提并论。兄弟情义的问题么，这叫人心慌，这叫人心慌。一向不怎么待见吴宇森的，“我已经倒霉了好多年”令人笑场。"
七武士 七人の侍,9.2,全部 25953 条,"我只能用”高山仰止”四字来形容我对黑泽天皇这部旷世杰作的仰慕之情；纷繁庞杂却又条理清晰的史诗，严苛而精准的镜头和构图，七个武士和若干农民的性格都被描绘得入木三分， “休憩”后的大决战无比恢弘，叹为观止。
和教父是一种类型的电影，突出人物性格，故事情节也曲折。最后真的是人民战争海洋。很有几次，都觉得这也可以算一部写中国人的电影，比如农民的狡猾与认命等，到最后的我能！
经典杰作，宏大与细腻并重，形式与主题俱佳，堪称模本。
志乃的发型很时尚嘛

保卫家园的片子，也能拍出如此深刻的人性。"
被解救的姜戈 Django Unchained,8.7,全部 90722 条,"舒尔茨大夫不远万里，来到米国。一个德国人，毫无利己的动机，把强哥的解放事业当作他自己的事业，这是什么精神？这是国际主义的精神，这是基友主义的精神，每一个好基友都要学习这种精神。
昆丁稍微一用心，就足以窃笑着俯瞰众生。我觉得他最牛逼的一点是可以让所有大牌演员在他的电影里集体迷失自我，并被注入昆式狡黠腔调。当然，这种腔调不仅仅是表现在角色身上，配乐、运镜和台词通通昆丁范儿，乖、贱、粗暴、不可复制。Who's the nigger? D-j-a-n-g-o,D不发音。
故事核心其实老土得很，就是男的历尽千辛万苦去救他心爱的人。但是故事人物设定实在太棒，花165分钟在这部电影上是绝对不会后悔。
感觉比《无耻混蛋》都要好看啊！
一部很high的意大利通心粉西部片，就是那种影迷们期待的痞子昆电影，竟然片中人人都觉得奴隶制很正常！诡辩的话唠神逻辑，绝不吝啬的番茄汁，类型杂糅的舒心配乐， 克里斯托弗·沃兹和塞缪尔·杰克逊神棍级的表演，最后故事又在失控中走向疯狂了，唯一的小遗憾就是影片剪辑的节奏始终慢半拍。★★★★"
功夫,8.5,全部 61879 条,"超级耐看和严重被低估的电影，看十来遍了越看越好看，我想100年后还是有很多人爱看它。
星爷21世纪最好的电影，甚至比之前的一些电影都好，我起码看过5遍我会乱说？那些经典台词都倒背如流了
感觉【功夫】应该8.5分以上，同意的点赞
个人认为这是星爷作为导演拍的最好的一部片子。
不知道为什么这部电影的评分这么低"
疯狂原始人 The Croods,8.7,全部 113077 条,"「疯狂原始人」说的是一个地震高发以及pm2.5老是超标的地方只有中科院的男朋友才能拯救你全家的故事。=3=
没错，就是一部人看人爱，无可挑剔的片子！
绚丽的3D效果+随机乱入的萌物+搞笑亲情大套路+点睛式的人生说教，人见人爱的作品，想象力和娱乐性爆棚；但捧为神作有些过了，它既没有Pixar经典作品的原创性和灵动感，也缺少梦工厂传统大作的独特个性和贱趣味！
看的时候莫名的期待结局是一场空...
梦工厂又回来了! 亲情, 爱情, 友情一个都不能少! 崭新的背景设定, 奇妙的3D画面, 非常立体的人物刻画! 是继冰河3之后我最喜欢的作品了. 按照第一部的开放式结局来看, 这后面2,3,4的续集那是妥妥的啊!"
哪吒闹海,9.1,全部 17191 条,"一个彻头彻尾的反叛形象，也是中国银幕史上一段极为少见、如此尖锐、激烈和惨痛的反叛历程，相比于孙悟空和天庭（统治阶级）的对抗，哪吒做出了中国传统观念中最艰难的一种反叛，在于“孝文化”是深植骨血之中的，是几千年不允许触碰的绝对底线，被他用一种最悲壮、最惨烈的方式夺回了自我的控制权，告诉所有人，“身体发肤、父精母血”，所有受之父母，又反过来牵制和束缚的，我统统还给你们，哪怕是我赖以为生的东西，去挑战一种...
79 年的哪吒即使自杀了也没认命，19 年的哪吒得跟观众一遍遍强调他不认命。
中国的少年大底上应该要像哪吒的
影片摆脱了原著《封神榜》的黑暗色彩，而是塑造了一个如梦似幻的美丽童话世界，电影中的色彩运用堪称出神入化，人物塑造也是极富神采，这是一个充满童真和童趣的电影。回忆啊
年轻勇敢的战士，为保护更年轻的一代不被老朽腐坏的政权吞食，抛弃了自己的血肉之躯，与怯懦的父亲决裂，战斗过后，向着光明的未来奔去。但是龙王是杀不死的啊，死了还会有新的龙王，永远渴求着更多的童男童女，几千年了，哪吒还打得动吗？"
天书奇谭,9.2,全部 14336 条,"看了很多遍.喜欢.那个年轻的女狐狸精真美,声音也动人.
虐片。师父死的时候老子哭得肝肠寸断
这是我最爱的动画片之一
这里出现了历史上最猥琐的玉帝形象……
我喜欢这个故事～"
心迷宫,8.7,全部 80722 条,"四星半，《罗生门》架构+《怪尸案》讽刺。麻雀虽小，五脏俱全。第一幕铺垫很满，后两幕循序渐进嵌套在整个宏观的时间体系内，体现了剧本结构的匠心。尸体的几经易主令人哭笑不得，也折射出社会的荒谬与生者潜藏的兽性，罪过只得靠祈求神灵来寻求庇护。父子鸿沟也在尸体的挖(进)埋(退)两难中找到了答案
诺兰结构科恩风格本土叙事，五星鼓励
看完之后明白一个人生哲理：贱人自有天来收......
看了忻钰坤处女作《殡棺》，惊喜！从容缜密，会讲故事。看片名，容易误以为是闷蛋文艺片，其实是无巧不成书的三段式“乡村怪尸案”。成本太低，演员略逊，但也带来了陌生的乐趣。和拍《光棍儿》《美姐》的郝杰一样，忻钰坤，绝对有实力执导更大制作的类型片。这种会讲爱讲故事的年轻导演，是稀缺资源。
和《十二公民》一样，结尾必须要通过一行字幕把真凶缉拿归案的规定，实在是太影响犯罪片逼格了"
真爱至上 Love Actually,8.6,全部 116520 条,"寂寞的圣诞夜一个人看这种电影，看完觉得更寂寞了！
我爱死那老头了～
Where the fuck is my fucking coat?
从第30分钟小男孩说自己fall in love 开始，所有的感情都美好起来
像我这样一个对外国电影了解不多的观众，看的时候一直处于“我靠这个人好眼熟，这个人不是那个谁吗，这个人是大牌吧，这个人我知道名字！……”的状态中。"
萤火虫之墓 火垂るの墓,8.7,全部 55410 条,"又精致又催人泪下。可是二战时期的日本一点也不值得让人那么同情
我发誓我再不敢看第二遍
“我们做错了什么？”这话应该由日本人说么，即使是平民？妹妹的神态、动作、配音都绝了。
虽然事先知道这是个煽情的片子，知道它注定是个悲剧，还是哭了。告诉你这是个悲伤电影，在你准备好的情况下，还能达到效果，的确是个好片子
日本人博取同情的功利 是中国的N倍。"
"三块广告牌 Three Billboards Outside Ebbing, Missouri",8.7,全部 141031 条,"这部竟然拍得非常温柔，有点落寞和伤感，看完会被人的善良所打动。虽然确实有些天真，但还是好爱这样的电影，会让你很享受这个故事。当然，导演之前擅长的喜剧部分仍然很到位。几个演员都非常出色，女主和两个男配，写得好，演得更好。挺奥斯卡的片，应该能有斩获吧。
今年两大最政治不正确电影之一（另一部是《凭空而来》）。愤怒是活下去的动力，怼天怼地才能内心平静，麦克唐纳用冲天戾气和负能量熬出一碗悲喜交加的心灵鸡汤。科恩嫂的表演太炸裂了，枯瘦的身躯下隐藏着滚烫的力量，全片仅有的一次笑容锁定奥提...
我的情绪和观点在这100分钟里面不停地翻转和颠覆
一晚上居然写了三封信！厉害了Woody叔。环环相扣，宿命轮回，错与对的双刃剑，比《杀手没有假期》更以小见大，提前预定今年奥斯卡最佳影片。女主、双男配演技巅峰，群戏也个个出色，剧本无可挑剔，开放式结局令人唏嘘…“-你确定我们还要这么做吗？-我不确定。-我们可以路上慢慢决定”
#Venice2017# 影后已出。真是教科书一般的好剧本，破了不少套路，人物塑造十分生动。再加上导演控制力很强，不乏幽默感，也有不错的社会观察。对仇恨与愤怒的探讨颇有与当下社会状况的契合点。"
纵横四海 緃横四海,8.8,全部 41671 条,"香港浪漫主义警匪动作片的巅峰之作！那段发哥和红姑的轮椅舞堪称香港电影史上的经典镜头~~
发哥在轮椅上和红姑共舞，忘不了啊……
這個組合太誘惑了……
五星，人生挚爱！哥哥、发哥、钟楚红，所有人的表演都太惊艳了，哥哥在桥上自己的画上签名的洒脱，还有俩人配合偷取宝物的情节和动作，喜剧而不失张力。整部电影综合喜剧、浪漫、爱情、动作、情义，多种元素于一体，奔放而不失细腻，带给人深深的满足感和刺激，太给力了 
周润发在轮椅上和钟楚红翩翩起舞的场面再过多少年都不会忘记"
我是山姆 I Am Sam,8.9,全部 40569 条,"all i need is love~很浓的beatles情结，小女孩好萌 
幸亏没让汤姆汉克斯来演。
好片子，西恩·潘不得不赞！
人与人的爱，不是被任何一个条件所限制的 而是出于本能。
“lucy in the sky with diamonds……”十分的亲情，十分的爱，爱的能力并不是取决于智商的高低。原声好，主题好，演员好，但就是有些拖沓与着力过猛。★★★★"
达拉斯买家俱乐部 Dallas Buyers Club,8.8,全部 59955 条,"马修麦康纳和杰瑞德·莱托，他们两不拿小金人真是没天理。现在打赌，2014金球奖和奥斯卡，最佳男主或最佳男配，他们至少一个，若没得奖我吃键盘，上图。立此为据！！8.6（PS：键盘君终于舒了一口气，2014-3-3。= =！）
男主、男配演技都破表了。上次见马修.麦康纳还是<林肯律师>里那个拉轰的帅叔，又屌又骚包，这部就眼窝眍䁖、腮帮塌陷、瘦到脱形的战艾斗士了。最诗意，是万千黄蝶绕身飞舞那一幕，如幻似真。对有些人来说，活着就是紧紧攥住意志力的缰绳，制服那头蹦跶公牛，尽量不从牛背颠下，能待多久，就待多久。
Jared Leto的腿比女人还美！！！Jared Leto的腿比女人还美！！！Jared Leto的腿比女人还美！！！Jared Leto的腿比女人还美！！！【说正事，这热血抗艾片真是百年难遇地好啊，仔细想想，能把life outweighs money这种俗道理包在热血的外衣下讲得这么动情深刻。fuck yea cowboy!!!!
相比什么白宫管家、为奴十二载里面满满地高大上的要拿奥斯卡的春晚主旋律，这部浓浓地不屌反恐同和反艾滋歧视的片子才真是他妈地好看~里面精妙的小设计无数。男主、男配的演技完爆什么Jennifer Lawrence这种傻大妞~
三个主要演员都超好。我甚至觉得变形异装癖Rayon演的更出色。詹妮弗·加纳也超好看在这片里。能把一个本来沉重的故事拍的苦中作乐既有重量又举重若轻，导演和演员都展现了很高的才华。让-马克·瓦雷把一个美国南方的故事拍出了魁北克电影的味道，不容易。"
东邪西毒 東邪西毒,8.6,全部 59737 条,"“每个人都会经历这个阶段，看见一座山，就想知道山后面是什么。我很想告诉他，可能翻过去山后面，你会发觉没有什么特别，回头看会觉得这边更好。但是他不会相信，以他的性格，自己不试试是不会甘心。” 

1999年的时候多么喜欢啊。2009年却在影院呆了二十分钟就走了。从来没有这样过。已经过了看这种东西的时代。许多事情，适合留在记忆里。

对白永远经典。
已經好久沒有這麼NB的片兒出現了……我懷念那個NB的時代……
风继续吹 哥哥继续型
真不知道是王家卫完整了文青的矫情，还是文青的矫情毁了王家卫。"
爆裂鼓手 Whiplash,8.7,全部 92041 条,"如果你还有空去琢磨片子里的不人道行为和思考扭曲的人物关系，那么你也许错过了其中最美妙的部分：节奏。整个电影的剪辑踩着每一个最扣人心弦的镜头行云流水的推进，两个主演的表演也是每一帧都没有跑调，片中所有的轻重缓急都似乎是浑然天成的组合，推着人随节奏进入到只属于艺术人生的不疯魔不成活。
清晰果断。……另外这部电影真是不错的试金石，看看短评就知道了。只从中看到痛苦，而看不到痛苦之中挟裹着快乐的人，大概从没认真追求过什么。
J.k.西蒙斯应该能拿下男配！这片子的节奏感实在太棒了，爵士乐和剪辑简直融为一体了，还有西蒙斯机关枪版恶毒的台词，脏字就像鼓点一样密集且激烈，几场打鼓的重头戏在镜头上都是细碎古怪，靠剪辑重新赋予整体戏一气呵成且不断加速的节奏，可惜整部电影还是碎的，否则就真成大卫·芬奇了。★★★★
他得到了世界，他失去了灵魂。
……还以为是我的驾校师傅"
记忆碎片 Memento,8.6,全部 79224 条,"最靠谱的评论 来自2008-02-24 04:45:21 MILKY_MOMO　我比较倾向“否”的答案，也就是lenny只想杀掉间接导致他妻子死亡的仇人，并且摆脱一直在利用他的teddy。虽然这个答案降低了电影的内涵，破坏了电影的结构美。但这答案符合逻辑。 　　 　　 　　 　　首先，要确定确实存在第２个没有伏法的匪徒（这一点是没有疑问，如果网友有疑问，请自己在电影中寻找答案，篇幅问题，不赘述了）...
导演用一种前无古人的倒序方式营造出“支离破碎”氛围，让观众深刻体验到Lenny破碎的生活及内在，我们如Lenny般扮成侦探，在电影里寻找着所谓的真实。而那织在复杂结构中的情感更让人没有办法不被感动。“如果自欺才能使我快乐，我选择如此的活着。”我们要生存下去必须给自己一个理由，否则就会精神分裂。但那些我们坚持的东西可能只是自己假象中的虚幻。一觉醒来时看着天花板问问自己：我是谁，我为什么在这里。然后你...
真烧脑子
用记忆来确定自己的身份，让自己相信世界仍然存在。
剪辑手法太诡异了，看的我也失忆了。浑身发抖
在六月五日的前一天特意看这部电影的，想了解一个没有记忆的组织，是如何确认自我的，在开头的时候还真以为没有记忆也是能确认自我的，然随着电影延伸，最终仍旧证明一个没有记忆的组织是没有自我的。一个没有自我的组织，在这世界做什么呢？复仇，杀人？"
荒蛮故事 Relatos salvajes,8.8,全部 67827 条,"“跟你做的比起来，我那做的都不算什么” 魔性十足，荒诞满分。每个人都有过一闪而过的犯罪念头，这部片子把我们没敢做出来的那部分呈现出来，狠狠戳中我们的软肋。这个世界总是如此厌倦又可笑。“没人不希望恶有恶报，但又没人愿意脏了自己的手。”
人生的大喜大悲实在是太TM刺激了。8.7
把新闻故事拍成电影到底有什么意思啦？只喜欢两个司机斗狠那段……婚礼也马马虎虎吧……其它都很无聊。
本年度最惊喜的一部喜剧片。6个故事罗列在一起，不拥挤不仓促，每个独立都有各自独立的笑点，整个集合在一起就像一头猎豹一样，用冷冷的双眼观望这个社会。还有每个故事的镜头，场景运动都相对独立，具有新意。非常的阿莫多瓦和鞋拔子昆丁。
碎片化的形式，有点像之前罗马尼亚一堆人鼓捣的《黄金时代的故事》，只不过这边是一个人拍的。观感挺不错，但说“经典”，还远远称不上。即便有的碎片很完整很精彩，像公路恶斗。也有作到死的相爱相杀，文青们的最爱。可是，终究缺乏一个形式上的统一，并且太容易分出高下。"
贫民窟的百万富翁 Slumdog Millionaire,8.6,全部 65677 条,"得2000万的时候全场欢呼，我却哭了，为他哥。life is shit, but god is great.
近年最弱金像影片。
他亲吻着她脸上的疤痕，那是为他而受的伤害。这片子挺感人的，可是，现实中又有谁能如此坚持，等待命中注定？
深刻体会到命中注定一词的含义了。怎么那么多人打5星，我客观点还是给了4星。没办法，最高就是5星，我觉得这片子不至于最高，要不然猜火车该往哪放呢！
实至名归"
头号玩家 Ready Player One,8.7,全部 249525 条,"请不要在彩蛋期间插播电影！（普通导演是在电影期间插播广告，二逼导演是在广告期间插播电影，文艺导演是在电影期间插播彩蛋，牛逼导演是在彩蛋期间插播电影） 层出不穷的惊喜和反转，无处不在的彩蛋和致敬。这是导演送给影迷的最好礼物，也是他写给电影的一封情书。片尾无彩蛋，因为电影本身就是彩蛋
走马观花的IP大赏，剧情人物基本不通，鸡汤也撒得不知所云。适合跟塑料姐妹们一起假嗨
9。我爱这部电影，就好像我的梦想是能进入马丁·斯科塞斯的《出租车司机》，看罗伯特德尼罗枪杀嫖客和鸡头，营救朱迪·福斯特。所以，我爱这部电影。
它是你们的情书，我的命。
要哭了，每个友邻都是五星好评，而我羞愧地半路睡着了……就感觉故事蛮老套的，那些让人嗨的点，心里只是“哦”了一下。"
黑天鹅 Black Swan,8.6,全部 128337 条,"那一颗星星是被吓掉的
“我感受到了，感到了……完美。”一段用走火入魔来成就的完美，亦真亦假、亦实亦幻。影片从始至终都弥漫着黑暗的色调，很惊悚，很压抑，无论配乐还是摄影都极其吸引观众。娜塔莉·波特曼颠覆以往，奉献了一场精彩的演出。★★★★★
有点无聊 教育我们不要逼自己太紧
镜子用多了，想不精神分裂都难。故事基本就是天鹅湖的变奏，与《摔跤手》一样的手持摄影，却少了摔跤手的写实风，多了些超现实的感觉与舞台味。女主、摄影、配乐、女配都很有实力。波特曼，好运！
娜塔莉·波特曼的演技啊！达伦·阿罗诺夫斯基的黑暗啊！"
人生果实 人生フルーツ,9.5,全部 28626 条,"【20180117】很美好。让人不怕老。
看这部片子的时候突然想到，生命的长度也许不该从出生计算到临终，而应该由自己觉得开心值得的一刻一秒累加而成，这才是“人”生。
有趣的活着，体面的告别
风吹枯叶落，落叶生肥土，肥土丰香果，孜孜不倦，不紧不慢。这样符合自然规律的生活要花几十年的时间去准备，才能收获成熟的果实。一生的每一分每一秒都没有浪费，这种从“始”至“终”的生命力平凡又伟大。
实力羡慕花子，爷爷奶奶太宠溺了吧……树木希林的旁白好好听……生死部分也特别好。"
花样年华 花樣年華,8.6,全部 71440 条,"谁先感到了寂寞，谁就输了。
隐忍的中年激情。＂我一开始只是想知道他们是怎么开始的，后来我发现原来一切都是在不知不觉中发生的。＂
最喜欢的一幕，还是突然响起的《Quizas Quizas Quizas》前奏，电话这头的周慕云，电话那头的苏丽珍，没有对话，但彼此好像听得见对方的心跳。无论故事还是爱情本身的可能，一切尽在不言中。这就是王家卫。
一切都退去了，香港、1962年、那个陈旧的秘密…“如果多一张船票，你会不会和我一起走？”也许~也许~
张曼玉的手会演戏，怀旧中黄色的氛围……"
你的名字。 君の名は。,8.4,全部 223927 条,"这部片深刻地告诉我们 一个有好剧本的诚哥有多可怕 ☄
这一次要给新海诚打200分，在我鄙视他不过只是纯情小清新的10年前，没料到有朝一日会在电影院里哭到断气。恍惚看到了穿越时空少女时期的细田守。为所有的少女心和中二病鼓掌，青春不死就能相遇，就能拯救地球。现在我抹着眼泪走出影厅，看到后排的少年摘下眼镜，嚎啕大哭起来。。。
谁，谁说新海诚这次会讲故事了？啊？大概是他看了一部交换身体的电影，一部穿越时空的电影，一部谈着谈着恋爱就失忆的电影，然后觉得“我要整个牛逼的”，就把几部电影的材质糅成了现在这个东西。叙事乱七八糟，逻辑bug满天飞，动不动就泪流满面。真是手动再见。
错过和努力才是爱和青春的墓志铭
你我相逢在黑夜的空中，你有你的我有我的方向，你记得也好，最好你忘掉，在这交会时互放的光亮。"
卢旺达饭店 Hotel Rwanda,8.9,全部 32165 条,"我们看了那些屠杀的镜头 然后继续吃大餐
我不再抱怨我生在中国，我不再抱怨我生在80年代。只希望人类自毁灭亡的那天能来得再晚些。任何敢凌驾于生命之上的东西都是狗屎。
     记者和保罗对话，对于外国观众看到图西族遭受的惨象后所可能的反应作出的揣测，令我想起《关于他人的痛苦》，苏珊·桑塔格在书中提到，我们看多了反映苦难的照片，就会在某种层面上以为自己真的帮助了那些身陷囫囵的人。当然这是一句题外话，但与我们切身相关。
人祸最惨。可我们看完新闻，还是会安心的吃完晚餐。
一直在期待那段经典音乐出现，结果出现了，感人指数又没跟上来，导致看完感觉平平。晕勒个去~"
釜山行 부산행,8.5,全部 165770 条,"翻遍全中国就连一个看着像孔侑这么舒服的男演员都找不出来
丧尸再也不是西方的专利了！韩国影人再一次向世人证明了他们非凡的叙事能力和精巧的借鉴本事。没有好莱坞式拯救人类的大英雄主义，多了的是人性的反思与情感的刻画。无论怎么看，这部电影都是亚洲影界的头一遭，五星鼓励！
目前亚洲商业片的最高水准 看完之后对国产电影充满了愤怒。
大叔真屌，不过这个故事怎么看都是一个贱人害死一堆好人，让人生气
同在亞洲，差距好大，越看越沮喪。"
忠犬八公物语 ハチ公物語,9.2,全部 17084 条,"美版的才是忠诚，日版的看到是凄惨和无奈，无家可归，忍饥受冻，被人遗弃，追打，如果给他一个家，像教授一样爱它，它也不会这么凄惨，只能在车站那苦苦的等待那个唯一爱它的人。
喜欢教授那句话：人有人格，狗也有“狗格”。日本动物爱护管理中心主页上写着：1.无法继续豢养的动物，请不要丢弃（以前是免费，现在只需交付2000日元即可由保护中心收容接管）。2. 遗弃、虐待动物是犯罪。3. 遗弃动物者，处以50万日元以下罚款。4. 杀、伤动物者，处以一年以下刑拘或100万元以下罚款。
“为什么要等一个永远不会来的人了？” 比美版更平实、简单，没有煽情和太戏剧化的情节，但美版先入为主，还是更喜欢美版。
美版突出悲伤氛围的塑造，日版则显得更加真实。除了八公与主人外，日版更多地刻画了八公与其他一些人之间的种种。相比美版里大家都爱的八公，日版里的八公则是忠诚过头而遭到其他人厌烦像踢皮球一般推搡的对象，也因此更加真实感人。
反复叮嘱家人：狗狗也有狗狗的权力，要保护狗狗权力的教授，台风天担心阿八着凉所以淋雨把阿八抱进屋取暖的教授。给阿八抓虱子还要整齐排列的强迫症教授。和阿八一起洗澡的教授，看到阿八在车站接自己，满足骄傲的教授。想到这么温柔的人一会儿就要死了，我的眼泪根本止不住。阿八啊，你久等了。"
头脑特工队 Inside Out,8.7,全部 87158 条,"不止是卖萌的画面和天马行空的想象力，看完电影后会重新审视自己的情绪，记忆，甚至梦境。BingBong消失的时候我哭得和Toy story3结尾时一样……
当有天我们会为快乐的回忆流下眼泪，那种笑中有泪的感觉就是长大啊。本质上只是一个儿童故事，但皮克斯的想象力让人叹为观止，尤其是构造出一个妙趣横生而又严谨有序的脑洞世界，看完后好想扒看每个人的脑内呀！！！
好看，想不到一个动画片竟然看得我老泪纵横，从头到尾多处泪点。并不是说有多悲，而是从心底的感动。它会唤起你诸多的回忆，那些亲情与爱，难忘（或已经忘记的）回忆瞬间，一切都是这么真实又细腻，又是在这么一个充满想象力的故事基础上呈现。最终仍是成长与告别。真是服气。
那时你第一次明白人生不只由欢乐主导，第一次了解万物皆有反面，第一次忘却曾经觉得重要的记忆，第一次在无知无觉中送走曾经无比重要的成长点滴。第一次接受残缺，第一次懂得如何抱着怎么都会有的不完美继续小心翼翼走下去。令人赞叹的主题，毫不拖沓的情节推进，永不让人失望的皮克斯。
这部探索“脑洞”的动画新意十足，重回最高水准的皮克斯用它成熟而独特的叙事节奏牵引观众的内心，成长道路上的阵痛与迷茫最终迸发"
雨人 Rain Man,8.7,全部 41407 条,"如果影片可以不那么拖沓.我会把它列为四星.结尾很感人.中间有很多情节可以砍掉.
生活在自己的世界里，也可以让周围的人显得可笑和渺小。赞。另外达斯丁霍夫曼演的太赞。
""查理,带我回家""---腹黑兄控美少年与天才忠犬攻州际蜜月行
任性是缺点，坚持任性就是自闭症，我不过是病的稍微重一点儿而已，就已经很难被世界容忍了
也没人告诉我这是公路片啊！不然我早就看了。“其实他什么都明白”。深深的手足情，达斯汀霍夫曼惟妙惟肖，影帝当之无愧，阿汤哥也丢掉故意耍帅的表情，两个人都太棒了！找个人和你一起旅行吧，你会更看懂TA……"
模仿游戏 The Imitation Game,8.7,全部 86118 条,"看完之后才理解为什么学校的数学楼叫alan turing building，为什么工程学院的咖啡馆叫enigma cafe
1最佳soul mate是去掉性吸引力 你仍是完美伴侣  2唯一爱你的方式，是建造一部解决人类所有问题的机器，冠以你名。 卷福又上升了一个新高度，演绎淋漓尽致  结巴天才四星半
重度虐伤。我承受不了图灵所承受的这种委屈，這個世界亏欠他太多太多。
什么片子配上Alexandre Desplat这种学院派的煽情配乐都能让你感动，更别提这片子还有讨人喜欢的腐国文艺片气质，还有男女主角优秀的表演和一群熟脸配戏，背后还隐藏着一个伟大的男同爱情故事。不过将图灵的一生编排进这样的颁奖季类型片，时代背景，无名英雄，天才与自闭，没什么惊喜。★★★
最后她去看望他，拥抱他。他孤独地站在那一排为之奉献一生并恩泽全人类的庞大机器面前说，I’m not alone，never have been。然后伸手抚摸那些柔软的冰冷。它是他的恋人。而谁记得，孤独的孩子，你是造物的恩宠。"
黑客帝国3：矩阵革命 The Matrix Revolutions,8.7,全部 24718 条,"不管别人怎么说，我觉得这是我看过最完美的系列电影。
见过太多的才子，才发现都是膜拜的傻子。
到底有多少的电影有你的影子。
第三部主题升华了，华丽丽的锡安大决战
以前科幻看得少，不太能理解，现在再捋一捋剧情发现简直是神作！ 可惜了这俩导演后来再没拍过有点口碑的片子了
重看多遍，每次都能更深一步感受，这悲伤也越来越大。正如电影名字一样，The Matrix Revolutions，这是矩阵的革命、升级，并非人类。这已是机器的时代，人类只是夹缝求生的弱者。Neo，The one，他为使命而存在，他的牺牲和为之争取到的一点点曙光，在机器时代中，又是什么。黑客帝国三部曲，更像是机器编年史中的一个节点，人类用巨大牺牲和第六代The One的悲剧使命，在机器的控制和变数下..."
一个叫欧维的男人决定去死 En man som heter Ove,8.8,全部 62439 条,"气哼哼的人要是爱起这个世界来，真是一把鼻涕一把泪啊。
剧情其实特别套路，每一个步骤都似曾相识。欧维就像飞屋环游记中的卡尔，怀念着完美的故人的同时偏执和固执被邻居一点一点的磨平最终变亲近。淡淡的音乐伴随着平凡又不平凡的小人物的一生。最后一幕真的无法不想到泰坦尼克吧。
内心深处觉得这是宜家广告该有的样子
我越是逃离，越是靠近你，我越是背过脸，却越是看见你。我是一座孤岛，处在相思之水中，四面八方，隔绝我通向你。一千零一面镜子，转映着你的容颜。我从你开始，我在你结束。----埃姆朗萨罗希《一千零一面镜子》
笑了哭哭了笑。人老了真的很容易变得“讨人嫌”：我奶奶八十多岁有一次不小心滑倒骨折，之后她每天都在说，我为什么还不死，活着简直就在给大家添麻烦。那时候我回去看她，被她念得头疼。现在她九十好几，以为我还只有十五六岁，她好像记不太清年月，但有时候我又觉得，她其实什么都清楚。"
你看起来好像很好吃 おまえうまそうだな,8.9,全部 59964 条,"“感情不分草食肉食” 豆瓣评分加分法则：小清新加分，成长加分，治愈加分，卖萌加分，卖腐加分，又是日本的，加分，还是动画，再加分，这么七加八加就加成了一部豆瓣8.9分电影。★★★☆
这个故事告诉我们霸王龙也是可以过肩摔的！！！！！！（小甲龙的声音怎么可以这么萌T▽T（话说这片是天然腐啊兄弟爱父子情敌友CP啥的
不好这么萌 会被吃掉的 o(TヘTo) 


功夫恐龍……
http://v.youku.com/v_show/id_XMjQ3NjUzMzAw.html  又囧又萌还很搞笑。"
无敌破坏王 Wreck-It Ralph,8.7,全部 71518 条,"迪士尼的华丽逆袭！
当拉尔夫落向可乐山，耳边响起坏蛋宣言的时候，即使我已经猜到了结局依然被感动到一塌糊涂……
昨晚是第一天首映，一直激动到现在，绝对可以称之是迪士尼的崛起之作，近年来最有创意的故事最用心的设计最可以证明迪士尼实力的影片，brave，tangled几乎没有可比性 go watch it! 
不容错过！每一个镜头都充满了惊喜~！每一句话都充满笑料，结局也带来很多感动。影片里出现了很多经典游戏人物，有美式的，也有日式的，身边的老美一个个看的惊呼声不断~~！
给这片子差评的多半曾是班干部，他们去游戏厅也都是领着老师去逮人的。所以，我认为打低分者才是真的无敌破坏王。
如别人说的，确实有点皮克斯乱入迪士尼的意思。靠回忆赚分数的电影。像素游戏、街机回忆，尤其是“上上下下左右左右BA”这种，让我这种长泡游戏厅的人实在无法防御。故事简单有趣还带些温馨感动。角色也可爱，特别是那个小女孩，又萌又坏，萨拉·丝沃曼的配音也棒。今年在影院看过的最喜欢的一部动画。"
未麻的部屋 Perfect Blue,8.9,全部 41487 条,"好的剧本就是就算你猜到了结局也猜不到全部
想想看这才是1997年的动画电影！今时今日很多真人电影仍然无法比拟它的用心良苦、诚意、和所达到的效果。为了扑朔迷离，今敏用尽心思。
強姦戲可以理解，拍裸體寫真就絕對是敗筆（雖然是留美發瘋的關鍵），這樣一來未麻的演員定位就有問題了，到底是實力派呢？还是三級片明星呢？
惊悚得头发梢都立起来了，今敏就是动画界的大卫·林奇啊！虚实切换得让人叹为观止～
080331 今敏的片子比宫崎骏的假大空好太多，110分钟分分钟无法释怀，越到后来越奇妙"
恋恋笔记本 The Notebook,8.5,全部 98766 条,"1.先入为主是王道。2.等人不要等過7年。
俗套的好看。“爱情没有那么多借口，如果最终没能在一起，只能说明爱的不够。”
看的时候泪流满面,不是为它,而是为自己.一想到自己有可能余生都陷在对你的这种情感里面,我就不住的流泪.
为了那一池子的天鹅 
不是，我没有懂，他们为什么爱得死去活来。"
冰川时代 Ice Age,8.6,全部 33331 条,"很久很久以前的冰河世纪，一只剑齿虎攻和一只树赖受相遇了……最后他们和宠物长毛象幸福的生活在了一起。THE END~
成年后再次接触动画片的最初几部，当年刚上大一，跟《怪物史瑞克》一样刷新了我们整个宿舍的眼界，动画片可以这样精彩和不分年龄。
说明了人类的孤芳自赏与自大无知，在史前一万年前动物们就已经知道如此了。老虎都这么有情，叫那小孩情何以堪。原来唯一不会使用英语的竟是人类，更讶异的是，那小松鼠直接改变地球生物史。其实他才是主角.8分
超有意思的一部动画片，我觉得非常好看！强烈推荐给大家
故事差了点，角色是主宰。浆果抢了松鼠的戏；松鼠抢了树懒的戏；树懒剑齿虎长毛象合伙抢了小北鼻的戏，搁在真人电影中，小北鼻一定是主角。但这是动画片，动物的萌趣潜力，远高于人类。不过冰裂救虎那场戏有点矫煽了。而且动画片里搞悬吊桥段，基本已经失去了真境下才能产生紧张情绪功能，更何况那么大块头掉下去，说喷上来就喷上来。果然是动画。动画很难真正进入暗黑危机时刻，因为这种时刻所要唤起观众的情绪走向与其固有艺术形..."
哈利·波特与阿兹卡班的囚徒 Harry Potter and the Prisoner of Azkaban,8.6,全部 31941 条,"整套哈利波特。我最爱这一部。最爱的场景是。哈利對赫敏說。你知道嗎。小天狼星剛才給我說叫我搬去和他一起住。這樣我就不用和德克思一家住了。或許我們可以住到鄉下去。那種可以看見天空的地方。我想他在經歷這麼多后會喜歡鄉下的。後來看到小天狼星死的時候。我特別的覺得絕望。 很多的時候我們覺得鄧布利多是最保護哈利。......


小天狼星殿下啊啊！《哈》里唯一一部改编得比原著小说还精彩的。
注意到售票员韩波脸上的青春痘了吗？三层大巴里弥漫着汗和脚的味道。还有打人柳的春夏秋冬，那些都是我最喜欢的部分。墨西哥魔幻南瓜大电影，最爱。
换了个导演，电影的细节比前两部更经得起推敲，三人的感情纠葛已初见端倪，同样初见端倪的还有赫敏的胸~~~话说，卢平教授的第一节黑魔法课相当有趣啊~~~
《阿兹卡班的囚徒》虽然是《哈利·波特》系列中全球票房最低的一部，但也是极具艺术风格的一部。尽管《哈3》有些许缺憾（比如细节上，没道出活点地图是发明者；火弩箭的赠送者与原著有出入……），但TA依旧是我心中最爱的电影之一，因为我与哈利·波特的第一次邂逅就是发生在这部《哈利·波特》电影里！"
海边的曼彻斯特 Manchester by the Sea,8.6,全部 102146 条,"有時關不上冰箱的門 腳趾撞到了桌腿 臨出門找不到手機 嚎啕大哭 你覺得小題大作 只有我自己知道為什麼
那些劝我们向前看的朋友，“不是所有人都可以和过去和解”
又名《回忆杀》。有遗憾和失望，二刷后感觉对角色的好感甚于电影，卡西的角色写得演得太饱满了，让我对这个角色产生了依恋感。
将近满分。细细想来是一个非常虐心的故事，但是导演用细碎和精妙的的叙事和闪回将整部电影拍的克制十足。看似不甚合理的主次编排却恰好反映了这男人最真实的生活场景。卡西·阿弗莱克表演十分惊艳，看好一个影帝提名。
以前的生活哲理是“忘掉过去，才能往前”，这一部是“忘不掉，走不出，也是一种生活本真” 内心戏和回忆杀拍的太细腻…与《爱乐之城》并列2016年度最佳。“心一旦碎了，就会永远一直碎着。”"
海街日记 海街diary,8.8,全部 74245 条,"娶大姐为妻，和二姐谈恋爱，把三妹当妹妹，生一个四妹这样的女儿。我爱这温暖治愈的四姐妹，像爱我用心写过的四首诗。
把绫濑遥、长泽雅美、夏帆拍得美，是一件太简单的事——譬如开头。但在多数时候，是枝裕和故意让她们显得没有那么美，与那座老房子和日常事物紧密粘合。一花一世界，一木一浮生。反正打开二十秒，后面就停不下来，不想快进不想暂停更不会想关掉。说很平淡很无聊的，开什么国际玩笑啊。
总觉得一种日式情趣压倒了电影本身
要说为什么是枝达不到小津的高度，大概因为他理解不了小津影片日常纯粹中包含着的邪恶。所以海街把四姐妹都架到了道德制高点上，让她们圣女一样地互相以表意象征的方式对待直至空泛苍白到虚假。而他也令人遗憾地抛弃了早期影片情绪性的含蓄收敛，而彻底向日剧式的直白浅显投降了
镰仓，小镇，海，房子，家，食物，四姐妹，是亲情和生活的美好。有死亡，有别离，有苦乐参半的记忆，四季的风景轮回，小镇的生活点滴，食物是生活的态度，吃就是活着的一部分，很温暖，很治愈，是枝裕和导演越发有大师风范了，这个世界上也只有日本导演可以拍出这么细腻美好的家庭剧。★★★★"
二十二,8.7,全部 52774 条,"关于应不应该拍这个问题，没有记录，最后真的会变成从未发生过。记住并不是为了带着恨，只是有一些东西不应该被遗忘。
没资金，采访人数少，资料缺乏，能拍已经是勇气。这种题材，还想组织得多丰富多显眼？打分低的是多专业呀！！！一堆评分低的说些白痴都知道问题。还有一个说没准备好！准备好，老人都走了吧！无论如何，伤疤都在哪里，不是谁去揭不揭的问题。不然老人跟他们说谢谢，不跟你们这帮脑子进过期豆瓣的人说
被将近结束时的一段话打中，大意就是，早知帮她们跟日本政府打官司不会有结果，就不去打扰她们了。其实，不管是去打扰她们，还是不去打扰她们，我都能理解。只是记得尊重她们，尊重她们的疼痛。她们不是被八卦的对象，也不是国家间唇枪舌战的武器。
题材很好，但是这部纪录片几乎没有成形的故事，以大量空镜头表现情绪，对内容进行碎片化的罗列，而挖掘不深，镜头语言上的调度目的太过于显著。虽然知道拍摄很难，但是纪录片毕竟不是写调查报告，必须作为一个成熟影像展现给观众。
看看那些整天喊着要打仗的脑残们。"
虎口脱险 La grande vadrouille,8.9,全部 24611 条,"看过不下20遍,从小到大都喜欢的电影
虽然不合理，但能够娱乐。
永远看不腻的喜剧
永远都记得在浴室里唱着“鸳鸯茶、鸳鸯茶”、对眼打飞机，经典喜剧
“胜利属于我们” 没想到60年代就能产出如此纯粹的喜剧。"
新世界 신세계,8.8,全部 47255 条,"好伟大的爱情片，我都快哭了
md，太好看了，害怕她一点点演完。虽然一开始就猜到了结局，但是拍的真带感啊，尤其是戏骨黄的车库突围戏，那叫一个悲壮。棒子又一次感动了我，好电影
最后还是华侨统一了南棒黑社会，中国人最狠啊。。。
怎么办，，，，我觉得他比吴彦祖都帅
想对姜科长说 做人要厚道 做警察尤其要厚道 不信抬头看 黑道自有真情在 BGM怒赞"
房间 Room,8.8,全部 61395 条,"电影开场一个半小时：卧槽原来这孩子是男的！！！
“我们不知道自己喜欢什么，所以每样都试试…这世界上有那么多东西，有时候还很恐怖，但是没关系，因为还是你和我在一起…”缩小的房间，变大的世界，2015像《阳光小美女》一样的惊喜黑马之作。结尾和房间再见有强力泪点：“再见盆栽，再见椅子一号和二号，再见桌子，再见衣柜，再见水槽，再见天窗…”
小童星的演技天分闪耀，令人惊叹，不是该给个表演奖的问题，是险些威胁了小李子。故事讲述了两次出逃：一次是物理性、空间性的；一次是精神性的“心牢”，说导演后半段跑题走偏的，大概心理预期只满足于看个惊悚片。原声音乐的作者是谁？中间高潮部分完全照搬<点球成金>的一段旋律，听得也是出戏。
获救或创伤治疗的故事本身俗套，杰出之处是对那个孩子经验的世界的展示，我们都曾独有那个先验的经验主义的特异时空，却最终被这个符号的单一世界取代，有人温柔告别有人没有告别有人甚至忘了它的存在。问题不在于world解放了room，而是我们应该将room扩展至world，如果这真的是德勒兹的世纪。
目前看到的年度最佳！在相对自由和绝对自由之间，电影让我看到了人活在现代社会究竟是一个什么样的状态。虽然空间的转换让电影表面上画风突变，实际上不同空间里人对周围的反应没有变，时而压抑得令人发抖，时而被温情融化。爱让人安全，为了得到安全我们开始占有，占有又毁灭了爱。"
雨中曲 Singin' in the Rain,9.0,全部 26507 条,"美国歌舞片的代表作。Gene Kelly初获芳心后在雨中欢快地载歌载舞，此段情节堪称歌舞片历史上的永恒经典！我都不记得我把这段看过多少遍了。
最喜欢片头金凯利接受采访那段，讽的那叫一个犀利
太美好了，美好的歌舞时代。
歌舞以长镜头表现出来，好听、好玩、动感、美丽，莫可名状。电影人的电影，关于电影的电影，套层结构运用娴熟。模糊了歌舞剧和电影的界限，让人知道艺术从无分类、唯有好坏。《雨中曲》实在太好听了，各场的编舞也让人大开眼界。让人觉得生活的动作怎比得上唱与蹈，它们当是电影不可忘记的灵魂之一。
几乎是最早的一批使用彩色胶片而非后期染色但又能有良好质感的彩色片。所谓的歌舞片之王，也……就那样了。"
哈利·波特与密室 Harry Potter and the Chamber of Secrets,8.6,全部 29936 条,"那时候看电影才9块钱！
一间密室和一本日记揭开过去在霍格沃兹发生的恐怖事件，也引出哈利对于自己身分的疑惑。血统和家世不能代表一切，要成为什么样的人都是自己的选择。
略逊于前作，但有精彩的剧情作支撑，整体还是不错的，赫敏越来越漂亮了。
""It is not our abilities that show what we truly are,it is our choices.""👍（ps：Dobby好可爱～😄）
这一部倒看得津津有味，特效很多。我觉得这个系列之所以不能成为顶尖作品有两个原因：一是电影基本按照小说的章节顺序拍下来，小说可以讲清楚，拍成电影各段的连贯性就非常差，容易让人走神；第二就是特技虽然够多，但不够震撼，比如那场大蜘蛛的戏，很容易让人想起比她早几年的星河战队，效果比这个震"
恐怖游轮 Triangle,8.5,全部 109517 条,"不要企图在重复中寻找已经失去的爱
首尾衔接的太完美了
在叙事上真是一个奇迹。自《蝴蝶效应》以来，看到过最好的叙事逻辑。
4星，看过两遍以下者不要随便说有BUG，拜托您先多看几遍再说！又是“从前有座山，山里有座庙，庙里有个和尚讲故事的”的死循环的穿越片，很牛X。解析看http://www.douban.com/review/2820200/
stay+穆赫兰道+希腊神话+蝴蝶效应"
人工智能 Artificial Intelligence: AI,8.6,全部 54350 条,"天才儿童演员.
让我看哭的都是好电影
有点拖沓
每看这样的片子，都对人类更绝望。卑鄙、愚蠢、自私、懦弱、残暴，实在是宇宙间最丑恶的生物。别怪塞林格会说：我认识的人越多，我就越喜欢狗。
大卫固然可怜，可小熊比他可怜。每一个都渴望家人的爱，可惜小熊在所有人眼中都只是玩具，包括大卫。虽然他有和大卫一样的思维，却没有和大卫一样的外貌。"
魔女宅急便 魔女の宅急便,8.6,全部 39461 条,"我喜欢她头顶的大红蝴蝶结，还有狠狠白那个小男生的一眼
于是。扫把魔女就变成刷子魔女了啊。。。
是时候，长大了！（当琪琪无处安家时，索娜姐姐好心留宿，琪琪激动地一句“真的吗？老板娘…”眼泪悬眶；看见多多一家人如此爱护年事已高的狗狗杰夫，我的眼圈又有些湿润了；当琪琪的魔法变弱后，琪琪不断试飞，她说，要是没有魔法，她就是没有用处的人时，看到她如此失意，我再一次泪流。2013.03.16）
这是一部令人身心愉悦的动画片，画面柔和甜美，音乐明快，观影过程如同在海边沐浴着柔美的海风，心旷神怡。两只猫轻轻走过爬满青藤的墙上，那种水粉画般阳光充沛的慵懒午后的感觉在心中荡漾开来，世界是如此美好。这就是我们心目中理想的海边小城，宁静祥和，人们衣着整洁、面带笑容，永远快乐地生活
宫崎骏的动画我最喜欢这一部。开始我不知道为什么，有一天我姐姐说，你看过《魔女宅急便》吗，那个琪琪好像你哦。"
惊魂记 Psycho,8.9,全部 34005 条,"神作。全面滿分。如果有任何不被打動的理由，那就是觀眾晚生了50年，受到太多這部電影50年來泛濫的影響，就像一個沒有受過高等教育的英國老婦不會覺得沙劇牛逼一樣。
且看诺曼的last smile  毛骨悚然！
最后那一抹笑容堪称经典。
80W成本的电影业同样可以做到流芳百世，希区柯克缜密的思维、独特的运镜，加重了对细节的刻画，其隐喻也值得回味，结尾那具骷髅头更让人不寒而栗。据说此片开创了人格分裂电影的先河，同时也暗示了希区柯克本人的“厌女癖”。
#重看#作为爱伦坡的粉，希胖圆了惊惧而癫狂的梦，夜色笼罩下的“荒凉山庄”成为谜团中心，用阴影和巧妙机位砌出双重人格（镜像的利用），分割式构图勾勒出分裂的灵魂；数次特写眼睛的凝视，瞳孔的倒影，以及偷窥的视角，都宛如死神的觊觎；悬念高挂，层层推进，无法喘息。"
海洋 Océans,9.1,全部 31950 条,"看完之后深深希望2012快点来，大家抱团死，剩下的生物就可以好好活了。
太震撼的画面了，目瞪口呆看完全片。砍鱼翅那一段的惨烈堪比《海豚湾》，配乐相当不错。全片就像是由千万生命谱写演奏的谢幕曲，如此绝美绝望，而镜头前的一切都在不断消失，请2012来得猛烈点吧。
从此更加讨厌人类了，世界末日果然是有用的...
心旷神怡，蔚为壮观，只是可惜缺少情感共鸣，更像是影像展览。“将来我们所能看到的生物，只存在于动物园的栅栏里，还有水族馆的水槽中吧。到那时该怎么办? 丰富的自然成了过去一个久远的梦。” 当大白鲨也变得温顺可掬⋯⋯
82/100。美不胜收。火箭升天和虾蟹大战两段很有爱；这片子拍摄难度应该比去年上映的Earth大多了吧lol"
疯狂的石头,8.4,全部 58454 条,"最可贵的一点是没把观众当傻子。国内电影都指着这样儿拍就行，嗯
学大烟枪学Snatch学得很足嘛..套了国风的外壳，很多内容（比如杀手的山寨货等等）也符合国情，就是画面欠点火候.黄渤为本片中最亮眼的配角.
真大很有趣
有技巧的娱乐片
很精彩，算是里程碑式的作品，带火了同类型的各种电影好几年经久不衰"
奇迹男孩 Wonder,8.6,全部 101868 条,"其实这更像当代童话，因为，实在是太暖了。里面每个人都那么暖，怎么可以那么暖，怎么可以那么暖！像一个暖心的童话故事。虽然，我也怀疑这样故事的真实性，但是，却喜欢被这样暖的故事感动，一度哭到不行。
买票的时候很纠结，因为是完全可以预料到的剧情。这种温馨少年故事虽各各不同却又次次类似。若是你近来心情疲惫，这部电影是个流泪的好借口。
五星推荐。不是想象的励志片，而是一部关于所有人的成长电影，就像那句话说的，聪明是一种天赋，但是善良是一种选择。电影并没有过分渲染小男孩，而是多角度展示身边的人，最终构建了一个充满天使和爱的世界。推荐有孩子的家长看，要知道，如果你们家有熊孩子，不是因为生的不好，而是你们教的不好。
把“生而为人，很抱歉”，变成了“是个人，都应该与人为善”，多视角还挺有意思的。人与人的孤独重量，都是同一种地心引力。虽然不出意外的，所有人都是自带光芒的nice好人。
很久没有一部电影能像《奇迹男孩》那样让我从头哭到尾了。"
罗生门 羅生門,8.8,全部 41991 条,"「人对于自己的事不会实话实说，谈他自己的事的时候，不可能不加虚饰。这个剧本描写的就是不加虚饰就活不下去的人的本性。甚至可以这样说：人就算死了也不会放弃虚饰，可见人的罪孽如何之深。这是一幅描绘人与生俱来的罪孽和人难以更改的本性、展示人的利己心的奇妙画卷。诸位说仍然不懂这个剧本，因为
摄影机第一次进入了森林的内在，三船敏郎奉献了自己不断变化，放浪形骸、富有层次感的高超演技。
1950年，震撼！
如果早看便会早明白一些事,但有些错仍需不可避免地犯.所以不必费劲脑子想那些没亲眼见到的事.见到都未必与对方达成共识,何况只是听说只是异想.
在那个时代它肯定是一部开创性的好电影，但显然无法取悦现在的观众。所有关于人性的讨论都是以对白给出，并且竟然出自乞丐和樵夫。以三船敏郎为首的几个演员，演技跟《七武士》时期几乎一样表面、浮夸，以及慢半拍。人性部分，相信芥川龙之介的原著剖析得会更深刻。"
燃情岁月 Legends of the Fall,8.8,全部 40099 条,"我欣赏忠诚于内心，忠诚于野性的灵魂，因为他们坚持自我所付出的代价，我付不起
看这片时我有一半时间在哭 哭到虚脱……这是美国片 商业片 心甘情愿的被煽情至此 还有它的配乐 放烂了没错 但实在是好 这么通俗入耳的交响曲 当年的彼特真正性感 如骏马 2003，7
“有些人能清楚听见自己心灵的声音，并按这个声音生活，这样的人，不是疯了，就是成了传说。” 
TRADITION.真他妈legends！里三层外三层都是琼瑶阿姨...妻离子散哦...家破人亡哦...国家使命哦...男才女貌哦...宏大家族哦...爱得死去活来哦，女主角出场必洒眼泪...我对此类型已无感...
被大学生念叨最多的两部电影，一部是《肖申克的救赎》（月黑高飞/刺激1995），一部就这是这个《燃情岁月》（秋日传奇/真爱一世情）了。"
终结者2：审判日 Terminator 2: Judgment Day,8.7,全部 22805 条,"伙计们~还有什么比这个更棒的?
少见的超越首部的续集，动作片中的经典~~
这是在1991年啊，重复，这是在1991年啊！
宿命的终结，伟大不仅在于超越时代的特效。
影史少见的第一部就足够经典，续集还能超越第一部的电影。
《终结者1》中，约翰·康纳将里斯传送到过去；
里斯又和莎拉·康纳生下约翰·康纳，形成一个闭环。
《终结者2》也是如此，正是天网将T-800传送到过去，才让人类得到终结者的芯片，从而得到灵感发明了天网，互为因果。
所以他们要找到迈尔斯·戴森，打破这个循环。
迈尔斯·戴森在平行宇宙是发明天网、间接毁灭世界的罪魁祸首，在这个宇宙却成了以生命为代价保..."
魂断蓝桥 Waterloo Bridge,8.8,全部 29536 条,"经典！只是一切已经走不出《乱世佳人》的影子了~~
悲剧是把美好的故事撕碎了给人看，用此话来形容这部残酷美好的电影，估计是最恰当的表述了吧。天真可爱又傻傻的玛拉，让她无法面对纯洁的爱情，可是放到现在，谁又会在意的呢？罗伊爱的是你，不是你那些不愿提及的过往。罗伊一见钟情后巴不得将玛拉介绍给自己认识的所有人，又是多么萌和可爱。
“我爱你，我从未爱过别人。”经典的爱情故事就是无论发生在什么年代，无论是在什么样的文化差异下，都能够唤起大家共鸣的情愫。★★★★
片子本身中规中矩，费雯·丽演技要加分！全片明确回避了“prostitute/whore”词汇，爱情戏也拍得比较克制，滑铁卢桥自杀场景的剪辑很棒，主题曲《Auld Lang Syne》闻名遐迩，让人百听不厌~ 但个人极度不赞成电影宣扬的这种保守甚至扭曲的价值观，更喜欢女二号的性格和思想。（8.0/10）
难以想象这部美国电影竟是近80年前拍摄出来，水准之高让人咋舌，观影过程非常投入，纯洁的爱情让人心生感慨，结局之悲哀让人无比痛心，估计当年在电影院赚了不知道多少美国人的眼泪。说回故事，故事脉迹非常简单易懂，一个纯真的女人因爱人之死心灰意冷，落魄到需要出卖自己的肉体，电影在处理这一段时非常含蓄克制，由始至终没有出现过多显眼台词去提醒观众女主角的卖肉事实，可是却让懂的人更为着急，重逢一幕让人感动，最终的..."
穿越时空的少女 時をかける少女,8.6,全部 56476 条,"打多少星都不够
我在未来等你...
场景狠是漂亮。真琴的人物性格刻画是我最极讨厌那一类型，逃避现实，笨，配乐喜欢。完。
爱杀真琴的性格和他们仨的感情。时间静止的画面。动画比人演得好！吉田潔的音乐大赞。
时间细水流长，莞尔逝之。相逢相处顷刻间，甘美永葆。"
爱在午夜降临前 Before Midnight,8.8,全部 54206 条,"“我虽努力，却难于去亲近自己心爱的人”经历了平淡、争吵、否定、相濡以沫所有最真实的感情状态，18年过后，最难的是仍对彼此保有激情。上一次看到这么纯粹的爱情电影，还是九年前。伊桑朱莉理查请你们9年后准时回来，哪怕拍不动了、聊不起了、原地静坐90分钟，也好啊。期待2022年的第四部。
结婚快10年互相之间还有这么多话可讲，还有性生活，这他妈不是真爱是什么？
他们的爱情一直让我想到哈利对莎莉最后的表白，“如果你知道自己想和谁一起度过余生，你会希望余生开始得越早越好。”十八年，从相遇相爱到这一部中被生活历练过的爱，柴米油盐和时间没有磨平爱情，反而让爱变成了一种习惯，太了解彼此，于是越来越难戒掉。期待九年后的续集了！★★★★★
“他们竟然____了”模式开启。从爱情的偶然到爱情的实然，浪漫也终于被相处的实用性取代。“就像日出日落，我们出现，我们消失，可最终只是经过。”那些琐碎的争吵怨念放在时间的河里似乎也就不算什么了。他最后向她朗读了一封40年后的来信——原来前18年还只是序曲，我流泪了...
作为Before的系列路，我终于在中年危机这里转了粉。Sunrise太甜，Sunset偏酸，只有Midnight酸甜苦辣都入了味。数度被台词戳中，我不得不一再提醒自己：那些只是台词，它们不是真的。"
初恋这件小事 สิ่งเล็กเล็กที่เรียกว่า...รัก,8.4,全部 163809 条,"观影的两小时我宛如走入时光隧道，我仿佛看到当年那个冲动的愣头小子，只为心爱的人能看自己一眼而做出的种种傻事。对我来说，《初恋这件小事》不只是一部电影，还是一段值得永远珍藏的回忆。
游泳池那段哭得我稀里哗啦 现实生活到那里就结束了
是前面会让你沉浸在熟悉感里会心微笑，最后又能让你潸然泪下的片子...一定一定一定要看...
“我喜欢你，我做的一切都是为了你。”一部很纯情很清纯很阳光的泰式爱情电影，故事本身并不多出彩，甚至让人觉得狗血过头，但我相信这是一部让几乎观影的每一个人都能在电影里找到共鸣的影片。能够回忆起曾经自己初恋暗恋的那些小事，回忆起儿时朋友间玩闹的趣事。btw，“凤姐”蛮可爱的。★★★☆
初恋这件事，谁也逃不过。。再一次被M秒杀>　<"
可可西里,8.8,全部 29595 条,"“你看过磕长头的人吗？他们的脸和手特别脏，但他们的心特别干净。” 

看了陆川近年的作品...觉得这片绝壁不是他拍的
不是路川会做的更好
一群非专业演员演绎了一场感人的护羊行动。这种偷猎者就应该抓了就毙，政府应该尽到自己的职责。
那是一种对那片土地以及生灵的情感。"
2001太空漫游 2001: A Space Odyssey,8.8,全部 51661 条,"原作作者克拉克：“如果有人觉得完全弄懂了《太空漫游2001》在讲些什么，那一定是我和库布里克弄错了。”
这部片子有三个特征：1）看不懂 2）无数的符号 3）必须熟读尼采 4）六十年代能够做出这样的特效真的是惊天动地 
不好意思 我只能把经典电影给两星 因为不喜欢
人对宇宙的想象力，到此为止。最后半个小时，美到癫狂。本片让我对电影产生敬畏之心。有生之年，不会有任何一部电影能够超越此片。
史上最伟大的装逼片，就连作者克拉克和导演斯坦利都看不懂剧情……不过这丝毫不影响它的伟大，首先在视觉上它领先了同一时代数十年不止，很多星际旅行片都没有给我一种“星际旅行”的感觉，但这部有，关键就在于细节处理细致。还有就是，这部讲述星际旅行的片子拍摄于1968年，而美国登月则在1969"
完美陌生人 Perfetti sconosciuti,8.5,全部 107813 条,"女儿早就看出了她妈的婊，果然女人才了解女人
“这是你人生中一个重要的时刻，是你会铭记一生的事情，不仅是你明天和朋友聊天的谈资。如果你以后想起，无论何时回想起来，这件事都会让你嘴角带笑的话，那就去做吧！但如果你并不这么认为或者不太确定，那就忘掉它吧！因为你还有大把的时间” 被推到绝境的真实，破碎而深省。预定2016年度十佳
结局有些意想不到，最后一幕更是神来之笔。人是需要隐私的，但我们与要让另一半意识到，我留给你隐私，你应该珍惜它，而不是用来为所欲为。有人际就有明暗，如果实在忍受不了虚与委蛇，也可以自生自灭。有得有失，两个老人的那一幕告诉我们，有人陪伴终是美好的，即便为了这份美好要付出很多忍受很多。
结局怎么可能是和好，是没有做游戏的平行世界啦，彗星来的那一夜姊妹篇
相爱没有那么容易，每个人有他的手机。过了爱做梦的年纪，轰轰烈烈不如平静。"
绿里奇迹 The Green Mile,8.8,全部 29823 条,"“我累了，不想活了，真的，我不想再像孤雁一样，我不想再过没有朋友的日子，我希望有人能告诉我该何去何从，我不想再看到丑陋的人性，我不想在每日承担全世界的痛苦。”讲的是耶稣么？十字架变成了电椅。
能把悬疑拍的好看我觉得有难度，虽然接近200分钟时长，但却不觉得冗长，值得回味的电影。
虽然很长，但真的好看
三个小时太长了  抽出时间耐心看还是很触动人心的
故事性很强的传奇宗教寓言式电影。神爱世人，而世人却不理解这份爱。人类摧毁了神迹，而神却不忍让世人背负这罪名。1.【you can't hide whate's in your heart】2.【What happens in the Mile, always stays in the Mile. 】3.【If don't help,don't tell him.Ever.】4.【awful tir..."
小偷家族 万引き家族,8.7,全部 142389 条,"安藤樱那场在警察局双手不停抹眼泪的戏，演技大爆炸，可以说是年度最佳哭戏！
可惜全部的一点点真心，都只能无声地说给自己听。
电影节给了4星，点映二刷改五星。删减只影响心情，不影响剧情。这是一部看着温情，实则让人绝望的电影。六个人，包含人生各个阶段，小女孩也许就是他们的过去，老奶奶也许就是他们的未来。你说这个世界会好吗？这些人从生到死，无人知晓；被弃苟活，步履不停。临时的家人组成羁绊，相互取暖；真正的至亲者却活在谎言之中，不闻不问。就是这样一种“陌路虽有爱，亲者皆祸害”的循环让你心寒至极。
“我只能教他们这些了” 特别安静，却有很大的力量，特别湿热，却像夏风一样清凉拂过…我小时候是从大桥下被捡回来的，我弟弟是从垃圾堆，为什么小时候家长都热衷于捡孩子？
和《无人知晓》对比的话，是枝裕和结构和剧作上控制力衰落还是很明显的。但对类似主题复调式回归中，一个作者内在生命经验在时间中流淌所带来的文本上变化和感触，他对社会和人性经年耐心的观察、等待和摸索，恰恰承托出，与是枝裕和差不多同一时间出道的贾樟柯，还在《江湖儿女》中用符号宇宙空洞地重复自己二十年前生活经验。"
牯岭街少年杀人事件 牯嶺街少年殺人事件,8.8,全部 39511 条,"近四个小时的长片，我一直不入戏，张震也青涩得让我无感，直到Honey的出现，我才静了下来。这个小混混里的前老大，竟然穿着海军服，又帅又温和，席地而坐说起他看过的最厚的一本武侠书，叫《战争与和平》，英雄主义浪漫至极致的悲壮。
弱者送给弱者的一刀
外国人一定觉得中国人长得都差不多。
我怎么都不会想到杀的人是她
威权压制平民，富人压制穷人，年长压制年幼，男人压制女人。被压制者又将对无可奈何自我的愤怒投射、发泄到食物链的更下端。坦克轰隆隆碾过，夏天要结束了，身后留下少男少女的尸体。200118 重看 @Metrograph."
阿飞正传 阿飛正傳,8.5,全部 65781 条,"杜琪峰曾说，王家卫实际上只拍了这一部电影：后来影片中的人物都能在其中找到原型，而主题永远是人与人之间的沟通——疏离与亲近，拒绝与接纳，追求与失落，忘却与铭记，逃离故土与寻找自由。
像旭仔这种男人大概没有女人会不爱吧 每一个都以为自己能够改变他 其实都是做梦
“我听别人说这世界上有一种鸟是没有脚的，它只能够一直的飞呀飞呀，飞累了就在风里面睡觉，这种鸟一辈子只能下地一次，那一次就是它死的时候。”  “以前我以为有一种鸟从一开始飞就可以飞到死的一天才落地，其实他什么地方都没有去过，这只鸟从一开始就已经死了。” 
Being Wild的阿飞旭仔，背影也是戏，发梢也是戏。
我听别人说这世界上有一种帆布鞋是不能洗的，它只能够一直的走呀走呀， 走累了就在风里面睡觉，这种鞋一辈子只能下水一次，那一次就是它死的时候。
——《匡威正传》"
无耻混蛋 Inglourious Basterds,8.6,全部 63791 条,"昆汀的恋足癖还是藏不住啊。
放映室里俩人互相枪击那段,音乐配的太好了，我太想钻进去了
电影的魅力，他用电影创造历史
这部电影告诉我们：绝对不能相信美国人！
红衣女子因为恻隐之心送了命，是少数几个正常点的黑色幽默。。。"
香水 Perfume: The Story of a Murderer,8.5,全部 79509 条,"这简直就是一部资本主义发展史，出生于最肮脏和腐臭的地方，却追求最纯粹的美，通过杀戮得到迷惑人心的力量，就连最痛恨他的人也甘愿俯首称臣，最后犹如寓言一般消失于这个世界......
丫怎么长得那么像郭敬明？！
广场上，众人皆醉他独醒，众人皆X他盛装。
如果当作一个犯罪片来看就大错特错了。对白不多，但镜头美的像会说话一般，万人发春的场面堪称经典。这海报跟东野君《变身》的封面有什么关系？
假如理解为对自己艺术理想的执着与偏执的话，真的很棒．"
谍影重重2 The Bourne Supremacy,8.6,全部 24074 条,"拍摄利落。全片大量采用了近景跟随拍摄，追逐逃亡场景用极短的镜头剪接连缀，没有用近几年时髦的慢动作、子弹时间、镜头满天转等特效。但是一样达到了让人屏住呼吸、目瞪口呆的效果。汽车追逐片断中近距离车内拍摄的碰撞场面尤其惊心动魄，远比其他动作片中动辄撞坏十几辆车来的惊险刺激。
伯恩在水下亲吻玛丽的那段，真是又美丽，又悲伤，唉。
我发觉叫JB的都很厉害，是不是？James Bond, Jason Bourne
伯恩可能注定是孤单寂寞冷的，虽然没有华丽的服饰，超酷的装备，美女勾引，但是飙车，搏斗，杀害，也都很精彩。
很难想象自己第一次看的时候居然不喜欢，看来随着年龄的增长对一部电影的看法也会改变。我们的伯恩没有高科技，没有帮手，靠高智商和好身手赤手空拳对抗强权，你以为电影传递的会是复仇的快感，想不到是一曲壮士的悲歌。"
新龙门客栈 新龍門客棧,8.6,全部 35105 条,"当年看到最后把甄子丹的脚剃成骨头的时候我还吓了一跳
张曼玉真是风骚啊
当时觉得太cult了！
有眼不识金镶玉，当然不是说这里的老板娘，张曼玉的角色真的很百变，可温婉可风尘可纯真可忧郁，似乎没有她驾驭不了的角色了。
张曼玉将金镶玉风骚入骨敢恨敢爱的性格刻画的入木三分。林青霞和梁家辉亦将江湖儿女的情怀与抱负演绎的丝丝入扣。其它一众配角个个可圈可点，经典之作。"
猜火车 Trainspotting,8.5,全部 60492 条,"拿这部电影装逼的人不在少数
世界在边，音乐在变，连毒品也在边，你不会越来越年轻
从马桶走出来一个牛逼的伊万麦克格雷格，这也就是丹尼博伊尔的最高成就了，他对人生啦对艺术啦对人性啦追求也就到这了，有这一个五星片也足够了
我有时候想不明白，吸毒的人，到底是因为太不快乐，而是太快乐。
作为一个烂人走出堕落青春的故事，《猜火车》里的毒品和《皮囊》里的性一样，拥抱虚无又渴望存在，英国孩子们的这一类青春文化就是从带着叛逆与不屑的粪坑里爬出来，走向他们曾经鄙视的平庸，与狐朋友狗一起阳光灿烂的日子只能是粪坑中的臭味相投，而脱离了粪坑以后自然无感于那些曾经一起蠕动的蛆虫。"
源代码 Source Code,8.4,全部 110493 条,"後面有延續的結局才是perfect！！！而不是傻逼的在那個kiss的時候結束！
居然有那么多人认为《源代码》最完美的结局应该是定格在最后那一吻上，由此可见，真要这样结尾够有多么的恶俗不堪啊。
Inception+Groundhog Day，现实和记忆是相辅相成的，只要能生存的有意义管它是哪里，何况这本身就是一个平行宇宙。结尾定格在静止画面时才是真正完美的结局，之后几分钟剧情完全可以忽视。
这才是货真价值的穿越大作！
结尾又狗血了。"
谍影重重 The Bourne Identity,8.6,全部 35930 条,"马特达蒙的外貌在帅哥扎堆的好莱坞实在不算起眼,却又如此特别,总能为你喜欢他找到一个理由.他演天才,演间谍,演神偷,睿智,冷静,从容,身手敏捷,眼神偶尔忧郁,偶尔深情,偶尔锐利充满警觉,走路时姿势总是很怪异,他不常笑,但不经意展露笑容时,会觉得他的笑像孩童般天真,那么有感染力,一不留神已被他俘获
一小般，故事讲得糊里糊涂。
最后一个杀手内忧郁的眼神呐~~~~
为什么不只拍一部就罢手呢
追车打斗中的巴黎街景拍得风情万种，如同第二集中的柏林的肃杀，外景选择和拍摄一流。"
战争之王 Lord of War,8.6,全部 31814 条,"世界上每十二个人就有一个在做俯卧撑,我们的任务是让剩下的十一个人也做俯卧撑.
做你擅长做的事，而不仅仅是活着。
和政府比起来军火商确实不算什么
他弟死得毫不合理
做这生意别带文艺青年好吗？！8.4"
青蛇,8.5,全部 52509 条,"每个女人，也希望她生命中有两个男人：许仙和法海。是的，法海是用尽千方百计博他偶一欢心的金漆神像，生世位候他稍假词色，仰之弥高；许仙是依依挽手，细细画眉的美少年，给你讲最好听的话语来熨帖心灵。
姐姐，你为了一个许仙放弃千年道行，值得吗。

人生如此，浮生如斯。小时候看到的是群妖乱舞，大点看到的是情欲纠葛，昨天再看的时候是悲悲戚戚。谁人言，花彼岸，此生情长意短。谁都是不懂爱的罢了。
我们以为白蛇迷恋的是许仙，青蛇勾引的是法海，实际上真正的爱情只发生在青蛇和白蛇身上。
张国荣当年若愿意出演许仙的话此片会更美，但曼玉和祖贤姐姐已足够妖冶天仙，赵文卓的法海也更是傲世独立，吴兴国的许仙——猥琐男一个。全片的音乐美不胜收，飘飘欲仙，欲仙欲死，配乐和画面都极为出色。"
地球上的星星 Taare Zameen Par,8.9,全部 31998 条,"为什么一定要成为全才，为什么一定要有出息，不会拼写有什么关系，不会系鞋带又有什么关系，你懂得什么是想象，你能画出美丽的池塘夜色吗。要相信每个人都有别人无法超越的那一面，可悲的不是有其他方面表现的比别人差，而是有些人一辈子都发现不了自己最闪光的那一面。喜欢最后一幕ishaan奔向nikumbh，脸上泛着喜悦与自信的光芒。
相比起如此优秀的电影好莱坞现在的大部分片简直是biggest joke ever
太感人了，泪水哗哗的，歌太好听了，印度电影真牛！
应试作文材料必备片！①极强的细节代入感。②童年印象：街犬、风筝、水坑、棉花糖、蜘蛛、小丑。③希特勒万岁：秩序、纪律、用功。④歌舞传统虽屡遭外世诟病，实而却予影片节奏以强化。⑤水彩如流动盛宴，泼染于画端。PS：想起我幼儿园时爱用彩色水笔写拼音。
16分钟就差点看哭，后面仍不断涌出哭点，画的那一本自己逐渐离开爸妈哥哥的画册真是催人泪下。过度写实铺垫显得有点拖沓，插播几部MV果然是特色。同样还是一部可以看睡着但是醒来可以再看哭的片...ps简直要成阿米尔·汗的脑残粉了"
城市之光 City Lights,9.3,全部 13928 条,"哭哭笑笑的小人物传。里面的爱情可有千百种解读，就不赘述了。但爱情的确能让人变瞎，也能让人复明啊。拳击那场戏大赞。
那是世上最纯净的眼。
9.1；當天街角流過你聲線，沿路旅程如歌褪變
【B+】说实话，卓别林式的幽默放到今天确实有些过时了。但幽默并不是卓别林电影的唯一意义，剧本放到今天来看都很棒，对小人物的刻画也是一如既往的出色。不过还是更喜欢摩登时代
大半时间各种捧腹，结尾却忍不住落泪~不愧是卓别林，兼具批判性、幽默诙谐与暖洋洋的正能量！在查理最后一部默片中，流浪汉与卖花盲女的爱情不知感动了多少人；笑点源源不断，拳击戏更是无与伦比；结尾被评为影史最佳结尾。当代的肥皂剧有几个能达到这种笑中带泪的喜剧片最高境界？（9.5/10）"
血钻 Blood Diamond,8.6,全部 33643 条,"但愿看过这片子的人以后都不再向往钻石
又是一个Leonardo适合的角色，彪悍的小混混。“几内亚，100万人的非洲第二大难民营，但在电视上，最多只能播1分钟新闻，在体育和气象之间。”
每个国家都曾经是非洲
套着uncle sam一贯的假惺惺救世主外衣，其实就是纯popcorn片，看着挺娱乐的。
全程惊悚无尿点，小李子的演技真的一直被低估"
浪潮 Die Welle,8.7,全部 45666 条,"由个人魅力领导 不平等社会因素推动的独裁主义遏制除领袖外一切个人主义 妄图以集体的力量去对抗所有不平等 逃避现实 忽视个体的重要性 只要还有贫富不均 那么法西斯主义的民众基础永远都会有的 
这个想法很有趣 可惜太浅白了
只用了五天时间的“微型纳粹养成课“，最正常的学生往往是最不正常的。
如果把背景放到我们天朝，除去发传单的反对者会被悄悄处理和不会有结尾外这个电影就成纪录片了。
在中国的话，这种事儿根本就没什么大不了的。"
朗读者 The Reader,8.5,全部 57286 条,"爱煞凯特逐渐老去的眼角与眉梢。情恋与爱欲，唯有她的眼角眉梢才能将闪现的一切不可能全然变成了一种可能，即便面如枯槁，依旧是迷住少年人的优雅与魅力。
文盲的悲剧
看了爱乐之城，毫无感觉，还以为自己麻木了呢，翻到这部片子，一对比，才知道不是我的问题
一个美丽而哀伤的爱情故事，一个纳粹罪与罚的故事，一个背负德国年轻一代与老一辈心结和情感争扎的严肃故事。很迷人，很动人，很感人。t6e523e2ad
还好她选择了自杀……"
彗星来的那一夜 Coherence,8.5,全部 79016 条,"「量子力学的平行多宇宙学说，在交叉小径的花园里总会有一条路，让人们在生命中的每一个节点都得到幸福。 在每一次铭心刻骨的选择里，总有一个你选对了路 。在茫茫的恒河沙数的宇宙里，总有一个你，终生幸福。」所以，最后我选择了，留在那一个看似最好的版本，不惜干掉另一个“我”。
惊悚而百转千回的一夜，看完脑海里只能久久回响一首歌：那一夜，你没有拒绝我；那一夜，我伤害了你；那一夜，你满脸泪水；那一夜，你为我喝醉。那一夜，我与你分手；那一夜，我伤害了你；那一夜，我举起酒杯；那一夜，我不堪回味.……这不是偶然，也不是初愿，这是上天对重逢的安排……
平行时空不稀奇，神奇的是各路平行时空的交汇之后混乱的生活，看完真的有点恐怖。★★★★☆
不知道我还是不是我。睡一觉，过一晚，说不定旧我早已被此刻打字刷豆瓣的我杀死调换，因为据说梦是平行世界的记忆显现。把自己敲死挖坑埋了这种念头，估计谁都有过。总觉得会有个更好最好的自己，也是种心魔吧，得治。反正不管有多少个平行世界存在，我敢肯定，那些我不认识的我也都爱涮海底捞小肥羊。
小成本大魅力"
步履不停 歩いても 歩いても,8.8,全部 46680 条,"亲人只有一次的缘分，无论这辈子我和你会相处多久，也请好好珍惜共聚的时光，下辈子，无论爱与不爱，都不会再见。★★★★★
人生就这么步履不停地前行着，那些舍得的舍不得的人和事总会一一远去，以至再也无法望见。你可能偶尔怀念，也可能丢了命似的道不了别。
我喜欢电影里的台词，真实不做作，却把这个家庭十几年隐藏的哀痛和矛盾表达的很清楚，最让人感动的莫过于倔老头子送走良多后那句像是自言自语般的，“下次来就是新年了吧”，父亲所特有的不动声色的爱啊～
送走儿子后寡言的医生父亲念叨：“下次来的时候就是新年了。”与此同时儿子坐在远行的大巴上长舒一口气：“这次回家了新年之行总算可以省了。”转瞬下一个镜头就变成空的风景和儿子的画外音：三年后父亲死了。不多久母亲也走了，她最终也没坐上我买的车。这是日影特有的温情与残酷。玉米天妇罗。
生活尽管再平静偶尔也有波澜 不停走着有些东西还是趕不上。"
疯狂的麦克斯4：狂暴之路 Mad Max: Fury Road,8.6,全部 82131 条,"除了燃，Mad Max 4还说了一件事。背井离乡七千天，无一日不惦念。不论眼下多苦，相信只要回头就有希望，因为那里是丰饶的绿洲。但这终究只是个幻觉。离开家乡越久，幻觉越严重。你以为逃离能解决一切，但真正的胜者不是寻找green land的人，而是改变wasteland的人。
全程内心戏都是：【卧槽！还有这种操作！……】
教无脑CG片做人的节奏。
情节？情节？老子的贝斯都可以喷火了！还要特么什么情节！
#Cannes2015#酷到没边，帅到爆炸！乔治米勒把好莱坞动作大片的场面设计提到了一个新高度，追车戏花样繁多高潮接着高潮，全程无尿点，沙暴戏一段场面特效颜色最赞，文戏感情戏点到为止。汤老师和塞隆都帅到让人不能自抑。IMAX请必刷！燃到爆，疯狂至死！"
色，戒,8.4,全部 74580 条,"男人是政治的动物，女人是情感的动物。李安用床戏“将易先生的内心活动外在化，外显他的恐惧、他的愤怒和挫折。你可以形容一个人如何不具备相信别人的能力，但更绝的是让他在高潮时都不敢闭上眼睛” “如果说断背山是一段发生在天堂里的爱情，那色戒就是来自地狱的爱情。”——李安
我怎么一点不觉得色情呢。。。。
表面上是王佳芝的自私害了一群战友，但她的上级早就有机会杀了易先生，却为了得到更多的情报迟迟不动手，打着“爱国”的旗号逼良为娼，强迫早在崩溃边缘的王佳芝继续和易先生发生关系。
在拿出实际行动证明对她好的易先生，和惨无人道、毫无人性的党之间，王佳芝只是选择了前者而已，她真的有错吗？
党在本片的形象并非伟光正，而是为了达到目的不择手段，甚至放弃人性和道义，这也是在华语片中罕见的。
对，我是一个很在意细节的人，甚至有细节偏执狂的倾向。我喜欢王佳芝的嘴角总是倔强地微微翘起，在父亲寄来结婚照片她发去贺信的时候，在她为了王力宏那一心复仇的疯狂甘愿把自己最宝贵的给一个不相干的人的时候，在她接到梁朝伟太太电话的时候，在她和他纠缠在一起的时候，在她看到足以让世界上所有女人疯狂的“鸽子蛋”的时候，在她确认自己是真的爱上他救他一命的时候，她嘴角的弧度，堪称完美。
“快走”, 汤唯说完这句话转到梁朝伟特写, 梁表情数变（“表情数变”,这是我在看网络小说时经常吐槽的一个词，但没想到居然真的有人能够表现出来）从微笑,困惑, 到醒悟, 再到慌乱, 种种神情一闪而过, 梁朝伟在这里直接奉献出了影帝级别的表演。最后一幕, 妻子进来, 光落在梁脸上, 而眼中隐有泪光闪动…"
遗愿清单 The Bucket List,8.6,全部 46759 条,"在电影最后卡特的念白声中，科尔来到女儿家，俯身亲吻美丽的孙女，随后划去“亲吻世上最美的女孩”，我就开始哭，一直哭到电影结束，太温暖了，这个故事仿佛离我很远啊，可我为什么会被感动成这样子。
那一刻，他闭上了双眼，却敞开了心灵。
Fing the joy in your life...在巴黎吃早饭，去香港吃午餐，溜弯儿到长城飙摩托，插缝跳伞，赛车，开飞机去金字塔和泰姬陵……两个老头去全世界旅游，用剩余不多的时间，去燃烧他们的整个生命。我也想如此来一次生命的释然！“这个故事里总有一些你因为今生没有做过而无限懊恼的事情。”When he closed
我笑了，也哭了
两个演员真好。两人在医院里关系慢慢建立的部分挺好的，我喜欢做化疗那段的设计，编剧有心。反而是作为重头戏的实现遗愿部分，写得很一般，临死前的遗愿就是环球旅行实在有点轻浮。还是欠缺些力量。"
大佛普拉斯,8.7,全部 65534 条,"這不完全是黑白片唷。因為有錢人的世界是彩色的。以黑色幽默包裹的社會寫實劇，很貼近台灣社會。導演黃信堯後設的口白，不僅是趣味，也巧妙中和了故事裡那種幾乎沒有出口的黑暗抑鬱。社會階級分化，貧富差距，宗教政經的金玉其外敗絮其中，諷刺的超到位。拍了一個很棒的結局
干！这片要是放在春节档我会刷十遍，比99.9%的贺岁片都有趣，但，片刻的有趣过后却是莫名的感伤和悲凉，俏皮的台词不止是博观者噗嗤一笑，更是导演和角色的自我解嘲，导演的旁白同时达到了调侃、补充和间离的多重效果。看似天马行空实则举重若轻，耍纪录片的导演拍的悲喜剧，轻盈的实在不像处女作。
你知不知道有一种说法，说人白天诵经文，晚上会梦鬼神，因为在消业障。为了图安眠，有人躲进满是娃娃的太空舱，有人躺在浪涛声声的吊床上。有人掉光了发，有人被鬼神扰。人生希微得说不出一句话，命运憋闷得出不了一口气，谁不是躲在大佛腹中诵经的人？后来有个人替我诵，说噩梦他来做，而功德都赠我。
有点茶馆听说书的感觉。市井乡氓的卑贱生活，乱象丛生的台湾社会，咿咿呀呀的旁白带来拍案惊奇的效果。在低俗猥琐中接地气，在黑色荒谬中怜悯，人生已是烂泥打滚，揣着一颗佛心才能普度——对小人物来说，平安是福...
“我们已经可以依靠科技进入外太空，却依然无法走进一个人内心的宇宙。” 忍俊不禁的小幽默，互相打趣的小人物，上演着一出出悲伤的人间喜剧。富人的世界永远是彩色的…"
小萝莉的猴神大叔 Bajrangi Bhaijaan,8.4,全部 82792 条,"近期唯一泪眼朦胧的电影，不能说电影拍的有多好，只是题材上升到了一种高度，宗教，政府，国家其实都是为人服务的，在爱的面前，这些都要让路，人性是能冲破这种种隔阂最后让奇迹出现发出呐喊声音的，也能判断是非对错的，哪怕那些违犯法律，制度，可这尊重人性，最后的最后那场景的确很震撼。
不说了，洗脸去了
难道是政治阻止了爱？圣母婊以为爱可以战胜一切
在真正深切的爱意与人性的光芒之下，一切由于偏见和狭隘而被塑造出来的障碍——不同的信仰、对立的政治、分割的土地，都不再重要。
用一种标准的沙文主义和陈词滥调的说教，来印证印巴友谊。叙事节奏很有问题，尤其前半部分步调非常缓慢，人物动机牵强且都是反智的，刻意贴合宗教和阶级话题。不过营造泪点的手法依然娴熟。最不能容忍的是在边境问题的表现上，这种事肯定不会发生在我国，否则上集就完了。"
再次出发之纽约遇见你 Begin Again,8.5,全部 73542 条,"奈特莉在教育少女方面颇有天赋“dont let him think you are easy”
城市和音乐真的是一拍即合的恋人，听着音乐走路都有风。治愈系电影，放空心情后奈特莉的血盆大口都不那么讨厌了。 PS一定要给译名“歌曲改变人生”点赞，6个字完全提炼出了电影本身。
我知道它不完美。我知道爱上和音乐生活的人是什么感觉，也记得他开始给其他女人写歌时，是什么感觉。KK比我想的好太多。Mark和Adam是两个阶段，别做谁的fucking缪斯，记住这一刻就够了。分享歌单踩街曾是我年轻时的恋爱法则，现在都不再重要，想到这，又哭了出来。Mark演的特别好，我爱每一个瞬间。
#SIFF# 对不起Mark叔太adorable了我满脑子都是“啊啊啊啊啊”，在天台弹贝斯的地方啊啊啊啊啊啊啊站在镜头边缘我也只看见他啊！歌非常非常好（反正歌一好我就会冲动给高分别理我）！情节不像once那么散，城市环境音的想法很有趣+乐队成员间的dynamics酷毙了！
好听、好看的小清新。最棒的是两人没上床，连个吻都没有。"
追随 Following,8.9,全部 30890 条,"我曾经跟踪过一对陌生情侣，因为他们走的太快了，完全不符合正常情侣的步速，这让我好奇。当他们拐进路边的快捷酒店时，一切疑云烟消云散。
诺兰的牛逼来源于内心散发出的恐惧。
两个发现，一个主角叫Cobb，另一个主角房门上有个蝙蝠侠标志。
诺兰的第一部长片，黑白片，一个小时的长度，两三个人物，极为精彩
天哪，太厉害了，一步步把人引向深渊，不论是男主角还是观众！这就是几千美元成本的电影啊，真是一切皆有可能。。我是多么喜欢最后一个镜头啊！诺兰是神啊。。。"
聚焦 Spotlight,8.8,全部 48035 条,"明年的奥斯卡最佳影片和最佳改编剧本的最大热门，不仅三观正，片子的完成度也非常高！片子的拍法和这群新闻人很像，客观冷静理性，干净利落不煽情，剧本是非常传统的类型片叙事套路，既扎实又踏实，剧组的团队精神就像精彩的群戏表演，没有任何主创抢风头，凝聚到一起却力量十足，让人敬畏。★★★★
本来想打四星。然后我问了自己一个问题：“如果这个题材让韩国人拍…”不由得虎躯一震，赶紧改成五星。
有点像“撞车”，都是群戏电影，每个人都有精湛发挥。聚焦天主教性侵丑闻，凌厉割喉的步步求证。电影最成功的是将亵童和性向做出切割，指出这是教会这一全世界最藏污纳垢组织自上而下的制度性丑恶，看完会让人失去对宗教的所有敬畏。
整部电影就像一篇优秀的新闻报道本身，陈述来龙去脉，介绍人物，寻找证据，解决难点。冷静又条理清晰，据说对真实的记者办公和生活环境还原得也很贴切（没有人在办公室里大呼小叫...）。当然为了保持这种基调，新闻本身的故事性就被削弱了，记者本身的性格也无法深刻塑造
住在波士顿看这片感觉真是……全场白人老头老太最后鼓掌认真得不行。BP强力选手水平"
东京物语 東京物語,9.2,全部 23749 条,"刚到东京的时候，妈妈说：“原来东京这么近。”决定离开东京的时候，妈妈说：“东京真的太远了。”
东京那么大，如果有一天走失了，恐怕一辈子不能再相见……
经典作品是这样一些作品，我们越是道听途说，以为我们懂了，当我们实际读它们，我们就越是觉得它们独特、意想不到和新颖。
片中的纪子，好善良美丽的女人，一个完美的日本女人。
京子：哥哥姐姐们应该再多待几天的
　　纪子：大家都很忙啊。
　　京子：可这样太自私了。只顾着自己，马上就回去了。
　　纪子：这是没办法的事啊，因为他们有工作。
　　京子：可嫂子你不是也有工作么？他们太自私了。
　　纪子：可是，京子啊……
　　京子：妈妈一死就要拿东西做纪念，我一想"
一次别离 جدایی نادر از سیمین,8.7,全部 49172 条,"一个教育女儿坚持写正确答案，哪怕为此开罪老师（权威），哪怕为此失去分数和成绩（利益）的男人，却手按着圣洁的古兰经流利娴熟地撒了谎。而一个没什么文化，艰辛挣扎在社会底层的女人，却在向古兰经宣誓之前，想到自己说出的可能是难以确证的谎言，而瑟缩崩溃地说：不，我还有疑虑……
四个字：好！看！到！爆！全片只有最后的一点钢琴声作为配乐，但是跌宕起伏得揪心，人性信仰深刻得刺耳！
不得不说，近两年的金熊作品，质量都没法跟戛纳威尼斯比。这种故意展现伤痛让人看的作品，实在没有高段到哪里去。
一个战争与宗教包围着的国度奉献的一部佳作，可以称之为实至名归的金熊奖最佳影片。大量的手持镜头，用客观而冷峻的镜头讲述着两个平凡家庭的琐碎与冲突，人物刻画入木三分，故事的悬念更是凭借着适当的掌控丝丝入扣，直到电影完结仍使观众处在情绪当中。★★★★☆
这是我第一部伊朗电影，很幸运遇上这么棒的一部。撇开外面世界的动荡，而是关注2个普通家庭的矛盾。代入感特别强，完全置身于这一次冲突。宗教，信仰，坚持，无一不回味无穷。当我们没有一本可以用来起誓的《古兰经》时，你用什么来约束自己？"
驴得水,8.3,全部 157210 条,"这样的剧本，这样的电影，任凭你们怎么说风凉话，都休想模仿出来，国产片的普通货色离它差距太大。
1.库斯图里卡的癫狂、荒诞+法哈蒂的困境、冲突，而这...其实在中国这片土地上随处可见；2.追求自由的人，死了；3.愤怒的人，成了听话的牲口；4.宽容的人，成了小人；5.淳朴的人，成了恶棍；6.正面向上的人，总在行骗；7.就让我们忘掉过去吧，才能继续作为“人”活下去。
过去的如果就让它过去了，未来只会越来越糟！
悲叹的是被压迫的是女性，欣慰的是觉醒的也是女性
两星半，无法否认其剧本的完整和工整。但目前电影所展示出的形式，还是只适合舞台剧的呈现，这归结为做久了舞台剧的导演依然不适合拍电影，视听语言的羸弱导致剧本的很多优点难以完整呈现，人物性格不完整，剪辑也很平庸，荒诞里带着一股剧作者的愤青，演员只是剧作者的吐槽工具，只有女性完成的不错"
黑鹰坠落 Black Hawk Down,8.7,全部 28361 条,"非洲兄弟命贱，一死一大片！
很讽刺的是，艾迪德的儿子成了一名美国的海军陆战队员。
看过最棒的战争片
这片儿热闹得如同我们大年三十儿的晚上～
16年之后（2017年）再看这部电影，更能体会到它的伟大——它开创的现代战争片电影美学，迄今没有人能够超越。"
我爱你 그대를 사랑합니다,9.0,全部 30127 条,"你说，如果到人生的尽头，还没找到牵手的人，那咋办啊？
在死亡将我们分开之前，别再假借独立之名，自私下去了。也许我们自以为还有很多时间，但他们的已经不多了。
用力有一点点的··过猛····
亲在不远游，我不会再离开你们身边了。
前不久姥姥突然脑出血住院了，还好发现及时不太严重，现已安然出院。7月2号是姥姥的生日，姥爷偷偷准备了蛋糕，大家一起像电影中那样关灯唱生日歌吹蜡烛。虽然平时生活琐碎吵吵闹闹，但那一刻真的很动人。从俗一句：我能想到最浪漫的事，就是和你一起慢慢变老。"
千钧一发 Gattaca,8.8,全部 37720 条,"看了这部《千钧一发》，没想到还真不错，男煮饺儿追求梦想时不给自己留任何后路的精神真鸡巴励志啊……这种励志非心灵鸡汤式励志，而是心灵牛鞭汤式励志……我们曾经都是星尘，莫名其妙地来到了父亲的睾丸里，来人世走一遭后重新变成星尘……反正迟早变星尘，不如追梦尽情活…… 
人类的历史就是一部歧视史，财富、地位、年龄、性向、肤色...基因决定人生，不过是把这种歧视从人的出生开始以科学的形式固定下来。电影想讲述的是：我也许没有伟大的基因，但我有一颗造梦的心——我就是那个统计学上渺小到不计、但没人可以抹去的1%。
梦想与扼杀梦想的不公平，过去、现在还是未来，这是人类戏剧的永恒主题之一。
大唐读完《三体》之后，连呼“太真实了”，从某方面来看，科幻的确是一种现实主义，只不过它叙述的不是过去的现实（历史），而是叙述现在和未来的现实。尤其是生物科学，它所衍生的伦理道德、社会问题直接关乎人类的生物性基础，虽然电影本身的故事和节奏略显平慢，但是主题本身的冲突性就已足够抓人了
这片子在我的科幻片单里排前10。楚门秀编剧的导演作品，比楚门秀无论概念还是执行都好太多了。“我就是那个统计学上无关紧要、但没人可以抹去的1%。”改变生命，分享梦想，泪目。"
发条橙 A Clockwork Orange,8.5,全部 51115 条,"对于他的电影我一直都抱着没水平写影评就闭嘴的态度
如果人甚至没有选择邪恶的权利，那还是人吗？
经典的3p节奏..漂亮干净的画面
Stanley Kubrick竟然用《发条橙》解读贝多芬，开头至今令我心有余悸。
成功预言了杨永信的电击疗法。"
E.T. 外星人 E.T.: The Extra-Terrestrial,8.6,全部 26748 条,"断断续续看过很多次，而且都是很多年前，看完整版还是第一回，自行车突然飞腾的时候多少有些激动。童心与童年爱做的梦，属于童年的故事。
有史以来最温情的科幻片，喜欢小E.T
无比美好的科幻童话，触动心底那最柔弱的神经。
到现在为止说到外星人我想到的都是这里面的模样
斯皮尔伯格的温情科幻童话。1.摄影考究,ET与Elliott主观视角镜头纵贯全片,柔焦与梦幻布光。2.金属钥匙碰撞作为声音符号。3.双人舞场景迷幻朦胧,垫脚男孩=花式虐狗?4.单车翱翔于银色月光下,童年的美好梦境。5.初次相识的手势模仿与[德州巴黎]父子复认的倒行相映成趣。6.盆花的荣枯牵动人心。（8.8/10）"
网络谜踪 Searching,8.6,全部 97245 条,"Bieber concert (confirmed)
从头到尾都是电子屏幕这个设定太酷了！导演在形式主义上做到了完美。一个父亲在女儿失踪后抽丝剥茧的寻找真相，各种峰回路转都暗藏铺垫、合情合理，还有亲情的对比反思。是不是今年最好的悬疑片不好说，但绝对够原创、够新颖~~~感谢互联网救命之恩！！！
确实是重新解读电影语言，节奏快且充满代入感，我们每一天不就是这样过吗。给剪辑师加鸡腿！故事本身讲得也好，情感和悬疑结合完美，铺垫好家庭背景之后所有发展都顺理成章又出人意料，换一个老爸能火眼金睛至此可能会显刻意。题外话：John真是英俊啊我从进剧院第一眼看到他开始就不会呼吸了妈呀
全程通过一个桌面，把案件的悬疑性带到那么强的地步，佩服！有个细节很赞：当爸爸首次听说汤不热，搜索的是Tumbler，谷歌推荐的是Tumblr。嗯，细致的推理逻辑可见一斑（请点赞）~
评价名不符实…《暗网》先入为主，这部就一点也不惊艳了。"
四个春天,8.9,全部 42969 条,"我自己的片子，我打五星。。。⁄(⁄ ⁄•⁄ω⁄•⁄ ⁄)⁄
母亲的超级能力，是听到铃声响起就知道是女儿打来。父亲的特异功能，是目送每个家庭成员远行都能庇佑一路平安。每年都要仰望燕子回巢，上山采撷春天，在空谷放歌，在田埂旋转。天井里落雨落雪，人世间有阴有晴。这俗世哪有什么超能和神功，不过是为她挂一旗白幡，留一双碗筷，种一点念想，等一轮春天。
人无艺术身不贵，不会娱乐是蠢才
这种片子的电影属性很弱，其实就是一个家庭录像，甚至都不能算是私影像，导演根本就不想通过父母的经历或者姐姐的去世表达点什么，所以根本就不提关于姐姐的经历，关于家人的信息量都是最皮毛的一带而过，导演只是记录了四个春节，每次回家过年，父母都是熟悉的流程，记录的是鲜活的生活，他记录的就是他眼里的年吧。这种东西当电影看的话，超级没劲，导演根本就没有电影意识，摄影看上去很努力了，但本质上还是静态摄影，这种纪录...
一家人都有文化素养，不断学习，热爱生活，还拥有家庭影像记录的传统，十分朴素的记录生活，加上姐姐去世的情感推动，记录片是一种生活的魔法。"
撞车 Crash,8.6,全部 42405 条,"《断背山》因你与奥斯卡失之交臂。
多走线接近完美的剧本在美国其实并不少见.但仍旧不理解为什么断背山会输给它.
把一切和种族有关的问题提纯、放大、罗列，然后开始生硬地说教...用力太狠，匠气太重
有点太假的感觉。
我不喜欢里边那股子尽管遮遮掩掩但仍然扑面而来的说教味儿。然后要说到多线程，说到多米诺，相比几年前先看的《Babel》，这点劲儿，跟洗头时碰到个不够力的小妹一样，她以为自己已经很卖力了，可我脑袋上最痒的那块地方一直没挠到啊。"
变脸 Face/Off,8.5,全部 36060 条,"当发哥的风衣、墨镜出现在了凯奇身上，当凯奇在教堂唱起“哈利路亚”，我完全被他迷倒了~~
原来是吴宇森作品，看的时候还奇怪外国人是怎么想出这个复杂的事情的，而且还能看到《英雄本色》和《喋血双雄》的影子。。。
当尼古拉斯·凯奇从监狱顶楼一跃而下，海平面震荡的水花是一个男人恐惧的表情，而当他迎面走来，鸽子飞过扬起的衣角是一个父亲愤怒的心。孩子耳朵里悠扬的歌声稀释了枪林弹雨的场面，那最初的暗战和最后温馨重逢，一切的心机都敌不过一个字那就是爱。白鸽圣殿级的作品，恐怕再难突破，感谢吴雨森。


说实话，换脸变成另一个人是一件很可怕的事，想一想在变成另一个的时候可以无视道德和法律的约束，会不会在变换的过程中迷失最初的自己
确实好看呀，我喜欢特拉沃尔塔~"
梦之安魂曲 Requiem for a Dream,8.7,全部 42578 条,"一部极好的反吸毒电影……
其实人和人的生活是很脆弱的，很容易分崩离析。欲望是快速的，惩罚却来日方长。
镜头、剪辑、原声……我觉得完全没有必要回头看新浪潮之类的。。
高速切转的画面让我精神紧绷，是佳作但不是我的味儿。
一如既往的匠气，视听则非常过度，不是重口味而是语言上不知节制堆砌的差品味。剧本是典型自以为高明的美式多线程，无非是形式填塞浅薄内容表率。这种胡里花哨噱头电影最经不起时间考验，因为充满了可学视觉技巧，大家都玩烂之后，就会写满了过时两个字。"
