电影名称,评分,短评数量,短评_1,短评_2,短评_3,短评_4,短评_5
肖申克的救赎,9.7,1912154,当年的奥斯卡颁奖礼上，被如日中天的《阿甘正传》掩盖了它的光彩，而随着时间的推移，这部电影在越来越多的人们心中的地位已超越了《阿甘》。每当现实令我疲惫得产生无力感，翻出这张碟，就重获力量。毫无疑问，本片位列男人必看的电影前三名！回顾那一段经典台词：“有的人的羽翼是如此光辉，即使世界上最黑暗的牢狱，也无法长久地将他围困！”,关于希望最强有力的注释。,有种鸟是关不住的.,这样的男人谁会舍得背叛。。。,"Hope is a good thing, and maybe the best thing of all."
霸王别姬,9.6,1406266,人戏不分，不疯魔不成活。,程蝶衣，和《海上钢琴师》的主角，都是一类人。,城头变幻大王旗，一个《霸王别姬》，一个《活着》，道尽中国现当代史，百年内无可超越。,那么好的国粹，连日本人都知道要护着，你们说烧就烧……大多数开始于民国间的故事，最难捱的都是那段时间。,往事不要再提，人生已多风雨。他是霸王，你是虞姬，“我本是男儿郎，又不是女娇娥”，万丈红尘蹉跌走过半世纪。寥落繁华不由己，十万春花如梦里。剑还给你，命也还给你。“君王意气尽，贱妾何聊生？”陪你唱罢这出、我便离去...
阿甘正传,9.5,1454006,妈妈说，生活就像一盒巧克力……请不要再续下一句，耳朵听的起了茧子。,Mama always said life was like a box of chocolates. You never know what you're gonna get.,"you are my girl.
",太甜美的美國夢,又是七年后，重温一遍。上帝是仁慈的，妈妈走了，珍妮走了，朋友走了，可是给阿甘留下了一个孩子。要是没有孩子他该怎么活下去。也是电影的仁慈。
这个杀手不太冷,9.4,1650112,萝莉有颗御姐心，正太有个大叔身——邪恶又天真、残酷又温柔，多完美~,我开始想要过得快乐，睡在床上，有牵挂,"看到泪飙，世上最温情的杀手。
幸运的姑娘在12岁就遇到了真正的男人。
",喜欢这个喝牛奶的男人,"“这是关于两个小孩的故事，一个女孩和一个男孩，在他们心里，他们都是12岁，他们都感到失落而他们深爱彼此。” 
　　　　　　　　　　　　　　　　　　　　　　　——吕克·贝松 
"
美丽人生,9.5,922558,绝对难忘的一部片子----影片结尾美国大兵的那句 hei! boy! 叫人已经凉透了的心又感到了温暖。,很久以前看过的，永远难忘片中父亲的鬼脸,不敢相信男主死了，总以为他能活过来,对我说：“早上好，公主”吧,关于父爱的伟大电影。以非凡的想象力和诙谐幽默演绎一场不堪回首的历史惨剧，那怦动的热情和对人生充满希望的美丽震撼人心。“为了看到阳光，我们来到世上。为了成为阳光，我们存于世上。”在Guido身上，你看不到那些痛苦、隐忍、挣扎和艰难。这位一直用荒谬的态度对待人生的荒谬、以达观的态度对
泰坦尼克号,9.4,1398943,爱你原本只是一瞬，却不知在时间的洪流中成了永恒。,还用说么？太经典了。,1998年，哈尔滨火车站地下给初恋女友买的盗版光盘。,"爱情撼动全世界！2008.7.26 CCTV6
2018.4.19 爱奇艺",看了四遍，最后一次也是五年前了吧。不知再拿出来重温的话，会不会嚎啕大哭，像小学那时一样。 1998，5
千与千寻,9.3,1494181,"每次看这些神作的时候想到这是动画片这是一群牛人一笔一笔画出来的,就觉得漏看掉一帧都实在是对不起他们啊",自认为是宫崎骏最好的一部。| 2019.6.22 大银幕重温，感谢造梦者。,"你忘了吗?
往下飞的时候眼泪是往上流的.",有一点模糊的小爱情...小白龙报恩，千寻想起了她自己及小情人儿的名字。帮客人洗澡，小煤球儿来回跑。这些经历给我多好玩儿，我一定不会变成大猪，不乱吃东西，给客人洗得干干净净。小白龙永远跟我好^^回到14岁：）,"隔那么多年再看，还是会二话不说就爱上温柔的白龙，还是会被无脸男捧出的一把木牌打动，还是想坐在阁楼上边吃豆包边看电车从海上驶过，但是……再也说不出“想留在那样的世界再也不出来”的话了！愿幻想的世界里没有工作！
话说千寻现在也28岁了啊，不知道有没有和白龙重逢，如果按好故事的标准，应该是没有吧？她大概已经变成了普通的上班族，每天搭末班电车回家，只是在路过每一条河流时，会想起少女时曾经爱过一条龙。"
辛德勒的名单,9.5,744069,有钱才能保护喜欢的人,这不止是剧情，更是技术、镜头、剪辑、演技和配乐的综合胜利。表达是一出技巧活，不以剧本和背景定优劣，这一切都是导演的功力和运气造成，不可求，但可遇——《辛德勒的名单》可谓厚积薄发。而实论背景，辛德勒本人之事尚存争议，电影却已在全世界人面前诠释并且定性了，由此可见媒体的影响之大,救人一命就是救全世界.,很棒，直击人心。不知道什么时候中国也能拍出这样的电影。,辛德勒犹太人献给辛德勒的指环上写着：“凡救人一命，即救全世界。”当1100这个数字具化到一个个人名的时候，当片尾处影片中被救的犹太人原型出现时，才能真真切切地体会到指环上的那句希伯来经文的深刻。
盗梦空间,9.3,1401719,一部电影好看到即使你明白它在故弄玄虚也是义无反顾的打五星。,这电影看完就开始怀疑人生了，类似的还有《蝴蝶效应》《骇客帝国》《心慌方》《无姓之人》《攻壳机动队》《楚门的世界》等等……其实我突然觉得这一类题材影片的鼻祖明明就是动画片《魔方大厦》啊，郑渊洁威武。,我还能说什么呢 出影院第一件事就是拿iphone 上豆瓣 至少5颗星啊 第156个评分的 哈哈哈哈 一直要用心用脑看的电影 内容很严谨 逻辑性强 非常好看 等高人仔细分析。。 又去影院 看了一遍 很爽 很抖擞,就那么一个创意，被大家吹得玄而又玄。片中充斥着毫无意义的枪战。看的过程中惟一的惊喜就是CCTV了。,迷离失所，戏假情真！
忠犬八公的故事,9.4,963434,八公的主人，也在天堂的门口等了它很久吧。,"你要养狗,就不能当它是guest,十年可是一只狗的一辈子",这是我所看过的关于狗狗电影最感人的一部，我想它的成功之处就在于将重点正确放至在了对Hachi内心的刻画上，而没有像其他一些影片文不对题，偏偏喜欢渲染一些多余人物的情感，很显然，主题对了，观影者自然而然会买单。,“永远都不能忘记你所爱的人” 狗尚如此，人何以堪？5星给动情的真实故事。,“等有一天它会给你捡球的时候，一定有什么特殊的理由” 八公用这种方式来告别了他的主人....
海上钢琴师,9.3,1164495,我总觉得这是一个真实的故事，因为他的懦弱，懦弱得真实。,最喜欢的电影，喜欢，不是之一，而是唯一 ,海上乌托邦,我就爱他说，fuck the regulations!!,键盘有始有终，你确切知道 88 个键就在那儿，错不了。它并不是无限的，而你，才是无限的。你能在键盘上表现的音乐是无限的，我喜欢这样，我能轻松应对，而你现在让我走过跳板，走到城市里，等着我的是一个没有尽头的键盘，我又怎能在这样的键盘上弹奏呢？那是上帝的键盘啊！
机器人总动员,9.3,924718,我看哭了。。。,陈奕迅都为你唱歌了,清纯乡下少男与前卫暴力冰美人的爱情故事啊～xixi,小瓦力，大人生,機器人談戀愛也避免不了男女搭配的窠臼(叫Eva倒有夠諷刺)，就更不用説亙古不變的雙眼雙手擬人造型...人類的想象力其實很貧瘠
三傻大闹宝莱坞,9.2,1288410,看了这部电影是我2010年最幸运的一件事 力荐！,"该片的中文翻译太烂了，差点就错过欣赏一部好作品了。
兰彻一直在给大家灌输的一种理念就是：简单生活，遵从心声，为自己而活。 
的确，他让朋友们重新认识了自己和所要坚定的方向。
很喜欢片尾的那片湖泊，不知道是在哪里呢？",如果有一天你变成了奇怪的家伙，生活于恐惧和虚假之中，就念重生的咒语“All is well”，狠狠地给这个世界一脚！对鼓励别样人生价值和给人梦想的片子我是举双手赞成，何况从头到尾都拍得这么欢乐。台词：“朋友是男人最大的胸部”、“你这么害怕明天，又怎么能过好今天”。,你们都说好看，我也就觉得一般般,六星都不够。最后男主角戴眼镜那个形象好像吴彦祖！
楚门的世界,9.3,1025322,“如果再也不能见到你，祝你早安，午安和晚安。”,"Good morning, and in case I don't see ya, good afternoon, good evening, and good night!
",就算是已经完全知道剧情走向也还是被震撼被感动。就算你能摄影我的一切也无法在我脑内安装摄影机。,打开这道门，即便现实再最肮脏也请让我自己感受！关掉你的镜头，即使现实再无奈你也必须自己体验！,不止一次的怀疑所有人都在演戏，而我却蒙在鼓里
放牛班的春天,9.3,896910,那漫天飘扬的纸飞机是我对你最诚挚的敬意。,这是一次心灵的洗礼，没人生本向恶，只是无情的手把人推向了无尽的深渊。Morhange每一次天使般的独唱，总让我感动的浑身直起鸡皮疙瘩，特别是那纸飞机从窗口飞出，“感谢、再见”的小手一挥，那份感动，不言而喻。而最重要的，看这部电影不仅是好“看”，天籁的童声更是听觉的享受。★★★★☆,男孩的声音真是好听……,问题孩子何其多，善良老师却难觅，但是还好有你。纸飞机送别那一段哭了。,一日为师 终生为父
星际穿越,9.3,1037306,你应该敬畏时间，因为那是一切的密码；但不要滥用爱意，因为那不是一切的钥匙。,非常理想化，所以显得很有种，没有公司敢让任何人拍这样的电影。致敬库布里克的镜头体现了导演的少女心。但有2001珠玉在前，我认为这部顶多和它并驾齐驱。诺兰尽其所能拍出了触手可及的科幻，硬核又充满人性，温情又隐含黑暗面，让人潸然泪下。“理想化”是不是削弱了剧本？大家保留各自意见吧。,以地球全部北京化（咦？）为背景的近未来硬科幻，对虫洞、重力和时间维度都有新颖的理解，刻画的浩瀚宇宙让人目眩。可惜诺兰的野心太大（真的是bigger than bigger！），而且把人性拔那么高，到最后就成太空神棍片了...,2011年11月有《雨果》，2012年11月有《少年派的奇幻漂流》，2013年11月有《地心引力》，2014年11月有《星际穿越》，……前三部电影分别获得11、10、11项的奥斯卡提名，然后都拿下最佳摄影和最佳视觉效果奖，由此，我们可以预测《星际穿越》2015年的奥斯卡提名数和最佳摄影+视觉效果拿奖的可能性？……,一边太空冒险，一边是通俗的情感戏。无论外表多硬科幻：虫洞、黑洞、太空冒险、多维空间……最核心的仍是亲情与爱。科学与理论其实都是为感情服务的，用很硬的外壳包裹最柔软的情感。也因为此，它不会是2001那样严肃伟大的科幻片，但却有更饱满的感情。包括那些泪点
大话西游之大圣娶亲,9.2,1012883,一切的闹闹哄哄，只是他在水帘洞躲避风沙那晚做的一个梦。,我猜中了开头，却猜不到这结局。/ 20141024 在影院哭死,任何时候任何场合都可以再看一遍的电影,年少时特别不喜欢周星驰，觉得瞎搞，觉得脏乱差，但长大之后，每看一遍就难过一遍，每看一遍哭一遍。他真是在这里说尽了爱，说尽了责任，说尽了人世种种无奈无力,"哈哈,也是我最喜欢的电影之一了.看过好几次,第一次看笑得半死,后来居然又看哭了.其实可以喜欢到不太想得起来.但是是值得永远收藏的."
熔炉,9.3,620945,人口大国什么时候能拍出这样的片子，这样在嘲笑棒子的时候才有点底气。,不说别的，光电影那股正义的力量，就足以让人沸腾。,《内咸》--鲁迅,“奋起反抗不是为了改变这个世界，而是为了不让这个世界改变我们。”电影以真实故事改编，又一部极其精彩反映社会阴暗的题材。每个人物都刻画的立体丰满，情感同样控制得当，无力感充斥全身。电影完结，愤怒、无奈、唏嘘、悲伤各种情感如同“雾津”的浓雾一般，久久未能飘散，始终萦绕心头。★★★★,一个文科生，每天背着政治生活，背四项基本原则我国的国体公民的权利。亲眼看着热搜被撤下，视频被删除，三种颜色消失不见。豫章书院还存在，赵V再也没有人提及，国乒事件最后化为一题选择题。熔炉的故事真实发生在我所在的国度。“我们一路奋战，不是为了改变世界，而是为了不让世界改变我们。”
疯狂动物城,9.2,1200451,树懒太他妈好笑了！！那两分钟我嗓子都哑了！！卧槽！！真是太他妈好笑了！！,看过了这一部，我好像能够更坚定地说我会当迪士尼一辈子的粉丝。迪士尼给我们营造的乌托邦就是这样，永远善良勇敢，永远出乎意料。,无论是人设，世界观，动画制作，还是剧本，都挑不出毛病来啊啊啊！！细节多到爆！！好幸福！！！！>w< 最难能可贵的是配角们的人物性格和形象设置都非常饱满（教父梗好惊喜>< ） 虽然是动画，但是剧本还是隐射很多人类社会的种族问题，以及政治两党上位之争的问题。另外我狐Nick的眼神是在太苏了TwT...,"想嫁给又吊儿郎当又酷得不像话的狐狸先生。
自认为是奥斯卡长篇动画的有力候选。
啊啊啊，真的好好看，我要去二刷。",好莱坞这套讲故事的模式可以把全世界都吃的死死的。
无间道,9.2,827160,最后那一下爆头，刘德华和梁朝伟的眼神里都是震惊，他死在电梯里，电梯门来回的开关，我们也从震惊中恢复，觉得残酷，谁说的，好人有好报，那些为民除害的，都死了。会有人惦记着他们吗？把他们视为英雄吗？又有什么用呢，这个社会还不都是恶人当道。,现在看来，无间道一部电梯里挤了三个影帝，这部电梯也算是前无古人后无来者了。,刘嘉玲说：当年拍无间道的时候梁朝伟每天只开工三四个点就回家，拍了二十多天就拍完了，之后就是获奖无数。演戏这种事，不得不承认是有天赋的。,重新对香港电影刮目相看，它从哲学的角度深入探索人性，去感受身不由己之下的那种窒息，感受贪婪与自私，体验善恶的痛楚纠结。编剧确实是相当的出色，梁朝伟的陈松仁直接神化，所有的角色都可圈可点，没有一出多余的地方，以至多年后看美版的时候仍然不忘旧爱。这是港片的里程碑。9.2,经典港片，无间道，如人生~~
龙猫,9.2,865421,日本的动画总是能触碰心灵和温情,"我要告诉你，纯真是一种财富。

",宫崎骏最感人的一部，初看平平无奇，回味一下痛彻肺腑。,下雨天龙猫撑着伞，突然有树梢积累的大颗水珠滴下来发出砰的声响，它很开心，很喜欢那个声音，就跳起来震得树上雨水纷纷落下。20181215 和妈妈一起进影院重看。30年过去，这个永恒的夏日童话依然纯真得令人泪下，提醒着无忧无虑的日子已经一去不返，如今的我，想必已经再也看不到龙猫和猫巴士了吧。,因为缺少重看的观影经历，又被那套网络上的都市传说所影响（已辟谣），一直在疑心，年少时，是不是真有遗漏掉关键信息。得益于二十年后的重映，大银幕上重温，依然觉得是个单纯无比、被孩童想象所充盈和浇筑的成长故事。里面有美化过后，昭和年间的田园风貌回忆。樟树王、老房子、水稻田、乡间小路和巴士车。 小孩子能看见龙猫，自然是关于童心无邪。除了制造人类与大自然的连接，更多是因为，小孩子才能看见美好、已经失去的东西...
教父,9.3,634715,to所有男生：别想太多。你们都不是马龙白兰度，不是阿尔帕西诺。,讲述的是一个好孩子怎么变成老大的过程,时隔八年有必要修正自己的观点，简陋之处依旧，而编剧与表演上的神来之笔多不胜数，回头重新品，亦可以发现《教父》带给观众的“大银幕”体验是足以驳斥掉持 反对论者的。一杀二场面中的短暂神色与打击数量，确实精确到无以复加。,当一个新生儿在教堂接受教父的洗礼时，教堂之外的死亡正在蔓延……,平缓的节奏蕴藏着巨大的权威和张力，音乐舒缓淡淡忧伤，利益博弈人性冲突。无论是演技还是镜头、音乐的运用，都给人以一种美的享受。而看这部电影是极其需要沉下心来细细品味，也无论何时翻出来重温都能有新的感受。★★★★☆
当幸福来敲门,9.1,1033493,看到开头就知道结局，不过这并不重要，重要的是过程。。。最感人的不是赢得职位，而是在厕所里捂住儿子的耳朵。。。作为一名容易感情用事的中国观众，感动比励志对我来说更重要=。=,我一直记得，有人对我说：当你迈过这个坎之后，你会发现，还会有什么不可以面对的困难。,"There is no ""why""　in happiness, there is an ""I""
里面立志的桥段很多，比如说打篮球时候威尔对他儿子说的话.这是中国父母需要学到的...尽可能地给孩子一个美好的世界.",为毛不去天桥上乞讨？为毛不去地铁里乞讨？在我们这儿是这么办的。,"失业时候看的,简直是催泪弹,WILL的儿子将来一定是块料,奥斯卡上看他跟小美女打闹,忒逗."
怦然心动,9.1,1190106,篮子男孩，好萌的活动，怎么我们学校以前没有啊！,Flipped，怦然心动，喜欢这个翻译的片名，就像第一次看到那棵树上的美景，就像第一次看到你闪亮的眼睛，那一瞬，就莫名心动了,"Some of us get dipped in flat, some in satin, some in gloss. But every once in a while, you find someone who's iridescent. And when you do, nothing will ever compare.有些人浅薄，有些人金玉其外而败絮其中。有天你会遇到一个彩虹般绚丽的人...",越看越觉得自己真是老了。。。。。,山楂树在梧桐树之前就是屎～
触不可及,9.2,675672,我想每个人都至少有这么一个挚友，你和他/她在人生的拐点遇到，惊叹于彼此的不同或者相似，有过不少平淡无奇却值得纪念的时光，ta会将心比心，为你的哀伤扼腕，为你的快慰击节，更会在ta的心里，为你留下那么一块永恒的位置，任白云苍狗，风云变幻。 ,对残障人士最大的尊重，就是不要把他们当做残障人士。尊重比爱和同情心更高等级,今年看的第二部佳片。茫茫人海，两个截然不同的人相遇，你改变了我，我改变了你，相逢的人会再相逢。关于社会的贫富差距、青少年犯罪、种族歧视这些虽没有明说却在暗中映射，以此来烘托角色。富豪有钱却残疾不快乐，黑人贫穷却有一颗善良乐观的心。ps:Ludovico Einaudi的配乐很加分！,高雅喜剧，黑与白分别代表两种被法国社会所孤立的特殊群体，他们相互嘲讽，是用法国社会的嘲讽来引领观众对使角色的认同；他们相互扶持，融为一体并重新融入社会。通过片尾我们了解到原型是白人，片中改为黑人一是能够起到对角色的随性化处理；二是对于第三第四代非裔法国人渴望融入社会的渴望。,看预告片还觉得这么老套。没想到这是我第一次在法国看到数次笑出声的电影，第一次全场满座我买到最后一张票的电影，第一次看带字幕的法语电影(聋人专场)，没想到摄影如此唯美合我胃口，没想到难舍基情如此动人。你们懂的。尤其是最后换谁都不要的那段，简直了。PS:白人男主角像张国立。
蝙蝠侠：黑暗骑士,9.2,696190,大片中很有内涵的一部，不管是人们心中暗自涌动的对小丑疯狂灭世主义的不安的共鸣，还是对蝙蝠侠孤独暗夜行走的英雄惜英雄般同情，其实都是人们对这个世界失望的一种情绪释放。其实小丑说的很对，他和蝙蝠侠很像，都是异类，只不过蝙蝠侠把痛苦留给自己，顽固地去坚守一丝信仰，而小丑把痛苦还给世界。,光明与黑暗是同一个人的两张脸,什么侠不看 蝙蝠侠不能不看！,瑞秋怎么能丑成这样啊，满脸的褶子,绝对是杰作，大陆上不了院线在广电的耻辱柱上划了浓墨重彩的一笔～
控方证人,9.6,261114,律师三寸舌，妇人宫心计，两者皆不敌，最坏男人心，花心郎算尽太聪明，反算了戚戚性命,诙谐的对白，严谨的思路，一心要把观众往沟里带的情节。ps:我觉得那个女仆的表演也很不错！,演的不错，但是结局也没有说的那么玄乎吧？多读几本阿婆的书，这样的结局还不是手到擒来。 ,阿加莎和怀尔德的完美结合 一群戏骨的完美演绎 意外而又意料的主线、熠熠生辉的细节向世人证明：小说和电影的结合能达到如何的高度 要是需要我用一句话来评价我的douban NO.1500部电影 那只能是：此曲只应天上有，人间难得几回闻,满分！无法形容的精彩！怀德和阿加莎的完美结合，猜了几次凶手都没中，我还真是。。。马琳黛德丽已经56岁的人了还那么美，果然是remarkable。演员都极其出色。太精彩！
活着,9.2,537032,年代记实录，看了让人不舒服，特别是里面的台词，虽然他们在拼尽全力的活着，可是却又显得如此可笑和悲凉。“小鸡长大了就变成了鹅，鹅长大了就变成了羊，羊长大了就变成了牛，牛长大了就是共产主义了。”,个人认为是张义谋最好的电影。,国家走了一小段弯路，对于一代人就是蹉跎了一辈子。生活不易，还是得这么活着。笑中带泪，死人堆里暗暗许下活着的誓约，可谁也不曾想大环境下生活的艰辛。国师在第五代导演最好的时期奉献了极其有温度的作品。经年以后，鹤发的富贵摇着蒲扇回想那天不让有庆上学，少买几个馒头就好了，可生活不曾回头。,活着就是一切！戛纳评委会大奖，老谋子最好的电影。,改编自余华的小说【活着】。很好看。书和电影都好看。活着的人比死了的人还痛苦。我觉得是的。
乱世佳人,9.3,461279,"一定要看啊,我喜欢斯加丽那种几乎有点蛮横的可爱感觉.甚至可以为了达到目的不责手段,要么爱她,要么讨厌她.她在贫瘠的大地上拿着一根萝卜说(这个,好象很搞笑)""我对上帝发誓,我再也不要挨饿!""我爱上她了!",艾希礼的年龄和长相确实是个问题，我怀疑盖博当初签合同的时候是不是要求所有男演员都必须找比他难看的,郝思佳不算是个“好女人”，但她身上有着或许很多男人都没有的韧性，仿佛什么都无法打倒她，她永远能找到支点，重新站起来，正如她一直记在心里的“tomorrow is another day”。,我不说。什么都不说。,"斯佳丽很有个性的一个女人，瑞特巴特勒船长也让人难忘，费雯丽身上体现了那个时代女性独立自强的性格。

瑞特巴特勒船长太有魅力，笑着说“那是你的事情，亲爱的”。对于斯嘉丽，巴特勒船长真的是尽力了，斯嘉丽醒悟得太晚了，“tomorrow is another day”是最真实的谎言。"
末代皇帝,9.2,473001,有史以来一部最地道最出色的中国电影，居然，Made By Italian～,他痛哭流涕追阿毛、失魂落魄追婉容，但始终追不回那昔日辉煌的时代。他反抗太监偷窃文物、反抗日本傀儡操控，但终究反抗不了自己跌宕唏嘘的命运。他做了一辈子囚徒，在紫禁城在满洲国在抚顺管教所。终于买了张观光票，在赤色余晖中蹒跚进入太和殿。须臾一世，只有那皇座下藏着的蟋蟀，还认得他是帝王。,我觉得对于一个外国人拍的中国人物传记来说，它最可贵的不是那些对比强烈的色彩和镜头，而是他的态度，他对这个人物的理解，他并没有评判什么但是他把故事默默地摆在那里，到结束，你会一时觉得心情复杂，而且更重要的一点是，电影里不仅仅塑造了溥仪一个角色，而是通过细节也讲述了围绕着他的一些人的沧桑，这对于一个外国人来说，我觉得异常珍贵。虽然还是有些次要人物显得有些脸谱化，呵呵。。。CC版本，3小时38分。。。,一部酷似史诗的电影，张力很足，镜头娴熟大气，演员表演纯熟，从各个角度还原了中国的历史，细节十分出色。这部电影涵盖了太多的元素，耗资庞大，临时演员数量极多，场景大气恢弘。可以说是一部极其优秀的电影。只是关于历史的感慨和影片的深意或许还可以再深掘一点。总体而言是一部震撼人心的史诗巨作,神作。三个小时完全不觉得长，没有一个镜头是浪费的。有人觉得这个电影太过魔幻主义。但那个时代， 这群人，不用魔幻现实主义的镜头怎么能体现的出来！尊龙太美，绝望之极时眼神里也有傲气。只可惜时代弄人。最后蛐蛐的隐喻太太太太太贴切又催泪。
寻梦环游记,9.1,999526,邻座的女孩哭倒在我怀里啊电影多么美妙！,我们是人类的一分子，而人类是充满激情的。医学、法律、商业、科技，这些都是崇高的追求，足以支撑人的一生。但音乐、诗歌、梦想、情感，这些才是我们活着的意义。,老人不图儿女为家做多大贡献呀，一辈子不容易就图个团团圆圆。皮克斯替蔡国庆唱了回春晚。,不算皮克斯史上最佳，但在今年这个格外寒冷的冬天，它足够温暖。,看着看着就哭了，哭了有至少三次。片头叙事的载体与手法很巧妙，时空流畅地穿梭于缤纷色彩中。配乐动听，Dolby带来演唱会般的体验。纯真美好的梦想无比激昂，安稳温暖的亲情格外芬芳。我们都会离开这个世界，可是，有了一片金色花瓣的祝福，我们不会孤单。想唱就唱，唱得响亮；想哭就哭，泪过启航
摔跤吧！爸爸,9.0,1048103,关于本片价值观－不看社会背景就评判三观就是耍流氓。在印度的社会状况下，女性是没有自由选择职业的氛围的，先破才能立。就像片中父亲对女儿说的－你不是在为你一个人战斗，你要让千千万万的女性看到女生并不是只能相夫教子。最后，这场斗争的意义早已超脱出父亲一己的梦想，升华了呀。,这么好的一部电影。。弄得这踏马什么破译名。。听起来像儿童片似的。。,根据真人真事改编，讲述印度一块女子摔跤金牌的诞生。剧情热血逗乐，竞技惊心动魄，挑不出什么毛病的宝莱坞电影，父女情尽在不言中。阿米尔·汗太敬业了，为了一闪而过的几秒就把自己的身材从肥胖练成魔鬼，好演员都是用生命在演戏啊～,女权癌们归根结底还是她们看不起摔跤这项运动，要是把爸爸让女儿练习摔跤改成鼓励女儿去选美，当模特，变成大明星，估计就不会有那么多愤慨了。她们骨子里认为摔跤是男人的运动而已，所以说女权癌本质上是男权思维奴役下的产物。,豆瓣文青们可能已经成功被白左的西方政治正确洗脑了：不放在具体语境下，以西方女权衡量一切本来就是一种偏见和武断。在整体状况还不如中国的印度，本片已经适当地展现了一种进步的女性生活方式，即便在父权的引导之下。让符号化的解读蒙蔽影片传达的真情实感，令人感到可悲。
少年派的奇幻漂流,9.1,985420,语言匮乏。就想搬个板凳坐电影院门口跟行人说：来嘛~,整座岛上都是丁满！！！,"「我的父母 我的兄弟 理查帕克
最後都離我而去了
到頭來我相信人生就是不斷地放下
然而痛心的是
我都沒能好好的與他們道別」
All of life is an act of letting go but what hurts the most is not taking a moment to say goodbye.


李安今天到達現場　驚喜至極",我以为它会回头，但它只是朝着森林深处望去，然后永远消失了。也许父亲说得对，它根本没有把我当成朋友，但我非常确定，我在它眼中看到的，绝对不只是我自己目光投射的倒影。它就那么头也不回的走了，但在我内心深处，它永远与我同在。,基督在旷野修炼，魔鬼要求他展示奇迹将石头变成面包。但基督拒绝了，因为奇迹就是魔鬼的诱惑。故事出现第二个版本正是印证了这一点。它让电影主旨反转：不再是关于信仰的确立，而是它的缺失——信仰不能建立在奇迹之上，但假如你面对一个奇迹，却选择拒绝去相信，这就是没有信仰的悲哀了。
指环王3：王者无敌,9.2,508965,我就不明白甘道夫升级为白袍巫师了怎么不爱使魔法，改成肉搏战士了。一直期待他使一招毁天灭地……,骑白马的不一定是王子，是甘道夫；精灵战斗的时候，导演不会毁了他的美貌，别提莱戈拉斯了；裹着蜘蛛丝的弗罗多就像埃及艳后克娄巴特拉；胖子是重要的，他们可以背你；俩人被困在末日火山上，我说要有鹰，于是有鹰了；我差点以为阿拉贡要迎娶莱戈拉斯；弗罗多和山姆是真爱，绝逼的真爱。我要再看原著。,每次看魔戒都会被奥兰度惊艳到~,看三个小时屁股都坐酸了,不知为何很不喜欢霍比特人那条线……拖沓啰嗦 但又不能不要 人皇那条线最喜欢了 真正的气势磅礴（P.S.从冰火追过来发现魔戒当真是真善美极了（P.P.S.甘道夫升级之后为什么还是用法杖打人 一直在等着他念咒语发大招荡平敌军来着
飞屋环游记,9.0,911655,前面几分钟就让人落泪，后面却越来越不靠谱,有史以来最强壮的老爷爷和最轻便的房屋~一群最不靠谱的狗和一只引人发笑的怪鸟~外加一位惹人喜爱却戏份不多的老奶奶，组成了一部我大爱的好片！,从头哭到尾,史上第二彪悍钉子户的离奇拆迁故事。Pixar完美地成熟了。,爱和梦想，勇气和希望
十二怒汉,9.4,306735,"情节展开的不错，但是戴维斯主张的部分都只是模棱两可的推测，实际上挨个求证这些东西之后，孩子有可能是凶手，也有可能不是。只是控方的初期工作没有做好，辩方的交叉质询没有做好，案子应该重新调查，而不是简单的判决无罪。

看到有人截屏引用这个十一年前短评做庸俗群众代表我很荣幸。

现在我要补充的话，会说，权利机关的失职是一回事，合理质疑没有毛病，但结局判决无罪是有毛病的。因为不管群众是盲从机构推测，还是盲...",偏见，合理的怀疑。任何时候都要保持怀疑的能力。最后，当意见终于统一，每个人默默地穿上外套，离开，桌子上是刚刚一个半小时内发生的巨大震荡留下的痕迹，烟灰缸，纸团，凌乱的纸张，笔，还有那把刀。经过这些震荡后的十二个男人，不管之前是多么的抱着偏见不放，此刻都闪着光。这是人类进步的光芒。,精湛的表演，恰到好处的对话与矛盾设计。,投票不管用，意见领袖也没用，你得让每个人都说个够。然后明智的共识才会产生。,1.看罢暗惊，但细想之下，并非最爱的吕美特电影。2.把罪案摊在阳光下。3.我从小到大住在纽约，却从来没去过那里。4.并非称言其无罪，而是不确定是否有罪。5.最棒的钟表匠都在欧洲。6.不论去到哪里，偏见总是遮蔽了真相。
鬼子来了,9.2,422813,陆川快来学习一下牛叉电影是怎么回事吧，不卑不亢不装逼，爱姜文,心中的点点悲凉，不能一语道尽……,太善良、吹牛比、窝里横、不惹事、中庸，中国人的劣根性太他妈多了。这种以个体视角的抗日影片，才是王道。,"优秀的如此遗憾. 仿若是黄皮肤的库斯土里卡.

大三背着豆子刚刚进入县城时，姜老师用了一个跟拍的“巡礼”式长镜头为我们展示了一副日据时期小县城的风貌图。仅仅一个镜头 人物呈现之清晰 空间描摹之有力 为十余年来大陆电影之仅见也。",1.一些意味深长却无法言说的东西。2.众生平等。人性并无美丑之分。渺小的人类个体的行为也无对错可言。是战争和国家这个巨大的利益机器扭曲了人性。3.战争，荣誉，保卫祖国都是公然杀戮的借口而已。4.南京只讲出一分我已觉得满足。姜文简直就是惊喜。
何以为家,9.1,584441,见过游乐园女神被扒光，洗过沾了鲜血的衣服，听过蜘蛛侠变成蟑螂侠的传闻。才知道美丽会变丑陋，纯净会变脏臭，英雄泯然众人，自己却无能为力。把童贞交给世界，用匕首刺穿丑陋，靠起诉状告父母，挤笑脸嘲弄命运。赞恩把婴儿交给男人，才明白自己谁都保护不了。他就站在破败的街角，仿佛人生走到尽头。,拍给生育癌看的。我就不说卖惨了，因为是真惨。善良而倔强的叙利亚小男孩，默默把全世界扛在瘦弱的肩上，拖着生活往前走。最后他露出全片唯一一个微笑我一下就泪奔了。孩子永远是我的软肋，我给你五星还不行么...,"在这里，女孩是一种商品，可以换钱；男孩是一种工具，负责养家糊口、照顾更小的小孩。
父母只管生，不管养，将孩子当做摇钱树和免费劳动力。他们不但不能给孩子带来快乐，只会给他们带来苦难和折磨。
现在做什么都要考证，做父母却不需要考证。然而并不是所有人都配当父母，也并不是生了孩子就自动成为妈妈。
他们只图一时的快活，让孩子跟着他们来到这个世界一起受苦，他们根本不配做父母。
如果不能给予孩子幸福，当初就不应...",穷人可以生孩子，愚昧的人不要生孩子,"孩子，你做了爸爸，你做了妈妈，你也做了替万千与你一样的人鸣不平的英雄，但你唯独没有做过你的本分——一个孩子。
孩子，于你，这世界是该享乐的，生活之苦，是该被那个叫父母的人默默承受，不该像现在这样颠倒着的，你太小，除了哭，你没有与这世界对抗的武器，但，分明连上天都哭了，你为什么从不愿使出这个武器呢？
孩子，你是上帝派来的上帝吧，你头戴光环，普照苦难，渡人却无法渡己，而你的表现却令人揪心：你好像早都知..."
天空之城,9.1,579263,时隔十年重新看这部动画片，被海盗老婆婆那句“头发被剪掉了才是大事”感动得乱七八糟。对于一个女孩子来说，什么金钱散尽啊什么历经苦难啊都被这几个字淡淡抹掉，小小一句话简直就是箴言。,我看这部一直会哭，看了几次哭了几次，也不知道为了什么。总之，一看到手臂长长的铁皮人寂寥的站在那座城中，就控制不住了。,不看人生不圆满!!!宫爷爷的所有电影都是!,喜欢工业革命时期笨拙又功能性的全机械化的东西，觉得发明家很了不起,佩服宫崎骏的想象力，电影中的某些情节还历历在目，是部非常不错的动漫电影，弦乐很动听！
大话西游之月光宝盒,9.0,815369,莫文蔚趴在地上时说了一句话让我很感动，她说，我找到了一个和你很像的人。,逢年过节必放必看的经典 我记得片子里最后一句台词是：“你看那个人，好奇怪哟，象一条狗。” 多少的唏嘘感慨啊,【B+】小时候电视上看过很多次段落，却没完整看过。其实我喜欢晶晶姑娘多过紫霞,呵呵，1996年看的。【2014】终于在大荧幕上看了。虽然是普通话。经得起这么多次的反刍，可以确认是经典了。想起东邪西毒重演时提前离场的对比，简直。,哈哈，星爷的经典该怎么评呢？小时候看不太懂，长大了才看懂还看过好多遍，星爷的喜剧电影是唯一可以让我看3遍以上的电影。
哈尔的移动城堡,9.0,661203,宫崎骏的片子里。老奶奶都很丑。但都是好老奶奶。,腾空徒步的那一段，最浪漫,"赞这句 ""勇敢面对自己的时候是美丽的少女，退缩时就会变成风烛残年的老妇。"" 的评论",木村拓哉的声音真是亚萨西啊……,这个……其实我没怎么看明白，14年的宫崎骏粉丝就这么秀逗了。……（后来千和我说她也不懂，少许有点心理安慰……）
天堂电影院,9.2,461584,没有结尾的热吻，这部片子就只能是还行,《天堂电影院》是每个人的童年，每个人的家乡，每个人的初恋，是最后绵绵长长一直伴随到死，渗透到了血液里灵魂里的记忆和感觉。,在中国电影资料馆先看了177分钟版本的导剪版，感觉后半段特别糟心；随后立刻找来124分钟国际版扫了一眼，感叹这片的制片人和国际发行商够牛逼，直接将一个狗血剧剪成了未央歌：爱情无果而终，影院坍塌解体，不完美的完美。,感人，但平淡。,回忆就是因为回不去才可爱，才可贵。错过多年以后let go的坦然有时比悲情的执着更能予脑海留香
素媛,9.2,410994,1，现实还是那么恶心，家人和童话让我们活下去。2，如果心灵得不到安慰，再公正的判决也终是悲剧。,“受过伤害的人总是笑得最开心的，因为他们不愿意让身边的人承受一样的痛苦。”,简直要疯了，强奸未成年的都去死啊啊啊啊。片子虽然虐的要死，但是中间有很多让人特别暖心的细节，包括同事同学朋友的那些帮忙，父亲对女儿那种深沉的爱，让人觉得是可以战胜悲剧的。今年青龙奖给了这部最佳影片也是肯定了它的积极意义,最感人的是素媛回家时那一墙的小纸条。,泪流满面。
罗马假日,9.0,668204,赫本，无与伦比的美丽。,没有看过这个的经历会显得自己太无知老土，看过了，觉得真是金童玉女啊，真是令人向往的爱情啊！真是......尽管看完了该无知还无知，老土的也没变洋气，毕竟主人公那长相那气质不是几个整容手术几部电影能成就的。,戏里戏外皆是戏梦一场,永远的奥黛丽·赫本,经典中的经典，感动中的感动~我的公主，我的罗马
闻香识女人,9.1,580098,"当我心中的正直感逐渐淡去之时,我庆幸我看到此片.",感谢在我灵魂枯竭的时候看到这部电影。,"喜欢TANGO那段
",这个故事告诉我们……看得见看不见其实无所谓，长得帅怎么都行……,看过这部电影不仅是视觉上的感受更多的是内心的震动和灵魂的洗礼，两个主人公一个是上着大学的乖学生一个是脾气古怪的盲人大叔两个本素不相识的人，因为一分工作联系到了一起，从一开始的互不理解到最后改变了对方，整个过程确实值得人们深思。整部影片的最高潮就是最后的演讲也是我最爱的部分。
辩护人,9.2,412711,2013年韩国到底要生产多少部在中国是绝对敏感题材的电影，《恐怖直播》《流感》到这部《辩护人》，都是在最后半小时爆发，掏空灵魂的让人陷入深思…影界良心！电影的现实意义大过电影本身，前1个半小时还是有些难代入剧情，好在撑到了结尾，并对“点名”煽术毫无抵抗！,OMG，这尽然是一部处女作。瑕不掩瑜，已经很棒了。被宋康昊那神演技弄得几度落泪，与其说是煽情，我倒觉得这就是演员发挥出来的功力见效了，入心。故事很有嚼头，真实事件改编，韩国军事独裁到宣扬民主的一个转折。结尾哭成傻逼了。另，韩影和韩剧真是出自同一个国家吗？Come on...,只有更卖力地骂内地院线片了。原来是改编了卢武铉的故事，法庭戏倒是一般，煽情没错，但合理性和逻辑性似乎不太够，结尾超级感人。宋康昊曾用那双大小眼注视着银幕观众，如今，又是直面冷血暴力机器，非常之动情,题材优势占2星。电影技巧本身一般。但这种题材是我们望尘莫及的，因为我们当年没机会没勇气去做那些事情，现在就只能承受这样的后果。,导演似乎除了煽情啥都不会，故事如果再提前30分钟进入正题肯定会更棒，好在题材和宋大叔的演技很加分。其实韩国人能拍这样的题材，就是一件令人羡慕的事情，感觉天朝永远都处于这部电影里的时代了。
搏击俱乐部,9.0,609997,与同学一起观看。在一个专放商业片校级电影社团放映。一直到大四才看此片，似乎有点不应该。不过我不能理解的是，此片居然如此大众，而且评价如此之高。。。其实我很客观地说，在我心目中，这部电影只能算是一般。坦率地说，我看到中间的时候还睡着了。。。,记住了，这个导演的电影不看了,前半段太繁冗，后半段太啰嗦。。,工作不能代表你，银行存款并不能代表你，你开的车也不能代表你，皮夹里的东西不能代表你，衣服也不能代表你，你只是平凡众生中的其中一个,看着所有的摩天大楼在我们面前轰然坍塌，结尾真他妈浪漫啊
哈利·波特与魔法石,9.0,603896,一整个世界被打开了的感觉啊。,第一部是最忠于原著的~而且第一次接触魔幻世界很受震撼~,那时候是有多可爱啊，刚接触魔法的种种新鲜和刺激，比起后面的黑暗剧情以及丹尼尔越来越大叔的模样，真是怀念这里啊。,我竟然還沒有在豆瓣添加哈利波特系列啊... 我怎麼當粉絲的我！第一部自然是最引人入勝的。,一个全新的世界被打开了，新奇而不可思议，我们都是麻瓜，幻想一天早上猫头鹰会送来霍格沃兹的入学通知书。铁三角组合很可爱。
死亡诗社,9.1,476256,看这部电影才知道，原来自己已经死去了好久，从某个不经意间被打破的清晨开始。, 哦！船长！我的船长！,《死亡诗社》最后安德森爬上课桌那一幕哭得我稀里哗啦的，一个刚到口的龙眼就活生生地吞下去了。它和《孩子王》有一个同样的情境设定，但立意确实不同的。《孩子王》里“从前有座山”那段也是让我唏嘘呀。另外，《死亡诗社》的中文配音配得很好，不知道出自哪儿。,这个时候他该怎么办我想，只能去死了。没想到他真去死了。sb一样的父母,"后来，多年以后，追姑娘被揍的他成了律师合伙人，继续暗恋过去的女人，被双亲寄予厚望的他终究还是“妥协”成了医生，洒脱不羁胸前刺字的他消失匿迹在茫茫人海，那个羞涩腼腆外柔内刚的文艺青年，一步步蜕变成了文艺中年。光阴飞逝，诗社不朽，Captain, Oh Captain"
教父2,9.2,349658,74/47th 第一部是关于神化的智慧。第二部是男人的光辉与悲哀，以及意大利的传统家族观念在美国的狗屁价值观前节节败退,虽然有点儿长，但你会知道为什么三个小时你都坐在这里～（不明白自己2009年5月27日怎么留下了这样的短评，而且还被打了104个有用，毛用啊，对于回忆当时看完这片儿的感受一点用木有。2015.8.8重看，不如1爽，相比之下节奏氛围人物塑造都差了些，自然还有其精致所在但已经没了那种生猛，太可惜了）,阿尔·帕西诺不能再帅，是年轻时的代表作。,阿尔帕西诺你敢不敢再帅一点,所以说，苟富贵 勿相忘是古今中外最难做到的六个字。仔细想了一下麦克和他爹的差别，一个是由穷到富的创业，从妻子到孩子到朋友到哥们弟兄，无一不是感恩的，跟着教父有肉吃。而麦克，只有他知道世界多危险，他一个人扛一个人摆平一个人承受，然后身边所有的人却把他看做是凶手和怪物，真可怜……
窃听风暴,9.1,392498,国安局血的教训：千万别请文艺青年做秘密警察～,我们总是歌颂从未发生过的事。,结尾让人叹为观止，感慨万千。,看到结尾到底还是忍不住泪奔了,"-  总觉得还差那么一点点~
大叔和肥婆亲热那段让我破灭了。。。"
狮子王,9.0,536446,经典之所以称之为经典正是因为他无法复制，狮子王就是这样的经典，每一个细节都那么出色，每个音乐都那么动听，恰到好处的搞笑和贯彻始终的感动。这样的片子不管放到什么时候都不会落伍，因为他本身就是传奇,现在看剧情真的好简单啊，不过拟人感实在太完美了。还有那个“哈库那莫塔塔”，好多年没听到了...Can You Feel My Love Tonight？,我只是在必要的时候才会勇敢，勇敢并不代表你要到处闯祸。,勇气与成长的故事，即使过了多少年，即使生处不同的时代，仍旧能够让人有所感悟……辛巴是在波折的人生中踏出了那条成王的道路！,台湾佳译影院译制的，非常用心的翻唱了所有曲目，相当不错。不过故事就次了点儿。
指环王2：双塔奇兵,9.1,466671,每次看魔戒都会被奥兰度惊艳到~,第二部，树精很萌，甘道夫升级了，〔尊敬的用户甘道夫，恭喜你升级为vip1白袍巫师！〕→_→精灵王子吕秀才越来越帅了！,莱格拉斯无敌帅~,你能想象吗，彼得·杰克逊总共只花了2.8亿美元，就把《指环王》三部曲拍出来了，最后全球票房29亿美元，三部曲通通获得奥斯卡最佳视觉效果，还有一部拿了奥斯卡最佳影片。,一口气看完三部白金加长版，对于这样的片子，只有两个字形容：经典。相对于骇客帝国，这三部的连续性非常好，值得称赞。
我不是药神,9.0,1415866,"王传君所有不被外人理解的坚持，都在这一刻得到了完美释放。他不是关谷神奇，他是王传君。
你看，即使依旧烂片如云，只要还有哪怕极少的人坚持，中国影视也终于还是从中生出了茁壮的根。
我不是药神，治不好这世界。但能改变一点，总归是会好的。",放在豆瓣语境下，是部时至今日终于拍出来的国产“高分韩国电影”。拿现实题材拍商业类型片，社会意义摆在那，群戏也处理得相当不错。对我们国家而言，这样的电影多一部是一部，走一步是一步。,最大的病，其实是穷病。真的被感动了，整体都很成熟，也有些许韩片的影子。几个演员表演都非常出色。可看性和内在的表达都不错。这个世界最荒诞在于，越贴近真实，真实越荒诞。人这一生，太不易了。最后，王传君，加油哦！,“今后都会越来越好吧，希望这一天早点来”口罩成为符号，不是雾霾，而是人性的仪式，结尾竟然看到《辛德勒名单》一样的救赎。通俗感人，上海电影节首映哭倒一片，基于真实事件改编的社会意义加分，或许《我不是药神》之于中国，就像《摔跤吧爸爸》之于印度吧…能看到就不错。“其实只有一种病：穷病”,只要提到价值，中国电影的标准便会坍塌。明眼人都看得出，幕后黑哪是一脸奸相的大药厂，又或者，结尾辩方律师可以再底气不足一些。前后大发感言的两名老太，表演模式有何本质不同。徐峥的转变与倒贴，全是目睹惨相的愧疚觉悟——而在这样一部电影里，最不缺的就是惨。被消灭的，何止是戴口罩的病人
大闹天宫,9.3,250720,这个无须评论。,1961年，中国大陆，全手工，10分钟的动画要画7000到1万张原动画，历时4年。文革时期此片被批斗为牛鬼蛇神、流氓无赖的化身。日本“漫画之神”，动画漫画始祖手冢治虫本人承认正是看了《铁扇公主》，他才弃医从事动漫事业，才有了后来的《阿童木》。万氏四兄弟！中国的动画曾经领先亚洲，我没夸张。9.5,“怎么能抵的过我这一锤——呀~”,永远的经典,中国动画史上的一块金字招牌，当之无愧。
两杆大烟枪,9.1,416276,中国多少年轻导演在学这风格,嘛叫编剧功夫？界就叫编剧的功夫！,大轮回剧情，赞不绝口。配乐无比踩点。特写连毛孔胡渣都分毫毕现。摇摇欲坠，坐在各种笑料回荡的嘴角上，寻着被烟熏的发黄的咯吱作响的牙齿，就快要从这口腔中滑落下去。笑到背气的是帅哥那严峻，放纵时而又苦逼崩溃的脸。铤而走险后疯癫狂欢，年轻人们决不会想到这一切都只是纠葛的开始。,犯罪都那么的英伦范，盖·里奇构造了一出无巧不成书的黑色喜剧，调侃、刺激，别有一番滋味。“四个臭皮匠顶个诸葛亮，盖·里奇果然不是盖的。”,果真没让我失望 喜欢这样能让你笑着紧张的好电影
指环王1：魔戒再现,9.0,524674,于我，魔戒永远是不可逾越的史诗。,在拒绝好莱坞N年后，一次意外的走入影院，我成为了LOTR的死忠，总有一个绿衣服的弓箭手在眼前晃悠，我冒着花痴般的笑容，历史就此翻开了崭新的一页。,"片子真长，Liv真美，Frodo真废物，就会叫""Aragorn""！",只为~～奥兰多布鲁姆,原来某人ID是这里来的，不过据称其实是前传《霍比特人》里的。果然是很像西方版的西游记，人物多了一些所以可以分成若干支线，风景和精灵们确实相当迷人，奥兰多布鲁姆在这里面太好看了啊。但也没有想象的那么好。二三集待续。看的加长版，最后字幕长达二十分钟⋯⋯
飞越疯人院,9.1,416620,"上大学时候看的,几乎是我从理想主义变为现实主义者的转折点.""现实是沥青水泥马路,想在上面睬一个脚印,比登天还难"".",不自由毋宁死。,疯子如此可爱，正常人如此可恶,始终没有办法喜欢尼科尔森，除了结局，基本是部烂片。,哲学家只说不做，人权卫士有心无力，普通人像傻瓜一样只知道看热闹。未觉醒的力量需要人去唤醒。那个人就是“飞过杜鹃巢的人”。他牺牲了，唤醒了原力。大众的愚蠢已经不止一次被吐槽了。电影结局的美好，和当下现实的残酷，即使过了40年都未曾改变，要不然也不会有《鸟人》。你永远都飞不出疯人院。
美丽心灵,9.0,515935,"所以说不要学数学,你就是不信邪",李笑来老师推荐的一部电影。纳什是历史上第一个广为人知的“用自己的精神战胜了自己的精神病”的人。看的时候不够专注，这是部需要安静认真去看的影片，另现实中精神病始终是一个没有最终被解密的领域，治疗的药物对人的大脑损伤很严重，加速度痴呆和记忆衰退，包括影响性欲。他的爱人其实才是最伟大的,每个孤独的孩子其实都有一个别人看不见的好朋友,这才是真真的传奇，再好的编剧也想不出来吧。,与我想象中的不一样，很震撼人的传记电影，从中我最大的体会是：做伟人也真不容易啊~~
饮食男女,9.1,381550,老处女性饥渴献身机车男、约炮女遇渣男回头是岸、心机女挖墙脚嫁入豪门，老鳏夫暮年入花丛枯木逢春，李安导演，你牛。,李安最好的作品。太流畅了，调遣得宜，全无废句。,你个杀千刀滴老朱，我以为你要勾引我，原来你是要拐走我滴女儿！,细腻又不做作，李安的一贯风格。,大导演拍小琐事，像庖丁一样，每一刀都恰到好处，这刀在故事里游刃有余，不见一丝烟火气，故事戛然而止时会觉得这故事仍然在这世上某个地方继续流淌。
V字仇杀队,8.9,730319,观此片，有种身临其境的奇妙。,忘却乃是苍生之罪过。有些人不愿意我们说话，因为尽管沉默代替了对话，言语却总能保持它的力量。它向那些愿意倾听的人们发出真相的宣告。而真相是，这个国家有些事情错得可怕。残暴、不公、歧视和镇压，曾几何时，你们拥有自由，可以按照喜欢的方式所思所言，今天你有了审查和监督，强迫你随波逐流。想,超好看！超感动！很有1984的味道~~~！,民众没有这样善良。若真实发生，最后万人一张脸孔的场面仍是过于理想化。,"“我不明白，为什么我对你一无所知，而你却成为我生命中最重要的事”
"
黑客帝国,9.0,524426,真是沧海桑田：那时候基努-里维斯还是清瘦小嫩肉，沃卓斯基姐弟还是沃卓斯基兄弟，诺基亚还是业界老大。,一部蕴含丰富哲理的科幻巨制，袁和平的动作指导将东方武学艺术推向全世界，尼奥躲子弹的镜头成为经典~~,"有没有可能整个世界都是电脑模拟出来的，我们以及我们周围的一切也只是电脑中的一串代码？
“你和所有人一样，生来就是奴隶，你生在一座自己感知不到的监狱”
这种猜想已经足够震撼人心，但《黑客帝国》的深度还不止于此，它还在这个基础上提出了新的问题：
你会选择蓝药丸还是红药丸？
是选择美好的虚幻还是残酷的现实？
表面上好像很好选，其实比我们想象中困难得多。
一边是未来的末日世界，被饥饿和寒冷所摧残，还要面临...",为数不多看不懂的电影,黑格尔的异化理论，事物发展到一定阶段会异化出与之相对的异己，异己的发展会最终替代本体，人发明机器，最终被机器所替代。
猫鼠游戏,9.0,524287,能让巨骗进FBI，这份惜才的胸襟才是一个民族强大的原因。,这是我看过的来奥纳多最可爱的角色,很难想象是根据真人真事改编的，很牛，不过在中国估计出不了这种人吧...除非，中国也有个FBI？很好莱坞的片子~~,诚实的人最自信，所以——我会尽量让自己不那么害怕。精彩绝伦的猫鼠游戏，现实比电影还牛叉闪闪，斯皮尔伯格真是拍传记片的天才！,“how did u do this frank?”片头十分有意思，悬念里蕴含温馨，两人亦敌亦友，是一种值得去享受的矛盾关系。虽然是根据真实故事改编，但看下来还是能发现不少容易推敲的漏洞，亦或者在那个纯真的年代，其实并不需要多么复杂也能得到想要得到的。★★★★ 
钢琴家,9.1,344641,最刺痛的是那被直接丢出阳台的坐轮椅的老人,"影片的结尾让整个故事的基调上升了几个层次，这并不是一部简单的反映二战反映犹太人与纳粹的影片。人性是很美的，当然，人生的际遇变幻各有轮回
",你叫什么名字？ 斯皮尔曼。斯皮尔曼，一个好钢琴家的名字。,谢谢上帝不用谢我，他让我们死里逃生，,有些电影，你仿佛能看到导演在摆动机位，演员在背台词。但又还有些电影，你完全交出了自我，跟着电影走，不知接下来发生什么，因为你已相信这一切都是真实的。
本杰明·巴顿奇事,8.9,675240,你可以像疯狗那样对周围的一切愤愤不平， 你可以诅咒命运，但是等到最后一刻到来之时， 你还得平静的放手而去。每个人在某种程度上都对自己有不同的认识，但是我们最后都会去往同一个地方。只是走的路不同罢了。你也有属于你的道路。,阿甘正传+大鱼+摩托日记+罗拉快跑+千岁情人+第六感生死恋,看了第二遍后，觉得是杰作。好电影就是每次看都会觉得心醉神迷。,时间的玩笑，时间的重量。这惊天动地的化妆...,哇被两个女王睡过的男人，简直可以说是Holy cock了
看不见的客人,8.8,780348,大爷大妈智商这么高 家里娃却蠢到开车不系安全带 还tm发短信。。,剧本太精彩，处处伏笔，层层反转，虚实交错，暗潮涌动。自作聪明的往往一败涂地，不动声色的才能笑到最后。,所有爱玩反转的悬疑电影都可以用一句话来概括：你以为你以为的就是你以为的。,“男主玩家的言论真是无懈可击，可惜我是预言家，你已经被我查杀了，你自爆不自爆”,2015年看的《罪恶之家》，2016年看的《完美陌生人》，2017年看的《看不见的客人》，共通之处就是利用剧作上的巧合和人性的叵测，将一个充满黑色悬疑的精彩故事有条不紊地讲述出来，虽然过程中猜测出女律师古德曼的身份，但劳拉却并非我预测地来个《大卫·戈尔的一生》的自我救赎……人言可畏亦难信？！
让子弹飞,8.8,1096888,因为对《让子弹飞》吹捧得无耻到惊世骇俗的地步，本短评已被和谐。,姜文的个人英雄式表达，但拍得流畅热闹，复杂的剧情细节之下，是他坚持的自我，但与鬼子来了相比，他更懂得如何掩藏自己挑战的野心，这些野心都掩藏在了一流的喜剧功夫上。,叉着腰！牛着屄！嗨起来！,承认爆米花式的好看不行么？别分析政治隐喻了不如去分析下百年孤独更给力。这次是冯小刚式的姜文，不是国产大师不是救世主，他是凡客。。。,牛着逼！
海豚湾,9.3,275406,看完确实很难受 但是其它被食用残杀的动物就因为比海豚低贱么...我也没办法真的素食主义..更别扭,看关于环保，动保的纪录片的最大意义就是转化为自身的行动。现在这种片子很多，如果看到10部你还没素食我怀疑你是不是要人格分裂了。,海豚湾的鲜血让人心痛。志愿者们的勇敢无畏令人动容。,“必须屠杀海豚，因为他们吃了太多（我们的）鱼；必须屠杀海豚，因为要维护昔日大日本帝国的尊严！”  丑陋的真相背后总是有政府和利益集团的勾结。,当Ric把屠杀海豚的视频绑在胸前闯进OPS的大会现场时...我的泪喷涌...
西西里的美丽传说,8.9,659267,"“时光飞逝，我爱过许多女人，问我可否忆起她们，我说是的，我可记起你们，但唯一我不能忘怀的，是那个从未问过我的……玛莲娜”
",这女人是可以让整个城市心跳加速的,中国人喜欢拍强奸戏，通过女性的灾难来反映人性与战争的罪恶，托纳多雷显然玩的更高级。,@贺炜：一个出色的女人，她的全部罪恶在于她过于出众，庸众总是想亲近她的，可是发现她高不可攀，于是流言四起，每个人都不遗余力，直到她被流言所伤，被生活击溃，被拉回庸众的行列，终于学会对周围人道声早安，大家才心安理得起来。于是，平庸又杀死了一个人。,每個人在他最純真的歲月裡全身心愛上的那個人總是最難忘的，然而在她最無助的時候竟然沒有人挺身而出
情书,8.9,621630,无聊！找了半天真相才发现自己是个替身……傻比青年啊……,总是点到为止的岩井俊二.,最后卡片翻过来后，我真的哭了。,也许每人都有似曾相似的故事，逝去了才追悔莫及。,永远忘不了柏原崇倚在窗口的样子，他拿着一本书，低着头看，窗帘在他身后轻轻飘荡，抬起头，我看到了这个世纪末的美少年的干净美好。《情书》的就是经典的岩井俊二摄影风格，此后很多爱情片都有借鉴他的取景和摄影风格。
拯救大兵瑞恩,9.0,435555,战争电影No1，美利坚精神输出大片。,为什么看中国战争片就感觉high得不行真想打一仗，看外国战争片就觉得战争真可怕和平多好啊。。。。再不在吃饭的时候看战争片了，太胸闷了。,看到结尾Hanks无力地对着迎面驶来的坦克，内奔……,让我感动得哭了.,不论你如何唾弃，这就是美国！这就是人性！冒着损失一个小队代价的风险，也不能让一个母亲一天接到第四份阵亡通知书。影片开头的抢滩登陆极其写实，让人有种观看纪录片的错觉。近结尾 汤姆·汉克斯用手枪盲目下意识射击坦克最后竟然真的击爆的情节让人倍感希望。
小鞋子,9.2,267191,美丽而清贫的童年,这些故事那么熟悉，就发生在我身上。,最纯的电影,身体欠佳妈妈让孩子给疲惫的爸爸倒茶，富人爷爷给认真工作的爸爸丰厚报酬，富人弟弟和哥哥一起开心玩耍，爸爸赚了钱想给妈妈买电熨斗，哥哥想跑步比赛给妹妹赢得一双鞋，老师为经常迟到的哥哥求情继续上学，妹妹把心爱的鞋子让给另一可怜人家的女儿，这另一可怜的女儿把捡到的漂亮铅笔还给妹妹……,电影里很多日用品看起来都像中国货：铅笔、笔记本、塑料拖鞋
音乐之声,9.0,402591,用音乐化解仇恨，让歌声串起美好。,还记得是音乐老师放给我们看的，真的好好看，真希望现实生活和剧里描写的一样和谐,居家旅行必备良药~,会好看的电影，音乐非常好听，男主角的小孩真多啊！好可爱,我是先喜欢里面的一首歌才来看这个电影的。里面的歌舞不错，故事也挺正能量的，如果老师都用爱来教育培养孩子，那孩子们就太幸福了。
美国往事,9.2,287543,有一种片子，伴随你走过热血沸腾的青春期，在成年后来看却又是另一番感受。在巴西，它叫《上帝之城》，在日本，它叫《大佬》，在韩国，它叫《朋友》，在香港，它叫《古惑仔》，在台湾，它叫《牯岭街少年杀人事件》，在大陆，它叫《阳光灿烂的日子》，最早的在美国，叫《 Once Upon a Time in America》。,太好看了。我喜欢它的叙事手法，少年、中年、老年穿插在一起，处理得很成熟干练。配乐非常棒。,时间真是一把无情的杀猪刀，想当初青葱的詹妮弗·康纳利一回头惊艳了多少人,如果有一部黑帮片能和《教父》比肩，在我心里它只能是《美国往事》,“青春和强壮会随着锋利的剑而消亡” 大干一场的青春，不曾虚度的十年。岁月让人枯萎，而我们现在有的只有回忆……包罗万象的年代史诗，4个多小时的大银幕体验，电影节完美句点。
穿条纹睡衣的男孩,9.1,328189,穿小短西裤衬衫背心的宝贝，眼睛像透明湖水能看穿一切的纯净。以为穿条纹睡衣的男孩会化作烟囱里的浓烟，可这么一个仓促的结局，大雨像硫酸一样砸向心脏。,"""突然镜头换到那扇黑色大门前，慢慢拉远。 
如果你哭了。是为BRUNO对吗？ 
那么，shmul呢？""",如果你看完之后只是为这一个小男孩而伤心，那么你是真的有种族歧视了。,"每一个""纳粹""的孩子, 上辈子都是折翼的天使",我觉得它并不比[辛]差，不是只有透过大社会看战争才是正统的片子。父亲就算是纳粹也爱自己的妻子小孩，母亲做为女性心软，青少年容易被骟动，而什么都不知道的小孩只能接受大人给他灌输的知识。我觉得这些都是可以理解的，并不是“刻板”“形像化”的。最后的长镜头看了几遍
致命魔术,8.9,577477,黑寡妇勾引完金刚狼勾引蝙蝠侠，最后玩腻了一走了之,说穿了不管是孪生兄弟还是复制人，让他们对舞台上的成功如此痴迷的不过是观众脸上惊奇的表情和如雷的掌声。当我们一直生活在需要别人给予肯定的怪圈之下，我们就迷失了当初的自己。,情节悬疑，叙事精巧，主题丰富，背景深厚。简直为完美之作。,精彩绝伦的叙事！伯德的“双胞胎戏法”决斗安吉的“复制人重生”——牺牲是魔术表演的最高精神，双胞胎选择牺牲自我，轮流分享人生；安吉同样也是牺牲自我，却拿肉体做赌注。明显开放式的结局，你猜安吉有没有把新的自己都杀死了呢，如果没有，那安吉其实还没死。我杀了你的兄弟，你杀了我的备份。,克隆出来的Hugh Jackman别杀啊，给咱一人派一个啊……
七宗罪,8.8,674460,因为看的年代晚了 所以惊喜全无～,故事看多后的后遗症就是一般最后半小时就知道结局了。。。,印象最深的是那个胖子,结局让我喜欢这部电影,"色调太深沉，纽约的雨一直下，混乱的街区，血腥的现场。
有些画面好恶心，分2天看完的，特别喜欢老警察，演技台词都是一流的。
还有万万没想到的结局。
"
低俗小说,8.8,574348,忘不了Uma Thurman和John Travolta的狐步舞,怎么会有人说这部电影不好？五年间我看了至少六七遍，它是这么好玩而且嚼劲十足，开心得让人觉得在读一本好小说，昆丁是个很赞的story teller，这不就够了吗。,昆汀有三宝，恋足，逼叨，配乐屌。,昆汀在这部集中展现了他的恶趣味：恋脚，屁眼，假奶，穿洞，SM，血浆。台词功力超屌！杀人时间还太早，再聊一会儿。,不要在上厕所的时候看书  不要过量吸毒 不要把枪放在厕所门口
绿皮书,8.9,998109,让人印象最深的片段是他们的车在南部的乡间小路上抛锚，和田里劳作的黑奴对视的那一幕，无声却发出巨响。,你知道这个故事要讲什么，你也知道这段旅程会经历什么。你明白这其中并不会触及什么过于深刻的东西，却也展示了许多直白，你明白身份是每个人无法避开的东西，也知道相互理解是多么难得。你会自然地喜欢这些描写得并不太像真实人物的角色，你会跟着那些好笑或其实并不太好笑的片段笑出声来。或许也只是将发笑作为第一反应来化解或掩藏其他的感受。你知道故事和片名说的绿皮书关系其实不算大，你也大概没有想到自己会喜欢这部影片。,基层白人司机护送著名黑人钢琴家在美国南部巡回演出的故事。两位角色的社会阶级和教育程度的差异，让电影笑料百出，肤色的对比却又十分的讽刺，让电影充满种族平权的抗争和泪点。两位演员默契火花十足，是一个十分温暖人心的故事，影片结束之后响起经久不息的掌声，边笑着边流着眼泪鼓掌到手都疼了。,“世界上孤独的人都害怕迈出第一步” 从最开始的矛盾抵触、到被迫站到一边慢慢调和、甚至最后的惺惺相惜，这不是一趟抛开歧视的旅途，而是两个孤独的人从彼此身上看到另一个世界，一个更真实的世界。纵使有太多不同，种族的、阶层的、贫富的，都可以在这一场春风化雨、淡入心灵的结伴同行中，化干戈为玉帛。“爱上你是件毫不费事的事情”、“如果我不够白，也不够gay，又不够男人，那么你告诉我，我到底是谁”…唐·谢利为托尼...,完成度很高的公路喜剧片，亮点在于人物塑造完整和细节使用精彩，剧作与表演堪称杰出。创造灵感来自于真人真事，为表达主题做了艺术虚构与夸张，听说真人的后代对此有意见及争论。艺术作品不是历史，我以为无可厚非。
沉默的羔羊,8.8,571164,正是因为米国没有卤煮火烧和烩羊杂，就连爆肚、溜肥肠，酱爆肝尖，火爆腰花什么的都没有，所以作为美食家的汉尼拔很尴尬，常常为了一份食材而绞尽脑汁，大费周章，其实。北京欢迎你，大可满足你顿顿吃卤煮的愿望。,"最后一个镜头与T-Bag神似!电影一般,不过汉尼拔越狱那段非常精彩!看评论有人自作聪明的评论这段屋子里怎么没有监视器?是电影一个致命BUG.明显故事背景时间没搞清楚,还不如说在汉尼拔身上植入一个GPS呢.",为啥我觉得挺一般的啊。。。,所谓经典就是无论什么时候翻出来，都能让人回味许久，值得反复琢磨研究。其实小说本身并没有多么出彩，但安东尼·霍普金斯却超一流的演技诠释到了近乎完美的境界。★★★★☆,親愛的朱迪，當時我還不懂人為什么會有那麼深沉的夢魘……
蝴蝶效应,8.8,634795,每一次的选择已经是最好的选择了。改变未必是优化。,"尽管有破绽,但是构思的巧妙和创新足以弥补,不能用科学的角度来分析艺术",最后《Stop Crying Your Heart Out》想起，悲伤总算找到了出口，那个擦肩而过也许就是最好的答案，但过去的现在的将来的依旧无法被改变，Oasis的这首歌太绝了！★★★★,原来是导演剪辑版，结尾的改动让它加了一颗星。这就一恐怖片呀...如果不讲剧情在哲学上的自洽和科学上的合理，编剧还挺不错的。怎么可能一次爆炸就把人格完全改变呢，人格是很稳定的嘛。蝴蝶效应可以改变事件，但说改变人格就有点扯了。【2009年9月25日看的，豆瓣记录有误】,这部片一定要看导演剪辑版！最后的胎儿简直震撼人心！！！然后还特地追了几个不同版本的结局，其实也挺各有千秋的！
被嫌弃的松子的一生,8.9,513689,"用喜剧的手法来拍一部悲剧
你会发现最后笑得前仰后合
而眼里却挂满了泪水","　　""小时候,谁都觉得自己的未来闪闪发光,不是吗 　　但是一旦长大,没有一件事会遂自己心愿"" 　　 　　她总是想着办法，即便是些常人看起来怪异可笑的办法来面对不太公平的生活遭遇． 　　 　　看得我真他妈压抑. 　　我就是无比恐惧自己的生活会变成这个样子 　　导演和编剧把我对我生活的梦魇般的臆想变成了胶片",松子的生命力真顽强，每次说着“我觉得人生完了”，但是又都站了起来，当然，那时候她多么年轻，还有时间，还有爱。可惜正常的人生还是可望不可及，无非想被爱和爱人，但是不止寡情会辜负人，浓情同样也会。她总是在忍受，即便挨打，也还是要坚持在一起，留着希望，也许这也是一种方式的被重视吧，聊胜于无。是呀，为了被重视，她不断的去讨好别人，用鬼脸、用身体、用爱，但是那雪地上的一击，任谁都会被打垮吧，所以她不再反抗了...,这个故事是对“少女情怀”赤裸裸的嘲讽！,可她最后还不是绝望了…这又何止是松子一人的人生…所以，孩子小时候一定不能缺爱，我以为松子悲剧的起源就在于从小她父亲对她的漠视…使得她在爱与被爱上充满了渴望，却又总是处于极卑微的状态，这样的卑微岂能不悲剧…
春光乍泄,8.9,426599,爱一个男的还是爱一个女的尤其的不重要，只是爱一个爱上了的人……这个世界就完了,总是觉得，站在瀑布下的应该是两个人。,爱到极至，就是两个人的互相折磨。,他说，不如我们从头来过。,还能说什么呢？探戈，大提琴，黄色滤镜，南美大瀑布，世界尽头，相比纠结的爱情，我更喜欢黎耀辉看到小张家人时的感言：我现在知道为什么小张可以自由自在的走来走去，因为他知道该回到哪里。
禁闭岛,8.8,632367,非阴谋结局 泰迪确实病了 最后泰迪是被治好了 但他不愿活在痛苦中 因而假装自己又犯病了而去做切除手术,我打4.5星，不能得5星的原因是，电影有些长…… 故事很好，每个转折点都很清晰，故事就像《本能》一样，到最后一分钟揭晓大结局给人惊喜。说不好看的同学，大概没有注意结尾。因为谜题的揭晓，是在影片结尾莱昂纳多说的一句话里。,他只是厌倦了，所以将错就错，结束了自己。,结局是开放式的，随便你怎么演绎都有理。所以大概不能断定说看到一半就猜到吧。,他到底会像怪物一样活着，还是会像好人一样死去呢？
心灵捕手,8.9,473233,当他作为清洁工演算全世界只有两人懂解答的方程式，当他在酒吧用丰富历史知识与清晰逻辑思维对敌哈佛学子，当他恋爱与女主角吃饭时接吻，被子里缠绵，当他坚定地说我不爱你，当他遇到心理学教授，当他口出狂言，当他说起飞机趣事，当他痛哭，当他大笑。这是个没法让人不着迷的男人。,“我们的小缺点让我们找到对的人。”没有谁是完美的人，最亲密的人就是能够完美的接受对方的不完美。在那个年代，有许多这样的励志影片，或许现在回头看会觉得俗套说教，但精致的对白，动人的配乐，达蒙与罗宾的飚戏，始终会有抓住你的地方。生活有時候只是一种伪装，真正的声音源自我们内心。★★★★,就是这种电影能让我心甘情愿哭，因为我心甘情愿跟着它煽情的脚步。,我想找个像Sean一样懂爱的人。,马特达蒙是这样的男子：数学方程解得再牛叉、表现得再天才不羁，我却总想扔给他一身棒球服、橄榄球服，然后下一秒钟，他就会出现在球场上
布达佩斯大饭店,8.8,598202,《布达佩斯大饭店》，配得上太多赞美的词汇，但是电影最后的十几分钟，我内心感到了一股深刻却难以名状的悲伤，想了好久，也想不明白是为什么。走出电影院，感觉就像做了一场梦一样，似乎历历在目，却又难以言说。,非常好。像一杯温暖的热可可，做得如此甜蜜却又不轻佻，好多台词和段子都有所指涉，却又浑然天成，不像在掉书袋。片尾看到对茨威格的致敬，眼泪都掉下来了。自从好多年前看了Visconti的《豹》之后，这是第二部让我对“昨日的世界”充满向往的电影。,故事并不怎么吸引人，完全靠导演的个人风格来博取毫无鉴别力观众的好评。,依然还是韦斯-安德森标志性的复古色调、悦耳配乐，神经兮兮的冷幽默。不像前作那么随意松散，《大饭店》故事紧凑、层层剥茧，而且居然有点“重口味”。也许只有韦斯-安德森才能把一个混合谋杀、越狱、械斗的故事拍得那么喜感。,一张寄往旧时欧洲的精致明信片，L’Air de Panache的味道充斥整个屏幕，冷幽默和由慢至快的节奏依旧，尾声的高潮之后迷漫着令人惆怅的尾香。逝去的终将逝去，这童话式的一瞥令人难忘。
海蒂和爷爷,9.2,226118,人至善，景至美，故事细腻，淳朴动人，人生本该如此，温情永存，何惧苦难？,小姑娘很有灵气，给人的感觉就好像天生属于大山，光着脚奔跑在花草山峦中，风般轻盈，鸟儿般欢乐。电影中的感情都很真挚，也很友善，没有绝对的坏人，而且大家到最后都得到了所希望的幸福，这种幸福让观众看着也幸福。,这是一部被翻拍多次的剧本。小的时候看过秀兰邓波的版本，只记得阿尔卑斯的山景。不知为何，看过这部电影，仿佛回到了上个世纪，简单地剧本，没有特效，专注于人物的情感与内心。这才是艺术真正动人的地方。,"海蒂失去了父母，于力失去了孩子，他们是两个被抛弃的人，恰好填补了对方缺失的部分。
来到克拉拉家，海蒂有了新衣服、新鞋子，有了食物，有了温暖的大床，她什么都有了，可是没有了爷爷、雪山和羊群。
你给了她物质生活，其实她要的是精神生活，要的是亲情和自由。
无数的规矩和礼仪把克拉拉压得喘不过气，让她产生了心病。不仅身体寸步难行，心理也被牢牢困住。
你以为你给了她一切，其实你根本不知道她想要的是什么。
正是...",20160725 我竟然小时候看过这个故事书！
勇敢的心,8.9,430681,一句“freedom”煽的我眼泪哗哗的,有时候男人的一句嘶吼也可以让人流泪,Freedom！自由从未来得这么震撼心灵过~~,里程碑式的电影,女人的爱情悲剧之一就是爱上一个真正的英雄。
剪刀手爱德华,8.7,770962,孤独本是生命的常态,童话真美好 现实太聒噪,Adward脆弱的眼神永远忘不掉,美好的东西注定只能潜藏在角落,爱德华是每个人初恋时候的样子。
阿凡达,8.7,911759, James Cameron闭上眼，全是电影的明天。,阿凡达同时也揭示了女人的悲惨命运，主角与他的空中坐骑即是说明这个问题：选择她，她挣扎，插入她，她被俘获，甘心被他骑一辈子，众叛亲离之时，只有她在身边，魅影出现以后，她消失无踪，他再也没有寻找与过问。,已经不是在看电影了，是在比谁Wow的次数多，眨眼次数少。,特效震惊，3D感一般，但够真实，故事一般，创意度一般，世界观展示一般，但呈现效果牛逼至死，战斗场面热闹和精彩，但谈不上震惊，整体只能说，整体符合预期，这是它的优点，但没有意想不到的亮点是它的遗憾之处。推荐观看。,汗，这片基本论调就是反人类嘛。这个电影是一定要去影院看的，就算没有IMAX，起码也要看个3D的。而下载党和碟党都可以考虑放弃这个电影了。因为除了视觉刺激，单从剧情看，有太多值得选择的电影。
天使爱美丽,8.7,740406,艾米丽扶着那个盲老头走过马路和天桥和无数商店，飞快地告诉他自己看到了什么，然后又像天使一样离开。,有没有人觉得和重庆深林里的王菲有点相似？,浪漫到极至。,小聪明，小技俩，小阴谋，小可爱，电影是这么拍的。,颜色！Tautou！细节！XX！四星。再想想，就五星了。
摩登时代,9.3,185756,"惭愧死了，这才是我第一次真正看卓别林的电影。在放映之前我还想，为什么人们要叫他“大师”？不就是一个演员么。结果几秒以后，字幕上映，导演，编剧，主演，甚至音乐配乐都是卓别林创作的。我完全被震撼，真的是大师啊……

这是一部又辛酸又喜剧的片子，对当时的社会不论是在工业，政治，还是生活",这是卓别林第一部有声片，他尽可能写一个对话剧本，尽可能尝试一次“声音”的实验，然而由于卓别林坚持一贯的“流浪汉”角色，“声音”似乎又与角色不协调。反观，声音又以一种独特的方式呈现，我们听到的机械设备（有声）对人的打压（无声）正符合了电影主题的象征。,如果电影不曾有过卓别林，该会是一个多么无趣的世界。光前30分钟就让我几度笑岔了气。荒谬有理，喜谑至极！,他是个天才。|他们两个坐在草地上遐想向往的生活的时候，神情是多么的美好啊~,  那时的人们尽管贫穷，但很善良，不禁让人反思，物欲横流的今天，现在的人们又是怎样的呢？
加勒比海盗,8.7,603501,讲个小故事吧，有个小女孩给JohnnyDepp写信，希望他带着他的部下去学校铲除校长，于是JohnnyDepp打电话给学校，让学校把学生带到礼堂，这时候JohnnyDepp带着演员么冲上舞台，全场欢呼。嗯，我爱如此感人的故事,我看了六遍.好不好已经和商业无关了.,船长还能再帅一点么－。－  放荡不羁 霸气外露 豪情四溢 男人的极致啊,杰克船长你肿么了，整天扭来扭去的……故事线还是弱了点，这片子在家看碟纯属浪费。,加勒比海盗这一系列我都特别喜欢，喜欢杰克幽默风趣，顽强，坚韧勇敢，像永远也打不死的小强，还有他的黑珍珠海盗船，太神奇了！
致命ID,8.8,529895,救命啊，金牛座遭遇大屠杀...,精妙绝伦的剧本。大量的细节描写使得影片非常耐人寻味，切换焦点时镜头的微小变动更是非常隐喻。结局倒不出乎我的意料，这种片子到最后肯定会回头给观众一枪。编剧太牛了，前后呼应的巧妙简直让人佩服得五体投地。即使是6年前的片子，如今看来也生猛十足。,吓得我都要人格分裂了！！！以后打死都不要再看恐怖烧脑片！！！！！,没办法不打五星啊，虽然不到一半就猜到了结局。,本以为是娱乐片，却是一部精彩的悬疑片，和《记忆碎片》一样，不到结尾不见真相。前段或许有些老套，但进行到中段的解谜阶段就很紧张了，后面的真相揭开后，又将剧情推向一个让人瞠目结舌的高潮，难得的是在结尾，居然再次给了观众心灵一记刺痛。善与恶，原本就是一体的。 PS:1.以罪犯幻想之情节名义给剧本许多地方逻辑推理不足找到了借口2.Mhotel又有何寓意呢3.对影片营造的黑夜，阴冷，潮湿氛围很中意last....
喜剧之王,8.7,626749,星星说“我养你啊”。张柏芝在回去的路上哭得浑身发抖。,“我是一个演员”，我最爱的周星驰作品，笑得流泪,你负责美丽妖艳，我负责努力赚钱,戏梦人生，笑中带泪，好作品,星爷的电影走出了一条独辟蹊径的喜剧之路，以前只记住了他的无厘头，长大一点再回头看却看到了很多不一样的东西，略略理解了一些小人物卑微的挣扎。还有年轻的张柏芝是真的好看
断背山,8.8,512841,老公哭的稀里哗啦，我怀疑他有隐情，所以我都没看进去……,"喜欢李安。他的深沉、细腻、柔和、感性。他在《断背山》里揉进了那么多东方欲说还休的矜持，让我一下子觉得，他们的世界离我是那么近……
如果让我选择几部自己认为最优秀的电影，〈断背山〉肯定是其中之一。",近乎完美的杰作，震撼心灵。,原来男人与男人之间，也可以爱得这么唯美,He was a friend of mine.
幽灵公主,8.9,376587,宫崎骏的巅峰之作,宫骑骏就是个生态环保大师啊。,他的作品中的思想深度和人文思考区别于其他浅薄的娱乐性动画片。,每年都会看一遍，这依然是我最喜欢的宫崎骏作品，它赤诚而纯粹。关于自然、生存、人的业障，这种不带立场的冷静叙事才最残忍。当宫崎的才华无需浪费在描绘恋爱私情上时，每一帧分镜便都化作一幅瑰丽绝伦的日式民俗美学画卷。我的名字是阿席达卡，从东方尽头之地而来，你们是否就是山兽神之林中的神明？,都不知道在说些什么，但是受伤的时候很让人心疼
杀人回忆,8.8,434227,这并非一个寻求真相的故事，而是关于真到底相如何被整没了……,真实事件玩了全世界，电影玩了你，总觉得离真相很近了，而真相却是没有真相。★★★★★,不单只是杀人案，韩国在那个时代的回忆也都融在其中，化成了一幅背景,拍得非常好，是不是传说里的评价太好了，我竟然有点小失望，一直到片尾也没满足。,当整个警察局为扣押的是否是嫌犯而陷入一片争吵，那首每次杀人前都会被点播的情歌轻柔的响起，原来外面又开始下雨了——那一刻真是惊悚到无形。
入殓师,8.8,437406,"The gift of the last memories.
“人一辈子买的最后一样东西(棺材)是由他人决定的。”“死可能是一道门，逝去并不是终结，而是超越，走向下一程。”“入殓师就是让已经冰冷的人重新焕发生机，给她永恒的美丽，这要有冷静、准确、而且要怀着温柔的情感。”《入殓师》的中国遭遇：“它的国际首映在大连",日本人的表演还是太做作,"草野中木本拉奏提琴的容色有忧郁的神采.每一道程序日本人一贯的谨慎严肃和精微.对于逝去的人没有比这更好的尊重了.死亡并非代表一切终止了好的人生是一个自省的过程.于是才有谅解释怀充满了怜恤与爱的感情.感动由是草野上徜徉的音乐,飞起了生命的律动.",奥斯卡最佳外语片，这应该是继黑泽明那部《徳苏乌扎拉》后日本又一次赢得此奖项。日本人总能抓住人类内心的那份感情，而且能用电影语言表达出来那种共鸣感，这次他们对于人生死亡的态度，深深地让世界为之感动，影片缓慢细腻，用最实在的真情打动了人类的灵魂。,唯一缺憾：广末凉子太漂亮了……
狩猎,9.1,233144,其实小孩子最邪恶，因为他们完全不知道行动的后果。  ,实在是一部虐心的片子。感觉这样的故事很像时下微博流行的一些谣言，我们都喜欢耸动的新闻，人们不关注真相，更关注这个故事是否与自己预想的一致，或是对自己有利。而恶意一旦形成，将伴你一生。黑暗压抑的故事，麦德斯的表演很棒。这是个寓言，所以情节会略有刻意，尽可能的虐心。,这个男人从始至终都善良、宽容的对待每一个人，这是最让我感动的，最后Lucas教堂里爆发那场戏看哭了，Mads演得真心好，个人认为结尾开枪的是Klara的哥哥~,前半部分悬念铺设出色，后半部分情绪掌控直击人心，点睛之笔的结局让人想起《家宴》。尽管是已经被讲过无数遍的故事，但温特伯格仍然能一步步将你带入其中，所有角色的心理和行为都是如此真实可信，也因此更感可怕，观影体验如身临其境般痛苦难熬，堪称一大虐片。麦德斯的表演依然上乘。,由一件不经意的小事引起的连锁反应，最怕的是它一发不可收拾，没想到剧情岂止是不可收拾，竟然到了万劫不复。当所有人都站在你的对立面，当你以为还可以据理力争一下，到后来的破罐破摔、百口莫辩，甚至以为隐忍退让、顺其自然或许一切就会好起来、最后不了了之，然而深入骨髓的东西永远超乎你想象……
阳光灿烂的日子,8.8,432908,大陆电影的巅峰之作。,再也没有这样的时候了。被禁锢的青春里面溶着化不开的酸涩。年轻的时候爱一个姑娘，就可以奋不顾身的把所有逞能的事情都做完。长大了以后就不会了。不是不爱姑娘了，而是理智的弦告诫你自己再这样做是多么蠢的一件事情。,别人说这部片子很绝望，我看到的只是与我无关的，男生的青春期,理想是用来毁灭的。一句傻逼，喊出青春最有力度的挽歌。,重看了一次未删减版，评分未曾改变。依旧是那段不属于我们的青春，可我们同样也走过那么一段阳光灿烂的日子。即便曾经执着的傻子已把“欧巴”换成了“傻逼”，但那曾经的回忆依旧值得珍藏。★★★★
重庆森林,8.7,543240,唉！装逼文艺青年必看，从台词到镜头，掉帧什么的，哎哟~~~骚！托尼梁制服诱惑受不了啊，原来那么多文艺青年的台词都是这里来的，连周星驰那句都是。。。。- - 那个时候的王菲（还叫王靖雯）和金城武都像虾饺一样白嫩可爱。音乐好听呀。,最喜欢王菲一边开着水龙头一边说因为下雨没有办法交电费.还有那个 加洲梦的音乐.,最喜欢的一部王家卫片子。喜欢王菲的那种“我爱你与你无关”的单纯，喜欢她把唱碟机开到最大，摇头晃脑地听着mamas&papas的《california dreaming》的样子~~,只有寂寞没有期限,对于失恋的人，看这片再合适不过。无数遍了，每年都会重看，历久弥新，总会在片里有新的细节可以发现。没想到这次是在失恋中。如果热爱重庆森林也需要一个期限，我希望是一万年。
第六感,8.9,372317,小孩和妈咪的那一段结局 真感人,反转王加催泪王,虽然第一次看《第六感》已是四年前的事，但现在仍然记忆犹新。看之前就知道这是一部惊悚片，看的过程也的确被个别镜头“惊悚”了几下，但没想到的是，真正令人恐惧，心有余悸的却是影片的最后一分钟。当之前两个小时“惊悚”情节的铺垫成熟时，最后一分钟的真相大白更像是一种宣泄，一种试图冲破所有观看者心里防线的宣泄，而我的确被深深地震撼到了，那是一种发自心灵深处的震颤，一种深刻的心理体验。,又是一部以结局见长的电影,"三个印象深刻的地方-----平和和恐怖的完美结合,Haley Joel Osment的无助眼神,惊艳且充满感动的结局!!!"
请以你的名字呼唤我,8.9,411765,elio坐在火炉前，一会儿落泪，一会儿抿着泪水笑了，一会儿眼睛里又恢复了冷漠，仿佛在短短几分钟内，他把那个夏天又度过了一次，且此生还要度过很多次。,后劲太大，沉醉在电影的情感和视听氛围中无法自拔。雕像下的长镜头，午夜约会时的触碰，深夜教堂外和陌生人的尬舞。最终所有乌托邦似的美好都凝固在了80年代初那个夏天的意大利小镇，就像父亲说的那些炽热纯粹又隐秘的欲望和情感，以及用尽全力去探索、去爱、去失去、去心碎的那个自己，再也没有了。,午后一两点钟的嘈杂虫鸣。我的房间。他的房间。把全世界隔绝在外的阳台。微风追随花园里的水汽，沿楼梯往上吹进我的房间。那年夏天我爱上钓鱼，因为他爱。爱上慢跑，因为他爱。那年夏天我听鸟欢唱，闻百草香，感觉雾气在阳光灿烂的日子里从脚下升起，而我警醒的感官总是不由自主全涌向他。,能等到它拍成电影 活着真好,看进去后，我觉得并非糖水片。从相识，经历试探、闹别扭、忍不住靠近、戳破那层纸、干柴烈火、甜蜜相处、挥泪告别到深深无奈的过程，展现得细致舒缓。爱到深处，五脏俱焚，连回去的力气都没有了。小演员的演技真是太好了，结尾处他蹲在炉火边默默哭泣，那种复杂的情绪，经得起长时间的镜头凝视。
小森林 夏秋篇,9.0,276667,那些静得只能听见呼吸的日子里，你明白孤独即生活。,昨天看这个看一半看不下去了，这么美的电影，我看着心里特别难过，为什么，中国电影票房都那样了，审美还那样，什么时候才能不吃粗粮，也认认真真做顿可心的家常菜呢。,其实第一次看的时候感觉是完全迎合现在年轻人流行而且很装，但是看完又闷又没有高潮的这样一部电影后，反而会一直在睡觉前想再翻翻，我喜欢这种可以不断重复看的电影。可能是潜意识的对电影的这种生活状态有些羡慕，也可能是因为人累的时候就很想回归这种最基本的需求和生活状态,会自己动手做四时农活的回乡，才是真回乡。不过日本乡下的生活条件，又要远远便利于我国啊。,世外桃源啊！单单一个人洗衣做饭在乡村过归隐生活，这浮躁如我，定是守不住，那寂寞空虚冷。不过这里的乡间，实在是太清新了！单单这一片绿色，就在心里变的十足清澈。还有这美食美景美女，一脸天然呆、内心白，悠闲自然的状态，还有农家乐、草木青，哎哟，真心是奢望啊！8.7
哈利·波特与死亡圣器(下),8.8,495942,一整场电影下来大家都很安静，几乎没有人说话，都掉进了长达十年的回忆之中，百感交集，直到结束，但是所有人都知道，它将永远不会结束，也许每个人心中都在期待着某一天自己的会收到霍格沃茨的offer然后拿着行李冲向九又四分之三站台。对于我这种脑残粉来说，给一百颗星都不够。,我就想问问，年轻的格林德沃和邓布利多在哪儿？！都是坑爹的噱头啊！！,3.5★ 不談感情，這是我看完HP7.2的感受。如果你睡得朦朦朧朧的去看早場，也許會冷靜幾倍。HP7.2給我的感覺是結構很鬆散，簡略帶過、細節位少、3D失敗、配樂還算可以，有炫酷的特技、奈威和露娜的出場成亮點，說到笑位應該屬於最後成老爸、老媽那一段了。最後只能說：我們長大了，電影沒一起長大。,麦格教授挺身而出的时候我都快泪奔了~~,3D+IMAX观影体验极赞！不得不说，这是除第一部给我带来惊喜以后的又一次盛宴。给予五星并不单纯是因为伴随着这么多年下来的感情，还同时因为影片本身也很出色。情节紧凑，诸多场景颇具压迫感，从始至终满满都是高潮。伴随着那辆驶向霍格沃兹得列车开出，积累两个小时的情绪终究爆发。★★★★★
消失的爱人,8.7,612094,"男：我们互相折磨，互相控制，这样有什么意义呢？
女：这就是婚姻。",哈内克似的割喉真是万能药... 大卫芬奇要多恨现代媒体。美国社会结构就是少数精英控制了洗脑话语权，而大部分人则自觉或者不自觉地维护着虚幻的道德...,I love David Fincher! P.S.: 开始前，旁边坐在一群couples中的单身小哥无聊郁闷地喝咖啡；结束后，他幸灾乐祸地跟我说，Now every couple feels no good...,这片无敌了。故事太尼玛牛了。人物状态看得我蛋都疼了。芬奇就是我的神！,最近看了太多不温不火的文艺片 芬奇叔一出手直接被震得回不到现实世界 原作者执笔很棒 跳切这么多叙事一点都不乱! 女主是一朵最高等级的白莲花! 人美心狠手辣 专注高层次人格扭曲数十年! 自打中段揭露是自导自演以后 我胃部搅动和后脑发麻的感觉就没停过啊! 层层转折后的结局那真是让人倒吸一口凉气!
7号房的礼物,8.9,342204,看这么虐心的电影我都没哭，可能真的没什么电影可以让我哭了。如果想挥泪解毒的，可以尝试一下，十有八九会哭个稀里哗啦的。电影不乏刻意之处，但胡椒芥末用量太足，不中招也难，中国要能拍出这种杀伤力的催泪弹来，票房十亿起。,又一颗韩式催泪弹，亲情总是泪点，让你无法躲开。影片套用的是《我是山姆》那样的人物关系，而在情节上则更有戏剧性。冤案加亲情的双重催泪保障。监狱里的温情更感人是因为，相比善人做好事，人们更喜欢浪子回头，恶人行善的故事。无论我们怎么吐槽韩式催泪片的套路，但是真的很有效，也确实很感人。,电影本身还不错，但分数严重虚高。从外壳到内核依然是韩式煽情大餐不变的套路，然而有趣之处在于，尽管影片始终在讲述一个完全不切实际的故事，但其中很多地方却又让人感觉无比现实。,我发现我还真的听喜欢看韩国电影的，节奏快故事清晰，柳成龙真是太厉害了神演技，父女情把我虐得眼泪汪汪。特别是行刑前的那一段对不起真是把我虐死了！,对亲情，友情之类的无法抵抗，影片后面女儿和爸爸在监狱门口分别那里哭得不能自已。
玛丽和马克思,8.9,320173,"PS,娘的，我看哭了。PPS,推荐给所有的人看。PPPS,可以打十星吗？",loser片。只是相比评价电影，现实中的人们会有如此多的宽容与同情？不可能嘛,拍电影是不是和做爱一样 只有技术做不出感情,这世界怪诞而疯狂、让人困惑，但好在我们还拥有友情,在永恒的孤独之中，凡人皆有所寄托。
红辣椒,9.0,258034,如果说盗梦空间像是工科生拍的 充满了逻辑 数学 推理 极尽聪明之事 那红辣椒就像是文科生拍的 天马行空 无所不能 是一个真正的梦,今敏的画风太好了吧,“相对于深远的梦境来说，科学可能不过是一堆垃圾而已。” ,Parade太好听了吧！我愿为原声多看几遍这电影！！！终于补完今敏了这部最有想象力最费脑细胞也最cult……但我还是最喜欢千年女优,看不明白。
爱在黎明破晓前,8.8,394436,我觉得一个更可能的故事是：同一列火车上长相平庸的男女，也许真的能聊得非常非常投契，他们看过一样的书，喜欢同一部电影，讲的笑话能让对方哈哈大笑，甚至能理解彼此的某些小怪癖。但他们的面目是如此模糊啊，两个人的目光都没有在对方的身上停留过，下车的时候，大家也就这样擦过肩去了。,你之前提到过以后几年的光景，一对夫妻会开始厌恶对方，对彼此的一举一动都了如指掌因此而感到厌烦，我想我会有相反的发展，我对一个人越是了解就越是能真正的去爱他，他会梳某种头发，他会穿哪件T恤，他在某种场合一定会讲的故事，我相信那会是我爱一个人最真实的境界。,话唠爱情经典版本,"（第二部台词）""从某种意义上来说，我所有的浪漫都在一夜之间消耗光了。我将永远不可能再有那种感觉了，就好像，那一夜不知道怎么引发了我的全部感情，我把这些感情都向你倾诉出来，而你却把它们都从我身边带走了…"" 这个夜晚，就是一生。“我彻底了解一个人时，我才会真正喜欢他”",如此深爱，唯恐对方不爱自己，才在最后一刻说出，不希望就此分开永不再见。其实，我们所做的每一件事，都是为了让自己更加被爱，不是嘛？
告白,8.7,519279,都是你爸害的（《松子》），都是你妈逼的（《告白》），中岛哲也太喜欢成长阴影了吧……,中岛哲也导演《下妻物语》《被嫌弃的松子的一生》《告白》可以算华丽三部曲，都喜欢，但这部太厉害，太好看，形式感，音乐衬底，故事内容，叙事方式，以及一大堆萝莉正太扎堆，以优雅、轻松、热闹的外在形式，表达巨大的无边的哀凉和悲观，太对个人胃口了。100分。,等本片有下载的时候一定会有不少恶评，与以往的中岛哲也完全不同，大量的特写与高速慢镜的运用，全片好似分段式MV，情节上各种意识流似的拼贴。导演视乎在还原一种心理动作。谈不上非常喜欢，但却仍想赞一下。,这片告诉我们，正太与萝莉都是斗不过御姐的……,好久没有看到过这么震撼的剧了，喜欢这部剧的导演，处理的非常好～～～
一一,9.0,238855,年轻的人无法解读的一种电影,从一个婚礼开始，到一个葬礼结束。 ,我看到了一生,杨德昌获嘎纳最佳导演奖的影片，近三个小时的影像细腻而漫长，其间没有大起大落，只是一直温和的诉说，可看这平淡的真实，却叫人沉重起来,“电影发明以后，人类的生命至少比以前延长了三倍”，当我觉得自己已经看了两个小时，一拉进度条发现才过了三十几分钟的时候，我深刻地理解到了这句话
小森林 冬春篇,9.0,243186,“她这么辛苦种田就是为了每天这么吃啊？”“对啊，人生不就是这样吗！”,昨晚做草莓酱的时候，幻想女主上身。,多做一些好吃的，少讲一些大道理,舌尖上的日本啊。非常治愈，尤其在刚刚看完《疯狂的麦克斯4》之后接着看这部。这个世界上，可能也只有日本能拍出来这样的电影了。独立于地球的自我。一日三餐，周而复始，春播冬藏，这就是“日子”最好的解释。,这妹子才是荒岛求生最佳技能王吧！
侧耳倾听,8.9,305409,喜歡《夢幻街少女》的男孩值得託付終生。,原来图书卡寻人是这里来的呀。他们的城市是立体的，真漂亮，恋爱要翻山越岭才行。电影几乎集结了所有少女时代的美好回忆，完美、理想到失真，像一个斑斓的气泡，害怕一伸手就会破碎… 乱糟糟的书桌，伸手摸来摸去就是摸不到台灯开关，生活中的细节被它完整地还原，似曾相识，却不属于我…,最动人的一幕出现在爷爷拿着月岛刚完成的稚嫩的小说，对她说：太棒了，真是太棒了。在才华刚刚起步的日子里，有一个人能完全诚挚地赞美，比什么都好，它不会令人骄傲，相反会让人更看清自己。,看的是英文配音版。如果年轻个10岁看到这片我一定爱得痛不欲生。勾起无数回忆的90年代，初恋情怀总是诗。,阿雯：我还是下来吧  圣司：我没问题...我早就决定...要这样载着你翻山越岭...   阿雯：我不要变成你的包袱...我也早就想好了，要在背后支持你...  圣司：知道了，拜托你了——哥觉得这就是伟大的爱情！
大鱼,8.8,400481,孪生姐妹不是连体，巨人没有那么高，他妈妈在葬礼上穿的是大红的外套,"哥特和亲情的融合..每个人心中都有一条大鱼，抱着梦想而活是最幸福的，怀抱梦想而死去的人是不朽的。
到了最后，真相已不重要，眼泪也淌下来了...其实他们都是真的，故事的虚化以外，所有的人们都是真实的.",永远不要小看别人的故事,他只来过两次，第一次，他来早了 第二次 他来晚了,为什么所有深深打我的电影，都如此孤独
阳光姐妹淘,8.8,435826,再多分开牛逼的岁月，也比不上一起傻逼的时光。这个电影必须要看。。。,让正在老去的人遭遇花季年龄的自己，是一件很残酷的事，特别是对女人来说。但作为一剂精神鸦片，《阳光姐妹淘》的意义就在于至少能在这梦幻般的120分钟内重拾那本早已发黄的青春流水账。把一个个俗套如此熨帖地组合在一起，并一次次地击中你心底最柔软的部位，《阳光姐妹淘》的机关算尽如教科书般精确 ,同是姐妹片，比《伴娘团》牛逼多了。大有中学不良少女团体史诗片气概,秀智被毁容那段太震撼了,论跟土豪做好朋友的重要性。
蝙蝠侠：黑暗骑士崛起,8.7,487810,孤立地看，这是一部无可争议的五星电影；但和第二部《黑暗骑士》比起来，它只能拿四颗星。,"三部曲，都是关于一次又一次的选择。庞大的人物线索和故事，诺兰已经构造出自己的世界观——我觉得，他是相信黑暗的。Gotham doesn't deserve a hero like this, but he'll still give everything to them. 另，小丑有且只有一个。（用打一星来表达对脑残粉的蔑视的人可以省省了，你们配吗？",失望到爆！反派为什么反的设定，最后反转的设定，最后拯救的设定，都是那么的普通乃至无趣，甚至连打斗都毫无新意，那些反派配角就是一个个等着轮流给蝙蝠侠打。诺兰导演水准没差，只是这次的编剧编得真的弱到爆炸!,英雄挥别，正气永存；史诗落幕，传奇不朽。漫长黑暗过后，终迎黎明曙光。,雙手合十，十指緊扣，我和一場的毒撚淚流滿面，如此蒼白的心，既視之溫柔，只有真心愛過的人，會照單全收，It really doesn't matter，燃燒有時，道成灰燼也有時，在話語把我們逮住之前，我知道我已轟轟烈烈的，真心愛過。★★★★★★★★★★★★★★★★★★★★★★★★★★★★★★★★★★★★★
射雕英雄传之东成西就,8.7,445406,张学友让梁朝伟杀他那段，笑翻了,香港缺心眼儿喜剧之最，看100次笑100次～,40几遍了吧,"向90年代的香港喜剧片儿致敬!多少年后,他们仍是挂在嘴边最活络气氛的谈资!",跟同学一起又看了一遍，最喜欢刘嘉玲
唐伯虎点秋香,8.6,675820,可以忽略秋香……,"哈哈哈.其实我是周星星FANS,心情不好看他的电影会边开朗.这个看了好多次了.一群人一起看最好玩.","只为了“比比谁惨”那一段，就已是经典。
还有FLASH的经典《阴天》版，",喜剧经典，好多年前看的周星驰的第一部片子，好多桥段现在还在用，小强。。。,郭的港还是讲你的相声吧
超脱,8.9,307469,少年时，我们都自私无知，夸张那些伤痛来当作放纵的借口。只知依赖不知自救，只知索取不知珍惜。打架，滥交，还自以为是看透了生命，绝望的很酷，其实肤浅的令人发指。孩子，什么时候你开始沉默的承受加诸你身上的重量，尊重它并与它和平相处，你才真的能称为一个大写的人。,你们都理解错了电影主旨好么！大叔最终抱得瘦萝莉，胖妞只有服毒自杀。其实这是一部减肥励志片好么！,一次次泪倾，哭到胸口抽痛、难以呼吸。当我们感到需要暖意，首先要学会的，是彼此拥抱。穷尽一生，我们要学会的，不过是彼此拥抱。只因“一个人可以轻易地学会不在乎，但学会在乎，却要付出百倍的努力和勇气”，再不要独自一人穿过灰暗暝寂的暮色，在摇摇欲坠之前，在生命荒芜心脏冷却之前，彼此拥抱。,电影最后只留下冷漠与残酷，你根本无法从这一切中超脱，过去和现在，精神和肉体，理想和现实，教育和未来，与现实对抗相比选择冷漠并无视一切显然更简单。拿自暴自弃当成个性标榜，就像把自己搞得越叛逆越惨烈就比其他人更强大一样。这部电影的杀伤力太大了，没有给你一丝缓和情绪的机会！★★★★★,这部电影撩死了姐久违的厌世情绪（从值得褒奖的角度说的）。萝莉大叔之间的救赎之爱又很治愈，搞得姐要死不活（仍然是in good way）。个人风格非常强烈，影像形式非常自由，但信息传递得十分清晰。这很难得。姐真心觉得AB很帅的（好吧，我是马脸大叔爱好者），就是这长相注定演不了让人开心的电影
倩女幽魂,8.7,479059,唉，王祖贤哪有张国荣漂亮,宁采臣只是张国荣的。,刚刚看完。电影一开始，旁边的一个女生就哭了。,好美的王祖賢～,美啊！王祖贤美！张国荣美！音乐美！布景美！连洗澡都这么美！连XXOO都这么美！电影院人真少，再少点就更好了，有包场的感觉啦~~(*￣︶￣)y 
甜蜜蜜,8.8,350760,你什么时候变得这么罗嗦，以前都不是这样，傻女，听我说，现在立刻回家，洗个热水澡，明早起来，满街都有男人，个个都比豹哥好。不用担心，我很有办法的，在台湾有很多老婆，高雄有一个，台中有一个，花莲有一个，阿里山也有一个…… \\\\我这辈子最开心的那一天，就是威廉带我去半岛吃饭，我趁着他不留意，偷了我们用过的刀叉杯碟，现在偶尔拿出来看一下，仍然是很开心，可能威廉早就不记得我了，不过不要紧，我记得就行了，...,其实是曾志伟的角色最令我动容。,其实我是被米老鼠感动的,你们看到了爱情，我看到了背叛。,"This is not so much a story about people falling in love,
but rather of two young heart trying their best not to fall in love with each other."
驯龙高手,8.7,516424,酷酷的小龙外表下，是一只大型宠物犬的个性。,好吧，伟大的IMAX 3D技术自阿凡达之后又一次令我汗毛直立，再加上如此流畅又有爱的故事，5星收下吧！,虽然没有皮克斯那么有深度，故事情节也略显老套，但是好的电影就是能让观众沉浸其中，不管是用画面用音乐还是用其他的。错过档期没去电影院看3D只能说是一种遗憾，还好720p的效果也十分的赞，这应该是我今年到目前看过最好的一部动画片。★★★★☆,我怎么觉得一点都不好看呢。对于那么喜欢看动画片的我来说。情节实在有点弱。,自《阿凡达》之后最愉快的3D电影观影体验。
萤火之森,8.9,324861,妖怪有颜就是治愈片 妖怪没有颜就是恐怖片,郁闷死了 守着一颗白白嫩嫩的大白菜多少年细心栽培没舍得吃，最后这颗大白菜被猪给拱了的感觉 (☍﹏⁰),小孩子跑不好就不要跑好伐？！摔个什么摔！摔！,动画表现平平，算是很平庸的还原了原作，而且……好你妈的短！！,本片又名熊孩子棒打鸳鸯，以及论手套的重要性。女性向动画，我被豆瓣齐刷刷的五星吓得不敢说话了，就这样吧
恐怖直播,8.8,422098,小人物，大成功。低成本，高票房。热电影，冷导演。旧模式，新包装。雅追求，俗定位。内棚衬，外景托。熟表演，生情境。远特效，近手持。慢推入，快剪辑。有利益，无朋友。左警察，右悍匪。正势力，恶交锋。假道德，真和谐。恩未报，怨已结。问有主，答无解。单兵战，双人桥。哭邻国，笑天朝。,一个人怎么能成为国家公敌！结局是必然的  棒子能拍出这种电影让人震撼的 ps:韩国的电影审核制度真宽  这要是在天朝...哈哈,一想到有生之年都无法参与这样的电影，忍不住呜呜哭了起来,政界、传媒界以及某国的脸都被打得啪啪的，河正宇的演技简直无情,爽，国内不可能有的剧情
菊次郎的夏天,8.8,342526,相比久石让的音乐，影片相形见拙。电影像是《中央车站》+《完美的世界》的结合，不同是《菊》以小清新喜剧基调和章回体叙事呈现，主角的可爱流氓性格，自始至终赋予影片乐观积极的情绪操控，即便孩子遇见母亲后主题仍能迅速回到积极一面；缺点是一些幽默元素是强加进去的，看似自然却不真实。,100个人看到片名，都会以为菊次郎是片中小男孩，哪怕看过了，以后看到片名，还是会这样认为。,其实电影拍的不好，无意义的镜头太多，使得全片显得过于刻意，有点拼命让你笑的感觉，且过度使用同一个BGM，显得烂俗、生硬。电影大部分时间都在消费久石让的音乐和日本本身就很美的风景，俩飙车族的出现更是显得莫名其妙，莫名其妙听菊次郎的话，莫名其妙陪正男玩。不过我承认确实被电影感动到了。,矬大叔也有夏天,其实我叫菊花次郎
幸福终点站,8.8,364243,我在维克多身上看到了阿甘的影子~~,这片子和阿甘正传一样经典 人性的美丽啊,“Viktor终于明白，这个世界不是按他自己的方式前进的；身处其中，只有为自己挣个好生活。” ,"泽塔琼斯还是动人啊。汉克斯还是牛啊。
（跟小白在新居里看的第一部，明珠台）",机场如同荒岛，还原了一个本真而奇妙的孤绝求生状态。语言不通货币没用失去了祖国的庇护，真正孤家寡人的感觉。最近重温经典老片子，感到动人的故事的张力，剧情由故事推着走，而不是电影由人推着走。很喜欢这种难以预测下一秒会发生什么的感觉，孤绝的机场反而有种温情大家庭的感觉，只是三观太正了。
爱在日落黄昏时,8.8,337627,年轻时候看得汗毛都竖起来了。。这种句句台词都让你觉得“我也是这么想”的电影有这么一两部就够了 @20岁春,"“从某种意义上来说，我所有的浪漫
都在一夜之间消耗光了...”",操！！泪流满面！！操！！！,这大概是最好的结局了 （剧本真不赖…,欲买桂花同载酒，终不似，少年游。
超能陆战队,8.7,666115,故事不新鲜，但角色有新意。几处萌点和泪点全部来自大白，大白的陪伴，让人想起的不仅仅是：大熊身边的哆啦A梦、教授帕克的忠犬八公、坚守地球的WALL·E、邻家的多多龙、维克多的科学怪狗、小嗝嗝身边的无牙、库珀身边的机器人Case、山姆身边的Gerty、Wallace身边的Gromit...,视觉和设定都没什么新意，叙事就更不用提。如今真是一萌遮百蠢,大胖胖终于将瓦力拱下了机器人萌货的头名宝座，日漫元素和迪斯尼风格合体开出了一朵大奇葩！故事其实就是“蜘蛛侠”1+2，但想象力和细节太挠人心窝子了…,又是一个故事平平只靠细节讨巧的动画，但是没办法，就是超级吃这套啊！！,3.5 气球人真是很可爱，比那个贴胶布条的片段还要可爱！感觉短腿要开始流行了。但故事整个太模式化了，情感简单粗暴，感觉自己是婴儿，被喂了一套营养均衡的婴儿餐似的... 整个城市设定让人有点想看日语吹替版...
无人知晓,9.1,175310,"艾小柯写的：两个十几岁的孩子，白衣服上沾了泥巴，迎着微曦的曙光，在空旷的早晨一语不发的从黑暗走向黎明，耳边响起的是《珍宝》的歌声：“姗姗来迟的春光，让人深吸一口气……我逐渐成长，没有人可以亲近……”——这段情节最美了 
",身为人母居然能无耻到这个地步也算奇观一件,看了开头以为这是关于爱的电影，其实这是关于无爱的电影。镜头和音乐看上去无比小清新，看进去之后，却无比悲凉。这四个孩子就像他们在路边捡的种子一样被丢弃，被遗忘，在角落里毫无希望地生长。方便面杯上写着的名字，终于出门时阿明的一笑，以及出门那段的轻快音乐，是仅有的动人时刻。,明明有光，光裡卻有無盡的暗。無語卻哀傷，是結束那一刻最真實的感覺。,为什么一部如此沉重哀伤的电影，要用如此平淡甚至轻快的笔调来描述？无法上学、无人疼爱、停水断电、缺衣少食，甚至最后面临死亡。但是不是日复一日的生活会让我们变得麻木？亦或者是变得坚强。一人でも生きている。
借东西的小人阿莉埃蒂,8.8,362385,我相信他们终有一天还会遇见的。,“我們要努力活下去！”但願你不要隨便放棄,"雖然很吉卜力，但其實和宮崎駿本人的戲劇風格很不同，沒有明顯的起承轉合，主題也不深入，但是很平靜。。。
也許米林宏昌的個人風格還沒有完全顯現出來呢。",这是千与千寻之后我第一个从心底喜欢的吉卜力，中间那四部mediocre的作品好忘掉了,还是那个最纯粹的宫崎骏。
神偷奶爸,8.6,668719,绝对史上top 5级别的动画片！！豆瓣评分不上9没天理,这个动画片再次证明了，不怕讲老故事，只需要有颗不老的心。打动人的是里面的小情趣，小可爱，小孤独，坚硬外表下谁都渴望一颗被温暖的心。真的远比toy3得我的心。,有细节 各种惊喜各种萌， 虽然煽情痕迹严重 不过不影响片子整体。,密集物恐惧症也不恐惧了 太可爱鸟！,去看之前千万不要看预告片，精华都在预告片里，剩下的没什么了！NND！我看之前三个预告片都看了。。。
怪兽电力公司,8.7,433141,"超级喜欢,看了三次.也许我有时候不想要那么多复杂的东西.这些简单美好的就可以了.",很容易被错过的精彩故事，感动了被，狠狠的,和女儿一起看的，她比阿布还要可爱。,没忍住，终于内牛了。小倩，千寻，为什么这些小家伙闯妖窝的动画都洋溢这么多爱，都是从哪里来的？从来没有完完整整看全过这套动画，想想皮克斯以前智囊团们天天头脑风暴是有多开心啊，今非昔比。,这是个神设定渣展开的范例。。明显还是2更好嘛，2是渣设定神展开，在大学生看来特别有共鸣。PS这是我人生第一本电影杂志上重磅推荐过的片 一晃。。。哎
风之谷,8.9,270979,在此我们可以见到比卡丘的渊源，可以看到Spike飞船的渊源，可以看到虫师的渊源，也可以看到诸多动画人因此崛起的渊源。,“火在一天之内把森林烧成灰烬，水和风却需要一百年以上的时间来造林。”环保题材的一部动漫，宫崎骏的作品值得看。,宫崎骏的起点如此之高。略有烂尾之嫌，世界观、画风、情节都很赞。可以看看其中的运动镜头，尤其是对飞行的表现。这个主题之前手冢治虫讨论过。另外久石让的配乐怎么听得那么耳熟，这一部好像《花火》……,宫崎骏最爱。动画片的圣经,大师的第一部作品总是这样惊艳。虽然结尾有点俗而且女主太白莲花，但是最爱宫崎骏片子里勇敢坚强善良的女性形象，让现在的商业大片都感到羞愧。“反派”都是有自己信仰的立体的人，而不是为了坏而坏。真正作恶的还是人类自己。
玩具总动员3,8.8,336513,"闪耀着万丈光芒的又一动画杰作。每一处笑点都能轻易抓到，让我就像是回到了15年前，开心到得意忘形。最后一场戏动人程度堪比UP的""married life""!",它对于我已经不仅仅是一部电影那么简单，而是代表了对于童年时代的记忆与怀念，整个电影院从头到尾笑声不断，但我相信，更多人会被影片的后半段打动，相信看过前两部的人都会很感慨。★★★★☆,竟然看动画片看到泪流不止。皮克斯，你真行。,即使放到皮克斯标准下来看，这都是一部好电影。,感觉很平淡呀，难道童心离我而去了吗？no...另外，3D效果不如驯龙高手。
完美的世界,9.1,163090,遥远的记忆啊……每次看的时候都想如果Kevin要我做人质，一定张开双手欢迎，然后收紧两臂学足无尾熊的样子抱住他的大腿死都不放。有他当爹，再有Eastwood当爷爷，就是一个perfect world了。肚腩长在有些人身上莫名地就成了一块萌肉,他杀过人，却未动手打过一下菲利普，这段通往地狱的旅行过程中，当他看到妈妈因为怕孩子把新车弄脏而打骂孩子；爷爷嫌孙子动作慢而对孙子抬手耳刮子时，眼底的愤怒与不屑、憎恨与仇视，皆因他拥有一个对任何人都拳脚相加的父亲。这段近似父子的不寻常感情在影片结尾得到升华，我亦哭得稀里哗啦！,斯德哥尔摩综合症-Phillip 'Buzz' Perry ,"我童年时期最刻骨铭心的电影,今天终于找到了",我这辈子只杀过两个人，一个是伤害我妈妈的人，一个是伤害你的人。这个“你”却是仅仅相识一天的男孩。。同样缺失父爱的两人以这种方式依赖对方。特别安静特别可爱的男孩，以后也要给我孩子穿这样的连体衣！太萌了！
血战钢锯岭,8.7,552885,以我有限的观影经验，优秀的战争片不会美化战场，不会粉饰死亡，不会矮化敌人，不会无视常识，最重要的，不会宣扬战争。这个片子基本都做到了。,截我影评里的一段话。有个印象很深的片段，首战第一晚他与战友两人坐在战壕里，战友开了一个罐头问他怎么不吃。满脸黑漆漆战灰的道斯笑着摆了摆手说：我不吃肉。我突然觉得多么可敬的人啊，他的信仰无法改变战争，而战争却拿他看似最普通的信仰也无可奈何。,“每个人的信仰都值得尊重，这就是最真实的我们” 我操，好久没看到如此热血经典范儿的电影了！复古老派，却看得老泪纵横。继上一部导演作品《启示》后，阔别十年的梅尔·吉布森依然出手不凡！恍惚在看2016的《地心引力》《勇敢的心》《拯救大兵瑞恩》《辛德勒的名单》…（短评也得老干部一点,1.战争场面确实不错，子弹穿透头颅以及被炸毁的半个身子，但对国产片的审查估计还是不能给到这尺度。2.感情线的设定有一种豁出去的庸俗。3.不管信仰强不强大，让一个不拿枪的士兵上战场就是个笑话，不能因为奇迹般的特殊情况被这笑话转化为一种精神。3.说到底还是一个老兵走后门用特权帮儿子解围。,3.5 前半小时和爱情戏俗得发指，从入伍开始才走上正轨，上战场就很好看了，虽然时不时出现的槽点还是会让人出戏，但最后成功被煽到。Bromance基友的存在感和感人程度抵十个女主告诉我不是一个人。对加菲的印象也大有改观。
上帝之城,8.9,221677,“被上帝抛弃了的上帝之城”一个除了偷窃，强奸、走私、贩毒、杀人、抢劫无处不在的城市，因为这里无需偷窃，而犯罪的几乎都是未成年的孩子，这里是真正的地狱和人性泯灭的地方。高超的剪辑、丰富的剧情、合适的配乐组成一部十分优秀的影片，更加让人震撼的是这部影片是根据真实故事改编。★★★★★,li'l的发小同伙眼镜benny太可爱了...五官一点都不像典型黑人，笑起来还有甜甜的酒窝..迄今我看过的最好的拉丁电影,再凶残的成长和再迷茫的反思最后还不是一场警匪勾结得救之后却扑街了事。一切都是轮回，还是作为乱世摄影师的正当职业好啊。,这配乐这镜头！！！！,一部震撼人心的电影。是的，这部电影带给人的冲击力之大难以用语言来形容，首先导演的水平很高，拍摄手法和剪辑方式都相当前卫，配乐也是和主题形成了巨大的反差效果，故事越是残酷音乐越是奔放，里约热内卢的贫民窟，世界上最接近地狱的地方，电影真实地还原了那里发生的一切，从孩子开始，无法无天。
傲慢与偏见,8.6,509989,"拍得挺美的,拍名著只要不把它拍砸了就是胜利",真受不鸟凯拉奈特莉狰狞的笑容,这一版的每一刻都美得让我心醉。特别是片尾达西从田野的晨雾中向伊丽莎白走来的镜头~,特別喜歡 看很多次了,"温馨的结局,看到和爸爸谈话的那段,哭了"
时空恋旅人,8.7,367209,对于我们最爱的人，不说永远，只说珍惜。差点在电影院哭断气,1、三观够正，道理积极；2、故事想法很有意思；3、原声配乐很好听；4、剧本有问题，过度弱化冲突，故事本身除了舒服外没有说服力，life is much harder；5、太多旁白只说明剧情推进的乏力；6、镜头不时莫名其妙地晃；7、片子质量有三分，给到四分是私心,一般充满温情正能量，几个容易引起美好共鸣的桥段比如婚礼，生娃之类，再配上一个有点儿笨拙但绝对善良痴情的男主，都能在豆瓣上拿个虚高的分数。,"""How long will I love you?""情节退后一步，把舞台留给家人、生活，留给错失爱人时的惊惶、表白时的笨拙不安，留给最后一次海滨散步、最后一次拥抱、最后一个吻。每天过两遍，会发现被忽略的美好；孩子养三个，万一某个太聪明笨笨的两个可以作伴。片名有点误导，画面美歌好听，一家人在一起真好。A-",选角美，配乐美，造型美，镜头美，剧情美，台词美，这样一部让人心情好的电影，我都快忘了爱情事件多美的事儿了，可电影不仅仅只描述了爱情，还有温馨的家人，给一百颗星都不够！Rachel这样可人的女孩，要遇到了我一定会去追 ❤
电锯惊魂,8.7,339427,这其实是个励志片好不好，杀手先生告诉俺们即使在生命的尽头还是能干成很多事情滴~,看第一部的时候着实被他的情节设计给惊讶到了。,剧本唯一遗憾的地方是没有泄漏（分析）此人的变态动机，没有犯罪的心理学分析、社会学分析，这使它和《七宗罪》相比显得逊色。不过我还是很佩服这个创意，美国恐怖片发展到今天，血浆时代、血腥时代、性和喜剧的时代、心理分析时代都已经相继过时了，不怎么刺激了，如今拼的就是创意，用台湾广告业的行话讲，就是要……脑力激荡。,期末考试前夜在全宿舍一起看的，看到锯腿的那段我们四个全把眼睛捂严了，“完了没”，“不知道”，“怎么都没人在看”，“谁去把声音关掉啦”……女生还是不要集体自虐比较好。,第二次看，感觉着仍然是一部顶级的血腥电影，结构和叙事都很牛逼，叙事张弛有度。
喜宴,8.9,229003,能把直男变弯，弯男变直的好片子。。。,爸爸肯定也是gay的嘛，多明显啊~Simon是多么理想化的同性伴侣啊！金素梅太像叶童了~我喜欢李安这个系列的电影，很回味~还有赵文瑄实在是太帅了！噢，薛绍~,李安自己在里面演路人甲划重点敲可爱！“让你们见识一下中国人五千年的性压抑”哈哈哈哈哈哈,故事讲圆了，金素梅的台词功太生硬，想打掉孩子的那两段台词写得不好。,所以说，结婚的时候一定要搞清楚伴郎和新郎的关系。微虐慎入。
教父3,8.9,232001,维多·柯里昂死于极乐，旁边是一个机灵的毛孩；麦克·柯里昂死于极悲，旁边是一只棕色的小狗。,看到最后要哭死了，可能因为总算有终了，这是教父系列我最喜欢的一部。另外想问问索菲亚小姐，您演技差也没关系但是没见过人死吗。。。。要不是帕西诺在嚎啕就完全没泪点了。,"""All the power on faith can't change destiny.""
任何信念的力量，都无法改变命运。
人们觉得第三部不好的原因只是我们不愿接受故事的真实结局。",麦克老了啊，越发孤独，悲凉又无奈。说到底，人在解决了温饱之后，最需要的是关系，如果不能和人建立感情，位高权重又有什么用。,一切始于对家庭的责任，可是最后却让家人处于更危险的处境之中，不归路有时以这样悖论的方式展开。人们都爱你意气风发的初登场，我却独爱你暮年的晚景凄凉，有悔但仍有爱。反正所有人的结局都一样。
谍影重重3,8.8,295355,COOL到一塌糊涂！,难怪马特达蒙那几年间当选最性感男星，伯恩系列的特点是主角冷静理智不耍帅，靠智商和观察力取胜，这才像个特工吧，和伯恩相比，邦德和汤帅哥都不够聪明的感觉，编剧让人想鼓掌，低调又紧凑。诚恳的五星好片。,没啥感觉的公认好片,"喜欢电影的节奏。
(果然,拿了最佳剪辑...)",第三部，男主角终于不再杀人，因为他成佛了。自从他遇见了CIA的女观音菩萨后，就走上了成为斗战胜佛的道路。
岁月神偷,8.7,439674,没想到2010年还能看到这样的电影，感到很幸福。,“在变幻的生命里， 岁月，原是最大的小偷。”我喜欢这种褪色的温情脉脉。,如果你觉得只要电影里有人得白血病那么这部电影就是烂片的话，你不就不要看这部片了。,影院里我哭的跟罗进二似的,感谢被它偷走的两个小时。
英雄本色,8.7,334150,“杰仔，你冇错到，我地大家行嘅路唔同，你行嘅路系啱架，以前我行错咗，宜家行翻啱，都唔算太迟。”这句真感动。如果把兄弟情都看成基情，这真的挺可悲的。,“做人有原则，就什么都不怕。” 真的不敢说这是我第一次看《英雄本色》，并不需要多么复杂的炫技，好电影从来都很简单纯粹。怀念最好的港片年代。“他有勇气去改过，你有没有没勇气去接受？” 上海电影节4k修复版。,"英雄泪短,兄弟情长",想不到我也过上了这种在电影院看经典老电影的“小资生活”……片中最动人的是小马哥给人洗车、在车库里吃盒饭那段戏，演得太好了。现在能够理解为什么法国的一次同性恋影展里会有这部电影了，周润发和狄龙的那种兄弟情，西方人可能真的理解不了。,早年录像厅模糊印象 夜里被和某人重温了下 大叹原来当年主流片也这么恶心啊！ 张国荣还略显稚嫩 当然这也和面具化的人设不无关系 和十三少 风月 阿飞还远不能相提并论。兄弟情义的问题么，这叫人心慌，这叫人心慌。一向不怎么待见吴宇森的，“我已经倒霉了好多年”令人笑场。
七武士,9.2,127045,我什么话都么的说。什么叫NB，这就叫NB。,和教父是一种类型的电影，突出人物性格，故事情节也曲折。最后真的是人民战争海洋。很有几次，都觉得这也可以算一部写中国人的电影，比如农民的狡猾与认命等，到最后的我能！,完成度之高啊！三个半小时下来连个低潮都没有，后来的《影武者》、《乱》都比不过这部。每个人物性格都非常鲜明，志村乔仿佛一灯大师，三船敏郎似韦小宝，久葬是独孤求败，胜四郎像段誉……唯一的问题是志村乔剃完头怎么这么像张丰毅呀？！,怎么说服人，怎样坚持，怎样欲擒故纵、运筹帷幄…无以复加的经典！原来经典并不是多复杂，反而更简单。故事线索逻辑清晰，战斗开始后的每死一个人，观众都能跟导演一样明白清楚。,好长哦，居然还要看两遍。据说这部片子开创了招兵买马这种剧情的先驱，想想Ocean's 11，就觉得好了不起哟。
被解救的姜戈,8.7,418152,本片很好的说明了什么叫做“躺枪”,感觉比《无耻混蛋》都要好看啊！,或许不是年度最佳电影，但极可能是最令影迷们过瘾的电影。不再在结构上费心编排的昆汀这次采用了更为传统的单线程叙事，他向通心粉西部片、香港武侠片甚至自己的《无耻混蛋》致敬。混搭音乐、暴力、语言（特别是外语）再一次成为手下重要的道具。塞缪尔·L·杰克逊奉献了他《低俗小说》以来的最佳表演,一部很high的意大利通心粉西部片，就是那种影迷们期待的痞子昆电影，竟然片中人人都觉得奴隶制很正常！诡辩的话唠神逻辑，绝不吝啬的番茄汁，类型杂糅的舒心配乐， 克里斯托弗·沃兹和塞缪尔·杰克逊神棍级的表演，最后故事又在失控中走向疯狂了，唯一的小遗憾就是影片剪辑的节奏始终慢半拍。★★★★,前抑后扬，情绪逐级酝酿，最后半小时则以很昆汀的方式回馈观众。老式西部片通常都是杀人不见血，一声枪响一股烟，人就躺下了，昆汀这已经不是血浆了，是血雨，爆开的鲜血之雨。而鲜血染白花也成为昆汀拿手的暴力审美。慢镜、暴血加耍帅，味道都很对。姜戈拼自己名字的时候，旁边是老版的姜戈。4星半
功夫,8.5,616729,"包租公,包租婆,斧头帮,冯小刚被砍,....都是经典.",别装逼了，这片绝对值5星,华丽的夸张，情节倒是紧凑，毫不拖沓,电影院里他说，你笑得好开心。,不知道为什么这部电影的评分这么低
疯狂原始人,8.7,593335,「疯狂原始人」说的是一个地震高发以及pm2.5老是超标的地方只有中科院的男朋友才能拯救你全家的故事。=3=,家庭、爱情、冒险、飞翔、萌物、励志，梦工厂的各种元素几乎齐活了，欢乐如过山车；永远的父女情深，永远的误会冰释，永远的末日脱险，别说幼稚别说俗套，如果影院天天上映这等水准的片子，我也愿意天天去看！,全程都在大笑无尿点，已经预定下届奥斯卡最佳动画一个提名了,"梦工厂又回来了! 亲情, 爱情, 友情一个都不能少! 崭新的背景设定, 奇妙的3D画面, 非常立体的人物刻画! 是继冰河3之后我最喜欢的作品了. 按照第一部的开放式结局来看, 这后面2,3,4的续集那是妥妥的啊!",被9.2分吓尿了...8.2最多了...
哪吒闹海,9.1,162993,~~想你时你在闹海~~,"哪吒刚刚降生，李靖就想一剑劈了他；
龙王恶人先告状，李靖却丝毫不听哪吒的解释；
哪吒制服了龙王，李靖又叫人把他绑起来；
面对四海龙王的报复，他甚至想杀死哪吒……
是怎样的父亲，才会对自己的亲生骨肉心存偏见？
是怎样的父亲，才会胳膊往外拐，站在别人那边？
是怎样的父亲，才会是非颠倒，不分青红皂白？
并非所有的孩子都是熊孩子，反而是很多父母不配做父母。
在这个“百善孝为先”的国度，《哪吒闹海》没有跟风...",没想到长大后重看居然这么震撼，尤其是销骨割肉的场面。,电影真的是时代的产物，小时候看这版的哪吒，不觉得故事有问题，现在再看，才发现这是一个政治味道浓重的故事，传达的价值观念赤裸裸。对比饺子导演对【哪吒之魔童降世】的处理，我命由我不由天的主题又很符合我们当下的主流价值观，哪吒变成了另外一个故事，可能会成为现在这代小朋友的童年回忆，和我们这一代看的哪吒是完全不一样的，可能这就是讲故事的魅力吧。,《哪吒闹海》还是有非常不常见的地方，那便是清清楚楚告诉我们：父亲是可以杀的。
天书奇谭,9.2,130404,这是中国动画中的又一部里程碑似的、绝对顶级的、足以彪炳史册的伟大作品，从故事情节的编排到人物造型与性格的设计再到动画技术的运用都堪称无以伦比，它虽然没有《大闹天宫》《哪吒闹海》在国际上那么知名，但我相信不少人还是会在自己心中将其列为中国动画的第一，因为《天书奇谭》绝对有这个实力。,"看了很多遍.喜欢.那个年轻的女狐狸精真美,声音也动人.",粉强大的声优阵容啊～,虐片。师父死的时候老子哭得肝肠寸断,这里出现了历史上最猥琐的玉帝形象……
心迷宫,8.7,330113,国产犯罪片越来越好。「烈日灼心」力道够了，然剧本硬伤太重。「心迷宫」的剧本真是惊喜。如此群戏能这样流畅地自圆，已实属不易；时间线打散却又让观众能轻易缕清而不显杂乱无章，确是匠心别具地精巧。开场即惊艳；结尾父子对峙戏太棒。当然，为过审加上的那行字幕让人出戏，不过相信以后会更好。,如果你认同电影就是好好讲故事，那这部电影在讲故事的层面上非常出色，故结构编排，细节铺垫，剪辑与主题都打磨的足够精致，这些方面甚至可以说没什么瑕疵，虽然它的结构也不新鲜，但这年头能遇到这种带着脑子的导演处女作简直就是一种幸运，但愿忻钰坤不会立马下海拍什么卖IP的商业大片。★★★☆,【B+】封闭的村庄，悬疑前置的凶杀，阴差阳错的众生相，故事设定和结构都像极马尔克斯的《一桩事先张扬的谋杀案》，环环相扣互为因果，挖了一堆坑，全部严禁密实的填上，故事编的一个大写的牛逼。除了为审查和怕观众不懂的而妥协的最后十分钟，以及成本问题造成的技术毛糙，五星着实。,诺兰结构科恩风格本土叙事，五星鼓励,放冰箱那个红色塑料袋到底是干啥的？
真爱至上,8.6,501586,1、每当我对世局倍感忧虑时，就会想到希思罗机场的入境闸口。人们认为世界充满仇恨与贪婪，但我却不同意。在我看来爱无处不在，虽然未必来的轰轰烈烈，但是爱永远存在。父子，母女，夫妻，男朋友，女朋友，老朋友，当飞机撞上世贸大厦时，临终打出的电话，谈的不是报复，而都是爱。如果你肯留意，你会发现爱其实无处不在。love actually is all around.,从头哭到尾，心里暖，而遍体生寒，寂寞无处隐身，生生将我蚕食。,我爱死那老头了～,"我不明白,如果导演早就决定给个皆大欢喜的结局,为什么又不给得彻底点呢?",憨豆是万能！比性和项链更糟糕的是爱和项链。为了你去学习一门新的语言多么美好。为爱向前冲的正太是最帅气的男人！这片子根本就是用来催泪的！圣诞节不能说谎，圣诞节做什么都会被原谅。
萤火虫之墓,8.7,307730,我发誓我再不敢看第二遍,【B-】一个日本骚年，他妈死了，他爸死了，因为不想工作也不想当兵更不想洗碗做事（俗称废物）所以流落街头没钱吃饭，于是他妹也死了，他自己也死了，啊，太感人了。,其实我非常想给两星。给这剧情。给这劣作。,虽然事先知道这是个煽情的片子，知道它注定是个悲剧，还是哭了。告诉你这是个悲伤电影，在你准备好的情况下，还能达到效果，的确是个好片子,不敢看第二遍的片子，小妹妹把弹珠当糖的那段，实在让我寒透了心，悲伤的都绝望了~
三块广告牌,8.7,579697,當你完全站在喪女心痛的母親這邊時，你才發現她也可以是一個加害者；當你以為警長就是如廣告牌說的懦弱無用，你才發現他也正在自己的生命旅程面對死亡；當你以為種族歧視的白癡警察已經沒救了，又發現他竟因為一封信而完全改變。沒有誰是絕對正義，沒有誰是絕對邪惡，奉愛之名，可以善也可能是惡。,今年两大最政治不正确电影之一（另一部是《凭空而来》）。愤怒是活下去的动力，怼天怼地才能内心平静，麦克唐纳用冲天戾气和负能量熬出一碗悲喜交加的心灵鸡汤。科恩嫂的表演太炸裂了，枯瘦的身躯下隐藏着滚烫的力量，全片仅有的一次笑容锁定奥提...,老套的寻凶复仇故事讲述得如此生动，编剧值一颗星；情节似层层剥笋，露出的是七八个清晰、独特、复杂的人物，两个星给予出色的女主演及男配角；将视觉场面、音乐服化等手段与叙事有节奏的、完整地掌控融合起来，应是导演获得的一颗星；结尾高明的情节逆转和开放式，为这部电影赢得了最后一颗星。满分！,#Venice2017# 影后已出。真是教科书一般的好剧本，破了不少套路，人物塑造十分生动。再加上导演控制力很强，不乏幽默感，也有不错的社会观察。对仇恨与愤怒的探讨颇有与当下社会状况的契合点。,这题材太适合奥斯卡最佳影片了，完全贴合美国社会热点。人物和结尾写得不错，洛克威尔是目前为止我心目中的年度最佳男配。Burwell的配乐动人。但是麦克唐纳再次证明他是一个精于算计的戏剧编剧而不是一个优秀的电影导演。以及大家称赞群像表演时请把艾比·考尼什排除在外谢谢。
纵横四海,8.8,271521,香港影史最赞三人行,这么多年，还是觉得周润发莫名其妙被人偷垒很可怜啊,五星，人生挚爱！哥哥、发哥、钟楚红，所有人的表演都太惊艳了，哥哥在桥上自己的画上签名的洒脱，还有俩人配合偷取宝物的情节和动作，喜剧而不失张力。整部电影综合喜剧、浪漫、爱情、动作、情义，多种元素于一体，奔放而不失细腻，带给人深深的满足感和刺激，太给力了 ,三个主演周润发、钟楚红、张国荣的表演都太岀色，明星魅力无法阻挡，在他们充满活力的青春年华相遇在一部影片中，给观众留下美好的回忆。,周润发在轮椅上和钟楚红翩翩起舞的场面再过多少年都不会忘记
我是山姆,8.9,197893,哭到只剩半条人命~,孩子和“傻子”演技都很强大，更重要的是，它表现的一种富于人文精神的理念。,五星送个Sean Penn。,好片子，西恩·潘不得不赞！,还是很感动的，虽然很多人物都比较脸谱化，但是依旧感动
达拉斯买家俱乐部,8.8,308649,男主、男配演技都破表了。上次见马修.麦康纳还是<林肯律师>里那个拉轰的帅叔，又屌又骚包，这部就眼窝眍䁖、腮帮塌陷、瘦到脱形的战艾斗士了。最诗意，是万千黄蝶绕身飞舞那一幕，如幻似真。对有些人来说，活着就是紧紧攥住意志力的缰绳，制服那头蹦跶公牛，尽量不从牛背颠下，能待多久，就待多久。,用最轻松的态度拍出了最沉重的题材，完全不加煽情的感染人心。男演员们演技都大发了，今年Jared Leto不拿最佳男配我特么就撕逼！！！！,Jared Leto的腿比女人还美！！！Jared Leto的腿比女人还美！！！Jared Leto的腿比女人还美！！！Jared Leto的腿比女人还美！！！【说正事，这热血抗艾片真是百年难遇地好啊，仔细想想，能把life outweighs money这种俗道理包在热血的外衣下讲得这么动情深刻。fuck yea cowboy!!!!,本片最打动我的地方是杰瑞德·莱托的那一句：“I don't wanna die”那种在垂死边缘挣扎的痛苦蔓延了整个电影，原来再堕落的人也有求生的欲望，而且他们比我们更痛苦，因为他们用玩世不恭来伪装自己。马修·麦康纳和杰瑞德·莱托的表演让人潸然泪下，他们值得一尊奥斯卡，直接五星送上！,很不错的艾滋题材电影，同时涉及大量LGBT话题，本以为马修·麦康纳瘦成柴骨的奥斯卡级演技才是重点，但却是杰瑞德·莱托妖娆迷人的易装表演抢走风头惊艳全场。
东邪西毒,8.6,415552,"在我最美好的时间,我最喜欢的人不在我身边。如果时间可以重新开始该多好。",电影诗,"1999年的时候多么喜欢啊。2009年却在影院呆了二十分钟就走了。从来没有这样过。已经过了看这种东西的时代。许多事情，适合留在记忆里。

对白永远经典。",张国荣，梁朝伟，林青霞，张曼玉，只有王家卫才能聚起这样一众演员演绎别样的江湖吧。,张国荣、林青霞、梁朝伟、张学友、张曼玉、刘嘉玲、梁家辉……再加上王家卫，这阵容无敌了。
爆裂鼓手,8.7,377880,作为第一个打算给两星的人，犹豫了很久。但的确是太不舒服了，我多么庆幸我是一个没有梦想的人，所以我完全无法两个傻逼在那较劲，而且还把自己折磨成那样何必呢？完全无法认同。,清晰果断。……另外这部电影真是不错的试金石，看看短评就知道了。只从中看到痛苦，而看不到痛苦之中挟裹着快乐的人，大概从没认真追求过什么。,励志你妹，鸡汤你娘，努力就好是废话，干得不错是毒药，人们只看结果,流畅明快鬼斧神工的剪辑给这影片增色不少，让本来可能流于乏味的地方变得有声有色让人热血沸腾。剧本功底很不错，两个主角，最普通不过的师生关系写出了让人意外的层次推进。从事故那段之后人物关系就开始变得惊喜重重，接连好几次反高潮都让人想拍案叫绝。剧本最体现基本功的地方，就是层次感。,他得到了世界，他失去了灵魂。
记忆碎片,8.6,422641,你可以连看5部烂片 然后忘掉他们 或者用同样的时间 把《记忆碎片》看上5遍 然后爱上它,最靠谱的评论 来自2008-02-24 04:45:21 MILKY_MOMO　我比较倾向“否”的答案，也就是lenny只想杀掉间接导致他妻子死亡的仇人，并且摆脱一直在利用他的teddy。虽然这个答案降低了电影的内涵，破坏了电影的结构美。但这答案符合逻辑。 　　 　　 　　 　　首先，要确定确实存在第２个没有伏法的匪徒（这一点是没有疑问，如果网友有疑问，请自己在电影中寻找答案，篇幅问题，不赘述了）...,导演用一种前无古人的倒序方式营造出“支离破碎”氛围，让观众深刻体验到Lenny破碎的生活及内在，我们如Lenny般扮成侦探，在电影里寻找着所谓的真实。而那织在复杂结构中的情感更让人没有办法不被感动。“如果自欺才能使我快乐，我选择如此的活着。”我们要生存下去必须给自己一个理由，否则就会精神分裂。但那些我们坚持的东西可能只是自己假象中的虚幻。一觉醒来时看着天花板问问自己：我是谁，我为什么在这里。然后你...,如果还没看过，那么现在最该做的是千万别看任何有关的评论，立刻飞奔到影碟店，买张带导演评论的D版，然后开始失忆之旅。,二十六个碎片，将后十三个碎片倒叙，以彩色片形式拍摄，前十三个正叙，分别加在十三个彩色情节中，并变为黑白片，以突出纪录片的风格。后十三个碎片每个碎片再被分成两半，并颠倒顺序，黑白片时而在两半之前，时而之中，时而之后。
荒蛮故事,8.8,277352,这是迄今为止天蝎座人士在银幕上最大规模的集体展现。,始于荒诞，止于更荒诞。于我们，还是有很多共鸣的,同样展现社会暴戾情绪的阿根廷版《天注定》，但要比后者艺术、幽默和高级很多。可以从中胡乱联想到马航、反拆迁、药家鑫、T3爆炸、深圳车祸顶包，外带一个巴尔干谅解式的合家欢结局。,《天注定》与这一比除了形式之外皆落下风，虽然都是怒火中烧的爆发，前者一派阴郁充满戾气的基调，仿佛一切都是体制的错与人无关；而拉美人民告诉你个个文明人身体里都住着凶蛮野兽，用一场撕逼大戏结尾真是看得很爽。除了第一个故事很一般之外其它都相当惊喜。,主竞赛黑马，阿根廷天注定，看过的都叫好。六个因仇生暴的小故事，每个都张力十足，戛纳巴赞厅里大笑不断。除了天注定，还有拉美版无人区、全民目击等等，差不多的故事，明显人家拍得更劲道。经典配乐、独特角度的运镜也很风格化。不知评委之一的贾樟柯看了作何感想？
贫民窟的百万富翁,8.6,547888,他亲吻着她脸上的疤痕，那是为他而受的伤害。这片子挺感人的，可是，现实中又有谁能如此坚持，等待命中注定？,"想了想，还是给了四星——其实我觉得它没有那么好。动人的音乐，流畅的节奏，美丽的画面——纵然肮脏也是美丽的，自始至终都充满了那种顽强的，不可遏止的生命力。
但还是觉得……无论如何都有着欧美导演看东方那种猎奇的意思。这种“猎奇”对我们来说其实也是一样——繁华与污秽并存的孟买，阳光尘土中的泰姬陵，黑暗的街巷，垃圾堆上的贫民窟……包含的元素和符号太多了。固然有着野心和足够的手段，但同时也会冲散很多东西。
...",深刻体会到命中注定一词的含义了。怎么那么多人打5星，我客观点还是给了4星。没办法，最高就是5星，我觉得这片子不至于最高，要不然猜火车该往哪放呢！,【B+】本片又名《阿三屌丝的逆袭之开心辞典背后的故事：论如何炮灰掉自己的兄弟虏获黑穷美》不觉得是最弱奥斯卡，剧情，叙事结构，剪辑都很棒，配乐更是大赞。对比人家节目一弄就是两千万，咱就送个液晶电视马尔代夫双人游啥的，抠死了。,严格意义上说这并不是一部真正的印度电影，印度只是个背景而已，西方人眼中的印度。
头号玩家,8.7,967691,走马观花的IP大赏，剧情人物基本不通，鸡汤也撒得不知所云。适合跟塑料姐妹们一起假嗨,好想在有生之年玩一场全民大战马化腾,9。我爱这部电影，就好像我的梦想是能进入马丁·斯科塞斯的《出租车司机》，看罗伯特德尼罗枪杀嫖客和鸡头，营救朱迪·福斯特。所以，我爱这部电影。,这片讲述了“绿洲五人组”寻找终极彩蛋之旅：第一关告诉你，有时退一步，就是海阔天空；第二关告诉你，人生很短暂，关键的一步一定要迈对；第三关告诉你，不以输赢论英雄，找到乐趣、享受人生；最终关告诉你，别沉迷，活在当下。片中各种游戏、动漫、影视彩蛋信息量太大，必须多刷！,要哭了，每个友邻都是五星好评，而我羞愧地半路睡着了……就感觉故事蛮老套的，那些让人嗨的点，心里只是“哦”了一下。
黑天鹅,8.6,612983,舞台上那段黑天鹅太惊艳了！！！！！！Natalie这牛逼演技！！！！！！,有点无聊 教育我们不要逼自己太紧,其实没想象中精彩，精神分裂的表现力度不太够，手法也比较陈旧，差出fight club几个档次，大半夜的愣是没让我有一丁点紧张或局促的感官反应。反倒是配乐和Natalie的精彩表演收服了我，整部电影在交响乐的烘托下活像一出慷慨悲壮的天鹅舞剧，Natalie美翻了,這部電影真酷！ Natalie Portman太棒了...好幾幕看得我眼淚都快出來了太難過了嗚嗚嗚~~,AMAZING.
人生果实,9.5,77743,怎样才能活得像个人一样呢？爷爷90岁奶奶87，身为建筑家居住在二层木结构老屋里，每日在自家庭院里锄地拔草、捡落叶、挖土豆、摘樱桃梅子、采核桃柿子、做木工、熬果酱、烤蛋糕、酿酸奶、打年糕…还要给笔友写十封信，亲自骑车去邮局寄。住得像个人，吃得像个人，像个人一样工作，死得像个人，如此，就有了像个人的尊严一生。,英子女士 是最棒的女朋友【泪目,老爺爺去台灣對著暌違六十年的老友墳墓，說“永別了！”，看得我潸然淚下。導演說，從來沒有“拍到了精彩時刻”的感覺，但剪出來卻發現意外地好。自給自足、順應四時，一種人生的範式，讓人嚮往變老。,可能我也是需要这样一幢平房这样一个庭院的精神病吧。,生活中真没见到90岁还这么身体硬朗、精神矍铄，没有什么老态的老人，可能是老两口做任何事永远都是亲力亲为的原因吧，人生的果实，其实都是年轻时结下的，所谓性格即命运，真的是没有错。
花样年华,8.6,386585,"王家卫最强的,就是让人掉到一种情绪中去",谁先感到了寂寞，谁就输了。,“回去给我打个电话，你不用说话，响三下就好。”看这部时真的会觉得旗袍就是为张曼玉而生。,最棒的故事不是大战七七四十九个回合，而是欲言又止。,张曼玉的手会演戏，怀旧中黄色的氛围……
你的名字。,8.4,922402,"黛玉心中想道：“好生奇怪，倒像在哪里见过一般，何等眼熟到如此!”
宝玉看罢，因笑道：“这个妹妹我曾见过的。”
贾母笑道：“可又是胡说，你又何曾见过他？”
宝玉笑道：“虽然未曾见过他，然我看着面善，心里就算是旧相识，今日只作远别重逢，未为不可。”",和《追逐繁星的孩子》同个毛病——一个平时专注于言情的人看了科幻小说之后可能就是这样的，他执着于用新学到的概念来包装自己的认知，而不是放手让这个概念去革新它。,高配版大鱼海棠，奶奶是夏日大作战穿越来的。新海诚老生常谈，节奏没把握好，人物单薄，插入曲太满，突发式琼瑶情节多，怪不得赞新海诚的论文入不了学院派教授的眼。第一次看到电影带OP，简直呆。日本最近几年天灾频频，哭的观众大概被这个触动了吧。总之二次元言情向，影迷慎看。岩井俊二打了个酱油~,新海诚终于会讲一个复杂故事了，真不容易啊！当年那部搔首弄姿、无病呻吟的“言叶之庭”差点让我转成终身黑，“君之名”却轰出了我睽违已久的少女心。彗星降临的末世情怀，穿越时空的灵之绳结，只有7秒钟记忆的鱼...星空、爱情以及所有遇见都是注定。,你我相逢在黑夜的空中，你有你的我有我的方向，你记得也好，最好你忘掉，在这交会时互放的光亮。
卢旺达饭店,8.9,194137,我不再抱怨我生在中国，我不再抱怨我生在80年代。只希望人类自毁灭亡的那天能来得再晚些。任何敢凌驾于生命之上的东西都是狗屎。,当这个世界闭上双眼，他却敞开了怀抱。,电影没有什么花哨精巧的剪辑，有的只是质朴之中最撼动人心的真实。一个真实的故事一个真正的人间炼狱。当世界遗忘他们，国家陷入疯狂的时候，一个比辛德勒更加艰辛的男人在一个人人力求自保的环境下敞开了他的双臂。记住他的名字——保罗·卢斯萨巴基纳。★★★★☆,这种历史不应该被遗忘，在欧洲人用辛特勒名单纪念犹太屠杀的时候，非洲也同样有卢旺达饭店记录着感人的大救援。没有惨烈的屠杀与交火镜头，然而带给人的感动是那么真实，那种真实的生的欲望与善的本性。男主角在这部电影中的表演非常精湛，完全投入，彻底地让人记住了这样一位英雄。至于里面杀人工具砍刀来自中国的场景，也只有对于中国制造的一种无奈。,战争、人性、情感、孩子，非洲题材的电影都快拍成套路了。注：在《十一罗汉》里看到滑稽版的唐·钱德尔，感觉很奇妙~~
釜山行,8.5,742315,一切灾难皆人性，唉，最后那一枪要是开了，就是神作了。,妈呀韩国这丧尸片一来就全民皆丧而且个个跑得飞快！套路齐全、概念明确的商业电影，有阴谋有人性有牺牲，最后剩谁一目了然。看别人都从好莱坞毕业了我们还在比妖塔盗墓谁更烂，我心塞...,好过美国的《僵尸世界大战》，韩国在丧尸类型片的开拓一出手就登峰造极，个别桥段快准狠到了心骨眼！最后孕妇和小女孩穿过隧道如果遇到河正宇，那这片就真的是神作了！＝。＝,这片最大的bug难道不是即使过隧道列车里面也有灯啊？,有这么好看？可是全程看完无燃点，bug还多到不行。若说是讲人性，感觉演员的表演痕迹都好重，情绪渲染也不到位，始终没能看进去...小演员灵气不足，最后哭着唱歌的样子也是丑到我了
忠犬八公物语,9.2,122656,我等你是因为，再没有人像你对我那么好T T,喜欢教授那句话：人有人格，狗也有“狗格”。日本动物爱护管理中心主页上写着：1.无法继续豢养的动物，请不要丢弃（以前是免费，现在只需交付2000日元即可由保护中心收容接管）。2. 遗弃、虐待动物是犯罪。3. 遗弃动物者，处以50万日元以下罚款。4. 杀、伤动物者，处以一年以下刑拘或100万元以下罚款。,"八公的""原味""还是在日版，教授去世后与之相关的人们对八公的薄凉，在它始一而终的热诚面前抬不起眼。
片尾的长镜头中，始终无人关照这位""人类的朋友""的死亡。似乎是一种讽刺，人弃忠友而去，却等待它们用生命为人类守灵。
除了教授，没人担得起这份守候。",美版突出悲伤氛围的塑造，日版则显得更加真实。除了八公与主人外，日版更多地刻画了八公与其他一些人之间的种种。相比美版里大家都爱的八公，日版里的八公则是忠诚过头而遭到其他人厌烦像踢皮球一般推搡的对象，也因此更加真实感人。,我妈从未养过除了我爸 我 三条鱼之外的任何活物，但是我有个习惯，看到动物题材的任何东西，泪腺都会特别发达，甚至是角马迁徙纪录片，我记得看完八公心里唯一的感觉就是我会有自己的狗跟喵的，动物跟人之间的感情，纯粹简单，你养我，我忠你，不离不弃
头脑特工队,8.7,397298,果然想象力爆棚！最惊喜的倒不是五种情绪的互相作用，而是对影响性格与情感的个性之岛、核心记忆、抽象思维、造梦工厂影像化的呈现。记忆废墟的设定太催泪了，那些被遗忘的曾经和所有崩坏的岛屿，就是我们成长的代价。,不止是卖萌的画面和天马行空的想象力，看完电影后会重新审视自己的情绪，记忆，甚至梦境。BingBong消失的时候我哭得和Toy story3结尾时一样……,好看，想不到一个动画片竟然看得我老泪纵横，从头到尾多处泪点。并不是说有多悲，而是从心底的感动。它会唤起你诸多的回忆，那些亲情与爱，难忘（或已经忘记的）回忆瞬间，一切都是这么真实又细腻，又是在这么一个充满想象力的故事基础上呈现。最终仍是成长与告别。真是服气。,为嘛我觉得不怎么好看，有点无聊,这部探索“脑洞”的动画新意十足，重回最高水准的皮克斯用它成熟而独特的叙事节奏牵引观众的内心，成长道路上的阵痛与迷茫最终迸发
雨人,8.7,298026,ray……听上去很像rain，愚顿的哥哥曾经对心爱的弟弟说，我是rain man。直到生命进行到成人的阶段，弟弟才突然想起，童年时，他的生活中曾经有一个爱他疼他的雨人……,年轻帅气的阿汤哥，让人眼前一亮的霍夫曼。故事简简单单，配乐大气，并没有特别煽情的段落，不刻意讨好，不哗众取宠，让人看起来十分舒服，让人感动在不知不觉中。★★★☆,Rain Man，Raymond,公路片是建立人物情感联系的最好模式,剧情真的好赞的，没想到自己一直寻找的人就是自己最亲的人，查理从一开始的不接受到后来的分不开，也让人看见了他的成长，哥哥最后没有跟他走，却能得到更好的照顾。有的人觉得结局不好，但我觉得这就是最好的结局。
模仿游戏,8.7,411735,看完之后才理解为什么学校的数学楼叫alan turing building，为什么工程学院的咖啡馆叫enigma cafe,“无人所念之人，方能成就无人感想之事” 工整却依然好看。“我们用自己的方式爱着对方，我们能一起过我们想要的生活，你成不了完美丈夫，我也不想做什么完美的妻子，我不会整天给你做羊排，等你从办公室下班回家…我们享受互相的陪伴，我们享受互相的思想，因为我在乎你。我们彼此相知，胜过任何人”,在图灵这样一个传奇、天才的身上，只能说我想看到的比这部电影说得要多得多：它说的是一个智商超高的人的故事和悲剧，却把观众的智力水平放到了最低的位置… 许多如同琼瑶剧一般的矛盾制造把我是看呆了。当然各方面都太讨好奥斯卡了，英国演员、欧洲导演，配乐，摄影。领奖标配。,这个世界由阳光、空气、偏见组成。我们歧视不同种族的人，我们歧视不同信仰的人，我们歧视不同性向的人，我们歧视任何观念与我们不合的人，我们甚歧视仅仅是出生地不同的人。如果技术进步可以忽略不计，这个世界千万年来没任何改变。偏见是人类心灵的巨大鸿沟，原因再简单不过，仅仅是我们都渺小的相似,你看缺爷，你继霍金梵高福尔摩斯之后，又接了个高智商神经病，集齐七个就可以召唤神龙让自己变得不那么二缺（或是更二缺）了~听说这片打算冲击奥斯卡，那就坐等缺爷封帝，淡泊明志当然不是问题但是封帝也是件很美好的事啊，就可以叫你缺帝了不是。乳房发育，卧槽那画面太美我不敢看。
黑客帝国3：矩阵革命,8.7,278927,严重被低估的好片。我走到哪里都为它叫好平反。,"见过太多的才子，才发现都是膜拜的傻子。
到底有多少的电影有你的影子。",相对于第一部与第二部，这次的完结篇动作场面和特技场面大幅增加。以表达“和平”为战争的主要目的，并且还有几条感情分支为辅助，以大规模机器人作战和最终一战都堪称完美，也让这个经典的科幻作品画上了完美的休止符。★★★★,看完之后觉得没看懂于是看别人的剧评，感觉自己好像懂了，但是再看一遍又发现好像有解释不通的地方，于是又找搜索剧评，如此循环往复，还是觉得似懂非懂的一部电影。算了还是欣赏帅帅的基努里维斯就好啦,以前科幻看得少，不太能理解，现在再捋一捋剧情发现简直是神作！ 可惜了这俩导演后来再没拍过有点口碑的片子了
一个叫欧维的男人决定去死,8.8,242260,内心深处觉得这是宜家广告该有的样子,越多白痴的声音议论她，我对她仅存的回忆就越少。,你讨厌的那种老爷子和你讨厌的那种邻居终于敞开心扉彼此接受的过程。豆瓣最近很流行这种“独婊好，不如众婊妙”的电影，是因为天气太热没有社交所以盲目迷信人与人的亲密关系吗。坦诚面对自己吧，你就是讨人嫌，你就是丧，没必要去跟其他婊子混在一起。,这部电影的前十分钟就是我们的未来，旁友们。独居，失业，没有另一半，被年轻人嫌弃，想死死不成。,命运的残酷给了他最坚硬倔强的保护色，其实内心却又无尽的暖意和柔软。跌宕的一生谈何容易，情感令人泪目。我一直觉得平稳踏实以情动人，是好电影的标准之一。
你看起来好像很好吃,8.9,235045,里面的恐龙都像是一群会走路会说话的龟头,“感情不分草食肉食” 豆瓣评分加分法则：小清新加分，成长加分，治愈加分，卖萌加分，卖腐加分，又是日本的，加分，还是动画，再加分，这么七加八加就加成了一部豆瓣8.9分电影。★★★☆,这个故事告诉我们霸王龙也是可以过肩摔的！！！！！！（小甲龙的声音怎么可以这么萌T▽T（话说这片是天然腐啊兄弟爱父子情敌友CP啥的,治愈。希望霓虹也能在地震中恢复起来，warm hug,曾经被这个系列的漫画感动到哭。电影版努力融合了原版的几个故事，但最终把原作的悲剧改成了温情，催泪效果因此减弱。一定要看原作。
无敌破坏王,8.7,361248,如果说人设制作配乐什么的是动画的血肉，那创意和情感就是动画的魂。而为什么当初说《勇敢传说》让人失望，因为它虽然将前者做到无可挑剔，但它的后者却弱到爆。《无敌破坏王》游戏机内世界的设定之巧堪比当时的《怪物公司》，而对于主角心理的描摹也令人叫好，小机灵更是遍布全篇。最后我有泪啦。,正太把御姐，罗莉泡猛男——这真是一个三观尽毁的电玩世界！,非常过瘾。大反派破坏王为赢得尊重跑到另一个游戏里冒险，各种奇遇和阴谋危险。。。故事紧凑精彩，画面非常绚丽漂亮。游戏背后的世界勾起我们的童年回忆，充满对老游戏的致敬，有点初次看《怪物公司》的感觉。情怀深度故事画面样样不差，个人目前的年度最佳动画，颇有奥斯卡相！,OMG 在学校看的试映 一定要正式上映的时候再去看一次！！！ 从头到尾满满的都是彩蛋啊啊啊！！！  看到那么多游戏人物都聚在一起就觉得好有爱！！！ 啊各种好有爱！！！ 有机会一定列个Reference的列表出来 UUDDLRLRBA,如别人说的，确实有点皮克斯乱入迪士尼的意思。靠回忆赚分数的电影。像素游戏、街机回忆，尤其是“上上下下左右左右BA”这种，让我这种长泡游戏厅的人实在无法防御。故事简单有趣还带些温馨感动。角色也可爱，特别是那个小女孩，又萌又坏，萨拉·丝沃曼的配音也棒。今年在影院看过的最喜欢的一部动画。
未麻的部屋,8.9,176675,看今敏解读，他自己提到《梦之安魂曲》里浴室镜头的模仿：“什么致敬，明明就是抄袭！那个坐在浴缸里的女主角就是詹妮弗·康纳利。后来我还和她坐过同一架飞机，结果她在头等舱，我在经济舱。”哈哈哈哈哈哈,惊悚得头发梢都立起来了，今敏就是动画界的大卫·林奇啊！虚实切换得让人叹为观止～,边看边起鸡皮疙瘩，但看到结尾为什么觉得很励志……电影海报是神作,梦境 现实 虚幻 穆赫兰道的感觉,"又是一个精神病,ME-mania长得吓人啊,恐怖..动画不是给孩子看的.,,"
恋恋笔记本,8.5,448160,飞屋环游记前传,我会永远记住你。爱情没有那么多借口，如果不能圆满，只能说明爱的不够。,俗套的好看。“爱情没有那么多借口，如果最终没能在一起，只能说明爱的不够。”,为了那一池子的天鹅 ,不是，我没有懂，他们为什么爱得死去活来。
冰川时代,8.6,435888,成年后再次接触动画片的最初几部，当年刚上大一，跟《怪物史瑞克》一样刷新了我们整个宿舍的眼界，动画片可以这样精彩和不分年龄。,喜欢看动画，心情放松。这部迪斯尼动画还是一如继往的提供心灵鸡汤，干了它。地球是人类和所有动物的共同家园，怎么和平共处这个问题被反复提起，我们良心发现爱心汹涌时每个动物都好可爱啊，可也不妨碍当它们影响我们时我们顺理成章的动手，当我们食欲大盛时把它们变成餐桌上的美味佳肴。,这是一个人类和大自然和谐共处的年代,哈哈，那只贱贱的松鼠实在是太令人想搓拉几下啦。,很喜欢那只抱着松果的小松鼠，很有趣。
哈利·波特与阿兹卡班的囚徒,8.6,356115,原本的故事在精彩程度上或许不如前两部 但却是最富有内涵的 一定程度上抛开了过于浓重的儿童读物气息 电影也是系列中最为优秀的 换了导演之后风格上的突破很大 特别是开头的设置 服装设计也越来越对味了 导演还执导了Children of Men 很能在影片中表达自己的思想,注意到售票员韩波脸上的青春痘了吗？三层大巴里弥漫着汗和脚的味道。还有打人柳的春夏秋冬，那些都是我最喜欢的部分。墨西哥魔幻南瓜大电影，最爱。,偏爱这一部！虽说是唯一一部伏地魔本人没有出场的，却并不觉得缺点什么233，非常精彩，爱死活点地图！,哪头森林里跑出来得发光得鹿！,风格诡异，赏心悦目，最魔幻的一部HP！片尾的活点地图效果更是棒得无法弹，整部的摄影效果也超级绝美，大导Alfonso Cuarón，感谢您！！！！！❤[2004年9月初看的]
海边的曼彻斯特,8.6,338059,我和我不想要的后半生，我和我不愿意和解的自己。你们都朝春天去，就留我在破碎里又丧又美丽。,那些劝我们向前看的朋友，“不是所有人都可以和过去和解”,我冷漠的躯壳里，是抚不平的伤口和解不开的死结。,葬礼进行的时候，他听着宝宝的哭声，与那个试图安抚婴儿的男人共享着眼底羞为人察觉的一丝焦虑。他想伸手接过孩子，用他或许尚未消散的那种魔力让宝宝平静下来，又旋即意识到自己不能，也没有理由去为旁人阻止这种连锁的消耗。他累了也尽力了，相信所有人都是一样。,惨啊，太惨了。来美国以后第一次听到有人在影院里哭。剧情和感情之细腻简直是日本电影。完全可以脑补是枝裕和导这个片，由ARATA或者龙平来演男主。
海街日记,8.8,260495,四姐妹在自己家还得穿胸罩，看来大家的关系也没有很好！,“活着的东西都是很费工夫的” 淡淡的日本家庭片。只需微笑和淡然，便可解开心结。,“生活中的人来来又去去，自己的日子还是要一步一步走”，处于道德困境中的普通人，要如何通过和家人的沟通达成和解，大约是所有是枝裕和电影的主题。电影始于葬礼，终于葬礼，却感觉不到悲伤，如绫濑遥的笑容，安定又给人希望。剧作为了面面俱到，说得很“圆”，所以可能有点刻意,镰仓，小镇，海，房子，家，食物，四姐妹，是亲情和生活的美好。有死亡，有别离，有苦乐参半的记忆，四季的风景轮回，小镇的生活点滴，食物是生活的态度，吃就是活着的一部分，很温暖，很治愈，是枝裕和导演越发有大师风范了，这个世界上也只有日本导演可以拍出这么细腻美好的家庭剧。★★★★,足以驱散任何阴暗的姐妹亲情，有彼此作伴的人生四季——镰仓的樱花和细海真是美不胜收。情感饱满得有溢出来的迹象了，但仍然是最柔软的是枝裕和...
二十二,8.7,202753,关于应不应该拍这个问题，没有记录，最后真的会变成从未发生过。记住并不是为了带着恨，只是有一些东西不应该被遗忘。,这部电影所承载的意义大于电影本身,"《二十二》比《三十二》更为平淡  
但又觉得原本就应该是这样
这两部片子的意义在于
让人们“不终日怨恨，但一刻不忘”
她说:“之前记者来了好几次，都没跟他们说这个”
她说:“谢谢你们”
这两句就是对郭柯导演团队的认可
将她们带进公众视线
让人们了解并正视这个群体
谢谢你们

",一生的苦难都过来了，到最后也只有一座卑微的坟头。2017观影最佳。,3.0。1.相比《三十二》的深植内心，本片更倾注于昔日慰安妇的群体化描摹，或许更具史料价值，而非个体生命价值。2.对于郭柯的拍法，有人觉得投机抑或愤怒，在我以为，仍然算得上是一场值得去做的抢救式纪录。
虎口脱险,8.9,161507,永远看不腻的喜剧！,"娘的,这就是货真价实的喜剧片",法国喜剧展。终于在大银幕上领略了这部经典喜剧的风采，其实称得上是战争意淫剧的始祖，只不过咱们中国的《举起手来》学的太低劣，人家很高级罢了。里面的剧情bug很多，但是笑点设计的很高级，过去几十年仍能给人们带来欢乐，这就是经典喜剧的魅力。菲耐斯真的是喜剧天才，他的名字值得被更多人记住,永远看不腻的喜剧,喜剧效果十足，鸳鸯茶余音绕梁，国语版配音完美。
新世界,8.8,210604,最后还是华侨统一了南棒黑社会，中国人最狠啊。。。,老想按一个粤语音轨怎么破…………………………,韩国电影的山寨路线中心思想就是【西巴！】——要做就做狠一点，于是，新鲜的东西就出现了。,“心要狠一点，才能活下去。”当棋子意识到可以不再是棋子，棋盘又算得了什么呢？和“无间道”相比格局上就已经青出于蓝了。黄政民太会抢戏，看完后对他坑坑洼洼的脸简直挥之不去！,如果没有那么多半天说不到点子上的对话就更好了。这个故事可比无间道有内容多了。现在想想，无间道的故事看完，就记住了梁朝伟的小胡子，其他什么都无。新世界的那种步步进逼，到后来改变人生轨迹的路子，真是好看。还有，仓库揭发两卧底哦片段，和无间道2里相比，李政宰的表演太好看了，余文乐忒嫩。
房间,8.8,269964,用孩子视觉掩盖一个冰冷世界，第二次走出“房间”说byebye才真正的走出了房间。“我是个坏妈妈”“但你是妈妈”。世界险恶，但还是很美好的。故事不煽，依然感动。,小童星的演技天分闪耀，令人惊叹，不是该给个表演奖的问题，是险些威胁了小李子。故事讲述了两次出逃：一次是物理性、空间性的；一次是精神性的“心牢”，说导演后半段跑题走偏的，大概心理预期只满足于看个惊悚片。原声音乐的作者是谁？中间高潮部分完全照搬<点球成金>的一段旋律，听得也是出戏。,女警察询问那段。。热血沸腾,没想到是这样一个故事，小男孩扮演者雅各布·特伦布莱的表演实在太让人惊讶了！以小男孩的童趣视角来推进一个悲惨的故事，屋里屋外，成年与童真，既对立，又统一，“我本该高兴的啊”。最后小男孩跟那些物件告别的时候，太揪心了。但有一点不太通吧，施虐者为什么抛下了小男孩儿？,终于明白为什么纵然逆天如卡罗尔里面的女王大人，今年影后的赔率还是不如 Brie Larson了，演得真好。虽然后半段节奏有瑕疵，但故事说得挺完整 #向过去告别才能拥抱新生活的开始，否则就永远是个阴影#
雨中曲,9.0,141506,老电影总是快乐得那么纯粹,美国歌舞片的代表作。Gene Kelly初获芳心后在雨中欢快地载歌载舞，此段情节堪称歌舞片历史上的永恒经典！我都不记得我把这段看过多少遍了。,太美好了，美好的歌舞时代。,大雨的夜晚，与戴比·雷诺兹分别后，男主角陷入捕获芳心的无比快乐中，索性收起雨伞，在雨中载歌载舞！,几乎是最早的一批使用彩色胶片而非后期染色但又能有良好质感的彩色片。所谓的歌舞片之王，也……就那样了。
哈利·波特与密室,8.6,375169,如果一直能由哥伦布导演，那哈迷该多幸福啊...,最最最欢乐的一刻是当邓布利多宣布取消考试、全部学生都高兴地拍掌的时候，赫敏幽怨地说了一句：No~。,邓布利多说：让我们成为哪种人的并不是我们的能力，而是我们的选择。,一间密室和一本日记揭开过去在霍格沃兹发生的恐怖事件，也引出哈利对于自己身分的疑惑。血统和家世不能代表一切，要成为什么样的人都是自己的选择。,改动并没有拯救平庸，带上名作壳的糟烂还原絮叨叨。
恐怖游轮,8.5,537302,不要企图在重复中寻找已经失去的爱,一点细节都不浪费多余的精巧结构型电影～把循环轮回的结构发挥到一个及至～女主的美腿穿梭在N次的命运交汇过程中～层层推进又把细节先后安排滴水不露～导演功力真的很厉害～为结构型命运电影又增加了一个辉煌～,【导演缺钱花，钱只够拍一半，把这半段来回剪切播放！】真的！！！不觉得这个片子极其无聊么！,无限循环。衔接点是个漏洞。洞不大。,影评有时候可以比影片本身更牛逼
人工智能,8.6,298549,如果不能爱我很久，为什么要启动我爱的程序？,我只想成为你的唯一，获得你全部的爱。,有些电影，是你在当下觉得了了，而今后偶然回想起某个片段，才会为它痛哭一场的，比如，戴维从残破的大厦上落入水中的那一幕。my love is real，but I‘m not。,这孩子真拧啊！！！话说JUDE怎么能帅得象假的一样。,就总是有这样的未来，人工智能超越了人类，然后努力追求成为人的过程——这其实是天马博士的故事吧。裘德洛的冒险却不是，但最后过了无数年，到人类都灭绝了，才由外星人已经无法理喻的高科技给了大卫以真正的生命：那么真正的生命是什么呢？到此已经超越了人类范围内狭隘的理解了吧：库布里克的理念啊
魔女宅急便,8.6,319423,我喜欢她头顶的大红蝴蝶结，还有狠狠白那个小男生的一眼,宫崎骏的动画总会让人觉得这个世界美好无比。,看电影最能触动你的时候，就是电影的宗旨在你最迷茫的时候告诉你现在必须要做什么！KiKI成长了，你呢？KiKi又能飞了，你呢？,  “成长是一笔交易，我们都是用朴素的童真与未经人事的洁白交换长大的勇气。”,又是一部关于飞行的动画，很喜欢这样类型的片子，能鼓舞人的梦想。不过这部的故事单薄了些，只是讲了生活中的一个片段。美丽的西欧海滨小城市，平静祥和的日子，一个可爱的魔女，一个善良的面包店阿姨，一个豪爽的女画家，哇~~这就是梦幻中的理想国啊~~非常喜欢里边那只黑猫，太可爱了~~
惊魂记,8.9,153663,神作。全面滿分。如果有任何不被打動的理由，那就是觀眾晚生了50年，受到太多這部電影50年來泛濫的影響，就像一個沒有受過高等教育的英國老婦不會覺得沙劇牛逼一樣。,且看诺曼的last smile  毛骨悚然！,关于花洒那段的拍摄手法？那个花洒是中空的，水是向外放射状喷洒的，你们想的太复杂了,"""伪""的就是""娘""！",最后那一抹笑容堪称经典。
海洋,9.1,126202,太震撼的画面了，目瞪口呆看完全片。砍鱼翅那一段的惨烈堪比《海豚湾》，配乐相当不错。全片就像是由千万生命谱写演奏的谢幕曲，如此绝美绝望，而镜头前的一切都在不断消失，请2012来得猛烈点吧。,摄影加一星。影片本身缺乏凝聚力，几乎为单纯的影像展览。,人类是大自然最纠结的发明。但凡在大自然的和谐静美中出现人类的身影，非凶即恶、非恶即丑，一定是地球上最丢脸的存在、最恶心的物种，优胜劣汰、适者生存这样的说法可用来解释自然，但被用作强奸自然的由头、自我炫耀的工具，一切就变成屎了。如果人是不自大狂傲而只是充满好奇心和谦虚的态度，多好。,觉得阿凡达很壮丽？你得看看这个。,不需要导演编剧演员，大自然能帮你搞定一切。画面那个美，中途睡着。
疯狂的石头,8.4,543112,聪明的宁浩，能走多远？,难怪老外会看不懂。重庆话版太接地气啊，简直笑死爹了～～～～～～～～,终于完整的看了一遍，笑不出来,中国的盖里奇风格,有技巧的娱乐片
奇迹男孩,8.6,391556,当时出国以后的第一最大感受就是尊重，不论老弱病孕还是任何“与众不同”，都不会有人上下打量你。我不能说他们内心是否真的友善，但是尊重是最起码的原则。希望这个世界多一些善意，任何人都有自己存在的理由和方式，看到每个人由衷接受Auggie的时候太暖心了。,其实这更像当代童话，因为，实在是太暖了。里面每个人都那么暖，怎么可以那么暖，怎么可以那么暖！像一个暖心的童话故事。虽然，我也怀疑这样故事的真实性，但是，却喜欢被这样暖的故事感动，一度哭到不行。,买票的时候很纠结，因为是完全可以预料到的剧情。这种温馨少年故事虽各各不同却又次次类似。若是你近来心情疲惫，这部电影是个流泪的好借口。,电影里的世界太单纯美好，但是，有些人还是愿意去相信一次的，不然我们为什么要去看电影呢？,结尾把奖颁给另一个小孩就好了，特殊人群需要的不是特殊关注，而是不被当成特殊人。
罗生门,8.8,206933,谎言是人性的救命稻草,人，不需要任何理由就要说谎,倒没见着大的恶，只见到了人的软弱以及在他人面前掩饰这软弱。。或许软弱就是恶？片头还以为是中国片呢，林中那段光影很不错。里面的笑声有些做作。。。,第一部黑泽明。这就是为什么，从终极意义上讲，人们或许无法相互理解与沟通的原因。意图到语言是一层折损，说出到听见又是一层折损，人的背景、能力、心理都影响其讲话与倾听的重点。没有看到恶，看到的是人的胆怯、虚荣及局限。审判者藏于镜头后，象征着全知者/真相的缺席。认知上的敞开带来结尾光明,人类生来就是自私的，在这个故事里没有谁对谁错。谎言＋推翻，即使在近几年这种形式仍旧很时兴。
燃情岁月,8.8,207003,"因为他的英俊,我原谅这电影里的一切",波澜壮阔的西部美景 令人无法拒绝的自由之彼特 我心狂野 不是人人都能够懂得,每个画面都是那么温情且壮阔，还有那刺痛到灵魂深处的音乐，众人到位的表演。故事虽然并不那么引人入胜，但要表达的思想却是很容易赢得共鸣的。燃情的岁月，一世的真情。★★★★★,Tristan非常让人着迷，他是一位真正的自然之子。,基本可给五星，但纠结的情感使人难受。有两种东西会毁掉家庭：带回家的女人，和政治。
终结者2：审判日,8.7,239995,伙计们~还有什么比这个更棒的?,I'll be back,可能看过差不多十遍，为红色头发的furlong着迷，最让我疯狂的不是他那青春美好的面容，而是他眼睛中超越他年龄的沧桑世故。。。他才是我眼中最美的少年,"影史少见的第一部就足够经典，续集还能超越第一部的电影。
《终结者1》中，约翰·康纳将里斯传送到过去；
里斯又和莎拉·康纳生下约翰·康纳，形成一个闭环。
《终结者2》也是如此，正是天网将T-800传送到过去，才让人类得到终结者的芯片，从而得到灵感发明了天网，互为因果。
所以他们要找到迈尔斯·戴森，打破这个循环。
迈尔斯·戴森在平行宇宙是发明天网、间接毁灭世界的罪魁祸首，在这个宇宙却成了以生命为代价保...",真是太好看啦！在电脑上看完全完全不行啊，必须抓住任何荧幕放映的机会！！冷面壮汉（这里很好地利用了施瓦辛格演技方面的不足）配眼神忧郁的正太，再加上造型那么经验的反派，完全被秒杀。根本不像20多年前的片了。更何况这种把现实和未来画成一个圈的结构真是了不得，卡梅隆每个剧本的完整度都特别高
魂断蓝桥,8.8,188597,真正的经典电影绝非是口口相传，继而跟风装B，而是即便过了那么多个时代，如今看来依旧让人发自内心由衷地喜爱它称赞它。此片真的是经典，费雯丽的表演震慑人心令人难以忘怀。尤其是从她极为迷人的大眼睛流露出的眼神里包含着的各种情绪（而不是像如今很多女星那般眼大却无神），羞涩甜蜜幸福绝望绝决,山盟海誓玉人憔悴 月缺花残终天长恨,"那么多爱情，都在等待中蹉跎了。别让你爱的人等你太久。 
",我也不清楚这是什么感觉 总觉得中国的文化底蕴碰上美利坚怪怪的,难以想象这部美国电影竟是近80年前拍摄出来，水准之高让人咋舌，观影过程非常投入，纯洁的爱情让人心生感慨，结局之悲哀让人无比痛心，估计当年在电影院赚了不知道多少美国人的眼泪。说回故事，故事脉迹非常简单易懂，一个纯真的女人因爱人之死心灰意冷，落魄到需要出卖自己的肉体，电影在处理这一段时非常含蓄克制，由始至终没有出现过多显眼台词去提醒观众女主角的卖肉事实，可是却让懂的人更为着急，重逢一幕让人感动，最终的...
穿越时空的少女,8.6,283601,决定一件事，很多东西不能犹豫，特别是中意某个人的时候,我在未来等你...,只因为青春不可重来，于是我们才会如此缅怀。这就是为什么关于青春的故事永远有人在讲，永远有人在唱，也永远有人愿意听。白驹过隙，时过境迁，岁月磨平了棱角，时间改变了容颜，唯独记忆被永久保留了下来，等到青春静静的沉淀，你是否能读懂了那封在青郁时光中埋藏在心底的情书？,爱杀真琴的性格和他们仨的感情。时间静止的画面。动画比人演得好！吉田潔的音乐大赞。,时间细水流长，莞尔逝之。相逢相处顷刻间，甘美永葆。
爱在午夜降临前,8.8,209000,虽然之前的争吵真实得让人糟心，但结尾逐渐拉远的镜头仍让人感动。前两部的浪漫与激情都变成了书里的故事，这一部则完全生活下来。各种鸡毛蒜皮的琐事只是一个假设，关于如何让爱延续一生。生活中总会有这样那样的矛盾，人也会变老（比如半裸的朱莉·德尔佩却很难让你觉得性感）问题是我们如何挨过去。,结婚快10年互相之间还有这么多话可讲，还有性生活，这他妈不是真爱是什么？,飞一般的超越，硬生生的被朱莉的嘴炮给弄哭了。。那些随口就能背诵莎士比亚台词的人们是多么的可恶啊！那些吃个下午茶都在谈哲学谈人生的人们是多么可憎啊！那些连夫妻吵架都引经据典的男女是多么可怕啊！对彼此来说我们多么重要，可最终还是过客，我失去你，不是以死亡为界，而是再一次。。再一次。。,为了看第三部，特意重温了前两部。还把《恋人絮语》找出来读了下。期待第四部Before Death（爱在棺材盒盖时）……,作为Before的系列路，我终于在中年危机这里转了粉。Sunrise太甜，Sunset偏酸，只有Midnight酸甜苦辣都入了味。数度被台词戳中，我不得不一再提醒自己：那些只是台词，它们不是真的。
初恋这件小事,8.4,728462,一场强大的暗恋背后其实还有另外一场相反的暗恋,你有几个最佳损友，她们陪你分享你心里的小秘密。你在初中小心翼翼的喜欢一个男孩子，你收集关于他的一切消息，你在你们共同上学需要走的小巷口左顾右盼，你记住他的每一句话，你为他做了让自己可以变得更好更美的所有事情，那些好长好长的岁月里你只是想让他看你一眼而已。,虽然剧情已经无心意了 但是还是很！！！！！！！！！！！！你懂的,唯独最后一刻他说，我一直等那个人从美国回来，眼泪真要随女主角一样掉下来。可是我，已经不相信这种王子和丑小鸭的故事了呢。要知道，初恋的美好在于，它没有后来。,初恋这件事，谁也逃不过。。再一次被M秒杀>　<
可可西里,8.8,198977,只能说陆川选对了题材~~,不是路川会做的更好,拍得有些粗糙，但强烈。,带给我的震撼远远超过电影本身,不能承受之重
2001太空漫游,8.8,188074,既为举世公认之经典，必有高深奥妙之内涵。若觉难以理解，不妨从自身找找原因。对超出自我认知水平的事物极端排斥已属不智，再加以肆意的诋毁和谩骂只会将无知与庸俗进一步放大。更有甚者分明是哗众取宠，名为鄙视随波逐流，实则借机标新立异，以此彰显自己是如何的与众不同。实乃跳梁小丑，贻笑大方。,原作作者克拉克：“如果有人觉得完全弄懂了《太空漫游2001》在讲些什么，那一定是我和库布里克弄错了。”,牺牲了部分叙事节奏，但构筑起来的完整世界让人目瞪口呆。我觉得我要暴走了：这怎么可能是1968年的电影！！！这怎么可能是1968年的电影！！！它反科学反伦理啊！！！,人对宇宙的想象力，到此为止。最后半个小时，美到癫狂。本片让我对电影产生敬畏之心。有生之年，不会有任何一部电影能够超越此片。,史上最伟大的装逼片，就连作者克拉克和导演斯坦利都看不懂剧情……不过这丝毫不影响它的伟大，首先在视觉上它领先了同一时代数十年不止，很多星际旅行片都没有给我一种“星际旅行”的感觉，但这部有，关键就在于细节处理细致。还有就是，这部讲述星际旅行的片子拍摄于1968年，而美国登月则在1969
完美陌生人,8.5,384189,扫把星来的那一夜。,结局有些意想不到，最后一幕更是神来之笔。人是需要隐私的，但我们与要让另一半意识到，我留给你隐私，你应该珍惜它，而不是用来为所欲为。有人际就有明暗，如果实在忍受不了虚与委蛇，也可以自生自灭。有得有失，两个老人的那一幕告诉我们，有人陪伴终是美好的，即便为了这份美好要付出很多忍受很多。,剧本玩出新高度。一句话：已婚的别看，未婚的别怕。,结局怎么可能是和好，是没有做游戏的平行世界啦，彗星来的那一夜姊妹篇,三星半。可怕的不是手机，甚至不是里面的秘密，可怕的是每段关系实际都身患重疾，却没人愿意去医治。他们宁愿在这毫无快乐可言的生活中，违背道德与良知的去让自己好受一点，也不愿意去改变，去努力，直到有一天末日真的到来，他们再说一句：世界真残酷。
绿里奇迹,8.8,180014,“我累了，不想活了，真的，我不想再像孤雁一样，我不想再过没有朋友的日子，我希望有人能告诉我该何去何从，我不想再看到丑陋的人性，我不想在每日承担全世界的痛苦。”讲的是耶稣么？十字架变成了电椅。,片子缺少一种关键的非现实渲染，让人感觉离奇得难以接受，但是仍然是一部好片子,很长，很慢，关键是不好看~~,怎么说呢？大概也是食之无味、弃之可惜的感觉。剧情到了后面愈发地让人觉得像一杯白开水。,"故事性很强的传奇宗教寓言式电影。神爱世人，而世人却不理解这份爱。人类摧毁了神迹，而神却不忍让世人背负这罪名。1.【you can't hide whate's in your heart】2.【What happens in the Mile, always stays in the Mile. 】3.【If don't help,don't tell him.Ever.】4.【awful tir..."
小偷家族,8.7,549916,电影节给了4星，点映二刷改五星。删减只影响心情，不影响剧情。这是一部看着温情，实则让人绝望的电影。六个人，包含人生各个阶段，小女孩也许就是他们的过去，老奶奶也许就是他们的未来。你说这个世界会好吗？这些人从生到死，无人知晓；被弃苟活，步履不停。临时的家人组成羁绊，相互取暖；真正的至亲者却活在谎言之中，不闻不问。就是这样一种“陌路虽有爱，亲者皆祸害”的循环让你心寒至极。,我很努力试图去同情人物，还是没法同情他们。情节很cheap，直白生硬，全片无一处情感发自创作者肺腑。可恨之人有可怜之处，如果可恨可怜都写得不充分，人物怎么立得住呢？是枝裕和最近作品太多，应该好好休息积累一下，一年三熟的水稻再好吃也比不上一年一熟的。,相比“小偷家族”，更像“是枝宇宙”。这不是玩笑，一出从《无人知晓》到《第三次杀人》的总结表彰，你可以在任意一个角色（小朋友），一句台词（羁绊or选择成为父亲），一个场景（看烟花与海滩嬉戏），看到其他作品影子。最有趣的体验，大概是不同演员的组合，以及被隐匿的人物过往和秘密。,“我只能教他们这些了” 特别安静，却有很大的力量，特别湿热，却像夏风一样清凉拂过…我小时候是从大桥下被捡回来的，我弟弟是从垃圾堆，为什么小时候家长都热衷于捡孩子？,4.5。1.比血缘更重要的羁绊，是爱。2.听得见烟火的房间，看得见大海的弹球，已然是命运最大的馈赠；娓娓道来、含而不露的认真，是注定看不腻的是枝裕和。 3.谢谢你们了！那些说不出口的话最动人，而伤疤是联结彼此的纽带。4.安藤樱哭戏全场最佳；小演员附体柳乐优弥；树木希林内心藏深海。
牯岭街少年杀人事件,8.8,174078,近四个小时的长片，我一直不入戏，张震也青涩得让我无感，直到Honey的出现，我才静了下来。这个小混混里的前老大，竟然穿着海军服，又帅又温和，席地而坐说起他看过的最厚的一本武侠书，叫《战争与和平》，英雄主义浪漫至极致的悲壮。,海那边六十年代的生活跟海这边八、九十年代差不太多，但tmd海南边的学生凭什么人手一双converse？凭tm什么？,那一霎那我什么也没做，只是捅了你一刀。“原来你跟他们一样，对我好就是想改变我。你好可笑啊，你以为你是谁啊？我和这个世界一样是不可改变的…”,哈尼在国歌中缓缓穿过僵硬不动的人群，让人感到这是一个氛围诡异的政治时代寓言。黑帮冲突下是本土与外省的尖锐对立，面对“不要脸”的权力存在他只身求死成为本土命运的先知，无奈彼时无人理解他的行为，只有小四在环境的钳制下逐渐堕入没有出路的深渊。杨德昌超越自己水平的发挥。,我在台南，无聊的要命，每天可以看几十本武侠小说。后来，我叫他们去帮我租最厚的小说来看。其实以前的人，跟我们现在出来混的人，真的很像。《战争与和平》，其他的武侠书名都不记得了，只记得这一本。妈的，我还真想写本小说咧，干，给以后像我这种人看。太晚了，书又读的不够多。
阿飞正传,8.5,339633,"在张国荣面前
所有的大牌都黯然失色",物是人非，你是否还记得那一秒，你到底最爱哪一个。刘德华在张国荣面前暗淡无光。,总有一些人以为自己是鸟。,这座城市的雨水真是绵长啊，显得所有情意都变得稀薄。,我只想知道最后在小阁楼里露脸的梁朝伟代表着什么
无耻混蛋,8.6,338895,当法国人不讲情义，美国人不讲人权，德国人不讲原则，英国人满脑浆糊，犹太人大开杀戒，希特勒就死了。,我只有一点不理解：影院老板最后在电影上的那段宣言，可以是法语也可以是德语，它怎么会是英语呢。。。。,希特勒死的时候我傻了,Waltz屌，虽然片子一堆问题,流畅，看起来毫不费力。除了布拉德皮特显得格格不入，除了地下酒吧那场居然不收拾现场有些BUG，除了绑着TNT居然能混进元首活动场所很无稽，其他都很好，很完整，完成了电影所能给出的最重要的功能：娱乐。
香水,8.5,404845,广场上，众人皆醉他独醒，众人皆X他盛装。,这个故事如何不是比嫌疑犯x的献身要好上数百倍的大气故事呢？巴黎、格拉斯，每个城市里为了香味而忘我且凶残的努力——这并非凶残，而是纯粹的追求人生中唯一至高至圣的目标，找到那个生命中最后的味道。而一旦这个味道得到了，他生活的一切也就失去了意义，反而重拾当年全部细节的美好，最终就回归了起点，在鱼市场的臭味里让一切归位了。,每一个天才都是超越世俗观念和道德范畴的偏执狂。,看到最后原来是个香水广告,太邪乎了，进而反感~~
谍影重重2,8.6,249814,俄罗斯出租质量真好,拍摄利落。全片大量采用了近景跟随拍摄，追逐逃亡场景用极短的镜头剪接连缀，没有用近几年时髦的慢动作、子弹时间、镜头满天转等特效。但是一样达到了让人屏住呼吸、目瞪口呆的效果。汽车追逐片断中近距离车内拍摄的碰撞场面尤其惊心动魄，远比其他动作片中动辄撞坏十几辆车来的惊险刺激。,整个片子干净利落，扣人心弦。对自我身份的确认与对过去的救赎又让影片多一份厚重。,仇恨不知缘起，总有因果业障，于是只好道一声抱歉，原谅我前尘的孽债。节奏惊心动魄，剪辑狠绝凛厉，欲加之罪的亡命特工正面反击，辗转果阿那不勒斯柏林伦敦莫斯科，连环复仇与自证清白，却难以全身而退。两张相片，分别是刻骨铭心的爱和悔。也许非要失去后才会懂，虚惊一场，乃是生活中最美好的词汇。,很难想象自己第一次看的时候居然不喜欢，看来随着年龄的增长对一部电影的看法也会改变。我们的伯恩没有高科技，没有帮手，靠高智商和好身手赤手空拳对抗强权，你以为电影传递的会是复仇的快感，想不到是一曲壮士的悲歌。
新龙门客栈,8.6,302327,这部片子里面最帅的其实是小二,当年看到最后把甄子丹的脚剃成骨头的时候我还吓了一跳,大漠孤烟直，长河落日圆。感觉这才是中国的西部片。茫茫大漠里一间小客栈里面各种势力的冲突纠葛。话说原来那双刀鞑子男才是扫地僧般的存在啊。,大漠孤烟直 长河落日圆,张曼玉将金镶玉风骚入骨敢恨敢爱的性格刻画的入木三分。林青霞和梁家辉亦将江湖儿女的情怀与抱负演绎的丝丝入扣。其它一众配角个个可圈可点，经典之作。
猜火车,8.5,330822,令人惊艳的马桶,世界在边，音乐在变，连毒品也在边，你不会越来越年轻,马桶原来里面是海洋呀。。,在中国，这种~~青年文化只有从电影中感知了,平淡和琐碎是生活的本质。我们即使不甘不愿也不得不承认我们需要它向往它。★★★★★
源代码,8.4,582057,後面有延續的結局才是perfect！！！而不是傻逼的在那個kiss的時候結束！,竟然看到短评里有人言“结局累赘”、“如果一切停在这个吻就完美了”。卧槽，两位琼瑶剧迷请勿玷污科幻电影的SF之神好么！！！！可以说，影片3/4之前的剧情是立意新颖但仍中规中矩的悬疑惊悚片，但是结尾处的1/4剧情简直达到了科幻电影的肾上腺素暴表线。这个结局甚至比《月球》更加悬幻陡峭.,如果结局停在那一吻我就给四星半了。,继《月球》后，导演邓肯·琼斯再次带来的精彩之作。情节紧凑，逻辑合理，想象力毋庸置疑。作为科幻电影，虽然动作场面少，特效场面少但却始终引人入胜，牢牢抓住观众。唯一有待商榷的就是结局，如若停留在那一吻，或许会更棒。★★★★☆,这才是货真价值的穿越大作！
谍影重重,8.6,298706,"我发觉叫JB的都很厉害，是不是？James Bond, Jason Bourne",同类片教材片，唯一遗憾是女一丑。,伯恩这一系列始终喜欢的是它的节奏感。,简洁有力,最后一个杀手内忧郁的眼神呐~~~~
战争之王,8.6,252360,从影帝蜕变到烂片王也是需要一定的气度，就如同影片最后他被家人抛弃被抓到监狱却十分镇定一样。这片子政治隐喻很多。,很赤裸裸的表达一些很赤裸裸的事情，其实大家都知道,和政府比起来军火商确实不算什么,喜欢Nicholas Cage片中的表演，影片立意很高，最后的对现实的讽刺稍有些直白。,灰色行业翘楚的半传记性质影片，与性书大亨、烟草之王相似，具备了成功的人物塑造与微妙的道德讨论。（小记：弟弟维的自毁心理与纯真的素食者如出一辙，身为生产消费中堕落且重要的一环，痛改前非，蚍蜉撼树，但请不要忽视渺小个体的反抗，因为那是一种非常难得的道德自觉。）
青蛇,8.5,347985,如果有六颗心我就打六星，如果有十颗星我就打十星，别问我为什么！,当时很不能接受的是，许仙竟然和小青有暧昧。不过长大之后再回想，男人，可不就是这样的么。,我们以为白蛇迷恋的是许仙，青蛇勾引的是法海，实际上真正的爱情只发生在青蛇和白蛇身上。,情欲流转，媚尽浮生，带着点纸醉金迷的末世气息。只是李碧华原著中法海是想把许仙占为己有的，估计因为太惊世骇俗所以被徐老怪无情的喀嚓了...不管怎样，是好片！,红玫瑰与白玫瑰——青蛇与白蛇——许仙与法海。诱惑的两面。
地球上的星星,8.9,141516,没有坏学生，只有差老师,每一个镜头都寓意很深，他的才华有目共睹。看这部电影的时候，我想很多人都会有强烈的代入感想到自己的童年吧？小时候，在家长的压力下，不得已放弃那些看似幼稚却是我们心中真正渴望表达的东西。在既定的规则下，我们失去了儿时的那份纯真，逐渐沦为社会规则的牺牲品。★★★★★,内美术老师能少哭两回我们就给5颗星了,看了三个白痴以后很喜欢 Aamir Khan，为了看他才看的这部电影，结果没想到看到他之前先得忍受50分钟的死孩子。。。虽然这个孩子有阅读障碍，其实叛逆只是一种反抗，但是死孩子就是死孩子。孩子他哥美好到有点儿假。PS：配乐不错, 同龄小孩能轻松完成的，他却做不了。他是怎么熬过来的？他的自信肯定全被摧毁了，只好用逆反掩盖无能……与其承认“我不会”，还不如说“我不想”。大人不也常这么做？
城市之光,9.3,81548,"""在她的眼睛未被治愈的时候，她说，“他不仅仅是个有钱人”，而当她的眼睛被治愈的时候，她是否还会说出这样的话语，在结尾处，一个笑容，将所有的想象留给了我们。 当她终于可以目睹这座城市的光芒的时候，她是否还可以感受到一个人内心的光芒？""",永远的小人物，伟大的卓别林。,幽幽城市之光，让我们相信人心中还有良善。完美的表演和动人的情节。镜头的切换和动作的编排很到位。30年代初就有如此细致的故事编排结构和表演的编导，卓别林真是位大师。,不知道是看片情境不对，还是个人状态不佳，看完感触不多。,【B+】说实话，卓别林式的幽默放到今天确实有些过时了。但幽默并不是卓别林电影的唯一意义，剧本放到今天来看都很棒，对小人物的刻画也是一如既往的出色。不过还是更喜欢摩登时代
血钻,8.6,238985,这部片子让我记住了leo的演技。,“几内亚，100万人的非洲第二大难民营，但在电视上，最多只能播1分钟新闻，在体育和气象之间。” ,钻石，华丽的毒品。 迪卡普里奥，自从无间行者开始已让越来越多的人重新认识他，并知道泰坦尼克之后他一直在努力。 ★★★★,小李一直在努力，非常非常努力，虽然冲奥之路很坎坷，但是这些历练一定不会白费。期待你的《胡佛》《了不起的盖茨比》,影片并非毫无瑕疵，也确实不够深刻，但在同类题材中已是翘楚。非洲的种种深重苦难、内战和血钻的残酷来历都令人震撼，片中还借女记者之口自讽我们都在消费别人的痛苦，一语中的。剪辑和摄影都可圈可点，小李子演技好到让我第一次真正喜欢上他了。故事本身十分沉重悲怆，詹妮弗康纳利太养眼。（8.8/10）
浪潮,8.7,194970,君子朋而不党。保持每一个独立思考和人格。这是我反对任何机构和活动“党同伐异”的基本原因。包括乐迷、包括观众、包括粉丝，狂热的、无理性的、邪恶的、革命的、红卫兵式的、党卫军式的群体爆发。这不是游戏。后果不堪设想。你知道我在说什么。 ,如果把背景放到我们天朝，除去发传单的反对者会被悄悄处理和不会有结尾外这个电影就成纪录片了。,在中国的话，这种事儿根本就没什么大不了的。,迷人的法西斯。题材很好，可惜拍的不太好。,存在即是合理，没有什么主义生来就带着正与邪，集权主义相比自由主义，首先在效率上就是天上地下，对于弱势群体的保护也是自由主义不能相比。为什么最后会走偏，症节就在人的劣根性，这是无解的！马克思哲学提出以变化发展眼光看问题就是这个道理。有人参与其中的任何思想或运动，到最后一定会脱离初衷
朗读者,8.5,359674,汉娜热衷于倾听朗读，她对文化世界中的美好事物的向往越强烈，她对自己文盲身份的厌恶和恐惧也就越强烈，这是同一种感情的两面。这让她近乎疯狂地走上了一条维护、追求尊严的道路，为此不惜撒谎，抛弃工作和爱她的人。为了守护秘密，你会走多远？,这片不用德语就是先天性第一大败笔。改编没做好，知识分子气十足的小说被TMD改成了情色片，sigh，书还是很不错的。,"上、下部跳tone太厉害。影片末尾真是累赘至极。
有一个镜头很美，汉娜离开后，麦克在湖边，他脱了衣服，把脚放到湖中，幽幽的湖水裹住他苍白的脚。这个镜头很独特。(为什么独特我说不上来，我只能感觉到。应该要把抽象的感觉化为理论的东西，我仔细想想。)

还有，汉娜到底有没有罪？虽然良知薄弱，但片中教授说到，主导我们生活的是法律，法律要的是证据。
道德虽广，但毕竟抽象；法律狭隘，但约束力强。
在...","Only one thing can make a soul complete, and that thing is love.",我们最终原谅那个少年，因为知道那也是我们人性的恶。
彗星来的那一夜,8.5,337097,「量子力学的平行多宇宙学说，在交叉小径的花园里总会有一条路，让人们在生命中的每一个节点都得到幸福。 在每一次铭心刻骨的选择里，总有一个你选对了路 。在茫茫的恒河沙数的宇宙里，总有一个你，终生幸福。」所以，最后我选择了，留在那一个看似最好的版本，不惜干掉另一个“我”。,和来自地球的男人一样都胜在设计，往往在超自然的力量下面人类很容易暴露本性的缺陷，比如猜疑，鲁莽，自毁。这个电影在无数平行空间的外套下面，其实讲的是一个女孩，当她人生中的机遇都一个个逝去的时候，到最后她愿意付出任何代价去抓住最后一根救命稻草，甚至不惜去做一个替身。,惊悚而百转千回的一夜，看完脑海里只能久久回响一首歌：那一夜，你没有拒绝我；那一夜，我伤害了你；那一夜，你满脸泪水；那一夜，你为我喝醉。那一夜，我与你分手；那一夜，我伤害了你；那一夜，我举起酒杯；那一夜，我不堪回味.……这不是偶然，也不是初愿，这是上天对重逢的安排……,没觉得有什么“烧脑”的，有的只是人类共享的对未知维度的震撼和恐惧。结尾毫无防备地从科幻硬是升华出了人性。强烈推荐这部画面烂到不如DV短片却出奇有力的作品。,真·烧脑，认真看了两遍。第二遍主要注意一些细节，杯子啊衣服扣子啊还有走错门二人组拿箱子跑的时候塞进去的隔热手套……最后总结，如果以女主视角来看，到她落单遇上伪老公吓回屋子往后，身边已经没有一个是最早跟着出来的那拨人了，一个觉得自己被全世界抛弃的人其实做出什么来都不奇怪啦
步履不停,8.8,168429,日本的家庭电影已经是世界巅峰了，步履不停是巅峰中的佳作。,不知道什么时候起，一看到这种生活流的电影就泪如泉涌走不动路。人间烟火的气息，代代步履不停...,东方人的日常生活中就是常常上演这种迟到的温情、无奈的残忍，并且自觉地不知悔改地步伐不停。秉承着同样的嘴硬和含蓄，他们塑造了家，捏造了国。,试图用一个特殊的日子来讲述横山家数十年来的漫长岁月，不运用任何插叙，只是让时间一点点流过，从各人间的对话中了解这个家庭久远已逝的一切哀痛压抑温馨喜悦，然后日子还得淡淡前行。每个人物都刻划得立体有力，但是片长四分之三再往后有些情节：如蝴蝶入屋、孩子晨祈愿、多年后生孩子也开车等稍刻意,一个小恙却和气的家庭，每名成员各怀心事，是枝裕和对于亲情和生死的把握已是炉火纯青。固定镜头，味淡如茶，周而复始，偶有亡魂化蝶惊艳，终归还是微苦人生。浴室里的瓷砖常年有破损，相扑队员的名字一时想不起来，广告上的汽车到最后也没买...镜头升过愈发陌生的小镇，眼眶湿润，这就是生活。
疯狂的麦克斯4：狂暴之路,8.6,349797,勉强上5星。很爽，这个爽并不来自动作，而来自各种邪典的设计。镜头和剪辑也很到位。有些邪典设计实在太逗了，一帮人开着改装车掐架，旁边还有个弹吉他助威的，后面一片大喇叭，这个场景可以进年度邪典场景前10了吧。,简直high爆了，前三十分钟已经让人目瞪口呆好几回了，但这电影基本没有要停下来的意思啊，如果一定要分成五六段的话，每两段之间的文戏只有大约三十秒，然后又开始High。。汤老湿前三分之二都没啥台词已经被帅cry，后面掀翻史上最炫酷公路乐队之后开始有台词了完全让人招架不住嘛！,屌炸天硬摇末日公路片，热血动作爆炸和女权主义完美融合。一定要刷IMAX，一定要刷IMAX，一定要刷IMAX，重要的事情要說三遍！,情节？情节？老子的贝斯都可以喷火了！还要特么什么情节！,血与沙的故事，且燃且悲的西部版末日侠客行。塞隆美且执着，还可以与男人等高抗争，女神当如是。事了拂衣去，深藏功与名，汤老师真·侠客是也。配色帅气，吉他炫酷。 恩，可比复联好看不少。我说姑娘眼熟，超模呀！个死军阀眼光倒不错。
色，戒,8.4,450893,好一个汤唯,“第一次觉得李安可怕，是看《色戒》。觉得害怕，不是那十分钟的床戏，而是因为电影里彻头彻尾的虚无——爱情是荒谬的，友情是虚伪的，亲情是荒芜的，国家是四分五裂的，革命是似是而非的，革命者更是不可靠的……只有性爱的快乐是真实的，而这唯一的真实恰恰又是不可说的。”—摘录,从头笑到尾 抱歉。。。王力宏的出演简直是本片最大的灾难。。。,"表面上是王佳芝的自私害了一群战友，但她的上级早就有机会杀了易先生，却为了得到更多的情报迟迟不动手，打着“爱国”的旗号逼良为娼，强迫早在崩溃边缘的王佳芝继续和易先生发生关系。
在拿出实际行动证明对她好的易先生，和惨无人道、毫无人性的党之间，王佳芝只是选择了前者而已，她真的有错吗？
党在本片的形象并非伟光正，而是为了达到目的不择手段，甚至放弃人性和道义，这也是在华语片中罕见的。","“快走”, 汤唯说完这句话转到梁朝伟特写, 梁表情数变（“表情数变”,这是我在看网络小说时经常吐槽的一个词，但没想到居然真的有人能够表现出来）从微笑,困惑, 到醒悟, 再到慌乱, 种种神情一闪而过, 梁朝伟在这里直接奉献出了影帝级别的表演。最后一幕, 妻子进来, 光落在梁脸上, 而眼中隐有泪光闪动…"
遗愿清单,8.6,244087,前提是：你也得有钱才行啊！,渐入佳境，直击心灵。老卡特的问题：在你的生命中，是否有过欢乐？那你这一生，有没有给别人带去快乐？爱德华的经验：想尿别谦让，硬了就快上，屁要小心放！,我笑了，也哭了,两个演员真好。两人在医院里关系慢慢建立的部分挺好的，我喜欢做化疗那段的设计，编剧有心。反而是作为重头戏的实现遗愿部分，写得很一般，临死前的遗愿就是环球旅行实在有点轻浮。还是欠缺些力量。,就算得了癌症，在连走廊都是病床的国内医院，你周围都是治不起病或是医保结算的老百姓。所以别做梦了，你的邻床不会是亿万富翁，有遗愿就好，别列什么清单，都是美好的夙愿而已！虽然感觉片中景点都是电脑特效，但我还是当风景片欣赏了这般美好。也的确被片子感动到了，这就是好莱坞+老戏霸的魅力。
大佛普拉斯,8.7,250794,「雖然現在已經是太空時代了，人類可以搭乘太空船到達月球，但卻沒辦法看穿每個人心裡的宇宙。」,這不完全是黑白片唷。因為有錢人的世界是彩色的。以黑色幽默包裹的社會寫實劇，很貼近台灣社會。導演黃信堯後設的口白，不僅是趣味，也巧妙中和了故事裡那種幾乎沒有出口的黑暗抑鬱。社會階級分化，貧富差距，宗教政經的金玉其外敗絮其中，諷刺的超到位。拍了一個很棒的結局,有佛无慈悲，有性无爱，有法律无公正，有警察无正义，满满的绝望。“当然有困难...对他们来讲，无论是出太阳还是下雨，都会有困难，但他们没办法去想生命的困难...社会常常在讲要公平正义，但在他们的生活之中，应该是没有这四个字，毕竟光是要捧饭碗就没力了...”,你知不知道有一种说法，说人白天诵经文，晚上会梦鬼神，因为在消业障。为了图安眠，有人躲进满是娃娃的太空舱，有人躺在浪涛声声的吊床上。有人掉光了发，有人被鬼神扰。人生希微得说不出一句话，命运憋闷得出不了一口气，谁不是躲在大佛腹中诵经的人？后来有个人替我诵，说噩梦他来做，而功德都赠我。,有点茶馆听说书的感觉。市井乡氓的卑贱生活，乱象丛生的台湾社会，咿咿呀呀的旁白带来拍案惊奇的效果。在低俗猥琐中接地气，在黑色荒谬中怜悯，人生已是烂泥打滚，揣着一颗佛心才能普度——对小人物来说，平安是福...
小萝莉的猴神大叔,8.4,332301,不说了，洗脸去了,《猴神老哥》用心推荐，小孩是人生最难的副本，没有攻略，没有外挂，如果运气好可以组团，最难的BOSS是自己，最好的buff是陪伴。,难道是政治阻止了爱？圣母婊以为爱可以战胜一切,1.故事开场的设定还是偏向悲剧的，直到小萝莉遇上猴神大叔才开启喜剧模式，……看得我“悲喜交加”；2.再见《三傻》的Pia，只是如今的Rasika变得更加“丰满”了；3.风景摄影太美，沙希达在山坡奔跑的画面瞬间联想到《阿尔卑斯山的少女》；4.结尾的分别戏怒赞（加★），直接将寻亲主题升华到民族矛盾！,在真正深切的爱意与人性的光芒之下，一切由于偏见和狭隘而被塑造出来的障碍——不同的信仰、对立的政治、分割的土地，都不再重要。
再次出发之纽约遇见你,8.5,286035,电影院里坐我前面的男子，每当音乐响起时，都会打开QQ音乐的曲目识别，我很想告诉他，你每一次搜到的歌，都收录在同一本原声带里,我知道它不完美。我知道爱上和音乐生活的人是什么感觉，也记得他开始给其他女人写歌时，是什么感觉。KK比我想的好太多。Mark和Adam是两个阶段，别做谁的fucking缪斯，记住这一刻就够了。分享歌单踩街曾是我年轻时的恋爱法则，现在都不再重要，想到这，又哭了出来。Mark演的特别好，我爱每一个瞬间。,#SIFF# 对不起Mark叔太adorable了我满脑子都是“啊啊啊啊啊”，在天台弹贝斯的地方啊啊啊啊啊啊啊站在镜头边缘我也只看见他啊！歌非常非常好（反正歌一好我就会冲动给高分别理我）！情节不像once那么散，城市环境音的想法很有趣+乐队成员间的dynamics酷毙了！,好听、好看的小清新。最棒的是两人没上床，连个吻都没有。,增强版《Once》，音乐还是非常好听，整个故事很清新很温暖，《大地惊雷》的小姑娘很抢眼，可惜后面不够出彩了。但总感觉缺了点《Once》里那种真诚、伤痛和爱的错失，略有些甜腻。不过仍然是非常好看非常舒服的电影。
追随,8.9,125010,牛B导演都是从年轻时候就牛B起来的。,我已经几乎可以荣封诺兰为我最喜欢的导演了。这不仅因为同样是环状叙事他的片比昆丁少了许多矫情，更因为他太好的掌握了观众的智力和口味，光凭剪辑和讲故事就能在imdb250里占据那么多席。更因为他那么清楚文青的心理——就是喜欢默默躲在小角落里偷偷观察人，猜测每个人背后的故事。,虽然你行的是鸡鸣狗盗之事，但也不用摆出一副鸡鸣狗盗之相,在走入社会之前看，很是及时——这是场充满残酷美学意味的游戏，最致命的陷阱就是自以为是！,天哪，太厉害了，一步步把人引向深渊，不论是男主角还是观众！这就是几千美元成本的电影啊，真是一切皆有可能。。我是多么喜欢最后一个镜头啊！诺兰是神啊。。。
聚焦,8.8,199192,作为一个前记者，看完这种电影真是感慨万千啊……如果不能坚持新闻理想，倒也不必把选择悲情化。做记者本身就要有一点理想主义才行，因为是你主动选择了那个桅杆上的瞭望哨作为岗位。只可惜我们受到的教育和现实完全是拧巴的……电影本身非常棒！尤其是演员的集体表演！,事件的真实性震撼人心！对系统的拷问，对记者工作的刻画（比较更戏剧性的Newsroom)，对事件进展本身的关注而不是沉溺于廉价的抒情，对几位主要记者不同角度不同态度的有节制的描绘，都为此类社会传记剧情片的最高标准做出了表率。不断询问something bigger，我想这该是一切艺术形式的终极责任。,有点像“撞车”，都是群戏电影，每个人都有精湛发挥。聚焦天主教性侵丑闻，凌厉割喉的步步求证。电影最成功的是将亵童和性向做出切割，指出这是教会这一全世界最藏污纳垢组织自上而下的制度性丑恶，看完会让人失去对宗教的所有敬畏。,住在波士顿看这片感觉真是……全场白人老头老太最后鼓掌认真得不行。BP强力选手水平,“有时候我们都很爱忘记，大多数时候我们都是在黑暗中磕磕绊绊，突然天亮了，而人们却开始相互指责。”那一天早上，报道发出后，“聚焦”小组办公室的电话突然被打爆了。对记者而言，揭露真相永远是第一位的，可是这部电影在记者调查事件真相之外还讲述了“沉默的螺旋”机制以及囚徒困境，同样值得深思
东京物语,9.2,85788,这世上本来就有许多令人灰心的事情。所以，还请你不要太灰心。,东京看过了，热海也看过了，我们可以回家了。,所有想说的都在电影里，相信每位观众都会有很深刻的体会,黑白画面里孩童歌声中远去的火车，我怎么可能受得了这种画面呢？各自的寂寞难以传递，说到底人活着还是为了自己，我很难过。,"坟前难进孝子之心
生活平淡的让人揪心
"
一次别离,8.7,188904,人与人之间的隔阂，阶级与阶级之间的对立，信仰与现实之间的两难抉择。没有对错之分，只有立场的不同与现状的无奈。,4.5。一次即永恒！①着意隐去匠气，还故事以挚诚本真，唯象征私隐于后。②一席黑头巾掠过楼道、车流。③隐匿于镜头外的西方理想国。④你怎么敢看着我的眼睛撒谎！⑤古兰经的存在一度置瑞茨于人性罪责和信仰之间，如替老人洗澡、告白真相等。⑥玻璃门之隔。,2011柏林金熊奖得主，2011年第一部上榜IMDB250的电影。很客观真实的电影，关于伊朗人民的信仰、生活以及感情。故事点到为止亦不过分，表演也纯熟自然，开放式结局耐人寻味，戏剧冲突也坚实有力。拿金熊不过分。十佳备选。自制字幕：http://bit.ly/s88Fpr,一个战争与宗教包围着的国度奉献的一部佳作，可以称之为实至名归的金熊奖最佳影片。大量的手持镜头，用客观而冷峻的镜头讲述着两个平凡家庭的琐碎与冲突，人物刻画入木三分，故事的悬念更是凭借着适当的掌控丝丝入扣，直到电影完结仍使观众处在情绪当中。★★★★☆,格局无需大，笔触只要深。
驴得水,8.3,624059,1.库斯图里卡的癫狂、荒诞+法哈蒂的困境、冲突，而这...其实在中国这片土地上随处可见；2.追求自由的人，死了；3.愤怒的人，成了听话的牲口；4.宽容的人，成了小人；5.淳朴的人，成了恶棍；6.正面向上的人，总在行骗；7.就让我们忘掉过去吧，才能继续作为“人”活下去。,过去的如果就让它过去了，未来只会越来越糟！,锋芒毕露，前所未见的作品，不要当作喜剧片看，剧本是真的厉害！为中国电影骄傲，我们又多了两位优秀的年轻的导演/编剧。,对人性的描写太精彩了，中国的好编剧是不是都去写话剧了。女一出色。有人嫌话剧感太重，我倒觉得没有问题，起码是好看的，总比电影感十足的烂片好看。,这个笑话还真把我看哭了，惊喜之作，比夏洛特烦恼的故事高明，但电影感较弱
黑鹰坠落,8.7,199073,非洲兄弟命贱，一死一大片！,很讽刺的是，艾迪德的儿子成了一名美国的海军陆战队员。,这是我看过的美国战争大片中最为经典的一部,经典巷战,只有死亡才能看到战争的结束..
我爱你,9.0,102215,對不起，我是個膽小鬼，沒有妳我怕活不下去。,催泪弹！这是目前让我哭得最凶猛的一部片子了，一个人在家对着电脑哭得一塌糊涂。。。还不是默默流泪，真哭出来了。。。孤独太让人害怕了！！！！！！,用力有一点点的··过猛····,我曾经也想那样老去,前不久姥姥突然脑出血住院了，还好发现及时不太严重，现已安然出院。7月2号是姥姥的生日，姥爷偷偷准备了蛋糕，大家一起像电影中那样关灯唱生日歌吹蜡烛。虽然平时生活琐碎吵吵闹闹，但那一刻真的很动人。从俗一句：我能想到最浪漫的事，就是和你一起慢慢变老。
千钧一发,8.8,160845,"“我只是把身体给了你，你却让我分享了你的梦想”。（BTW：Original Music by 
Michael Nyman）",为什么只有5星？全宇宙的星辰都属于你。,看了这部《千钧一发》，没想到还真不错，男煮饺儿追求梦想时不给自己留任何后路的精神真鸡巴励志啊……这种励志非心灵鸡汤式励志，而是心灵牛鞭汤式励志……我们曾经都是星尘，莫名其妙地来到了父亲的睾丸里，来人世走一遭后重新变成星尘……反正迟早变星尘，不如追梦尽情活…… ,一个凄美的基情故事,梦想与扼杀梦想的不公平，过去、现在还是未来，这是人类戏剧的永恒主题之一。
发条橙,8.5,270150,对于他的电影我一直都抱着没水平写影评就闭嘴的态度,影片通过一个漫长而完满的暴力实验揭示了这样一个道理：人们对待暴力与对待行为准则的态度不经意间便自相矛盾，既反对暴力又以暴制暴，西方社会一直追寻的人性在影片中却不复存在，这使影片给人一种飘渺洪荒的感觉，而对社会政治的深刻嘲讽以及人的生活信念的崩溃与迷茫也表达着一种深切的探索精神~,我也想买那个瓷的大JJ,我觉得惊讶的是传说中的经典居然真的让我觉得很经典 ,成功预言了杨永信的电击疗法。
E.T. 外星人,8.6,245782,小女孩太可爱,温情多过科幻显得主次不分,电影超越一切隔阂，以一个单纯却永恒的故事打动人心，片中童话般的情节和寓言式的启示让观众笑中带泪。,每看一遍哭一遍,ET被抓进实验室，小埃利奥特也一病不起。孩子们愤怒了，他们自发组织起来，营救外星人。埃利奥特也在心灵的感召下苏醒过来，加入营救行动。他们能成功么
网络谜踪,8.6,360079,看到结尾回想起一个细节，妈妈电脑里保存的班级电话簿，上面有真凶的联系方式来着，备注写着：家长在警局工作，离异家庭，喜欢玛格。,非常新颖的表现形式，整个故事都在电脑屏幕上完成，节奏感把握得极好，多处反转出人意料，想起前面的铺垫又觉得顺理成章，悬疑的氛围持续到结束。影片中各式social media玩得极溜，导演说想要通过影片表达网络有时候也不全是negative的。五个主创拍片十三天却在电脑前剪了两年！,不要随随便便就死掉，不然马上会有人变成你最好的朋友。,确实是重新解读电影语言，节奏快且充满代入感，我们每一天不就是这样过吗。给剪辑师加鸡腿！故事本身讲得也好，情感和悬疑结合完美，铺垫好家庭背景之后所有发展都顺理成章又出人意料，换一个老爸能火眼金睛至此可能会显刻意。题外话：John真是英俊啊我从进剧院第一眼看到他开始就不会呼吸了妈呀,评价名不符实…《暗网》先入为主，这部就一点也不惊艳了。
四个春天,8.9,110006,我自己的片子，我打五星。。。⁄(⁄ ⁄•⁄ω⁄•⁄ ⁄)⁄,真挚的记录，有一对普通老人能遇到的欢乐：香肠熏得好，燕子回巢，邻人送来腊梅苗，「闹热」。也有一个中国家庭能遇到的悲痛，这些我的祖辈也有，但十多年来一直被大家刻意回避掉了。片子叙述极为简洁朴素，没有任何刻意的技巧。凝练了日常生活的韵味，又高于日常生活，这个家庭的生活自有旋律，就像那些餐桌边、山野里、病榻上、坟前、旧视频里响起的歌声。,这种片子的电影属性很弱，其实就是一个家庭录像，甚至都不能算是私影像，导演根本就不想通过父母的经历或者姐姐的去世表达点什么，所以根本就不提关于姐姐的经历，关于家人的信息量都是最皮毛的一带而过，导演只是记录了四个春节，每次回家过年，父母都是熟悉的流程，记录的是鲜活的生活，他记录的就是他眼里的年吧。这种东西当电影看的话，超级没劲，导演根本就没有电影意识，摄影看上去很努力了，但本质上还是静态摄影，这种纪录...,共情真的是一种很高级的情感，无论悲喜都如沐春风，是燕子回巢的呢喃，是半亩方塘的春水搅动，是厨房的乒铃乓啷，是迟迟不愿挪步的送别，是白发人送黑发人噙着的泪，是用DV记录家庭生活的镜头。父亲这一代知识分子拿的起乐器学的来剪辑，即使年纪大了“每天也要为这个家做一件事”，母亲总是囿于厨房但总能笑呵呵地唱起旧曲，还经常地木楞停住想起亡去的姐姐。两位老人鲜活可爱，我也是第一次注意到我有时候竟然会错过这些身边类...,#FIRST#导演的影人头像真的不是来搞笑的吗？陆庆屹从豆瓣红人到纪录片导演，自述生活的家乡贵州地区是个黑社会地带，却能拍出如此柔软浪漫温暖的片子，全是源于对父母的爱。姐姐段落开始全场周围都是哭泣声，王传君章宇泣不成声，时间和画面都和导演本人一样真诚。
撞车,8.6,242478,CRASH，不仅是撞车，更是种族、人性的冲撞。沉重地我只能一再一再叹息。,伟大的作品。重看一遍的时候仍旧感动，冲入汽车中的男人，女人烟火中的回头而落泪。为小女孩抱住父亲，父亲绝望的哭喊。这城市的华灯初上，雨中车灯，滚落的黑人男孩手中的木头雕像。向一切的怀疑、争吵、怯弱、爱。致敬。,处处是隐喻，段段有线索,喜欢这种看似毫无关联却关联紧密的小电影儿。,表面上是在探讨种族间的偏见与冲突(crash)，本质上是在讲人性的和解与救赎(touch)。
变脸,8.5,307393,原来是吴宇森作品，看的时候还奇怪外国人是怎么想出这个复杂的事情的，而且还能看到《英雄本色》和《喋血双雄》的影子。。。,确实好看呀，我喜欢特拉沃尔塔~,"长处发挥至巅峰，短板都被编剧和演员等部门拔高，这就是好莱坞体制的强悍之处。文化帝国主义就是牛呀~ 假如姜文也去好莱坞走一遭，会不会突破自己，不要只是good，而是great呢？应该不会像老吴一样江河日下吧....
PS：巅峰期的吴宇森完爆所有韩国导演，包括现在的。",都说眼睛是心的窗，但这两位叔连眼神都能无极切换，毫无压力。以前看完这片就一个想法，演员真是不能信，装什么像什么，太会忽悠了。虽说是经典，但编剧到底还是没有脱出套路，满是吴宇森的签名镜头。三星半。,凯斯特醒来，此时他有着西恩的面相。于是他决定将计就计，将知情人杀掉之后，他就变成了西恩……
梦之安魂曲,8.7,158931,一部极好的反吸毒电影……,憨憨说看了这片你就不想吸毒了，恩，真不想了,其实人和人的生活是很脆弱的，很容易分崩离析。欲望是快速的，惩罚却来日方长。,镜头、剪辑、原声……我觉得完全没有必要回头看新浪潮之类的。。,哇，那条胳膊！哇，那棵管子！哇，那两张屁股！哇，我要吐了……
