链接,标题,评分,短评数量
https://movie.douban.com/subject/1292052/,"恐惧让你沦为囚犯，希望让你重获自由。——《肖申克的救赎》策划了19年的私奔……Fear Can Hold You Prisoner, Hope Can Set You Free人的生命不过是从一个洞穴通往另一个世界..然后在那个世界的雨中继续颤抖.i hope因为1994年台湾引进了一部比较卖座的老片The Sting，被错译成了《刺激》。到了1995年本片上映时，片商觉得其剧情与《刺激》有类似的地方（大概都属于高智商的复仇？），因此被译成了《刺激1995》，1998年又有一部片子Return To Paradise因为含有牢狱情节，被译成《刺激1998》！",肖申克的救赎,9.7,1912847
https://movie.douban.com/subject/1291546/,"说好了一辈子，少一年、一天、一个时辰，都不是一辈子。他竟当面一语点破：虞姬是真虞姬，霸王是假霸王。就凭这个，我愿意原谅陈凯歌一切的烂片 你只要伟大过一次就可以了 就凭这个 哥哥你是我心中永远不朽的传奇 你是全世界最大的角儿君王意气尽 贱妾何聊生蝶衣于台上贵妃醉酒，头顶忽撒下无数抗日传单。灯骤灭，台下喧哗。没有人再顾及台上的贵妃。唯有蝶衣，继续着未尽的绝美舞步丝毫未曾停滞。一片混乱之中，也唯有四爷，独自于楼上包厢继续丝毫未曾分神。看到这里感动的一塌糊涂。结尾处“我本是男儿郎,又不是女娇娥”真的落泪了。纯粹坚持的2人去了",霸王别姬,9.6,1406266
https://movie.douban.com/subject/1292720/,"妈妈说，生活就像一盒巧克力……请不要再续下一句，耳朵听的起了茧子。Mama always said life was like a box of chocolates. You never know what you're gonna get.you are my girl.
傻人有傻福，实际上并不是这样的。在我看来，阿甘的妈妈才是最伟大的人。很多普通人把低智商的孩子早早就放弃了，不让上学，不与别人接触，也许是为了保护自己的孩子，但是这样以后孩子就等于废了……他的十二支船，每一支都是她的名字。她走后，他只得跑遍世界的每一个湖泊和沙漠来思念她，只等她一声召唤便死心塌地的回到她的身边。好莱坞编造一个这么纯粹的故事，让我们看到我们所拥有的感情，是多么的残破不堪。这简直是残忍的，不道德的。",阿甘正传,9.5,1454006
https://movie.douban.com/subject/1295644/,"一半的魅力来自反派：Gary Oldman.我开始想要过得快乐，睡在床上，有牵挂我没啥感觉的公认好片。Léon： You're not going to lose me. You've given me a taste for life. I wanna be happy. Sleep in a bed, have roots. And you'll never be alone again, Mathilda. Please, go now, baby, go. Calm down, go no...我到哪里找，像你这么好。",这个杀手不太冷,9.4,1650112
https://movie.douban.com/subject/1292063/,"喜剧的开始，悲剧的结束，
满满的亲情，无限的父爱绝对难忘的一部片子----影片结尾美国大兵的那句 hei! boy! 叫人已经凉透了的心又感到了温暖。即使是悲惨世界,也要大大的笑着.乐观的态度,持久的爱情，伟大的父爱,在这种残忍的践踏中表现出来才让人如此的动容,一定不会忘了这位犹太青年世界上最美丽的谎言与微笑。Surprise her, forever!",美丽人生,9.5,922558
https://movie.douban.com/subject/1292722/,那对对死无所畏惧的老夫妇，那个不为外界干扰的乐队，那个为生而做一次假父亲的男人，那个为爱人吹响口哨的女人。都是为了一种心灵上的执着。永远是我在电影院所看过最好的电影一部应该被记住的电影.1998年，哈尔滨火车站地下给初恋女友买的盗版光盘。第一次看到沉船，第一次看到正面全裸，第一次看到伟大的爱情，第一次...,泰坦尼克号,9.4,1398943
https://movie.douban.com/subject/1291561/,"每次看这些神作的时候想到这是动画片这是一群牛人一笔一笔画出来的,就觉得漏看掉一帧都实在是对不起他们啊你忘了吗?
往下飞的时候眼泪是往上流的.又是个成人动画,估计大部分中国观众很难体会什么.我与猪都认可的片儿。有一点模糊的小爱情...小白龙报恩，千寻想起了她自己及小情人儿的名字。帮客人洗澡，小煤球儿来回跑。这些经历给我多好玩儿，我一定不会变成大猪，不乱吃东西，给客人洗得干干净净。小白龙永远跟我好^^回到14岁：）",千与千寻,9.3,1494181
https://movie.douban.com/subject/1295124/,印象很深刻的是黑白画面中的红色。不仅仅是犹太人，而是整个人类的悲剧。我哭死算了我“你从来不喝醉，那是绝佳的自制力。自制力就是权力。” “权力是当我们有绝对的理由去杀一个人的时候，我们却不那样做。那是古代帝王风范。那才是权力。”不管有多少争议，在艺术上这是一部无可替代的作品。我们如何才能做出一部让外国人认同的关于南京大屠杀的电影呢？,辛德勒的名单,9.5,744069
https://movie.douban.com/subject/3541415/,我的陀螺停不下来了。一直在牛逼，从未被超越。只有Nolan才能达到这种境界！！！Nolan给了我们一场无法盗取的梦。确实挺好看。人人都在评论这片，我也评不出个鸟来了。因为《盗梦空间》这片，中国人民已经陷入了智商无限的癫狂幻想之中。人人都觉得自己的解释最牛逼，人人都觉得自己是哲学家，是心理学家，是数学家，是诺兰的知己。迷离失所，戏假情真！,盗梦空间,9.3,1401719
https://movie.douban.com/subject/3011091/,被狗狗的一往情深击倒，和老公两个哭得稀里哗啦。今天抱着家里的狗亲了一天。“等有一天它会给你捡球的时候，一定有什么特殊的理由” 八公用这种方式来告别了他的主人....纸巾抽到还剩最后一张想起回家的出租车上的广播，一对老夫妇丢失了狗狗寝食难安不知道该怎么生活，他们女儿在广播里说抱了狗的人，你们要是卖我们再买回来。尤其是她妈妈现在整个人都吃不下饭了，他们年纪大了，狗狗就是他们的生活寄托啊。【我已经使劲克制自己不哭了，但还是不行。】....明早眼睛又肿了,忠犬八公的故事,9.4,963434
https://movie.douban.com/subject/1292001/,一个人到底需要多大的世界呢？最喜欢的电影，喜欢，不是之一，而是唯一 每天睁眼，去面对这个世界都需要勇气。键盘有始有终，你确切知道 88 个键就在那儿，错不了。它并不是无限的，而你，才是无限的。你能在键盘上表现的音乐是无限的，我喜欢这样，我能轻松应对，而你现在让我走过跳板，走到城市里，等着我的是一个没有尽头的键盘，我又怎能在这样的键盘上弹奏呢？那是上帝的键盘啊！我想有些东西只是能在特定的环境下生长。当环境变了，其他的一切都会变。,海上钢琴师,9.3,1164495
https://movie.douban.com/subject/2131459/,我看哭了。。。浪漫得一塌糊涂，像废墟中开出的花，像牵手散步的下午，像世上所有伟大的爱情。人类在这个片子里面是处于完全被嘲笑的位置。（其实应该说美国人？）片中的超大型连锁企业BNL在未来已经统一了所有的商业领域。而人类堕落成完全依靠电脑的帮助才能吃喝拉撒的胖子们。而且从小就接受电脑的教育要消费消费再快点消费。这个世界虽然没有Matrix的灰暗，但是其实相差不远。好在人类并非丧失了本性，只是“遗忘”了而已。而Wall E和Eva的出现就提醒了他们还有一个“家”，虽然已经满目疮痍，在等待着...清纯乡下少男与前卫暴力冰美人的爱情故事啊～xixi堪称完美的动画作品。,机器人总动员,9.3,924718
https://movie.douban.com/subject/3793023/,"这几个月来看过的最好的片——”做自己“，也许才是人生终极的成功。别总嘲笑印度人”阿三“，他们已经追上来了，无论经济、科技还是我们一贯认为只会跳舞唱歌的宝莱坞电影。盛赞！5+1星！【温馨提示：请忽略这傻逼名字.不然你会错过一部好电影】1、病毒的鸟巢飞来了一只自由之鸟；2、Ta有没有告诉你,朋友就是给你一枚硬币教你自己独立做出选择的那个人.这个人才是你最大的财富 ：）活在当下，不记得失，以无为之心做有为之事，你收获的会是比物质更珍贵永恒的生命体验。第一次完整看完一部印度片。中国不如。六星都不够。最后男主角戴眼镜那个形象好像吴彦祖！",三傻大闹宝莱坞,9.2,1288410
https://movie.douban.com/subject/1292064/,“如果再也不能见到你，祝你早安，午安和晚安。”就算是已经完全知道剧情走向也还是被震撼被感动。就算你能摄影我的一切也无法在我脑内安装摄影机。看的时候甚至有种绝望的情绪，这个世界有时就是这么的令人无助要想阻挡我 只有杀我打开这道门，即便现实再最肮脏也请让我自己感受！关掉你的镜头，即使现实再无奈你也必须自己体验！,楚门的世界,9.3,1025322
https://movie.douban.com/subject/1291549/,一个孩子在启蒙时期，能够遇到一位好的老师，真的是一件非常幸运的事情。这是一次心灵的洗礼，没人生本向恶，只是无情的手把人推向了无尽的深渊。Morhange每一次天使般的独唱，总让我感动的浑身直起鸡皮疙瘩，特别是那纸飞机从窗口飞出，“感谢、再见”的小手一挥，那份感动，不言而喻。而最重要的，看这部电影不仅是好“看”，天籁的童声更是听觉的享受。★★★★☆不知道为什么，没多大感触。看开头第一眼我就知道我喜欢。从来没有教不好的学生只有不会教的老师。人与人之间的交流是用心的，在我看着你的眼睛的时候我知道你是真心为我着想的，所以我才愿意选择相信。就这样。看一部好电影的感觉像是给心灵洗了一个热水澡。从里到外都会感觉到清澈的感觉。所以我一直坚信最好的教育人才应该放在学前教育和初等教育。小学老师对孩子的未来产生的影响远大于大学老师。可现状却是，大批自己都没学会怎么做人的人被随随便便扔到了小学、初中做老师，放纵霸凌，根据权势财势“因材施教”，惩罚性教育，把孩子逼上绝路就让天性不良背锅，呸。,放牛班的春天,9.3,897153
https://movie.douban.com/subject/1889243/,"整场基本屏住呼吸,瞠目结舌,无话可说.在香港这么多年除了电影节我第一次碰见放映结束观众集体鼓掌的.去年看完Gravity我觉得太空科幻片已经拍到头了,然后Nolan大神把我这点眼界碾压得粉碎.三体迷不必再较真拍三体这事Nolan已经把后半部给拍了.非常理想化，所以显得很有种，没有公司敢让任何人拍这样的电影。致敬库布里克的镜头体现了导演的少女心。但有2001珠玉在前，我认为这部顶多和它并驾齐驱。诺兰尽其所能拍出了触手可及的科幻，硬核又充满人性，温情又隐含黑暗面，让人潸然泪下。“理想化”是不是削弱了剧本？大家保留各自意见吧。赶着首映翘课去看了imax版。诺兰一直在围绕人物内心讲故事，配上宇宙孤独梗，目瞪口呆或许是夸张，但泪流满面了几次绝对是事实。很多宇宙中的片段没有背景音乐，全场安静地如梦如幻。影片结束后随着观众鼓了掌，能和这样出色的人类活在同一个时代，的确是我的幸运。 期待影片明年多拿到几个提名2011年11月有《雨果》，2012年11月有《少年派的奇幻漂流》，2013年11月有《地心引力》，2014年11月有《星际穿越》，……前三部电影分别获得11、10、11项的奥斯卡提名，然后都拿下最佳摄影和最佳视觉效果奖，由此，我们可以预测《星际穿越》2015年的奥斯卡提名数和最佳摄影+视觉效果拿奖的可能性？……看完没人起立鼓掌，因为全跪着。",星际穿越,9.3,1037306
https://movie.douban.com/subject/1292213/,"无论是看第三十遍，还是第三十一遍，我都会对着那个寂寥的背影流泪。那落寞的大圣身上烙印着我青春时所有梦想，我们曾以为自己会成为盖世英雄，以为自己是这个世界的唯一，以为爱情专为自己存在，可是渐渐发现自己和别人没有什么不同，当你踏上社会时，总会有人看着你的背影说：看，他好像条狗啊！经历过和正在经历着悟空式的命运和紫霞式的爱情，才发现生命的本质是以最低的姿态出现的。英雄？你为什么不问问做英雄的代价？  
“想不到经过这五百年，我要找的并不是她，而是你。”人生际遇真是难以言喻。任何时候任何场合都可以再看一遍的电影坐我旁边的那个年近四十、西装革履的男人从电影刚开始就止不住眼泪，有些地方哭着笑出声。而他的年轻女伴从开头就一直低头玩手机、到经典场景就煞有介事地拍张照片、不到一半时一直嚷嚷着无聊，硬是把那个男人拉走了。年少时特别不喜欢周星驰，觉得瞎搞，觉得脏乱差，但长大之后，每看一遍就难过一遍，每看一遍哭一遍。他真是在这里说尽了爱，说尽了责任，说尽了人世种种无奈无力",大话西游之大圣娶亲,9.2,1012883
https://movie.douban.com/subject/5912992/,媒体越干净，社会越肮脏這個世界的絕望在於，眼睜睜地看著那麼多的不公不平每天都在身邊發生，自己再怎麼努力卻依舊無可奈何；而這個世界的希望也在於，明知是蚍蜉撼大樹，卻還是有那麼一群人執著地選擇了這一條艱難而幾近不可能的路。我们愤怒的不仅是禽兽的行径，更是禽兽逍遥法外，正义无处伸张，无能为力才是最痛苦和绝望的。一个非常容易感动观众的题材，尤其还是真实事件改编。其实电影还有很多提升空间，包括对犯罪场面的描述太刻意未也太多了。但仍喜欢这样的电影，这才是电影应有的立场。这就是我们和韩影的差距。3星半当邪恶的力量已经渗透至社会的每个角落尤其是当权者手中，我们还他妈向谁去央求公平和自由一个文科生，每天背着政治生活，背四项基本原则我国的国体公民的权利。亲眼看着热搜被撤下，视频被删除，三种颜色消失不见。豫章书院还存在，赵V再也没有人提及，国乒事件最后化为一题选择题。熔炉的故事真实发生在我所在的国度。“我们一路奋战，不是为了改变世界，而是为了不让世界改变我们。”,熔炉,9.3,620945
https://movie.douban.com/subject/25662329/,无论是人设，世界观，动画制作，还是剧本，都挑不出毛病来啊啊啊！！细节多到爆！！好幸福！！！！>w< 最难能可贵的是配角们的人物性格和形象设置都非常饱满（教父梗好惊喜>< ） 虽然是动画，但是剧本还是隐射很多人类社会的种族问题，以及政治两党上位之争的问题。另外我狐Nick的眼神是在太苏了TwT...完爆冰雪超能头脑，动物再次证明了动画片不止是给小朋友看的，而是全年龄段和世界级的，尖端数码特技、新意剧情、老梗新用搭配萌Q画风，乌托励志、搞笑温情、自然销魂、阴谋反转，用动物来映射人类，涉及种族歧视和两党斗争，无论从制作技术还是政治倾向或是社会意义来说，基本锁定今年奥斯卡最佳动画做冰棍那机智的不像话！！！全片最爱！！！想吃！！！绝对的好片子 裂墙推荐。实在是因为另一场满了…随手挑了这个片子。真是5分钟一小笑 10分钟哄堂大笑。看那个又懒又慢树獭简直要锤墙了。旁边法国妹子精辟的吐槽！看！这是我们法国人。我要憋到内伤了。最后散场大家都静坐着等着整首歌放完…五星好评。2016年度十佳。不要看任何影评，如果可以预告片都别看，直接买票就好了。你要啥这电影里有啥！,疯狂动物城,9.2,1200451
https://movie.douban.com/subject/1307914/,牛就牛在，他让所有演员都达到了巅峰现在看来，无间道一部电梯里挤了三个影帝，这部电梯也算是前无古人后无来者了。刘嘉玲说：当年拍无间道的时候梁朝伟每天只开工三四个点就回家，拍了二十多天就拍完了，之后就是获奖无数。演戏这种事，不得不承认是有天赋的。重新对香港电影刮目相看，它从哲学的角度深入探索人性，去感受身不由己之下的那种窒息，感受贪婪与自私，体验善恶的痛楚纠结。编剧确实是相当的出色，梁朝伟的陈松仁直接神化，所有的角色都可圈可点，没有一出多余的地方，以至多年后看美版的时候仍然不忘旧爱。这是港片的里程碑。9.2怎么形容梁朝伟的分量呢？就我个人来看，影坛少了一个梁朝伟，就等于少了一百个刘德华。,无间道,9.2,827160
https://movie.douban.com/subject/1291560/,"原来龙猫的戏份这么少啊。宫崎骏真是个内心柔软的天才。能给这个残酷的世界这么多温暖。龙猫真像童年时的一场梦，长大之后似乎忘记了，突然看见它毛茸茸的身躯，就想起了所有的奢望。这大概就是我们得以在孤独中相互告慰的东西吧。无论怎样，成熟都是一场病，而能够治愈它的，大概只有对这个世界最温存的渴望。宫崎骏最感人的一部，初看平平无奇，回味一下痛彻肺腑。最喜欢的一部动漫 其实没有什么大的冲突点 整个就很平淡叙述 但一点也不会觉得无聊 看的很入迷 龙猫也超萌的  也看过很多遍 每看一次就又喜欢多一点宫崎骏最纯净无邪、恬淡温情的一部作品。没有反角、猜忌、冲突与灾难，即便是""鬼屋""、密林、神怪也都浸染着童趣可人之色。呆萌的龙猫，喜欢水珠落在雨伞上的声音，乘着陀螺起飞，催种子发芽，在树梢上吹橡子。煤炭精灵同[千与千寻]。十脚猫巴士与老鼠车灯。母亲的病也不致命，一切都很美好。（9.0/10）",龙猫,9.2,865421
https://movie.douban.com/subject/1291841/,"""Because a man who doesn't spend time with his family can never be a real man.""时隔八年有必要修正自己的观点，简陋之处依旧，而编剧与表演上的神来之笔多不胜数，回头重新品，亦可以发现《教父》带给观众的“大银幕”体验是足以驳斥掉持 反对论者的。一杀二场面中的短暂神色与打击数量，确实精确到无以复加。当一个新生儿在教堂接受教父的洗礼时，教堂之外的死亡正在蔓延……无论阿尔帕西诺多卖力，教父也只有一个，那就是永远的马龙白兰度。时代不一样，要走的路不一样，所以那个黄金时代，讲义气重家庭谈承诺的时代，永远回不去了。男性电影，没有打动我",教父,9.3,634715
https://movie.douban.com/subject/1849031/,"如果能让自己不再为光阴被虚度，才华被耗尽而流泪，如果能让自己坚定，“我不要似是而非的人生，我要自己做的每一件事都刻骨铭心”，那么这场狂热便是得其所，记住这永远不是最差的人生。看到开头就知道结局，不过这并不重要，重要的是过程。。。最感人的不是赢得职位，而是在厕所里捂住儿子的耳朵。。。作为一名容易感情用事的中国观众，感动比励志对我来说更重要=。=孩子母亲颤抖着说你会照顾好他；
装扮成时光机器来安抚孩子，子夜洗手间中独自哭泣；
“你是个好爸爸”，孩子说。
看电影的时候，我的手经常不自觉的紧握着，为那揪心的困窘。
幸福在这里敲门了，可是那些没有被敲门的人呢？有点失望...感觉是为了励志而励志......要不是导演和演员功力，就沦落成俗套励志片了......除了幸福 什么都能放弃 一定要幸福 和自己喜欢的人在一起 做自己喜欢的事",当幸福来敲门,9.1,1033493
https://movie.douban.com/subject/3319755/,"萌死我算了，男主太帅了吧！Some of us get dipped in flat, some in satin, some in gloss. But every once in a while, you find someone who's iridescent. And when you do, nothing will ever compare.有些人浅薄，有些人金玉其外而败絮其中。有天你会遇到一个彩虹般绚丽的人...可能比山楂树还纯哦！这算完美吗？小镇美景、帅正太、酷萝莉、家庭温情、成长点滴。。。双线结构，视角切换，细节丰富，过程明晰。。。爱就该是这样悠悠扬扬、婉婉转转、一阵冷、一阵热、一阵抽风、一阵颤抖的过程。。。睿智外公和脑残叔叔是惊喜。。。爱到最后拼的果然还是人格魅力啊。越看越觉得自己真是老了。。。。。",怦然心动,9.1,1190106
https://movie.douban.com/subject/6786002/,音乐真棒，看到最后有些意犹未尽。很舒服的电影，故事有趣又会带些感动。两个完全不同世界的人，因为教育、知识、习惯等各种不同造成情节冲突及笑料；而彼此的影响和同化则是感动的部分。对于菲利普来说，有时需要的未必是小心翼翼的服侍，而是像对待普通人一样的无歧视对待。对残障人士最大的尊重，就是不要把他们当做残障人士。尊重比爱和同情心更高等级给领导做一万件好事不如陪他做一件坏事某个人在不经意间走进你的生活，他和你不同阶层，不完美，甚至有不少讨人厌的毛病，但是长期的相互信任和理解成就了一段真挚友情，也给两个人的生活都带来了阳光。把德瑞斯的原型改成黑人使对比更强烈情节更戏剧化，也让这段超越种族的友情更感人。影片里乘着滑翔伞在山谷中翱翔那幕太美了……不怜悯是种更高级的尊重,触不可及,9.2,675672
https://movie.douban.com/subject/1851857/,蝙蝠侠、双面人和小丑这三个形象把人在善恶两面的矛盾及选择映射得淋漓尽致，于是成就了史上最佳漫画和英雄电影。时光网：“诺兰让关于艺术片和商业片的讨论变得毫无价值。《黑暗骑士》不但拍出了古典悲剧的感觉，还探讨了恐怖主义、越界权力等美国当代的热点话题。最关键的是，电影好看得无懈可击。”大片中很有内涵的一部，不管是人们心中暗自涌动的对小丑疯狂灭世主义的不安的共鸣，还是对蝙蝠侠孤独暗夜行走的英雄惜英雄般同情，其实都是人们对这个世界失望的一种情绪释放。其实小丑说的很对，他和蝙蝠侠很像，都是异类，只不过蝙蝠侠把痛苦留给自己，顽固地去坚守一丝信仰，而小丑把痛苦还给世界。诺兰的叙事能力不但在于结构上。。他总有一个与众不同的主题当之无愧最出色的商业电影！一直在搜索“为什么还有人想住在哥谭市”,蝙蝠侠：黑暗骑士,9.2,696190
https://movie.douban.com/subject/1296141/,当结尾旁白说“影院友情提示，为了保证您没有看过这部电影的朋友，有机会获得更大观影乐趣，请您不要像任何人透露这部电影的结局”时，真爽，这个电影真是骗足了同情心，飚足了演技，压足了节奏，然后唰唰大释放。一场英国男人和德国女人之间爱情与欺骗的故事，现在才看，对不起比利·怀尔德老人家。律师三寸舌，妇人宫心计，两者皆不敌，最坏男人心，花心郎算尽太聪明，反算了戚戚性命比利怀德真的是各种意义上的领先时代五十年，连防剧透声明都领先了阿加莎和怀尔德的完美结合 一群戏骨的完美演绎 意外而又意料的主线、熠熠生辉的细节向世人证明：小说和电影的结合能达到如何的高度 要是需要我用一句话来评价我的douban NO.1500部电影 那只能是：此曲只应天上有，人间难得几回闻满分！无法形容的精彩！怀德和阿加莎的完美结合，猜了几次凶手都没中，我还真是。。。马琳黛德丽已经56岁的人了还那么美，果然是remarkable。演员都极其出色。太精彩！,控方证人,9.6,261114
https://movie.douban.com/subject/1292365/,"活着就是受罪 活着就是劳累 
活着就是互相折磨 活着就是不对 
活着就是受罪 活着就是劳累 
活着还得互相安慰 活着就会憔悴 
活着就是受罪 活着就是劳累 
活着就得拼命挣扎 活着就得干脆
——尹吾 你笑着流出了泪中国不是没有好电影，而是真正好的电影没有在这个社会喘息的余地。竟沦落至此，天涯同道，难语归途。友庆死掉的那段，泣不成声，不忍卒读，他们逃不过。活着就是一切！戛纳评委会大奖，老谋子最好的电影。改编自余华的小说【活着】。很好看。书和电影都好看。活着的人比死了的人还痛苦。我觉得是的。中影史：影片透过一个人的一生遭遇，涵盖着人在历史中的命运无法掌控的生命之痛，衍生出了对死亡的苦笑。全片具有一定的史诗性，这种史诗性被包装在个人和家庭的命运之下，同时隐隐露出一股的悲悯情怀和伤感的黑色幽默。影片的个人生存状态和苦难，在经过精简的历史背景里，体现出小人物的悲欢离合。",活着,9.2,537032
https://movie.douban.com/subject/1300267/,"整整4、5个小时啊，看到我中途昏死了过去。郝思嘉最后的那句“tomorrow is another day”鼓励了多少脑残志坚的女性呀！（包括我在内）Tomorrow is another day. 又一句该死的经典台词。至今记得亚特兰大的战火中她奔走的背影，裙裾摆动。她的野性和骄傲，坚强与倔强，不甘弱示或屈服，瑞德与她是相似的。如果瑞德爱上的不是郝思嘉，一定不会掉进那个自掘的陷阱里。对于郝思嘉佩服之极，对于瑞德，感动了，且唏嘘而惋惜。艾希礼的年龄和长相确实是个问题，我怀疑盖博当初签合同的时候是不是要求所有男演员都必须找比他难看的永远的银幕经典.再说了,乱世佳人是我最爱看的书.",乱世佳人,9.3,461279
https://movie.douban.com/subject/1293172/,"溥仪登基之初的十六抬大辇，和片末游行时红卫兵扛在肩上的毛泽东像，讽刺意味浓重。感觉导演还想告诉我更多的东西。但我更多是对这位末代皇帝的同情，还有艳慕。。。好喜欢大被同床的双飞镜头。有史以来一部最地道最出色的中国电影，居然，Made By Italian～我觉得对于一个外国人拍的中国人物传记来说，它最可贵的不是那些对比强烈的色彩和镜头，而是他的态度，他对这个人物的理解，他并没有评判什么但是他把故事默默地摆在那里，到结束，你会一时觉得心情复杂，而且更重要的一点是，电影里不仅仅塑造了溥仪一个角色，而是通过细节也讲述了围绕着他的一些人的沧桑，这对于一个外国人来说，我觉得异常珍贵。虽然还是有些次要人物显得有些脸谱化，呵呵。。。CC版本，3小时38分。。。光影，音乐，及每一个具有寓意的表现手法都不用再多作笔墨褒赏，极惊讶导演对溥仪这个人的解读以至于成就这部电影所呈现的态度，把整个故事说完，尔后留观者独自在唏嘘。那个关于""门""的意象完全表现了溥仪近乎悲剧的一生，作为一个小孩，他却自幼被禁锢;作为一个皇帝，却沦为时代的牺牲品。太寂寞太寂寞了，这样一个孩子从小到大都是寂寞的，好不容易有一点儿亲情、爱情、友情，很快都被剥夺掉了。他因为寂寞而衍生出的种种行为都挫败了，最终给他带来更深的寂寞感。这也是看了这么多遍，依旧这么打动我的地方吧。真是从一开始音乐一起就难过得不行。",末代皇帝,9.2,473001
https://movie.douban.com/subject/20495023/,"邻座的女孩哭倒在我怀里啊电影多么美妙！人有三次死亡。第一次是生物学的死亡；第二次是社会宣布你死亡；第三次是最后一个记得你的人离开这个世界。
想念上个月去世的外婆，想念老爸，想念所有离我而去的人们。
后悔没带纸，平复了半天情绪最后离开放映厅。。。老人不图儿女为家做多大贡献呀，一辈子不容易就图个团团圆圆。皮克斯替蔡国庆唱了回春晚。亲情催泪弹。所以，动画会不会好看，除了技术，更重要的还是如何讲好故事，把感情放进去，借作品把情感传递开，包括这部以及头脑特工队等很多能成功，皆是如此。不过，有些人似乎总是搞不懂这件事。1、对不起，梦想和亲情永远不该对立。男孩最后怎么就能主动放弃了呢？2、我爱这个死亡和分离的故事，感谢皮克斯，将墨西哥的亡灵节变成了温馨的生之欢喜。3、依然催泪，但你流泪了，不代表这就是一个好故事。泪水不该廉价。",寻梦环游记,9.1,999526
https://movie.douban.com/subject/26387939/,关于本片价值观－不看社会背景就评判三观就是耍流氓。在印度的社会状况下，女性是没有自由选择职业的氛围的，先破才能立。就像片中父亲对女儿说的－你不是在为你一个人战斗，你要让千千万万的女性看到女生并不是只能相夫教子。最后，这场斗争的意义早已超脱出父亲一己的梦想，升华了呀。就凭电影，谁也没资格叫人家阿x豆瓣文青们可能已经成功被白左的西方政治正确洗脑了：不放在具体语境下，以西方女权衡量一切本来就是一种偏见和武断。在整体状况还不如中国的印度，本片已经适当地展现了一种进步的女性生活方式，即便在父权的引导之下。让符号化的解读蒙蔽影片传达的真情实感，令人感到可悲。最喜欢开头女儿埋怨爸爸的那段歌舞，叙事和歌舞互相成全，流畅至极。动作戏最喜欢吉塔初战男跤手和半决赛两场，人物与动作交融。为平权奋斗的主题和父女情都感人至深。民族主义煽情则显生硬。奉劝豆瓣那些不沾土不沾灰六亲不认的女权婊们，趁早移民欧美澳吧，我们发展中国家的小庙容不下你们这些大神。父亲堪称年度最讨厌角色，女性意识的觉醒不是建立在自我的基础上，而是在父权的逼迫下强制产生，这种价值感实在不敢苟同。此外，本片将体育的竞技精神完全扭曲，以输赢作为唯一指标。放在励志题材电影横向比较，也毫无任何创新之处。,摔跤吧！爸爸,9.0,1048103
https://movie.douban.com/subject/1929463/,深邃阔海，浩缈星空，绝境谕旨接踵而来，漩流深处响起弥撒之音。李安从来都不会纵情，他只是个温柔的人，腼腆着讲述内心的哲学。5.0。1.什么都信，才看得见奇幻之美，纵末日亦无惧。2.蓝鲸涌出海面如此之美，迫于抢救食物的派却无暇欣赏。3.即便抛开3D，这照样是个美妙的故事，李安再商业也会有光辉。4.对视深海一幕派与虎合而为一。5.浮尸岛的昼与夜，美与恶。6.同一故事两种讲法，照应梦境与现实。7.人生到头来就是不停地放下。我以为它会回头，但它只是朝着森林深处望去，然后永远消失了。也许父亲说得对，它根本没有把我当成朋友，但我非常确定，我在它眼中看到的，绝对不只是我自己目光投射的倒影。它就那么头也不回的走了，但在我内心深处，它永远与我同在。震撼人心的镜头不少，随便数几个：镜面海、水母夜、飞鱼来袭……3D效果最强的场景之一是奄奄一息的老虎躺在少年腿上的那个夜里，整个影院就像在滴雨，我真的有抬头看是否是电影院天花板漏水了……基督在旷野修炼，魔鬼要求他展示奇迹将石头变成面包。但基督拒绝了，因为奇迹就是魔鬼的诱惑。故事出现第二个版本正是印证了这一点。它让电影主旨反转：不再是关于信仰的确立，而是它的缺失——信仰不能建立在奇迹之上，但假如你面对一个奇迹，却选择拒绝去相信，这就是没有信仰的悲哀了。,少年派的奇幻漂流,9.1,985420
https://movie.douban.com/subject/1291552/,我就不明白甘道夫升级为白袍巫师了怎么不爱使魔法，改成肉搏战士了。一直期待他使一招毁天灭地……最服的就是山姆了，走了那么长的路，路上吃得那么少，一点儿没瘦。终于结束了，一切如常，我却回不去了04年奥斯卡陪练片都很弱，所以也没什么冤案。小金人发给三部曲，PJ拍完LOTR本来就是一件伟大的事情。鉴于电影的要求，老左怨念的“霞尔平乱”是不能有的，拍了绝B被喷成画蛇添足。当然就一部忠于原著的电影而言，PJ做得很到位了，不过要看完三本书三部片绝对需要足够的毅力和体力。魔戒比其他魔幻系列的厲害之處在於中心的設定，没有一貫的非黑即白，魔戒就是一個赤裸裸的誘惑。每個人面對他，都會遲疑。是選擇克服這種誘惑還是被它所俘虜，全在於你自己。甘道夫最後給孩子們說：我不會讓你們【不哭】，是人都會【哭】。我們需要的，是實實在在的幸福。【魔戒系列結束。成仙了！哈】,指环王3：王者无敌,9.2,508965
https://movie.douban.com/subject/2129039/,我心中的结局：就在老爷爷被勒令搬进养老院的第二天，来接他的人发现老爷爷静静地坐在椅子上，手中拿着还没充完的气球。他已经死了，脸上留着幸福的笑容。飞屋冒险只是老爷爷死前的幻境。至此影片结束。从头哭到尾爱和梦想，勇气和希望为爱妻遗愿，老钉子户一飞冲天，远赴南美寻梦PIXAR总是能带来最单纯的美好,飞屋环游记,9.0,911655
https://movie.douban.com/subject/1293182/,其意义不在于“无罪”的结果，而在于整个辩论过程，那是关于人类和世界的哲学大命题，借助12陪审团之辩，对个人和集体，个人和社会，真相和怀疑，等级和尊严，意见和理解，理性和情绪，坚持和盲从，法律和良心，激情和冷静，大胆假设和小心求证等命题，进行交流和探讨，那是火花四溅的碰撞，直指人心。偏见，合理的怀疑。任何时候都要保持怀疑的能力。最后，当意见终于统一，每个人默默地穿上外套，离开，桌子上是刚刚一个半小时内发生的巨大震荡留下的痕迹，烟灰缸，纸团，凌乱的纸张，笔，还有那把刀。经过这些震荡后的十二个男人，不管之前是多么的抱着偏见不放，此刻都闪着光。这是人类进步的光芒。精湛的表演，恰到好处的对话与矛盾设计。抽丝剥茧，各个击破，非常牛逼……感到非常非常大的压迫感。气氛竟然还跟一场雨融合得那么好。1.看罢暗惊，但细想之下，并非最爱的吕美特电影。2.把罪案摊在阳光下。3.我从小到大住在纽约，却从来没去过那里。4.并非称言其无罪，而是不确定是否有罪。5.最棒的钟表匠都在欧洲。6.不论去到哪里，偏见总是遮蔽了真相。,十二怒汉,9.4,306804
https://movie.douban.com/subject/1291858/,大概姜文最后的一笑意思是“幸好我死了，这狗B的世界我可不想活着”太他妈深刻了越荒诞越有力留口气活着很重要，可有些事比活着留口气重要1.一些意味深长却无法言说的东西。2.众生平等。人性并无美丑之分。渺小的人类个体的行为也无对错可言。是战争和国家这个巨大的利益机器扭曲了人性。3.战争，荣誉，保卫祖国都是公然杀戮的借口而已。4.南京只讲出一分我已觉得满足。姜文简直就是惊喜。,鬼子来了,9.2,422813
https://movie.douban.com/subject/30170448/,"在这里，女孩是一种商品，可以换钱；男孩是一种工具，负责养家糊口、照顾更小的小孩。
父母只管生，不管养，将孩子当做摇钱树和免费劳动力。他们不但不能给孩子带来快乐，只会给他们带来苦难和折磨。
现在做什么都要考证，做父母却不需要考证。然而并不是所有人都配当父母，也并不是生了孩子就自动成为妈妈。
他们只图一时的快活，让孩子跟着他们来到这个世界一起受苦，他们根本不配做父母。
如果不能给予孩子幸福，当初就不应...努力挣钱好好读书，不要穷到只会做爱生小孩（边看边骂《审判日》，比《审判日》更《审判日》）从一句话的简介 就直击心灵 再到120分钟完整故事 一直受到着冲击与震撼。 三个看片小伙伴 开篇就哭的稀里哗啦 结束 已经泣不成声  真的是一部还没看完就想让全世界去看的电影。那句在法院上12岁的小ZEIN的发言：我要控诉父母生下我。我想让那些无法养活孩子的父母 不要生下孩子。这题材...这手法...锁定奥斯卡外语片提名。小男主的表演太厉害了！有点煽，可看性很高但艺术层面低些。技巧很干净，但偶见被安排的剧情。希望有更多人看到这部电影。小男孩非常突出，不知能不能冲下影帝。制作还不错，不过剧作人为痕迹还是太重，想要照顾更多，反而觉得有些过。煽情也有点多，属于催泪系。",何以为家,9.1,584717
https://movie.douban.com/subject/1291583/,剧情无甚佳，但天空之城的景象忘不掉，尤其是废墟中布满杂草的死掉机器人出现的时候好电影从来都不会因为岁月的流逝而失去它的味道，反而会越来越香醇，一如地窖里的酒。久石让的音乐堪称完美，画面虽是手绘，但亲切感十足，故事背景细节丰富，人物刻画生动，还有区别于一般动画的深刻主题。★★★★☆对天空的追逐，永不停止。喜欢工业革命时期笨拙又功能性的全机械化的东西，觉得发明家很了不起宫崎骏的一大代表作，不论是剧情，音乐，配图。节奏都非常好。看了好几遍。值得看。青涩的友情爱情，抉择。很纯情。尤其喜欢钢琴曲，不得不说。久石让与宫崎骏绝配,天空之城,9.1,579386
https://movie.douban.com/subject/1299398/,"对我们这代人影响最大的电影。寓言故事已然存在，不可避免。世界是巨大的枷锁，你不得不重复自己或是别人的生活。
台词：你看那个人的背影好奇怪，他好像条狗啊。这才叫旷古烁今。蛮好笑的，只是没觉得像大家分析的那么悬。不想深究，笑过就好~~如果一个妖有人性呢，他就是人妖。哈哈，星爷的经典该怎么评呢？小时候看不太懂，长大了才看懂还看过好多遍，星爷的喜剧电影是唯一可以让我看3遍以上的电影。",大话西游之月光宝盒,9.0,815369
https://movie.douban.com/subject/1308807/,爱，就是替爱人找回自己的心。腾空徒步的那一段，最浪漫爱给了苏菲勇气，哈尔爱苏菲的勇气。1，哈尔变身之后的造型就是折了翼的天使。2，王后是女同，看上苏菲了。3，每个宫崎骏都要有老巫婆，善良女，宠物狗，无语怪。还有各种帅男！激动之下，把日、英、台三个配音版本全看了……,哈尔的移动城堡,9.0,661203
https://movie.douban.com/subject/1291828/,没有结尾的热吻，这部片子就只能是还行真好的一部片子，关于忘年交，关于青春，关于爱情，关于真诚。三十年的时间，你会习惯多少事情而又忘了当初那些感动。当天堂电影院倒塌的一瞬间，脑中残留的画面想起了阿尔弗雷多的那句话：当你在这里待久了，你会以为这里就是世界的中心，你要离开这里。对未来的信仰和憧憬。结尾的吻戏剪辑真赞！在中国电影资料馆先看了177分钟版本的导剪版，感觉后半段特别糟心；随后立刻找来124分钟国际版扫了一眼，感叹这片的制片人和国际发行商够牛逼，直接将一个狗血剧剪成了未央歌：爱情无果而终，影院坍塌解体，不完美的完美。因为我也当过放映员，深有感悟……我们每个人都是小托托、每个人都希望自己的儿子也叫小托托、就连爷爷奶奶们也都希望有个小托托样的孙子……回忆就是因为回不去才可爱，才可贵。错过多年以后let go的坦然有时比悲情的执着更能予脑海留香,天堂电影院,9.2,461661
https://movie.douban.com/subject/21937452/,1，现实还是那么恶心，家人和童话让我们活下去。2，如果心灵得不到安慰，再公正的判决也终是悲剧。“受过伤害的人总是笑得最开心的，因为他们不愿意让身边的人承受一样的痛苦。”自认为很难被韩国电影感动，但本片爸爸第一次在女儿面前脱下卡通头套那里真是止不住地掉眼泪。跟之前的《熔炉》题材很接近，但是没有借此来过多抨击司法或者人性，更多地还是表现苦难过后对于心灵的疗伤，工厂和家长的捐款，孩子们的贴画，包括最后第二个孩子出世，都象征了生命的不屈与永恒真实事件改编的片子看过总是很堵得慌近期韩剧好多都跟进天朝故事啊，是巧合么,素媛,9.2,410994
https://movie.douban.com/subject/1293839/,当他把手伸进去，她的表情美丽极了……我一点都不觉得奥黛丽赫本可爱。她说 我最爱罗马罗马，当然是罗马……经典中的经典，感动中的感动~我的公主，我的罗马,罗马假日,9.0,668204
https://movie.douban.com/subject/1298624/,"刚开始，我觉得阿尔帕西诺演得有些用力了。但是看完，我觉得他就应该这么演。甚至那个年轻人O'Donneil也被他带动出极好的水准。探戈，演说。几近完美的一部片子。Al Pacino,老了也一样帅.改编自一本意大利小说。个人认为电影比原著出色。主演Al Pacino演技出众。一段探戈，一篇演讲，皆令人印象深刻。气场强大Frank。“你正扼杀了这所学府所坚持的精神，真是耻辱。你们今天给我看的是什么秀？唯一有格调的，坐在我旁边！我可以告诉你们，这孩子的灵魂没有被污染！”“灵魂不可能有义肢。你以为你只是把这好青年像落荒狗似的送回家，我说你是处死了他的灵魂。”看过这部电影不仅是视觉上的感受更多的是内心的震动和灵魂的洗礼，两个主人公一个是上着大学的乖学生一个是脾气古怪的盲人大叔两个本素不相识的人，因为一分工作联系到了一起，从一开始的互不理解到最后改变了对方，整个过程确实值得人们深思。整部影片的最高潮就是最后的演讲也是我最爱的部分。",闻香识女人,9.1,580098
https://movie.douban.com/subject/21937445/,一部改变现实的电影：釜山地方法院于2014年2月13日对“釜林事件”进行了二审宣判，判决5名被告人无罪，距离一审判决时隔33年。“因为国民不富裕就不能受法律保护，就不能享受民主，这种说法我是无法接受的。”——宋佑硕不是很清楚卢武铉是个什么样的总统，不过电影是根据真实事件改编的， 至少他做过这样的事情。韩国电影一直有在自省历史，令人敬佩。大脸影帝之一的宋康昊演的太好，法庭上完全被他带入了。最后一幕特别加分，得人心者得天下！只有更卖力地骂内地院线片了。原来是改编了卢武铉的故事，法庭戏倒是一般，煽情没错，但合理性和逻辑性似乎不太够，结尾超级感人。宋康昊曾用那双大小眼注视着银幕观众，如今，又是直面冷血暴力机器，非常之动情法律有时候也是国家暴力机器的一部分，但法律依然是个人能够对抗国家机器唯一的武器，当国家机器想要彻底摧毁一个人的尊严和权利时，它首先想要做到的就是践踏法律。而当法律被如此践踏时，即使是最逐利的律师，也会挺身而出来维护法律。如果要问法律为什么值得信仰，这大概就是我的理由吧。大家都看一下《辩护人》吧，我有一万个理由，来让你们去看，但是，请原谅我现在哭得一个都说不出来。我只想说，虽然，它是一个韩国电影，但是，它讲述的，就是中国，当下的中国，你我的中国，我们所熟悉又陌生的中国......,辩护人,9.2,412711
https://movie.douban.com/subject/1292000/,"我要带我的女朋友去看炸大楼我看这个的时候才知道，电影可以这么牛B，一直到现在，重看最多次的电影。邪恶与平庸蛰伏于同一个母体。在特定的时间互相对峙。工作不能代表你，银行存款并不能代表你，你开的车也不能代表你，皮夹里的东西不能代表你，衣服也不能代表你，你只是平凡众生中的其中一个1.我看电影很少背台词,但这部片中的许多台词真是背的滚瓜烂熟. 2.我看过剧本结构最复杂的电影之一,其中情节的关联性对照性和许多彩蛋是模板级别的. 3.这部片后,大卫芬奇奠定了自己""黑暗小清新""教主地位. 4.原本大卫芬奇准备把1/24i秒一帧的布拉德皮特剪到片头24世纪福克斯处,太邪恶的念头了.可惜被否了",搏击俱乐部,9.0,609997
https://movie.douban.com/subject/1295038/,花了8年才看完这部电影....作为HP系列的开篇，算是合格完成任务，对人物的交代都很清晰，在许多分裂的HP其他几部，这一部是最忠实表达魔法世界的异彩纷呈的，在交待情节的同时仍不忘学院里的幽灵，会动的画像和楼梯，这在后来几部都几乎没有了。第一部好看啊  哈哈当年还是在电影院看的，波特的魔法世界惊艳展开，风靡全球。经典就是经典真的是百看不厌啊。神奇的魔法学校以前还真的以为它存在，特别羡慕能在魔法学校学习的学生。哈利波特善良勇敢和他的小伙伴们一起斗伏地魔，里面的小演员都好可爱，演技也是杠杠滴！,哈利·波特与魔法石,9.0,603896
https://movie.douban.com/subject/1291548/, 哦！船长！我的船长！最后大家还是屈服了，但是永远不会忘记seize the day.深刻并不来自死亡，而来自那对心爱姑娘眸上的深深一吻，岩洞里的昂扬青春，还有生命陨落前那最后璀璨。Carpe diem -- 换个角度，换个心态，不再一样。我和Nill有个一样的父亲，却从来没有遇见过像Mr. Keating那样的老师。所以我哭了。“人无千日好，花无百日红。”为什么Keating喜欢当老师？也许正是喜欢置身于人生第一个转折处，给予他们自己最好的指引。“梭罗说，大多数人都生活在平静的绝望中”，这句话人至中年才慢慢体味个中含义，所以，少年时期的梦呀，爱呀，理想呀，追求呀，努力追问，努力回答，才不枉一生。,死亡诗社,9.1,476256
https://movie.douban.com/subject/1299131/,【720P】这部电影告诉我们，为什么“富不过三代”——因为富二代们的生活总是很混乱。即使敌人已经手无寸铁，但仍旧要处理掉。麦克深深的延续了父亲的性格。唯一不同的是家庭问题的处理，是时代变了，也是麦克与父亲之间的不同。两条主线相互交错，即使对比更是互补。阿尔·帕西诺最后的眼神，那是寂寞吗？半原作半原创，半上代半下代，半圆满半破碎，半上升半下降。普佐在原作完成后趁电影的便利所做的故事延续，操控了两条时空错叙的故事线，在对照中做出了无解的命题。交叉蒙太奇和结尾的闪回部分，让2的结构比1复杂了些。你是对敌人、朋友、亲人失去信心，还是对自己失去信心？想改变、想停下、想回头，却被无形的大手推着向前走的感觉，很难受吧？维多所期望的麦克的未来，是现在这个样子么？从《教父1》到《教父2》，科波拉用镜头记录着两代教父权力的交接，也记录着第二代“教父”阿尔·帕西诺从一个男孩成长为一个男人的奋斗史。马龙·白兰度、阿尔·帕西诺、罗伯特·德尼罗，科波拉的镜头囊括了两代共三位教父，算是美国典型黑帮电影的集大成。,教父2,9.2,349658
https://movie.douban.com/subject/1900841/,饰演魏斯乐入木三分的名演员穆荷自己，在两德统一后去察看自己的“忠诚资料”，发现有长达六年的时间，每天向秘密警察报告他的言行举止的，正是他自己的妻子。 2006年最佳奥斯卡外语提名。用自己的后半生成全了理想，沉默又坚定的男人，最后只得到“献给好人的奏鸣曲”。有时选择坚持自己的路，是用幸福去交换的。这个故事告诉我们，女人是靠不住的，好基友才是一辈子的！“你还站在正确的一方吗？”……惊艳于“做点变通”，惊诧于“重要的不是成绩而是成败”，惊呆于口误后的抓手动作，惊愕于搜索后可获损失赔偿，惊叹于女主的悲剧，惊奇于小人物改变的大历史，惊喜于“这是给我的！”你还记不记得他听歌流泪的样子，倾斜在椅子上陶醉的样子？,窃听风暴,9.1,392498
https://movie.douban.com/subject/1301753/,动物版哈姆雷特这部动画绝对是经典，内容积极向上，音乐无可挑剔。勇气与成长的故事，即使过了多少年，即使生处不同的时代，仍旧能够让人有所感悟……辛巴是在波折的人生中踏出了那条成王的道路！台湾佳译影院译制的，非常用心的翻唱了所有曲目，相当不错。不过故事就次了点儿。童年回忆。故事就是哈姆雷特，但画面，配乐都非常棒，特意买了原声反复听。,狮子王,9.0,536446
https://movie.douban.com/subject/1291572/,每次看魔戒都会被奥兰度惊艳到~第二部，树精很萌，甘道夫升级了，〔尊敬的用户甘道夫，恭喜你升级为vip1白袍巫师！〕→_→精灵王子吕秀才越来越帅了！比第一部有意思，树人开闸放水冲毁艾辛格的时候，其中一个着火的树人赶紧把头伸进水里笑死我了，好萌啊。假如一开始魔戒就被丢到末日火焰哪来这么多战争和死亡，和异形一样，都是人类的贪欲，自作孽。你能想象吗，彼得·杰克逊总共只花了2.8亿美元，就把《指环王》三部曲拍出来了，最后全球票房29亿美元，三部曲通通获得奥斯卡最佳视觉效果，还有一部拿了奥斯卡最佳影片。4.5。蓝光加长版。其实根本找不到一点讨巧的地方，就像某些老派的歌手唱歌，不收只放，每个桥段都要倾心倾力去讲。高潮会持续到麻木，心灵被施以重压，放到任何时刻抑或时代都是空前绝后的观感；以够真挚的心态用挺笨拙的手段造最豪华的制作，这就是彼得·杰克逊。,指环王2：双塔奇兵,9.1,466671
https://movie.douban.com/subject/26752088/,"王传君所有不被外人理解的坚持，都在这一刻得到了完美释放。他不是关谷神奇，他是王传君。
你看，即使依旧烂片如云，只要还有哪怕极少的人坚持，中国影视也终于还是从中生出了茁壮的根。
我不是药神，治不好这世界。但能改变一点，总归是会好的。放在豆瓣语境下，是部时至今日终于拍出来的国产“高分韩国电影”。拿现实题材拍商业类型片，社会意义摆在那，群戏也处理得相当不错。对我们国家而言，这样的电影多一部是一部，走一步是一步。最大的病，其实是穷病。真的被感动了，整体都很成熟，也有些许韩片的影子。几个演员表演都非常出色。可看性和内在的表达都不错。这个世界最荒诞在于，越贴近真实，真实越荒诞。人这一生，太不易了。最后，王传君，加油哦！文牧野眼睛太毒了，观众的笑点、泪点、痛点被他牢牢抓住，徐峥现在不拼演技开始掏心炸肺放脱自我了，药物在中国绝对是个“不可说”，但这个电影说了它能说的，也不显山不漏水的说了它所不能说的，讲的是现实，但看过电影之后才会明白其实是超现实，2018最佳!为一句“谁家还没个病人”泪流满面 感叹生命在“穷病”面前无药可救 感慨中国终于有了属于我们自己的有力量的电影 所有演员都非常出色 近年最好的群像表演 请记住这些电影人 宁浩 文牧野 徐峥 周一围 王传君 谭卓 章宇 杨新铭 王砚辉 咱们电影还是有希望的 愿中国的电影越来越好 谢谢",我不是药神,9.0,1415866
https://movie.douban.com/subject/1418019/,这个猴子是我们国产动画片的骄傲，到了今天依然得指望着它说事儿～永远的经典中国动画史上的一块金字招牌，当之无愧。特别特别经典的国产动画，真正能体现中国文化的动画片，这是现在那些为迎合市场而各种四不像的国漫没法比的要看就看影迷修复版，那是最好的版本。比官方的所谓40周年纪念版都好。玉帝的下巴上非常明显的有颗痣我会到处乱说吗？,大闹天宫,9.3,250720
https://movie.douban.com/subject/1293350/,没有人尝试那个卖假JB的想法么！中国多少年轻导演在学这风格貌似疯狂的石头就是在模仿这部片子。麦当娜的前夫的作品。疯狂的石头在他面前只是浮云谁说这片子比猜火车好的?,两杆大烟枪,9.1,416276
https://movie.douban.com/subject/1291571/,于我，魔戒永远是不可逾越的史诗。在拒绝好莱坞N年后，一次意外的走入影院，我成为了LOTR的死忠，总有一个绿衣服的弓箭手在眼前晃悠，我冒着花痴般的笑容，历史就此翻开了崭新的一页。一口气看完三部白金加长版，对于这样的片子，只有两个字形容：经典。相对于骇客帝国，这三部的连续性非常好，值得称赞。All time favorite!原来某人ID是这里来的，不过据称其实是前传《霍比特人》里的。果然是很像西方版的西游记，人物多了一些所以可以分成若干支线，风景和精灵们确实相当迷人，奥兰多布鲁姆在这里面太好看了啊。但也没有想象的那么好。二三集待续。看的加长版，最后字幕长达二十分钟⋯⋯,指环王1：魔戒再现,9.0,524674
https://movie.douban.com/subject/1292224/,不可能飞越的，社会就是一个巨大的疯人院“至少我试过了”  ★★★★谁是疯子？谁又是正常人？没有答案。始终没有办法喜欢尼科尔森，除了结局，基本是部烂片。最后实在看不过去了。无法忍受赤裸裸的残酷……,飞越疯人院,9.1,416620
https://movie.douban.com/subject/1306029/,"所以说不要学数学,你就是不信邪是的，你必须学会分清哪些是幻觉，哪些是梦，哪些是真实的人生，才可以活下去。什么都好，除了《A Beautiful Mind》这个名字。
我发现我的一句话短评竟然造成了严重剧透，所以我做了修改，我的建议是，在先生（女士）您看到我这条短评时，请停止手贱，不要再浏览任何短评，以防剧透，立刻去看电影。您将体验电影剧情的不确定性而感到万分愉悦。与我想象中的不一样，很震撼人的传记电影，从中我最大的体会是：做伟人也真不容易啊~~",美丽心灵,9.0,515975
https://movie.douban.com/subject/1291818/,人生不能像做菜，把所有的料都准备好了才下锅。还有就是，原来男人会一直有性欲。老处女性饥渴献身机车男、约炮女遇渣男回头是岸、心机女挖墙脚嫁入豪门，老鳏夫暮年入花丛枯木逢春，李安导演，你牛。我会告诉你我反复看了五遍开头？口水留成海李安最好的作品。太流畅了，调遣得宜，全无废句。大导演拍小琐事，像庖丁一样，每一刀都恰到好处，这刀在故事里游刃有余，不见一丝烟火气，故事戛然而止时会觉得这故事仍然在这世上某个地方继续流淌。,饮食男女,9.1,381550
https://movie.douban.com/subject/1309046/,"乔治奥威尔灵魂附体，1984诈尸还乡Behind this mask is a man, and behind this man is an idea. And ideas are bulletproof. 异常兴奋，爽到窒息。还好没摘，摘了就俗了，但是作为演员一直不露脸是不是很憋屈？这个角色80％是用声音塑造的，太TM深邃了好听了！主题很好，后面鸡皮疙瘩起的。。OST棒，尤其是中间有段弥撒曲太好听了啊！！这种电影掺了情爱那些东西就得降档次超好看！超感动！很有1984的味道~~~！",V字仇杀队,8.9,730319
https://movie.douban.com/subject/1291843/,装逼哲学的开始看得我满面春光！！我都一直分不清真是和虚拟了，感觉像从一个梦掉进另一个梦里。为数不多看不懂的电影FUCKING DAMN COOL!,黑客帝国,9.0,524426
https://movie.douban.com/subject/1305487/,事实证明，聪明的头脑永远可以赚钱。这是我看过的来奥纳多最可爱的角色很难想象是根据真人真事改编的，很牛，不过在中国估计出不了这种人吧...除非，中国也有个FBI？很好莱坞的片子~~（8/10）卡尔警官是虚构人物，但伪造犯弗兰克却真人真事，因其出色的鉴伪技术为FBI戴罪立功。必须一提的是现实中弗兰克的父母婚姻问题主要责任在父亲一方，但影片却把责任推给母亲。他的确有律师执照，但花了八周而不是两周。维基百科说弗兰克本尊在片中演一法国警察，但我没认出来。那个单纯的可怜的女孩呢？她怎么办呢？,猫鼠游戏,9.0,524287
https://movie.douban.com/subject/1296736/,"影片的结尾让整个故事的基调上升了几个层次，这并不是一部简单的反映二战反映犹太人与纳粹的影片。人性是很美的，当然，人生的际遇变幻各有轮回
“你为什么穿着德国人的衣服？”“因为冷”某种程度上可以媲美《辛德勒名单》那个耳鸣太震撼了。可能因为刚看了拯救大兵，所以难免的觉得这里描述的世界太干净了．是的，即使你已经觉得很残忍了，它还是太干净漂亮了一点．但是我还是非常喜欢这部电影，．只要那些温暖的东西在，就好了，尽管战争的事实，实际上是要残酷得多的．",钢琴家,9.1,344641
https://movie.douban.com/subject/1485260/,"有种莫名的伤感。我们总会失去所爱之人，要不，怎么会感到他们有多重要呢。当他变成一个孩子，他开始迷惑，“我好似已经经历了一生。”他曾经的衰老，曾经的爱恋，曾经的年华，到了某一刻，只能轻轻放手，顺服地走向死亡。“于时间的长廊上你再也不等我”其实也是有感动，感动的点很奇妙。我们像婴儿一般来到这个世上,又像婴儿般安详的离去.留下的,也许都在最后与心爱的人眼神交汇那一个瞬间,从眼前飞逝而过的所有故事吧.",本杰明·巴顿奇事,8.9,675240
https://movie.douban.com/subject/26580232/,大爷大妈智商这么高 家里娃却蠢到开车不系安全带 还tm发短信。。跟媳妇一起看的。看到一半的时候说了句最毒妇人心，指的那个情妇。后来看完，我媳妇特别藐视我，说了句男人都不是个好东西后睡了~。。我一脸尴尬~。。。总之。。。这是个好电影。好看，强烈推荐。问题是如此重要的辩护人竟然不是当面引荐的。好看。另外建议豆瓣给「我看了七分钟就猜到结局」的观众准备彩蛋，他们是推动电影业进步的动力，值得满屏掉落大拇指。作为一部连环反转的惊悚片，此片对观众心理的拿捏是教科书级别的。不难猜中结局，但这个过程还是太精彩了。,看不见的客人,8.8,780348
https://movie.douban.com/subject/3742360/,你给我翻译翻译，神马叫做TMD的惊喜！幽默、炫酷、西部片，自恋、隐喻、男性化，黑色、血腥、怪点子，卖腐、露点、性暗示，酒神、荒诞、神经错乱，草莽气息、英雄情结、革命浪漫主义外加一分的孤独。因为对《让子弹飞》吹捧得无耻到惊世骇俗的地步，本短评已被和谐。说姜文用力过猛的  那只能说明您受功不够 受用不起！影志老师在各方压力下更新短评 缓和了语气“姜文导演作品里最差的，远不如《阳光灿烂》和《鬼子来了》。”  难道这也是打一星的理由？您明知道阳光灿烂和鬼子来了都是中国影史经典  难道在您看来不如经典就是一星？！牛掰就别改短评！开篇大四喜，尾声单钓将；麻筒子连七对，汤混子全不靠，四万字无番和；大三元影帝，清一色男配，花牌周韵，自摸姜文。要是姜文拍完这部电影就宣布退休，他会被封神。,让子弹飞,8.8,1096888
https://movie.douban.com/subject/3442220/,我觉得大部分看本片会有感的人，都不知道，中国的白暨豚已经灭绝8年了，也不会知道，长江里的江豚也仅剩1000左右了。与其感慨，咒骂日本人如何捕杀海豚，不如做些实际的事情，保护一下长江里的江豚吧，没几年，也将绝迹了。中国人做出来的事情，也不会比小日本好到哪儿去。最具艺术感的纪录片。真相都真的让人难以想象，所以他们还在否认南京大屠杀。看关于环保，动保的纪录片的最大意义就是转化为自身的行动。现在这种片子很多，如果看到10部你还没素食我怀疑你是不是要人格分裂了。海豚湾的鲜血让人心痛。志愿者们的勇敢无畏令人动容。“必须屠杀海豚，因为他们吃了太多（我们的）鱼；必须屠杀海豚，因为要维护昔日大日本帝国的尊严！”  丑陋的真相背后总是有政府和利益集团的勾结。,海豚湾,9.3,275406
https://movie.douban.com/subject/1292402/,有人问我是讲什么的：一个青少年的性幻想和女人美到一个程度就会很悲惨（大概）。美丽无罪，不忍心看美丽在暴民政治下低头中国人喜欢拍强奸戏，通过女性的灾难来反映人性与战争的罪恶，托纳多雷显然玩的更高级。@贺炜：一个出色的女人，她的全部罪恶在于她过于出众，庸众总是想亲近她的，可是发现她高不可攀，于是流言四起，每个人都不遗余力，直到她被流言所伤，被生活击溃，被拉回庸众的行列，终于学会对周围人道声早安，大家才心安理得起来。于是，平庸又杀死了一个人。每個人在他最純真的歲月裡全身心愛上的那個人總是最難忘的，然而在她最無助的時候竟然沒有人挺身而出,西西里的美丽传说,8.9,659267
https://movie.douban.com/subject/1292220/,暗恋的极致总是点到为止的岩井俊二.这个人偷偷爱了你大半辈子很久很久以前，电视上放了一个电影，我只看到一个镜头，是一个男生站在窗边读书。后来又过了很久，数字电视出现了，点播里有一个叫情书的电影，打开来，很巧的是，又是那个记忆里的男生在窗边读书。我听了这部电影很多年却没有看，今天看完了，又看到熟悉的那个场景，哦，原来那就是藤井树阿。永远忘不了柏原崇倚在窗口的样子，他拿着一本书，低着头看，窗帘在他身后轻轻飘荡，抬起头，我看到了这个世纪末的美少年的干净美好。《情书》的就是经典的岩井俊二摄影风格，此后很多爱情片都有借鉴他的取景和摄影风格。,情书,8.9,621630
https://movie.douban.com/subject/1292849/,战争电影No1，美利坚精神输出大片。如果没有办法想起他什么样子，就试着想想和他共渡的时光。为什么看中国战争片就感觉high得不行真想打一仗，看外国战争片就觉得战争真可怕和平多好啊。。。。再不在吃饭的时候看战争片了，太胸闷了。瑞恩不需要小金人不论你如何唾弃，这就是美国！这就是人性！冒着损失一个小队代价的风险，也不能让一个母亲一天接到第四份阵亡通知书。影片开头的抢滩登陆极其写实，让人有种观看纪录片的错觉。近结尾 汤姆·汉克斯用手枪盲目下意识射击坦克最后竟然真的击爆的情节让人倍感希望。,拯救大兵瑞恩,9.0,435555
https://movie.douban.com/subject/1303021/,"当他知道他得了第一名却拿不到第三名的奖品时,他伤心的哭了.美丽而清贫的童年去年从以色列乘车去巴勒斯坦，一过国界线简直是两个世界。犹太人的地方干净富裕，阿拉伯城市就垃圾满地，乌鸦乱飞。很多小孩子拿着矿泉水和粗糙的纪念品追着我们叫卖，都是长睫毛大眼睛很漂亮的孩子。晚上看新闻，巴勒斯坦又被战机轰炸死了70多个人，真他妈难受的什么也不想说了。身体欠佳妈妈让孩子给疲惫的爸爸倒茶，富人爷爷给认真工作的爸爸丰厚报酬，富人弟弟和哥哥一起开心玩耍，爸爸赚了钱想给妈妈买电熨斗，哥哥想跑步比赛给妹妹赢得一双鞋，老师为经常迟到的哥哥求情继续上学，妹妹把心爱的鞋子让给另一可怜人家的女儿，这另一可怜的女儿把捡到的漂亮铅笔还给妹妹……很少接触伊朗电影，这个是在CCTV-6看的。拍得很纯真，很感人~~",小鞋子,9.2,267191
https://movie.douban.com/subject/1294408/,不知看过多少遍的经典 阿尔卑斯山脚美如画 纯真美好得不行有悦耳的音乐相随，有动人的情感相伴；有政治但没有阴谋，有战争却并不残酷；不愧是一部极佳的音乐电影！-2011.10.10 —————《音乐之声》上映50周年纪念日：在玛利亚的身上看到了自己的影子，喜爱大自然、喜爱音乐、带孩子们愉快到处地玩乐、教孩子们唱歌、……，满满的重温观影享受。-2015.03.02主题的音乐很好听，但可能是距离现在太久了，不太符合现在人的审美，感觉还好吧。雪绒花这首歌太熟悉了，玛利亚老师真的是一个与众不同的家教老师，她用她的爱她的音乐感染了上校一家，让原本枯燥无味的家变的活泼充满音乐和欢笑的家，真的是一部很经典的片子我是先喜欢里面的一首歌才来看这个电影的。里面的歌舞不错，故事也挺正能量的，如果老师都用爱来教育培养孩子，那孩子们就太幸福了。,音乐之声,9.0,402591
https://movie.douban.com/subject/1292262/,少年子弟江湖老，红粉佳人两鬓斑当年姜文拍阳光灿烂的日子前拉美国往事拉了五十多遍，今次看来，果然颇多神似史诗叙事大师笔法，黄昏已近青春已远。而今男人的理想已改变太多。配乐绝佳。他们力荐我看……  我怀疑这真的是男人和女人之间的差异。 2005，8如果有一部黑帮片能和《教父》比肩，在我心里它只能是《美国往事》,美国往事,9.2,287543
https://movie.douban.com/subject/3008247/,最后他成为了穿条纹睡衣的男孩。无论你之前是什么样的人，在穿上这件条纹睡衣之后，都会变成一样的人。这部电影主题深得我心啊，故事讲得也不错，镜头运用，结局处理都很出色，特别是结尾处那个长达数秒的长镜头发人深省。看得我浑身发冷~1、BBC味道浓厚；2、刚好这期人物周刊做了一个二战片子的汇总，散落珍珠汇成项链，关于二战题材常有罕见佳作；3、这部的4颗星里，摄像至少分到一颗半；4、“在黑暗的理性萌芽前，称量童年的是声音、气味和视觉”；5、开篇部分值得借鉴；6、少的一颗星是与《美丽人生》的差距。7、细节！我觉得它并不比[辛]差，不是只有透过大社会看战争才是正统的片子。父亲就算是纳粹也爱自己的妻子小孩，母亲做为女性心软，青少年容易被骟动，而什么都不知道的小孩只能接受大人给他灌输的知识。我觉得这些都是可以理解的，并不是“刻板”“形像化”的。最后的长镜头看了几遍,穿条纹睡衣的男孩,9.1,328189
https://movie.douban.com/subject/1780330/,孪生蝙蝠侠大战克隆金刚狼一个与同胞兄弟轮流上台享受欢呼与掌声，一个自我牺牲自我毁灭让复制品延续艺术生命。人性泯灭在狂热之中。一种叫做牛逼的感脚淋漓尽致。故事编不下去就弄成科幻了。。。黑寡妇勾引完金刚狼勾引蝙蝠侠，最后玩腻了一走了之,致命魔术,8.9,577477
https://movie.douban.com/subject/1292223/,决定永远不暴食故事看多后的后遗症就是一般最后半小时就知道结局了。。。阴沉而绝望。基督教用撒旦的七个恶魔形象来代表七种罪恶：傲慢，嫉妒，暴怒，懒惰，贪婪，暴食，以及淫欲。一个变态的宗教杀手，平时连一只鸡也不杀，但他找到了依据来实施对人的毛骨悚然的谋杀。有什么能比一个人做魔鬼的行径更为恐怖的吗？台词：“这是个美好的世界，值得我们为之奋斗。我同意后半句结局让我喜欢这部电影这才是高智商电影行吗，剧中人物比其他悬疑片人物智商高多了……整部片子气氛很好，解密的话可能不够刺激，不过刺激的话就不是芬奇了，芬奇的电影一直就是这么冷冰冰的没有生气。,七宗罪,8.8,674460
https://movie.douban.com/subject/1291832/,"一边聊天一边看，最后发现我竟然没看懂……反而特想吃汉堡……太正点了，那妞。。。
文森特你不要总是在关键时刻上厕所啊喂昆汀有三宝，恋足，逼叨，配乐屌。不要在上厕所的时候看书  不要过量吸毒 不要把枪放在厕所门口",低俗小说,8.8,574348
https://movie.douban.com/subject/27060077/,"让人印象最深的片段是他们的车在南部的乡间小路上抛锚，和田里劳作的黑奴对视的那一幕，无声却发出巨响。肤色、阶层、性格和性取向天差地远的两个男人，因为音乐而结缘，因为公路旅行而成为一生朋友。有时候才华并不够，还需要勇敢，推倒心中那面墙才能开门见山。电影就像一颗绿色小石子，投入黑白分明的美国社会，激起轻小而美丽的涟漪。虽然有刻意营造的温暖感，但我就是愿意买单~！肤色对调版《触不可及》，一场跨越美国的公路之旅，更是一场跨越种族与肤色、身份与阶层的人性之旅。
所有下属都对唐毕恭毕敬，唯有托尼把他当普通人对待，给他吃炸鸡、对他说出真实想法。
不把他当成黑人，才是真正不歧视他的表现。
另一方面，唐又受到外人的歧视和侮辱，他始终忍气吞声，低声下气。
听他演奏的观众可以在餐厅吃饭，而他作为表演者却不可以。
正是托尼教会他反击，教会他为自己发声、捍卫自己的权利和尊严。...你知道这个故事要讲什么，你也知道这段旅程会经历什么。你明白这其中并不会触及什么过于深刻的东西，却也展示了许多直白，你明白身份是每个人无法避开的东西，也知道相互理解是多么难得。你会自然地喜欢这些描写得并不太像真实人物的角色，你会跟着那些好笑或其实并不太好笑的片段笑出声来。或许也只是将发笑作为第一反应来化解或掩藏其他的感受。你知道故事和片名说的绿皮书关系其实不算大，你也大概没有想到自己会喜欢这部影片。这部电影的厉害之处就是剧本扎实，在人物塑造和细节上非常出彩。这趟一路向南的旅程到最后也不能让Dr. Don Shirley证明自己在白人心中的地位，他身陷孤独境地也没人帮得了他，除非他自己跟自己和解，自己去完成一场关于自我的救赎。它并没有刻意说教的去讲什么，但每个人都能从中看到不同时代某些群体的遭遇，不仅仅是黑人和白人这么简单。这部电影的主题正如片中那句点睛的台词所说的，因为天才还不够，唯有勇气才...",绿皮书,8.9,998109
https://movie.douban.com/subject/1293544/,为啥我觉得挺一般的啊。。。T-BAG出现之前，安东尼大叔一直是我的绝对偶像。“颇具匠心地将恐怖片与侦探片结合成一体，采用希区柯克式的悬念手法和现代恐怖片的心理分析，将观众引入了象征性的潜意识的世界。警察为了捉一名杀人狂魔而不得不求助于另一名杀人狂魔，这本身就具有强烈的荒诞与讽刺意味。影片一直在寻找人类社会的恐怖之源，最后得出了一个“由于秩序本身的问题造成的，反过来危及秩序的犯罪病例”的结论，这使得影片具有了一定的社会意义。”狼受重伤救下羊，约定三生诉衷肠。为爱流浪有歌唱，相互扶持去远方。重温经典，发现现在多少影片借鉴了它。。。很喜欢沉默的羔羊这个隐喻，虽然我也不确定它到底暗示了什么。。,沉默的羔羊,8.8,571164
https://movie.douban.com/subject/1292343/,都是我们至尊宝玩剩下的……剧情的细节设计过于完美，以至于反而是最基本的动机设计薄弱了些。我也很想像女主角最初质问男主角那样质问一下编剧：既然男主角真的这么爱女主角，爱到不惜勒死自己也要让她获得幸福的地步，那为什么他离开女主角七年，却甚至一个电话都没给她打过（而且似乎性生活也挺美满的）？人的命运被自己瞬间的抉择改变。你本不屬于這個世界这部片一定要看导演剪辑版！最后的胎儿简直震撼人心！！！然后还特地追了几个不同版本的结局，其实也挺各有千秋的！,蝴蝶效应,8.8,634795
https://movie.douban.com/subject/1787291/,"是嘲讽吧——你以为人生要完了的时候它还在继续，你以为人生可以重新开始的时候，人生已完。 　　""小时候,谁都觉得自己的未来闪闪发光,不是吗 　　但是一旦长大,没有一件事会遂自己心愿"" 　　 　　她总是想着办法，即便是些常人看起来怪异可笑的办法来面对不太公平的生活遭遇． 　　 　　看得我真他妈压抑. 　　我就是无比恐惧自己的生活会变成这个样子 　　导演和编剧把我对我生活的梦魇般的臆想变成了胶片但是她说，我要跟着他，就算下地狱，那时候真美。太宰治说：难道纯真无暇的信赖之心也算是罪过吗？她只是怕寂寞……不过想说所谓爱情以及生活远没有那么崇高，把愚昧夸大成宽容和勇敢令人深感无趣。",被嫌弃的松子的一生,8.9,513689
https://movie.douban.com/subject/1292679/,"梁朝伟加张国荣,简直是挡不住的诱惑.我敲诈你，人质是我自己感情说穿了 一人挣脱的 一人去捡中间两个人在屋内调情、嬉笑怒骂那段居然那么有趣。“我终于来到伊瓜苏，觉得好难过，因为我始终觉得，站在瀑布下面的，应该是两个人。”影片两个男主人公的名字竟然就是两个摄影助手的名字，感叹于王家卫随性而行的个性。",春光乍泄,8.9,426599
https://movie.douban.com/subject/2334904/,"他只是厌倦了，所以将错就错，结束了自己。这部电影所讲的是：<1>.我们没有面对自己的地方，就会成为我们的命运。——荣格 2. 我们相信什么，什么就是我们的命运。

结局是开放式的，随便你怎么演绎都有理。所以大概不能断定说看到一半就猜到吧。这片子一开始就剧透了，Teddy的船舱里那些手铐锁链分明就表明这艘船是押运重暴力倾向精神病人的除开结局部分，是部极其出色的悬疑惊悚故事！悬念的铺设几近完美，惊悚戏让人无法呼吸，回忆/梦境/幻觉场景如此梦幻诡异，令人过目难忘！摄影剪辑调度配乐还有演员的表演都很喜欢~可惜由于真相的颠覆让结局部分稍显无力，用了过多篇幅来作解释更是削弱了震撼效果。",禁闭岛,8.8,632367
https://movie.douban.com/subject/1292656/,我每天到你家接你，我们出去喝酒笑闹，那很棒是我一天中最棒的时刻，只有十秒，从停车到你家门口，每次我敲门，都希望你不在了，不说再见，什么都没有，你就走了，我懂得不多，但我很清楚。 你年轻彪悍，我如果和你谈论战争，你大可以向我大抛莎士比亚，背诵“共赴战场，亲爱的朋友”，但你从未亲临战阵，未试过把挚友的头拥入怀里，看着他吸着最后一口气，凝望着你，向你求助。不要以为，我了解你。也许我可以通过“知识”来看你，但那不是你，除非你愿意谈谈你自己，否则我不知道你到底是谁能够做自己的心想做的事，菲尔兹奖又算个什么。抄三句台词。1.你花一万五所受的教育用一块五就能在公共图书馆得到。2.你没离开过波士顿，问你艺术你可能会提出艺术书籍中的粗浅论调，有关米开朗基罗你知道的很多，但你不知道西斯庭教堂的气味，你从没站在那儿看着美丽的天花板...问战争你会引用莎士比亚的话，但你从没接近过战争，看着好友吐出最后一口气...而你只是看了我的一张画就认定了解我的全部，你把我的人生撕裂...心理学教授明显的INFP，数学教授则有些INTJ。至于天才少年大概是INTP。有些人天生就幸运，拿了一手好牌。而大部分的我们却只能努力把自己的烂牌打好。如果你可以自由选择做任何事，你会做什么？也许那才是你真正想做的——如果说天才类题材有其现实意义的话当他作为清洁工演算全世界只有两人懂解答的方程式，当他在酒吧用丰富历史知识与清晰逻辑思维对敌哈佛学子，当他恋爱与女主角吃饭时接吻，被子里缠绵，当他坚定地说我不爱你，当他遇到心理学教授，当他口出狂言，当他说起飞机趣事，当他痛哭，当他大笑。这是个没法让人不着迷的男人。,心灵捕手,8.9,473233
https://movie.douban.com/subject/11525673/,"非常好。像一杯温暖的热可可，做得如此甜蜜却又不轻佻，好多台词和段子都有所指涉，却又浑然天成，不像在掉书袋。片尾看到对茨威格的致敬，眼泪都掉下来了。自从好多年前看了Visconti的《豹》之后，这是第二部让我对“昨日的世界”充满向往的电影。他，还有她，就那样离开了，昨日的世界也不复存在。未見過Wes如此有野心,將作者風與故事及內涵融合得非常出色,一層層的敘事模式,畫面1:85進2:35再進4:3,大量電影語言,有搞笑有奇情有懷舊有懸疑有驚慄有黑色幽默最重要有那份人性真情,明明是喜劇但最後結尾一段傷感的況味揮之不去,目前Wes處理得最成熟,圓渾之作!“微弱的文明之光，仍存留在这野蛮的屠场里，这就是人性。”——维斯·安德森致敬斯蒂芬·茨威格，小清新的故事里注入了大历史的情怀。一张寄往旧时欧洲的精致明信片，L’Air de Panache的味道充斥整个屏幕，冷幽默和由慢至快的节奏依旧，尾声的高潮之后迷漫着令人惆怅的尾香。逝去的终将逝去，这童话式的一瞥令人难忘。",布达佩斯大饭店,8.8,598202
https://movie.douban.com/subject/25958717/,"人至善，景至美，故事细腻，淳朴动人，人生本该如此，温情永存，何惧苦难？成功之处在于每个角色都很立体，都有优点缺点，海蒂不守规矩却天真可爱，克劳拉自私骄纵却优雅美丽，皮特淘气却耿直，爷爷脾气古怪却默默付出，女管家严厉却谨慎。山里的人没有那么朴实无华，“宫殿”里的人也没那么惟利是图。凭着取景在瑞士宛如天堂的阿尔卑斯山就值得打十星！！！我十分赞同曾经看过的一个观点：每个人童年时期与大自然的亲密接触是十分必要的，与自然相处你才会有更高的审美，才会在内心深处更准确的悟出人是什么活着是为什么这样问题的答案。对社会的认识越深，才会越发觉得返璞归真才最珍贵。棒。有一些孩子只属于旷野 山林 和 自然。
而 每个人心中都有这样一个孩子。
疗愈 释放 重生 你需要拥有他 并 拥抱他。
with Katherine @ Elements喜欢 很温馨 我泪点有点低",海蒂和爷爷,9.2,226118
https://movie.douban.com/subject/1294639/,一句“freedom”煽的我眼泪哗哗的其实觉得一般来着里程碑式的电影看了三遍，很好看。Freedom！！时间：2003自由就是这么来的，可奴隶也是这么来的。,勇敢的心,8.9,430681
https://movie.douban.com/subject/1292370/,感觉情绪还没酝酿好就结束了。失望。Adward脆弱的眼神永远忘不掉第一页显示出来的影评都挺恶心的。滥情。影评的悲哀是写成了剧情介绍CCTV6，爱上爱德华。从此不改变。当年看的还是没有字幕版的。英文那时候还不是很会，看的真的就是表演了。很出色的片子！启蒙片,剪刀手爱德华,8.7,770962
https://movie.douban.com/subject/1652587/,"抱歉，2012？在Avatar面前不过是小儿科！
只有一句话：这是史上最强科幻！
可恶的卡梅隆，你要让未来十年的所有科幻片都味同嚼蜡了！
因为所有观众的审美标准已经一口气被你提高了几个档次！
这部电影，不去剧院看绝对一辈子后悔
最后，感谢上帝赐给我们一个James Cameron James Cameron闭上眼，全是电影的明天。阿凡达同时也揭示了女人的悲惨命运，主角与他的空中坐骑即是说明这个问题：选择她，她挣扎，插入她，她被俘获，甘心被他骑一辈子，众叛亲离之时，只有她在身边，魅影出现以后，她消失无踪，他再也没有寻找与过问。已经不是在看电影了，是在比谁Wow的次数多，眨眼次数少。全宇宙也就天朝的钉子户最弱势了。
潘多拉版风中奇缘。另外我buy所有生物都是生态网络中相互连接的神经元这个idea。",阿凡达,8.7,911945
https://movie.douban.com/subject/1292215/,"左上唇，右脸颊，左眼，右后脖颈。全心全力关怀他人 总比自怨自艾来得好洋溢着法国人的性格风情也许女生很喜欢,但我怎么也喜欢不起来...漫长的婚约比这个好看多了.浓重的法国情调，舒缓，镜头语言动听。女主角漂亮。唯一的不足就是……这样的爱情会不会太作了？爱情就是门口经过的大巴，现在不上，以后都不能再上了……",天使爱美丽,8.7,740406
https://movie.douban.com/subject/1294371/,如果电影不曾有过卓别林，该会是一个多么无趣的世界。光前30分钟就让我几度笑岔了气。荒谬有理，喜谑至极！永远的卓别林世影史：本片是卓别林最后一部无声影片，片中喜剧手法和视觉手段都有着卓别林独特匠心的痕迹。而其主题则更为突出，围绕美国当年工业起步时期美国劳苦人民的生活悲剧展开了辛辣诙谐的讽刺，进而揭示出工人遭受资本家欺压，榨尽他们最后血汗的严酷现实。影片结尾则是常见的“黎明曙光”。卓别林总带有纯真的浪漫。影片宛如他早年时代的缩影，尽管工作根本无法让人过上体面的生活，却依旧保持着乐观。就像结尾，你根本不知道明天会在哪儿，还是会跟着他走下去。卓别林系列儿时看得太多记不清谁是谁了……,摩登时代,9.3,185756
https://movie.douban.com/subject/1298070/,加勒比海盗这一系列我都特别喜欢，喜欢杰克幽默风趣，顽强，坚韧勇敢，像永远也打不死的小强，还有他的黑珍珠海盗船，太神奇了！在海岛的时候连看了三部，就记得第一部的剧情，2，3都忘记了原创感十足，船长乃实在太美了！船长登陆那一段，有点创意。放荡不羁的杰克船长，以海为家，以船为马的海盗们，那是属于你们的航海时代，升起骷髅旗，去远航吧！,加勒比海盗,8.7,603501
https://movie.douban.com/subject/1297192/,医生的治疗方案是让不同人格互相残杀以产生幸存者，但残杀所诞生的幸存者就不可能是最优人格精妙绝伦的剧本。大量的细节描写使得影片非常耐人寻味，切换焦点时镜头的微小变动更是非常隐喻。结局倒不出乎我的意料，这种片子到最后肯定会回头给观众一枪。编剧太牛了，前后呼应的巧妙简直让人佩服得五体投地。即使是6年前的片子，如今看来也生猛十足。最不可能的那个人永远是最可能的意外悬念很是过瘾。“当我上楼时，碰见一个原本不在那里的人，今天他又不在那里了，我希望，我希望他已经离开了……”本以为是娱乐片，却是一部精彩的悬疑片，和《记忆碎片》一样，不到结尾不见真相。前段或许有些老套，但进行到中段的解谜阶段就很紧张了，后面的真相揭开后，又将剧情推向一个让人瞠目结舌的高潮，难得的是在结尾，居然再次给了观众心灵一记刺痛。善与恶，原本就是一体的。 PS:1.以罪犯幻想之情节名义给剧本许多地方逻辑推理不足找到了借口2.Mhotel又有何寓意呢3.对影片营造的黑夜，阴冷，潮湿氛围很中意last....,致命ID,8.8,529895
https://movie.douban.com/subject/1302425/,我养你啊！周星星电影中最喜欢的一部我最讨厌别人不擦润唇膏了！每次看到嘴上干裂起皮都忍不住想要亲上去！所以你要多擦一点润唇膏啊！你到底要不要我给你擦润唇膏！——好喜欢这一段，那时的张柏芝漂亮的无法用笔墨形容，脚趾甲上涂着五彩的颜色，小巧的下巴和明亮的眼，根本就是个小妖孽。【MD电影短评怎么字数限制这么短！】“我是一个演员”，我最爱的周星驰作品，笑得流泪星爷的电影走出了一条独辟蹊径的喜剧之路，以前只记住了他的无厘头，长大一点再回头看却看到了很多不一样的东西，略略理解了一些小人物卑微的挣扎。还有年轻的张柏芝是真的好看,喜剧之王,8.7,626749
https://movie.douban.com/subject/1418834/,如果一生不能和最爱的人渡过，那贫富喜怒又有什么区别，责任信仰又有什么意义。这就是他们的命吧。李安说：人人的心中都有一座断背山。其实，不如说每个人都有回不去的地方。一个夏天的故事就是一辈子的回忆，因为这种不等式的交换才让他们生命的价值显得悲壮而又无奈。烟花已灭，埃尼斯与杰克都在黑暗之中，一开始看不清别人，也看不清楚自己，可慢慢的都习惯了。潮起潮落，有的人认命了，就飘飘荡荡地活着，有的人不肯认命，就挣扎地想抱一丝希望，无非是想多找到一点可以温暖的回忆。其实，不管怎样都是不容...看来我没有弯的潜质，一上来我就把攻受猜反了零六年十月三日，七時十分，沙田ua第一次看。觀眾很吵。他們嘲笑。回去，我姊和我，鬱郁了好一段時間，我們反覆的言不及義，許多句子接不下去。然後我們在日本回來的飛機上，連續看了兩次。很靜。我媽也有看，她覺得戲裡的妻子們很可憐。我爸討厭同性戀，不願意看。我不敢隨便和朋友討論這電影。零八原来男人与男人之间，也可以爱得这么唯美,断背山,8.8,512841
https://movie.douban.com/subject/1297359/,宫骑骏就是个生态环保大师啊。97年有这样的动漫实属不易，可是很不明白日本人的文化，没有绝对的恶，就算犯错也都可以一笑置之，取走鹿神的首级酿成大祸，且根本不肯归还，最后还可以笑着露脸，该说日本人宽容呢，还是什么？探讨过“反战”之后，宫崎骏把主题直刺人类的心脏——“人与自然的关系”。尽管宫崎骏自己也没有答案，但年纪已高的他忍着伤痛完成了这部触及人类内心深处的伟大史诗动画。加上久石让画龙点睛的配乐，使全片充满了浓郁的古日本风情，奏出了苍凉广阔、荡气回肠的效果。震撼又震惊！宫崎骏最优之作飞鸟的一句你好美，把我心都化了。还有六部宫崎骏的动画片没看，这样算来岂不是比诸位都幸福多了？都不知道在说些什么，但是受伤的时候很让人心疼,幽灵公主,8.9,376587
https://movie.douban.com/subject/1300299/,这并非一个寻求真相的故事，而是关于真到底相如何被整没了……真实事件玩了全世界，电影玩了你，总觉得离真相很近了，而真相却是没有真相。★★★★★还好柯南最后没出来偏向于多人效仿作案，凶手不止一个。最后女学生是小白脸杀的可能性很大！言行逼供了三个人，只有小白脸最态度反抗、眼神一直有特写是充满恨意的，因为他并没有杀人还要被诬陷。出来后在酒馆喝酒，女学生从窗前走过也对他指点议论，让他觉得自己的名声已经彻底毁了洗不清了。所以最后警察媳妇和女学生同时出现他选了女学生。还有下手之前扶着树干的细嫩的手的特写。可能真的是出于报复——既然你们都觉得我是凶手那我就真杀个给你们...拍得非常好，是不是传说里的评价太好了，我竟然有点小失望，一直到片尾也没满足。,杀人回忆,8.8,434227
https://movie.douban.com/subject/2149806/,"整矫情了..做殡葬业需要那么多感怀身世和心理建设吗...在我们中国，这是一个超级暴利而令人羡慕的行业The gift of the last memories.
“人一辈子买的最后一样东西(棺材)是由他人决定的。”“死可能是一道门，逝去并不是终结，而是超越，走向下一程。”“入殓师就是让已经冰冷的人重新焕发生机，给她永恒的美丽，这要有冷静、准确、而且要怀着温柔的情感。”《入殓师》的中国遭遇：“它的国际首映在大连日本人的表演还是太做作入殓师老板在自家店铺楼顶的玻璃花房里烤河豚鱼白吃，四周都是绿葱葱的植物。
很想再继续看下去，很有味的电影",入殓师,8.8,437406
https://movie.douban.com/subject/6985810/,其实小孩子最邪恶，因为他们完全不知道行动的后果。  1、看的人想死的心都有了；2、……还得活着。Mads Mikkelsen被冤枉以后变成汉尼拔报复社会了如果你有个上幼儿园的孩子，就会明白，大多数情况下，通过诱导的方式，成人都能从孩子的口中得到他们想要得到的信息，所以，关键问题是大人们想得到什么，而不是孩子说了什么这个男人从始至终都善良、宽容的对待每一个人，这是最让我感动的，最后Lucas教堂里爆发那场戏看哭了，Mads演得真心好，个人认为结尾开枪的是Klara的哥哥~,狩猎,9.1,233144
https://movie.douban.com/subject/1291875/,再也没有这样的时候了。被禁锢的青春里面溶着化不开的酸涩。年轻的时候爱一个姑娘，就可以奋不顾身的把所有逞能的事情都做完。长大了以后就不会了。不是不爱姑娘了，而是理智的弦告诫你自己再这样做是多么蠢的一件事情。没办法，只能打五星。姜文，夏雨，张一山长得太像了！那阳光，灿烂到心里性显然是姜文创作的原动力，当[阳光灿烂的日子]的主人公爬上了高高的烟囱，他似乎把世界都踩在了脚下，正是这种年轻人凶猛的征服欲让电影显得那么可爱。无论哪个年代的青春都意味着永恒的大太阳和过不完的日子。唯一的乌云来自旁白，它无数次地提醒我们韶华已逝，人终归要被独自落在泳池里自己扑腾。,阳光灿烂的日子,8.8,432908
https://movie.douban.com/subject/1291999/,"一个人哭了，你给纸巾他就行； 
　　但如果一间屋哭了，你就要做很多事情。 那时她还被叫做王靖雯,小鹿様闪烁的眼神,细痩无邪的身体,疯狂的暗恋也不过是纯真执着的本能这部片里的王菲和金城武都还是他们最光芒万丈的时候.唉！装逼文艺青年必看，从台词到镜头，掉帧什么的，哎哟~~~骚！托尼梁制服诱惑受不了啊，原来那么多文艺青年的台词都是这里来的，连周星驰那句都是。。。。- - 那个时候的王菲（还叫王靖雯）和金城武都像虾饺一样白嫩可爱。音乐好听呀。重新看了一遍重庆森林。想知道金城武为什么可以连吃三十罐凤梨罐头加四份厨师沙拉薯条汉堡而不胖。因为早上六点起床跑步吗？",重庆森林,8.7,543368
https://movie.douban.com/subject/1297630/,"小孩和妈咪的那一段结局 真感人爱竟然成了本片最大的悬念教科书级别的悬念全美观众票选1999年最喜爱的影片。惊悚悬疑片，其中有几个镜头确实突兀吓了我一跳。猛男布鲁斯·威利斯向来演那种枪战动作片，例如虎胆龙威系列，此片算是文戏，但他的拿捏相当到位，里面的主角小演员简直是天才童星。三个印象深刻的地方-----平和和恐怖的完美结合,Haley Joel Osment的无助眼神,惊艳且充满感动的结局!!!",第六感,8.9,372317
https://movie.douban.com/subject/26799731/,"elio坐在火炉前，一会儿落泪，一会儿抿着泪水笑了，一会儿眼睛里又恢复了冷漠，仿佛在短短几分钟内，他把那个夏天又度过了一次，且此生还要度过很多次。刚刚在苏黎世电影节看的，导演一直坐在第一排。结尾的提问环节，他回答关于电影名的意义，他说：I think in love, when you call the other by your name, that means complete surrender. 美术，摄影与恰到好处的配乐都太出色了，美好的夏日时光，恰好对应初恋的故事。这个导演在影像上一直很有特点，也非常突出。最后一场戏确实厉害，一点点渗出的感伤。虽然当时看的时候，也就是觉得还好，还不错，之后倒是总想起结尾那场戏，看起来，还是记住了。看书的时候就像我的日记被人偷看了一样, 几乎每一个细节和心理描写我都能感同身受. 电影还原地很棒, 但是你们这样刷高分会让人觉得LGBT群体没看过什么好电影看进去后，我觉得并非糖水片。从相识，经历试探、闹别扭、忍不住靠近、戳破那层纸、干柴烈火、甜蜜相处、挥泪告别到深深无奈的过程，展现得细致舒缓。爱到深处，五脏俱焚，连回去的力气都没有了。小演员的演技真是太好了，结尾处他蹲在炉火边默默哭泣，那种复杂的情绪，经得起长时间的镜头凝视。",请以你的名字呼唤我,8.9,411765
https://movie.douban.com/subject/25814705/,那些静得只能听见呼吸的日子里，你明白孤独即生活。吃货妹子的《瓦尔登湖》，很闲适的小散文一般清新怡人，拍的不仅仅是故事，而是一种生活方式，这种乡村田园生活倒是很让人向往，很多时候估计也就是向往了，因为我们很多人都过着被别人杀了，还吐槽杀人方式的人生。劳作令人无暇烦恼，片中的人物时而离凡世很远，时而又触手可及。我们有舌尖上的中国，通篇累述奉献、感恩，手艺传承和文化气节，却没人教导我们劳作本身的意义。一屋一田一人食，已是最令人羡慕的事。世外桃源啊！单单一个人洗衣做饭在乡村过归隐生活，这浮躁如我，定是守不住，那寂寞空虚冷。不过这里的乡间，实在是太清新了！单单这一片绿色，就在心里变的十足清澈。还有这美食美景美女，一脸天然呆、内心白，悠闲自然的状态，还有农家乐、草木青，哎哟，真心是奢望啊！8.7人生在世，无非就是过日子，而如何能让过日子变的有滋有味，我想不到除了充实的劳动/工作+美味的食物更好的方式了。桥本爱不矫作真自然，让人心生欢喜宁静。也许中国需要等待很久很久之后，才能拍出这种气息的片子了。,小森林 夏秋篇,9.0,276667
https://movie.douban.com/subject/3011235/,"电影的质量不重要了。每一个打五星的人，都是在谢幕前向自己过去的十年致敬。十年，足够让它长成你的血肉呼吸。Like never before. Like never again.我就想问问，年轻的格林德沃和邓布利多在哪儿？！都是坑爹的噱头啊！！“你还爱着莉莉，斯内普？”“永远！”昨天看完后，太多的感情涌上来，以至让我不知该如何评述。看的过程中闪回很多回忆，当时的那些狂热，对霍格沃茨的的期待，以及延绵了十年的关注。我想 大概以后都不会有这么一部作品能带给我那么多的感觉了。十年一梦，终将落幕。But in our heart, it never ends.3.5★ 不談感情，這是我看完HP7.2的感受。如果你睡得朦朦朧朧的去看早場，也許會冷靜幾倍。HP7.2給我的感覺是結構很鬆散，簡略帶過、細節位少、3D失敗、配樂還算可以，有炫酷的特技、奈威和露娜的出場成亮點，說到笑位應該屬於最後成老爸、老媽那一段了。最後只能說：我們長大了，電影沒一起長大。",哈利·波特与死亡圣器(下),8.8,495942
https://movie.douban.com/subject/21318488/,后半段我一直期待有更惊喜的东西，可惜没有。年度最佳date movie💄原著就是个三流小说，搬上银幕也毫无加分。婚姻的牛逼之处在杀人于无形，如《革命之路》，相比之下，真的动刀动枪反而低级。人渣大战以为结局会改，但只是比小说延续了一些情节，但本质上还是那种生活。全片越看越浑身发冷，女主角的表现确实是奔着小金人去的，但若不是为了冲击奥斯卡，这片本该是情人节的最佳献礼。,消失的爱人,8.7,612246
https://movie.douban.com/subject/10777687/,"我们目击的事实，往往只是浮出水面的冰凌，冰山下面的巨大事实，更排山倒海穿透视听。
我们直面的人生舞台，也许只是化蝶幻影，层层垂帘般幕后的故事，更震撼世道人心。《我是山姆》的《美丽人生》里面有太多不现实的地方，故事的结局却又那么的现实。童话般的影片，让我大半夜看的哭到抽搐了。看到开场的黄气球和love letter构图就被囧到了。。。监狱怪咖的设置蛮有趣的，但类型的混杂做的有些不伦不类，桥段案件的设置和法庭辩护都随意到崩溃，后半段简直就在指着观众鼻子轮番儿逼着你哭，但感人的内核又很空洞。明明比挠人笑更烦的就是逼人哭啊！不过看到导演是双鱼座好像都懂了。。他们甚至不惜冒险将艺胜带入牢房与父亲相会。
黑暗冰冷的监牢内，7号牢房阳光满满",7号房的礼物,8.9,342204
https://movie.douban.com/subject/3072124/,"年轻时我想变成任何人除了自己。God gave us our relatives, thank god we can choose our friends.PS,娘的，我看哭了。PPS,推荐给所有的人看。PPPS,可以打十星吗？拍电影是不是和做爱一样 只有技术做不出感情我一直不明白一个问题，有趣是不是源于自卑和寂寞？",玛丽和马克思,8.9,320173
https://movie.douban.com/subject/1865703/,看这片的时候一直在怀疑自己的智商，不敢松懈半点，生怕脑力不够用。看罢更一直觉得身在梦中，久久醒不过来，今敏脑子里都在想些什么。。这片牛逼到可怕，高级到渗人，精彩到傻眼，色彩和配乐也是满分。甩开诺兰的盗梦何止十条街。谎言与真实，梦境与现实，其实一直在并存。我想给10星。Amazing！电影是最伟大的造梦机器！我觉得比盗梦空间还牛逼！好多场景跟《盗梦空间》好像啊~巧合么？。。。出神入化的剪接切换、瑰丽多姿的色彩构图、天马行空光芒四射的巧妙构思……无不令人眼花缭乱、目不暇接、惊为天人、叹为观止！每一场重刷都有新发现。,红辣椒,9.0,258034
https://movie.douban.com/subject/1296339/,我觉得一个更可能的故事是：同一列火车上长相平庸的男女，也许真的能聊得非常非常投契，他们看过一样的书，喜欢同一部电影，讲的笑话能让对方哈哈大笑，甚至能理解彼此的某些小怪癖。但他们的面目是如此模糊啊，两个人的目光都没有在对方的身上停留过，下车的时候，大家也就这样擦过肩去了。当年抱着打不开字幕的盗版碟一句一句听写下来台词，一遍一遍读得爱不释手以至烂熟于心，然后我裸考雅思就7分了。。。那个诗人让我印象深刻。成就了男人的幻想：遇见一个陌生的美貌女人，靠魅力跟她上床。成就了女人的幻想：遇见了一个陌生的帅气男人，拉着他的手叨逼叨一整天。看了以后，发现爱情的无辜。发现感情的突然。,爱在黎明破晓前,8.8,394436
https://movie.douban.com/subject/4268598/,"当罪人无法通过法律将其制裁的时候，唯有以暴制暴。
本以为是个推理片，想不到电影一开始就已经知道犯人是谁，只剩下女教师的复仇；本以为她在关键时刻会俗套地圣母一把，看在对方“还是个孩子”的份上原谅杀死自己女儿的学生，想不到她腹黑到底，把两个少年折磨到求生不得求死不能。太tm帅了。都是你爸害的（《松子》），都是你妈逼的（《告白》），中岛哲也太喜欢成长阴影了吧……深い、重い、中国で上映できない中岛哲也再次把我震撼了.在看过小说的前提下，映画竟然一点都不冷场，镜头和剪辑简直神了！爱radiohead那么多年，第一次把thom的质感视觉化的，就是这次了.....实在太爱了！赶紧出碟吧我要珍藏电影表现的方式与以往比较相当不同，全片充斥着大量的慢镜大量的特写，画面也甚是唯美。有很多人说此片因为拍摄、剪辑与音乐的搭配十足就是一部超长版的MV，但至少代表这部电影很美；也有人说内容空洞苍白，那只能说原著本身就有这样的问题。最后那句“开玩笑的……”比原著带来的震撼还大。★★★★",告白,8.7,519353
https://movie.douban.com/subject/1292434/,"这就是传说中那种我一分钟暂停三次花三四天才能看完的那种无聊电影。如果电影都是过生活，那我们就过生活就好了“电影发明以后，人类的生命至少比以前延长了三倍”，当我觉得自己已经看了两个小时，一拉进度条发现才过了三十几分钟的时候，我深刻地理解到了这句话感觉杨德昌的电影总是很节制地表现日常生活，记录生活。看后触动，可并没发现生活之另外可能。
06.12.24平安夜观影NJ去了日本，回忆了初恋，却后悔，勇敢的告诉敏敏，敏敏每天和不会讲话的老妈说话，突然发现原来她根本不会表达，她的生活好沉闷。洋洋拍各种人的背影，只因为他们自己都看不到自己的背影，那有没有人拍洋洋的背影给他看？婷婷是不是我自己？不是，我要当洋洋。单纯的洋洋，如果有谁胆敢取走我的单纯，那他一定，一定没有好下场！",一一,9.0,238855
https://movie.douban.com/subject/25814707/,昨晚做草莓酱的时候，幻想女主上身。嗯，要细心，要有耐性，还要要守得住寂寞。当然首先，你要有块地。8.5想做饭想做饭想摸菜刀想翻锅想捏面团啊啊啊啊啊我的厨魂已经熊熊燃烧了！！！！感觉村里地上随便啥草都能焯一下炸了吃掉¯﹃¯…四季更替，万物轮回，小森的美不仅仅是体现在美食上。人与自然，相互给予，相互奉献。食物、耕作、生活，循环往复，生生不息，最妙的奥义尽在这小森之中了。一个比较感人的细节就是桥本爱全程看起来都像是几天没洗头，确实一个人住的话也不太可能有毅力经常洗头了！,小森林 冬春篇,9.0,243186
https://movie.douban.com/subject/1297052/,美则美矣 但是看着两个初中生这样子的深情 最后还说出你将来嫁给我这种话 还是觉得有点怪怪的 近藤喜文的初啼与绝唱。像我这样的水准到处都是，这句台词当时是不是很流行呢。是否对《情书》有过影响呢。Country Road。最动人的一幕出现在爷爷拿着月岛刚完成的稚嫩的小说，对她说：太棒了，真是太棒了。在才华刚刚起步的日子里，有一个人能完全诚挚地赞美，比什么都好，它不会令人骄傲，相反会让人更看清自己。我我...我，被两人青涩的爱情感动啦...在自己的生命里，会有那么一个激励自己想要走得快一点的人，为了能够赶上去，牵住他的手，不成为他的累赘，在背后支持着他，与他相爱，与她携手到老，实在是太美好了。看的是英文配音版。如果年轻个10岁看到这片我一定爱得痛不欲生。勾起无数回忆的90年代，初恋情怀总是诗。,侧耳倾听,8.9,305409
https://movie.douban.com/subject/1291545/,"这个叫蒂姆·波顿的人，身体里住着大鱼爸爸(Big Fish)、剪刀手爱德华(Edward Scissorhand)、威利·旺卡(Willy Wonka)和疯帽子先生们的灵魂。你会因此想念父亲他只来过两次，第一次，他来早了 第二次 他来晚了感觉挺好，只是不大明白出乎意料的感动。超五星。正如小波所说：“我呀，坚信每一个人看到的世界都不该是眼前的世界。眼前的世界无非是些吃喝拉撒睡，难道这就够了吗？”这不够，这远远不够。一个人只拥有此生此世是不够的,他还应该拥有诗意的世界、奇幻的世界、童话的世界、他自己的世界。",大鱼,8.8,400481
https://movie.douban.com/subject/4917726/,再多分开牛逼的岁月，也比不上一起傻逼的时光。这个电影必须要看。。。早知解散后各自有际遇作导游，奇就奇在接受了各自有路走，却没人像你让我眼泪背着流，严重似情侣讲分手我操那哥们儿为什么长得像柔和版本的言承旭！同是姐妹片，比《伴娘团》牛逼多了。大有中学不良少女团体史诗片气概五星佳片！一部人生的缩影！,阳光姐妹淘,8.8,435826
https://movie.douban.com/subject/3395373/,孤立地看，这是一部无可争议的五星电影；但和第二部《黑暗骑士》比起来，它只能拿四颗星。好看。但这么多明星都盖不住上一集中希思莱杰的光芒。部分场景令人联想到文革，并很明显的隐射了社会主义者与资本主义社会的矛盾。英雄挥别，正气永存；史诗落幕，传奇不朽。漫长黑暗过后，终迎黎明曙光。难道我是第一个看的吗？墨尔本crown village cinema， 所有人都鼓掌了，绝对是今年最伟大的电影！拍出了黑暗英雄的铁血丹心，但没能超越《黑暗骑士》。配乐超赞！,蝙蝠侠：黑暗骑士崛起,8.7,487810
https://movie.douban.com/subject/1316510/,"张学友让梁朝伟杀他那段，笑翻了香港缺心眼儿喜剧之最，看100次笑100次～刘镇伟哪里比王家卫差？！向90年代的香港喜剧片儿致敬!多少年后,他们仍是挂在嘴边最活络气氛的谈资!跟同学一起又看了一遍，最喜欢刘嘉玲",射雕英雄传之东成西就,8.7,445406
https://movie.douban.com/subject/1306249/,"可以忽略秋香……经典中的经典哈哈哈.其实我是周星星FANS,心情不好看他的电影会边开朗.这个看了好多次了.一群人一起看最好玩.周星驰鼎盛时期的电影没啥好说的！全五星好评！另外，还有彩蛋，萱萱有演秋香的侍女。喜剧经典，好多年前看的周星驰的第一部片子，好多桥段现在还在用，小强。。。",唐伯虎点秋香,8.6,675820
https://movie.douban.com/subject/5322596/,少年时，我们都自私无知，夸张那些伤痛来当作放纵的借口。只知依赖不知自救，只知索取不知珍惜。打架，滥交，还自以为是看透了生命，绝望的很酷，其实肤浅的令人发指。孩子，什么时候你开始沉默的承受加诸你身上的重量，尊重它并与它和平相处，你才真的能称为一个大写的人。“我的灵魂与我之间的距离如此遥远，而我的存在却如此真实。”——加缪我们不一样，我们都一样。看过后很奔溃。这世界上最简单的事可能就是漠不关心地生活。因为一旦当你开始关心起别人，无论是多小的一个举动，都需要勇气。而detachment地生活，其实才不需要什么勇气和决心。我有段时间很自闭，觉得孤独地生活，一定是坚强的人才敢去做的事，而其实呢，这样的人才是最懦弱的吧。托尼·凯耶这么多年了，拍片仍然是一副死不回头的独立范儿，各种伪记实、访谈与剧情相结合以拉近观众的距离。整部影片始终弥散着一股伤感、落魄的情绪。很多男人都想在大街上拯救一个雏妓吧。布罗迪的表演很加分。,超脱,8.9,307469
https://movie.douban.com/subject/1297447/,這個聶小倩，爾等休想再超越！飘逸写意中国古典，现在拍不出来也不愿拍看过哥哥扮演的宁采臣后，之后谁演，都觉得那不是宁采臣。4星，但为了打压那个翻拍，5星！第一次看到张国荣和王祖贤的名字出现在豆瓣正在热映中好激动。我记得我第一次看的时候还哭了，现在就光顾着嘻嘻笑了。大屏幕上的王祖贤真美阿。据说那些黏糊糊的东西都是徐克同志想出来的。ps:大陆上映主题曲是国语，感觉少了不少，我真第一次听！童鞋们理性决定。好美的王祖賢～,倩女幽魂,8.7,479059
https://movie.douban.com/subject/1305164/,因为一直不怎么喜欢黎明演的戏，所以隔了这么多年，刚刚才看了《甜蜜蜜》这部电影，真好看啊，这才是真正的爱情电影啊……在短短一部电影中竟能拍出百转千回的感觉，看得我眼泪都流干了……缘来如此艰难，缘来如此美妙……不可不信缘……唉，要回到现实中了，晚饭吃什么呢……曾经的香港电影多么令人激动与感动。朋友说张曼玉又不好看，我说她在电影里优先级是最高的——任何影片里任何男神都会必定优先爱上她，即使她兔宝宝牙颧骨高耸又圆又短。每一次电影特写到她的脸上，快乐、悲伤、痛苦、期待都互相纠缠着从那张脸后面生长起来，这是最优先的电影语法。而如今的女演员有什么？假山根鼻子下巴浓妆和美瞳？居然没标记过，这大概是唯一看过的一部被配角感情戏感动到哭的爱情片了吧。现在叫俩计程车，回家泡个热水澡。明天早上起来，满大街都是男人，个个都比豹哥好。张曼玉精彩绝伦的演出成就了这部电影。聚散离合，缘起缘灭，情感的纹理与能量、生成与幻灭、真挚与虚妄，历史的荒诞与无情，一切的一切都是张曼玉。情到深处爆发出来的能量，如花瞬间绽放，充沛又从容，亚洲女星中大概唯有巅峰年代的高峰秀子可与之比肩。,甜蜜蜜,8.8,350760
https://movie.douban.com/subject/2353023/,酷酷的小龙外表下，是一只大型宠物犬的个性。太喜欢无牙了，外表凶狠，内心像个孩子，摸头杀太萌了，想养我怎么觉得一点都不好看呢。对于那么喜欢看动画片的我来说。情节实在有点弱。自《阿凡达》之后最愉快的3D电影观影体验。尽管对人与龙关系的描写未免逼格过低，但小嗝嗝和没牙间的互动着实非常挑逗，有着浓厚的情色意味，堪称是对反抗与驯服的银幕经典描述，美中不足的是小嗝嗝没能战胜直男的劣根性，把女朋友也带去骑龙，上演了一出小三上位的戏码，大大降低了后半段的观赏性，令人扼腕。,驯龙高手,8.7,516424
https://movie.douban.com/subject/5989818/,妖怪有颜就是治愈片 妖怪没有颜就是恐怖片永远不会忘记的拥抱，是你让我曾有过怎样也不想结束夏天最爱 没有之一 少女心都在这了我有多渴望触碰你，我就有多害怕失去你。TTTTvTTTT ←只有这个表情,萤火之森,8.9,324861
https://movie.douban.com/subject/21360417/,小人物，大成功。低成本，高票房。热电影，冷导演。旧模式，新包装。雅追求，俗定位。内棚衬，外景托。熟表演，生情境。远特效，近手持。慢推入，快剪辑。有利益，无朋友。左警察，右悍匪。正势力，恶交锋。假道德，真和谐。恩未报，怨已结。问有主，答无解。单兵战，双人桥。哭邻国，笑天朝。一个人怎么能成为国家公敌！结局是必然的  棒子能拍出这种电影让人震撼的 ps:韩国的电影审核制度真宽  这要是在天朝...哈哈一想到有生之年都无法参与这样的电影，忍不住呜呜哭了起来一部戾气如此深重的影片，注定能在我朝获取广泛共鸣。爽，国内不可能有的剧情,恐怖直播,8.8,422098
https://movie.douban.com/subject/1293359/,看到最后我哭了，巨大的孤独感将我摧毁。哈哈哈哈哈哈哈肚子都笑出波浪了。夏天真是一个奇怪的季节，明明实际上经历的只不过是黏糊糊的一身臭汗，可是总是忍不住将其与青春之类相联系，然后在夏天以外的季节回想起来的时候就特别特别怀念。每年都要陷入这样骗局似的怀念里。其实电影拍的不好，无意义的镜头太多，使得全片显得过于刻意，有点拼命让你笑的感觉，且过度使用同一个BGM，显得烂俗、生硬。电影大部分时间都在消费久石让的音乐和日本本身就很美的风景，俩飙车族的出现更是显得莫名其妙，莫名其妙听菊次郎的话，莫名其妙陪正男玩。不过我承认确实被电影感动到了。而我只看到了深深的孤独，两个孩子的孤独。其实我叫菊花次郎,菊次郎的夏天,8.8,342526
https://movie.douban.com/subject/1292274/,"人不可妄自菲薄，人应当勇敢、坚强、坚定、乐观、积极、向上的活着。太好看了……五星都嫌少“你没有如期归来，而这正是离别的意义。”五星都不够的好电影。一个好的故事，就是这样，内核足够坚实，情绪逐渐爆发，人物的一举一动不唐突，有温度。而坏的故事，就是内核虚空，拿句子和旁白来凑。相较之下，高下立判。那个快餐店小伙的热情与多情、办理签证的女工作人员的一丝不苟、印度老清洁工的唠叨与古怪，都在影片设置的细节中展现了丰满的情节，给人留下很深的印象，皮尔伯格在电影中对塑造群体人物的功力还是显而易见的。泽塔琼斯还是动人啊。汉克斯还是牛啊。
（跟小白在新居里看的第一部，明珠台）",幸福终点站,8.8,364243
https://movie.douban.com/subject/1291990/,年轻时候看得汗毛都竖起来了。。这种句句台词都让你觉得“我也是这么想”的电影有这么一两部就够了 @20岁春最后的结尾，杰西坐在沙发上似笑非笑的看着塞林，他一定在想，这个女人太他妈可爱，可爱的想立即上了她，再娶她。这是我看过的关于男女相遇相爱最美好又最清醒的电影。这个导演太牛了。我喜欢他们３个人一气写的台词。2018年5月12日第三次重温。面容略憔悴的他们大谈政治经济以掩饰慌乱，说着无关紧要暗暗焦虑时间的流逝；可是车内的哭诉和家门前拥抱，还有那首歌，真的那么痛，那么无法抹去，“你”只不过已成为“爱”的抽象名词，终生和记忆捆绑。在语无伦次的的玩笑里，现实的冷峻逐渐渗透，眼神确认爱情的存在。,爱在日落黄昏时,8.8,337627
https://movie.douban.com/subject/11026735/,大胖胖终于将瓦力拱下了机器人萌货的头名宝座，日漫元素和迪斯尼风格合体开出了一朵大奇葩！故事其实就是“蜘蛛侠”1+2，但想象力和细节太挠人心窝子了…白馒头的专场 剧情弱 但做得真是帅 小细节眼花缭乱 倘若那SF旧金山是真的 我愿意在那儿呆到死 Baymax小碎步慢慢倒腾&各种卡门蠢cry Stan Lee老爷子真土豪 有绚烂的飞行的场面(估计是眼红隔壁棚驯龙记) 其他人尚好 唯独熊孩子那身基佬紫不能忍 哥哥实在太完美了...迪士尼最新的Hyperion渲染器，渲染旧金山全景，几千个光源，无数的precedural shading...碉堡... 剧情的话Hero's journy，感情带动很好。动画感觉比Dragon2有看头~ 忘了说一句，记得看彩蛋~ Stan Lee的哏儿~漫威大法终于烧到了迪斯尼动画！全程钢铁侠x战警变形金刚瓦力等超级大片附身，虽然2.28才在大陆上映，不过资源已经出了，本片可比肩乐高大电影成为我心中的2014年动画电影最佳，另，大白终于撼动了瓦力的影史最萌机器人的地位，在此立帖为证，要是三月份不火你打我（片尾彩蛋亮了）又萌又燃有内涵，给大白五星满分！本片美指晚餐可以加个鸡腿，不过私心以为赛博和风的城市设计应该找帝国少年来做的。看完也想在飘满涡轮驱动风船的城市里找个呆萌呆萌的大白，一起坐在鱼风船上看夕阳……等等，大白和hiro酱好像都是男的？#不腐不是迪士尼#,超能陆战队,8.7,666115
https://movie.douban.com/subject/1292337/,"艾小柯写的：两个十几岁的孩子，白衣服上沾了泥巴，迎着微曦的曙光，在空旷的早晨一语不发的从黑暗走向黎明，耳边响起的是《珍宝》的歌声：“姗姗来迟的春光，让人深吸一口气……我逐渐成长，没有人可以亲近……”——这段情节最美了 
身为人母居然能无耻到这个地步也算奇观一件意识到yuki已经死掉的那一刻，我一连说了十几个shit。难过却哭不出，像是被谁狠狠打懵了，完全不知该如何反应。对于成人世界的不信任在电影中几乎无处不在——妈妈，爸爸们，房东以及房东太太，便利店的店长，援助交易时的男人……明明有光，光裡卻有無盡的暗。無語卻哀傷，是結束那一刻最真實的感覺。",无人知晓,9.1,175310
https://movie.douban.com/subject/4202302/,"此生暂借于世上。。这是无言的结局，我能想见阿莉艾蒂最终被同族淳朴少年打动，相守繁衍。那个有温柔眼眸的人，从此相忘天涯，深藏于心。我相信他们终有一天还会遇见的。阿春那种无缘无故的残忍和仇恨是怎么来的呢？不过想想我小时候也爱水淹蚂蚁什么的，大概是同一种心理吧。雖然很吉卜力，但其實和宮崎駿本人的戲劇風格很不同，沒有明顯的起承轉合，主題也不深入，但是很平靜。。。
也許米林宏昌的個人風格還沒有完全顯現出來呢。还是那个最纯粹的宫崎骏。",借东西的小人阿莉埃蒂,8.8,362385
https://movie.douban.com/subject/3287562/,那群黄黄的不知是什么的玩意儿很有爱的说～本片同时适合所有大叔控观赏：）造型趣味，3D效果也佳，只是故事实在老套，人物形象也很脸谱化。这个动画片再次证明了，不怕讲老故事，只需要有颗不老的心。打动人的是里面的小情趣，小可爱，小孤独，坚硬外表下谁都渴望一颗被温暖的心。真的远比toy3得我的心。不行了不行了萌死我了>//////////<密集物恐惧症也不恐惧了 太可爱鸟！,神偷奶爸,8.6,668719
https://movie.douban.com/subject/1291579/,"其实我觉得。。。这片是一对gay couple养孩子的故事。。。""不要给它起名字，起了名字就有感情了""，不管是什么物种，它们的情感在皮克斯手笔下永远都是那么细腻，看到毛怪对小阿布告别时说：“Go ahead, Go grow up...” 眼珠各种打滚。《WALL·E》之外最爱的一部Pixar动画长片。We scare, because we care. 很容易被错过的精彩故事，感动了被，狠狠的在怪兽的世界，有一家最大的电力公司，依靠吓唬甜睡的宝宝，取得孩子的惊叫声做成发电的能量。惊叹于他们天马行空的想像能力。因为关心才吓人 ~好萌的怪物们 喜欢死了啊",怪兽电力公司,8.7,433270
https://movie.douban.com/subject/1291585/,宫崎骏的主角为什么都是女生==潇洒、乐观、仁爱的女英雄，用爱拯救了自己的领土。宫崎骏的电影真的是太有启发性了，小时候也是完全没看懂。宫崎骏不管哪部电影都是在宣导爱，正义，和平，友善，人性的温暖。但，王虫真的好恶心！宫崎骏最爱。动画片的圣经终于知道阿凡达的触须是从哪儿借鉴来的了。尼玛这王虫的造型实在太恐怖了，一大堆爬过来简直让人魂飞魄散，密集恐惧症表示不敢看第二遍...宫崎骏镜头下的美都是最自然、原始、野性的。设定大胆，配乐大气，可惜影院放的是英文吹替版= =。。。【豆瓣的大家！为什么都在讨论娜乌西卡有没有穿内裤呢！。。。,风之谷,8.9,270979
https://movie.douban.com/subject/1858711/,"最后安迪细数自己的玩具那让我意识到自己也就这样长大了，和我那些玩具。《玩具总动员》自幼在我心中烙下印记：让我觉得玩具都是有感情的小生命，在我们不知道的维度里有喜怒哀乐。而且玩具相对于真正的生命带给我的压力会小一些。玩具不会死，只要不遗弃它们，所以千万不要遗弃他们。7.9和你再看。结尾的煽情很见水准，但现实中哪里还找得到Andy这样单纯童真的17岁少年呢？！最有爱的搞笑+最真挚的感情=完美感觉很平淡呀，难道童心离我而去了吗？no...另外，3D效果不如驯龙高手。虽然是动画片，但没有一味地弘扬真善美，也反映了人性丑恶的一面。
比如抱抱熊罗素，它被替代了，它自己要走，还强行要别人也跟着离开。
胡迪救了它一命，它还恩将仇报。
除此之外，它还挑拨离间，企图让巴斯光年背叛朋友。
软的不行就来硬的，将巴斯光年恢复出厂设置，甚至提醒巴斯光年“当心它们对你用反间计”，太可怕了。
幼儿园充满黑暗和邪恶，连玩具也存在金字塔制度，分阶层和等级，有各种明争暗斗。
有卡车队伍巡逻...",玩具总动员3,8.8,336513
https://movie.douban.com/subject/1300992/,有史以来哭的最伤心的一部电影~他看见他，他带走他，就像带走童年的自己。他终于相信这个世界有鬼了，眼前这个开枪打伤他的小鬼就是童年自己的鬼魅。“再见，这是完美之旅。”再见，布奇。老牛仔真是个伟大的导演，总能把人性拍得如此美好而有力量。哭了 小孩可爱，大叔也很会煽情，烂漫的骨子里还有一颗梦想的心标准的有点像是教科书里的故事,完美的世界,9.1,163090
https://movie.douban.com/subject/26325320/,"以我有限的观影经验，优秀的战争片不会美化战场，不会粉饰死亡，不会矮化敌人，不会无视常识，最重要的，不会宣扬战争。这个片子基本都做到了。看完觉得吹牛啊，结果片尾出现正主时震惊了，再一查历史，真实道哥居然比电影里还开挂，真死人堆里爬出来的。当下好莱坞难得一见的右派电影，梅尔吉布森甩掉了神神叨叨，拿出宗教信仰和残酷战场，战争场景真实血腥，令人发指的牛逼 #这战争场景要是3D高清估计得看吐了#美国抗日神剧：乡巴佬,不杀人,信上帝,救队友。前一小时昏昏欲睡,而且新兵营抄袭<全金属外壳>.全片最好的就是40分钟的战争戏, 剪辑不错,混音很好,配乐能给老美煽哭。电脑特效五毛,化妆能让你吐出来。适合那些从没在电影院看过什么正经战争片的观众。槽点密集,比如日军冲到悬崖边却不扔手雷,人肉小吉普…其实这片子挺牛逼的，后面一个小时里黄继光，董存瑞，王成，李云龙，白求恩相继出场.....3.5，救人那段确实挺燃的，但别的部分掐了手心一百多次才没睡去。美国抗日片里的日本人比中国抗日片里的还不像人啊。",血战钢锯岭,8.7,552885
https://movie.douban.com/subject/1292208/,"史上最强剪辑，《低俗小说》遇上它也要甘拜下风！第一次接触巴西电影，就让我着实惊叹了一大下~~冗长,杂乱不只枪支，摄影也可以改变命运。血腥暴力、丛林法则以及完全不会出现在明信片上的里约。剪辑酣畅淋漓得像桑巴舞曲。据说奥运期间巴西政府对贫民窟的做法是建堵高墙眼不见为净，我...这配乐这镜头！！！！传奇故事不喜欢，奇观电影最讨厌。别把什么事儿都往残酷上推，推卸作为创作者本该有的责任。",上帝之城,8.9,221677
https://movie.douban.com/subject/1418200/,"这达西先生是痴呆不是傲慢吧……拍得挺美的,拍名著只要不把它拍砸了就是胜利特別喜歡 看很多次了一群发春的女人和一个完美的男人温馨的结局,看到和爸爸谈话的那段,哭了",傲慢与偏见,8.6,509989
https://movie.douban.com/subject/10577869/,"穿越界第一女朋友:Rachel McAdams; 喜欢这部片子的光感，最爱大雨如注的那场婚礼，你紧张地问我，是不是想要一个阳光明媚的婚礼，不不，一切不需要重来，一生只这一次就好。编剧是Love Actually的Richard Curtis, 女主角是来自于另一部时间旅行电影The Time Traveler's Wife的Rachel McAdams. 配乐沿用了Gravity里的钢琴伴奏，画面美好到让人陷在爱恋中。在伦敦，若不好好谈一场恋爱就太辜负这个城市的一片深情。把每天当作最后一天般珍惜度过，积极拥抱生活，就是幸福。""How long will I love you?""情节退后一步，把舞台留给家人、生活，留给错失爱人时的惊惶、表白时的笨拙不安，留给最后一次海滨散步、最后一次拥抱、最后一个吻。每天过两遍，会发现被忽略的美好；孩子养三个，万一某个太聪明笨笨的两个可以作伴。片名有点误导，画面美歌好听，一家人在一起真好。A-你们有没有发现，所有的时空穿越的电影和书到了最后都在告诉我们，要living in the moment...最朴实庸常的时刻也是美好的选角美，配乐美，造型美，镜头美，剧情美，台词美，这样一部让人心情好的电影，我都快忘了爱情事件多美的事儿了，可电影不仅仅只描述了爱情，还有温馨的家人，给一百颗星都不够！Rachel这样可人的女孩，要遇到了我一定会去追 ❤",时空恋旅人,8.7,367209
https://movie.douban.com/subject/1417598/,这其实是个励志片好不好，杀手先生告诉俺们即使在生命的尽头还是能干成很多事情滴~看第一部的时候着实被他的情节设计给惊讶到了。剧本唯一遗憾的地方是没有泄漏（分析）此人的变态动机，没有犯罪的心理学分析、社会学分析，这使它和《七宗罪》相比显得逊色。不过我还是很佩服这个创意，美国恐怖片发展到今天，血浆时代、血腥时代、性和喜剧的时代、心理分析时代都已经相继过时了，不怎么刺激了，如今拼的就是创意，用台湾广告业的行话讲，就是要……脑力激荡。真相就在眼前喜欢Adam，除了漏洞之外就可以五星了。但是那个一直躺在那里装死人的活人怎么可能完全不被发现呼吸起伏什么的呢？而且没想到演adam的演员就是前三部的编剧。厉害。,电锯惊魂,8.7,339427
https://movie.douban.com/subject/1303037/,这片在20年前是多么得前卫出格阿！！少年时看过后存在硬盘里，想着哪天出柜时放给母亲看。后来母亲走了，我没能给她一场喜宴，也没能给她看过这部电影。这一生再也没有机会了。今晚我囫囵吞枣地又看了一遍，然后删除，从此没有福分将它留在硬盘里。作为导演，李安在《喜宴》中的表现还略嫌稚嫩，电影中粗糙的细节比比皆是，远不及《卧虎藏龙》之后的精雕细琢；但从内容与情节上来说，这部我感觉却是李安最精品的几部电影之一：放了很多心血心思上去啊，对文化差异的刻画准确犀利而生动活泼。这部电影李安作为编剧比作为导演更成功。爸爸肯定也是gay的嘛，多明显啊~Simon是多么理想化的同性伴侣啊！金素梅太像叶童了~我喜欢李安这个系列的电影，很回味~还有赵文瑄实在是太帅了！噢，薛绍~李安自己在里面演路人甲划重点敲可爱！“让你们见识一下中国人五千年的性压抑”哈哈哈哈哈哈,喜宴,8.9,229003
https://movie.douban.com/subject/1294240/,年老的阿尔·帕西诺，并没有失去力量，而是更魅惑动人。我喜欢这集!牛逼人物的特质是枪都开不死。帕西诺。安东尼弹唱的西西里民谣很棒。第三代教父文森特性格的转型感觉很唐突。这集仍然死很多人，以很多人的死亡结束，以回忆结束，很多死法，被毒死的吊死的枪杀的刀子捅死的眼镜插死的...Al Pacino真的人老珠黄了，当年是那么的英俊Sofia Coppola，导演的女儿，女承父业。麦克老了啊，越发孤独，悲凉又无奈。说到底，人在解决了温饱之后，最需要的是关系，如果不能和人建立感情，位高权重又有什么用。,教父3,8.9,232001
https://movie.douban.com/subject/1578507/,COOL到一塌糊涂！Bourne去救Nicky这段最抓人。Matt各种有型作为经典系列的完结篇，依旧成功延续着这系列出色的风格。精练的对白、扎实可靠的表演、华丽的剪辑和原声。无论是过程还是结尾，始终扣人心弦★★★★☆第三部，男主角终于不再杀人，因为他成佛了。自从他遇见了CIA的女观音菩萨后，就走上了成为斗战胜佛的道路。,谍影重重3,8.8,295355
https://movie.douban.com/subject/3792799/,"突然觉得吴君如如此美丽.没想到2010年还能看到这样的电影，感到很幸福。人生总是一日难，一日佳。
过去的总归是好日子。如果你觉得只要电影里有人得白血病那么这部电影就是烂片的话，你不就不要看这部片了。哭死我算了。",岁月神偷,8.7,439674
https://movie.douban.com/subject/1297574/,Leslie这个萌娃。据说有次Leslie在电影院看午夜场，他跟盆友说：要死了，观众那麼喜欢发仔，而我却是个要抓发仔和我哥哥的警察。 第二部的时候，他开森的说：这回有人同情我了。看我演得多好！我的妻子怀孕生子时，我死佐~“杰仔，你冇错到，我地大家行嘅路唔同，你行嘅路系啱架，以前我行错咗，宜家行翻啱，都唔算太迟。”这句真感动。如果把兄弟情都看成基情，这真的挺可悲的。兄弟和好的时候，哭得不行。故事情节即使在当年也没什么了不起的。但是狄龙周润发张国荣正好分别代表了儒雅内敛、升级打怪和单纯明朗三种状态，再加上导演功力惊人，所以呈现出行云流水动人心魄的效果。【新艺城】三个男主演得都不错，但还是周润发的小马哥最精彩，几次直戳泪点都是他和狄龙的对手戏。前面戏份里哥哥灿烂的笑容让人打心底欢喜，如今重温感动满满。徐克做监制，还踩了一脚客串。,英雄本色,8.7,334150
https://movie.douban.com/subject/1295399/,赢的是那些农民，不是我们。完成度之高啊！三个半小时下来连个低潮都没有，后来的《影武者》、《乱》都比不过这部。每个人物性格都非常鲜明，志村乔仿佛一灯大师，三船敏郎似韦小宝，久葬是独孤求败，胜四郎像段誉……唯一的问题是志村乔剃完头怎么这么像张丰毅呀？！世影史：本片可说是日本名导演黑泽明第一部真正加入西片趣味的时代剧，他虽然意图将这部片子拍成彻底的娱乐动作片，但事实上，整部作品仍充分流露著黑泽明式的人道精神。影片构造了一个包含着深刻隐喻的寓言，揭示了日本武士阶层的特殊生存状态与必然消亡的历史趋势。谁都没赢，即使是村民。我们又失败了，那些农民才是胜利者。武士就像风，从大地上漫卷而过，那些农民始终和大地在一起，永远地活下去。——武士拼死相搏，故事的终局却连他们安身立命的信条都给颠覆了，黑泽明这一刀实在是够狠，就是这种狠劲，给我们看见人性的真实和历史的严酷,七武士,9.2,127045
https://movie.douban.com/subject/6307447/,"waltz魅力十足 却死的那么酱油。。。零，有一种类型片，叫昆丁；一，昆丁只拍这种片，但只有昆丁拍这种片；二，此片没那么完美，但已比无耻混蛋用心很多；三，昆丁可能永远再达不到低俗小说的高度，但本作足以革新西部片；四，南方口音蛋疼，有些笑点没听懂，以后我得看中文字幕版；五，原谅我用那么多分号，cuz Ima goddamn programmer.昆丁稍微一用心，就足以窃笑着俯瞰众生。我觉得他最牛逼的一点是可以让所有大牌演员在他的电影里集体迷失自我，并被注入昆式狡黠腔调。当然，这种腔调不仅仅是表现在角色身上，配乐、运镜和台词通通昆丁范儿，乖、贱、粗暴、不可复制。Who's the nigger? D-j-a-n-g-o,D不发音。热血沸腾！三年的等待值了！那个低俗、性感的无耻混蛋又来了！前抑后扬，情绪逐级酝酿，最后半小时则以很昆汀的方式回馈观众。老式西部片通常都是杀人不见血，一声枪响一股烟，人就躺下了，昆汀这已经不是血浆了，是血雨，爆开的鲜血之雨。而鲜血染白花也成为昆汀拿手的暴力审美。慢镜、暴血加耍帅，味道都很对。姜戈拼自己名字的时候，旁边是老版的姜戈。4星半",被解救的姜戈,8.7,418152
https://movie.douban.com/subject/1291543/,超级耐看和严重被低估的电影，看十来遍了越看越好看，我想100年后还是有很多人爱看它。十分纳闷这部电影不上9分周星驰形式上的巅峰，但是意境已走下神坛星爷21世纪最好的电影，甚至比之前的一些电影都好，我起码看过5遍我会乱说？那些经典台词都倒背如流了感觉【功夫】应该8.5分以上，同意的点赞,功夫,8.5,617049
https://movie.douban.com/subject/1907966/,《超人总动员》一家人的团结与各显神通、《冰河世纪》的原野放逐与聒噪搞笑、《勇敢传说》的脉脉亲情、《阿凡达》的奇观异景、《驯龙高手》的各色萌兽……前后呼应、没有一个多余的情节，过山车式爽快节奏，一路笑着哭。2014第86届奥斯卡最佳动画长片预定提名三星半，非常公式化，故事方面没什么突破，看到至少三部动画片的影子。以旅程为背景，家庭为己任来探讨两代隔阂（保守派和革新派）。胜在合家欢的人物，不断制造冲突和温暖人心。另外快节奏和伊甸园色彩为它增砖添瓦。很不错的合家欢动画。故事很简单，工具，使用火等道理让孩子也能很快理解，然后又植入亲情和勇气，结尾还略感动。整个故事又有很多惊险与搞笑的场面。第一段找早餐的段落真棒，即很精彩，又介绍了主要人物，性格特点及生活环境都出来了。这是编剧很常用的手法，却也很好用。对这种有笑点有泪点，角色可爱故事好看的动画片最没抵抗力了！！！那些毛茸茸的动物好萌，尤其是那只大喵星人！！呆萌呆萌的，看的时候我就忍不住想伸手去捏它大大的肉脸，一根根毛毛看上去那么逼真！！太太太爱那只了！dreamworks这几年创造了太多萌物，第一萌工厂当之无愧。绚丽的3D效果+随机乱入的萌物+搞笑亲情大套路+点睛式的人生说教，人见人爱的作品，想象力和娱乐性爆棚；但捧为神作有些过了，它既没有Pixar经典作品的原创性和灵动感，也缺少梦工厂传统大作的独特个性和贱趣味！,疯狂原始人,8.7,593335
https://movie.douban.com/subject/1307315/,"蒋勋在孤独六讲里写哪吒，他说，我记得年少时，读到哪吒把肉身还给父母，变成幽魂，最后找了与父母不相干的东西作为肉体的寄托，隐约感觉到那是当时的我最想做的背叛，我不希望有血缘，血缘是我巨大的负担和束缚。父母是我们最大的原罪，是一辈子还不了的亏欠，就是欠他骨肉，欠他血脉，所以当小说描述到哪吒削骨还父，割肉还母时，会给读者带来那么大的震撼。可是，这个角色在过去饱受争议，大家不敢讨论他，因为在百善孝为先的前...哪吒刚刚降生，李靖就想一剑劈了他；
龙王恶人先告状，李靖却丝毫不听哪吒的解释；
哪吒制服了龙王，李靖又叫人把他绑起来；
面对四海龙王的报复，他甚至想杀死哪吒……
是怎样的父亲，才会对自己的亲生骨肉心存偏见？
是怎样的父亲，才会胳膊往外拐，站在别人那边？
是怎样的父亲，才会是非颠倒，不分青红皂白？
并非所有的孩子都是熊孩子，反而是很多父母不配做父母。
在这个“百善孝为先”的国度，《哪吒闹海》没有跟风...削骨削肉的哪吒 算不算我朝到现在塑造的最有血有肉的角色之一了。至少也是我们很多人的回忆吧影片摆脱了原著《封神榜》的黑暗色彩，而是塑造了一个如梦似幻的美丽童话世界，电影中的色彩运用堪称出神入化，人物塑造也是极富神采，这是一个充满童真和童趣的电影。回忆啊年轻勇敢的战士，为保护更年轻的一代不被老朽腐坏的政权吞食，抛弃了自己的血肉之躯，与怯懦的父亲决裂，战斗过后，向着光明的未来奔去。但是龙王是杀不死的啊，死了还会有新的龙王，永远渴求着更多的童男童女，几千年了，哪吒还打得动吗？",哪吒闹海,9.1,162993
https://movie.douban.com/subject/1428581/,"中国动画的巅峰。粉强大的声优阵容啊～我喜欢这个故事～动画好多，经典的却很少，是吧蛋生。。。。浅绛山水斧劈皴，
游丝描绘众生相，
最爱狐狸老太婆，
最爱独腿小书生，
一蹦一跳去吃鸡，
蹦入清明上河图，
蹦入东京梦华录~",天书奇谭,9.2,130404
https://movie.douban.com/subject/25917973/,“有些事，非得问出来？不问就是压在他心头，压一辈子；一旦问出来了，这石头就是压在你心头了” 赞叙事结构，过去跟现在将来混合，多人视角交叉重叠连锁反应，最后完美衔接…没有一个多余情节，荒诞讽刺，千奇百巧，抽丝剥茧，百转千回。2015《大象》《全民目击》，超过《烈日》《吾先生》年度最佳。国产犯罪片越来越好。「烈日灼心」力道够了，然剧本硬伤太重。「心迷宫」的剧本真是惊喜。如此群戏能这样流畅地自圆，已实属不易；时间线打散却又让观众能轻易缕清而不显杂乱无章，确是匠心别具地精巧。开场即惊艳；结尾父子对峙戏太棒。当然，为过审加上的那行字幕让人出戏，不过相信以后会更好。四星半，《罗生门》架构+《怪尸案》讽刺。麻雀虽小，五脏俱全。第一幕铺垫很满，后两幕循序渐进嵌套在整个宏观的时间体系内，体现了剧本结构的匠心。尸体的几经易主令人哭笑不得，也折射出社会的荒谬与生者潜藏的兽性，罪过只得靠祈求神灵来寻求庇护。父子鸿沟也在尸体的挖(进)埋(退)两难中找到了答案9分！在体制下以极低成本拍出这样一部院线电影，看完心里有一种冷静的热血沸腾！主要手法上其实就是我们见多了的多线索叙事，特别之处在于它能以一个原生的中国乡村故事去挖掘人性。细节的埋设，故事线索的编排，都基本完满通顺，有想法有落实，实在可贵！放冰箱那个红色塑料袋到底是干啥的？,心迷宫,8.7,330113
https://movie.douban.com/subject/1292401/,"1、每当我对世局倍感忧虑时，就会想到希思罗机场的入境闸口。人们认为世界充满仇恨与贪婪，但我却不同意。在我看来爱无处不在，虽然未必来的轰轰烈烈，但是爱永远存在。父子，母女，夫妻，男朋友，女朋友，老朋友，当飞机撞上世贸大厦时，临终打出的电话，谈的不是报复，而都是爱。如果你肯留意，你会发现爱其实无处不在。love actually is all around.从头哭到尾，心里暖，而遍体生寒，寂寞无处隐身，生生将我蚕食。我爱死那老头了～我不明白,如果导演早就决定给个皆大欢喜的结局,为什么又不给得彻底点呢?像我这样一个对外国电影了解不多的观众，看的时候一直处于“我靠这个人好眼熟，这个人不是那个谁吗，这个人是大牌吧，这个人我知道名字！……”的状态中。",真爱至上,8.6,501586
https://movie.douban.com/subject/1293318/,又精致又催人泪下。可是二战时期的日本一点也不值得让人那么同情我发誓我再不敢看第二遍薄弱而刻意的煽情……实在没煽到我虽然事先知道这是个煽情的片子，知道它注定是个悲剧，还是哭了。告诉你这是个悲伤电影，在你准备好的情况下，还能达到效果，的确是个好片子日本人博取同情的功利 是中国的N倍。,萤火虫之墓,8.7,307730
https://movie.douban.com/subject/26611804/,當你完全站在喪女心痛的母親這邊時，你才發現她也可以是一個加害者；當你以為警長就是如廣告牌說的懦弱無用，你才發現他也正在自己的生命旅程面對死亡；當你以為種族歧視的白癡警察已經沒救了，又發現他竟因為一封信而完全改變。沒有誰是絕對正義，沒有誰是絕對邪惡，奉愛之名，可以善也可能是惡。胖牙医十分可疑三块火一样烧红的广告牌，三个人，三封信。角色的面目都是逐渐清晰起来的，就像警局里前一秒两人还针锋相对，局长意外吐血，米尔德脱口而出一句“baby”，全片就充满那样意外又令人心软的转折。老套的寻凶复仇故事讲述得如此生动，编剧值一颗星；情节似层层剥笋，露出的是七八个清晰、独特、复杂的人物，两个星给予出色的女主演及男配角；将视觉场面、音乐服化等手段与叙事有节奏的、完整地掌控融合起来，应是导演获得的一颗星；结尾高明的情节逆转和开放式，为这部电影赢得了最后一颗星。满分！一晚上居然写了三封信！厉害了Woody叔。环环相扣，宿命轮回，错与对的双刃剑，比《杀手没有假期》更以小见大，提前预定今年奥斯卡最佳影片。女主、双男配演技巅峰，群戏也个个出色，剧本无可挑剔，开放式结局令人唏嘘…“-你确定我们还要这么做吗？-我不确定。-我们可以路上慢慢决定”,三块广告牌,8.7,579697
https://movie.douban.com/subject/1295409/,香港影史最赞三人行有新武侠的潇洒。        “其实爱一个人并不是要跟她一辈子的。我喜欢花，难道你摘下来让我闻；我喜欢风，难道你让风停下来；我喜欢云，难道你就让云罩着我；我喜欢海，难道我就去跳海？”你们都知道我的性格，我喜欢西逛逛，东逛逛，我喜欢流浪，其实爱一个人并不是要跟她一辈子的，我喜欢花， 难道我摘下来你让我闻闻，我喜欢风，难道你让风停下来，我喜欢云，难道你就让云罩着我，我喜欢海，难道我去跳海？周润发在轮椅上和钟楚红翩翩起舞的场面再过多少年都不会忘记三个主演都非常出色的演绎了各自的角色，虽然现在回看起来感觉质量并不十分过硬，但就凭这三个人四颗星不能再低了。,纵横四海,8.8,271521
https://movie.douban.com/subject/1306861/,真正的戏眼是达科塔·范宁。她才是催泪的原动力all i need is love~很浓的beatles情结，小女孩好萌 还是很感动的，虽然很多人物都比较脸谱化，但是依旧感动“lucy in the sky with diamonds……”十分的亲情，十分的爱，爱的能力并不是取决于智商的高低。原声好，主题好，演员好，但就是有些拖沓与着力过猛。★★★★六星的片子，哭得一塌糊涂。老天忘了我这个可怜的小孩，偏偏要给我这部电影提醒我有些东西我永远得不到。不能重生，不能生，此生再无机会，那就只好死去了。,我是山姆,8.9,197893
https://movie.douban.com/subject/1793929/,男主、男配演技都破表了。上次见马修.麦康纳还是<林肯律师>里那个拉轰的帅叔，又屌又骚包，这部就眼窝眍䁖、腮帮塌陷、瘦到脱形的战艾斗士了。最诗意，是万千黄蝶绕身飞舞那一幕，如幻似真。对有些人来说，活着就是紧紧攥住意志力的缰绳，制服那头蹦跶公牛，尽量不从牛背颠下，能待多久，就待多久。用最轻松的态度拍出了最沉重的题材，完全不加煽情的感染人心。男演员们演技都大发了，今年Jared Leto不拿最佳男配我特么就撕逼！！！！Jared Leto的腿比女人还美！！！Jared Leto的腿比女人还美！！！Jared Leto的腿比女人还美！！！Jared Leto的腿比女人还美！！！【说正事，这热血抗艾片真是百年难遇地好啊，仔细想想，能把life outweighs money这种俗道理包在热血的外衣下讲得这么动情深刻。fuck yea cowboy!!!!杰瑞德莱托必须最佳男配！演技好到发指！好到让人挠墙发指！马修麦康纳演技也好到爆，尤其是去墨西哥之前趴在方向盘上干嚎那一段，跪求两人冲击奥斯卡。一个沉重题材的电影却毫不伤感，最具震撼力量的是人性的真实，很难讨人喜欢的角色却让人充满敬意。PS：影片中段叙事节奏欠功力，五星是私心绝症不可怕，绝望才可怕。绝育不算难，绝欲才叫难。,达拉斯买家俱乐部,8.8,308649
https://movie.douban.com/subject/1292328/,“当你爱的人离你而去，你唯一能做的，就是不让自己忘记。” “如果有一天我忍不住问你，你一定要骗我。就算你心里多不情愿，也不要告诉我你最爱的人不是我。”你以为谈的是武侠，其实谈的是爱情；你以为谈的是爱情，其实谈的是人生。忘却，只是自欺。可不可以给六颗星？张国荣、林青霞、梁朝伟、张学友、张曼玉、刘嘉玲、梁家辉……再加上王家卫，这阵容无敌了。,东邪西毒,8.6,415552
https://movie.douban.com/subject/25773932/,爵士乐怎么死的，原来是一帮把音乐玩成竞技体育的白人自己搞死的清晰果断。……另外这部电影真是不错的试金石，看看短评就知道了。只从中看到痛苦，而看不到痛苦之中挟裹着快乐的人，大概从没认真追求过什么。J.k.西蒙斯应该能拿下男配！这片子的节奏感实在太棒了，爵士乐和剪辑简直融为一体了，还有西蒙斯机关枪版恶毒的台词，脏字就像鼓点一样密集且激烈，几场打鼓的重头戏在镜头上都是细碎古怪，靠剪辑重新赋予整体戏一气呵成且不断加速的节奏，可惜整部电影还是碎的，否则就真成大卫·芬奇了。★★★★第二遍看的观感落差略大……之前那种在紧张气氛下的恐惧感不在了，单靠剪辑节奏创造的强度也就少了许多魅力，倒是因为过于戏剧化的情节在心里不断减分。况且对这师徒俩哪个都没啥好感，真碰上这样的老师和同学大概恨不得一手弄死一个吧…他得到了世界，他失去了灵魂。,爆裂鼓手,8.7,377880
https://movie.douban.com/subject/1304447/,"最靠谱的评论 来自2008-02-24 04:45:21 MILKY_MOMO　我比较倾向“否”的答案，也就是lenny只想杀掉间接导致他妻子死亡的仇人，并且摆脱一直在利用他的teddy。虽然这个答案降低了电影的内涵，破坏了电影的结构美。但这答案符合逻辑。 　　 　　 　　 　　首先，要确定确实存在第２个没有伏法的匪徒（这一点是没有疑问，如果网友有疑问，请自己在电影中寻找答案，篇幅问题，不赘述了）...导演用一种前无古人的倒序方式营造出“支离破碎”氛围，让观众深刻体验到Lenny破碎的生活及内在，我们如Lenny般扮成侦探，在电影里寻找着所谓的真实。而那织在复杂结构中的情感更让人没有办法不被感动。“如果自欺才能使我快乐，我选择如此的活着。”我们要生存下去必须给自己一个理由，否则就会精神分裂。但那些我们坚持的东西可能只是自己假象中的虚幻。一觉醒来时看着天花板问问自己：我是谁，我为什么在这里。然后你...神奇的剪辑让故事内容呈现出了光怪陆离的多种路径，在记忆的初期，只需要烧掉两张照片，多加一个注脚，命运就会像一俩失去了刹车的悍马一样在历史的胡同里横冲直撞，莱纳在片刻清醒时的自问自答讨论存在感，需要多看几遍才理解如果还没看过，那么现在最该做的是千万别看任何有关的评论，立刻飞奔到影碟店，买张带导演评论的D版，然后开始失忆之旅。用记忆来确定自己的身份，让自己相信世界仍然存在。
剪辑手法太诡异了，看的我也失忆了。浑身发抖",记忆碎片,8.6,422641
https://movie.douban.com/subject/24750126/,"这是迄今为止天蝎座人士在银幕上最大规模的集体展现。这片和“天注定”的最大区别，就是我们只剩下填充胸臆的戾气、而阿根廷还保留着无政府主义的癫狂。同样是故事拼接，“四个月亮”导演该好好看看这片...又一个酒神附体的电影，有笑有泪的复仇大赛，库斯图里卡的黑色味精，昆汀的血色糖精，加点马卡维耶夫的迷狂春药，好玩。最凶暴的两个司机玩命斗气斗殴那一段，跑到奥迪车头拉粑粑的司机要是腹泻，就棒了，可怜我最喜欢的Joe Esposito单曲《Lady, Lady, Lady》为这么重口味的故事伴奏。碎片化的形式，有点像之前罗马尼亚一堆人鼓捣的《黄金时代的故事》，只不过这边是一个人拍的。观感挺不错，但说“经典”，还远远称不上。即便有的碎片很完整很精彩，像公路恶斗。也有作到死的相爱相杀，文青们的最爱。可是，终究缺乏一个形式上的统一，并且太容易分出高下。除了ICBC植入广告外感觉可以满分，片头出字幕那段+全片配乐太牛逼了，bombita这段开始随着灯闪听到gustavo santaolalla标志的吉他声我激动到浑身打颤全面炸裂！喜欢台译片名，感觉抓到了精髓。阿根廷电影绝对西语世界的良心，想看的演员都看到了还这么充满正能量太开心！！！",荒蛮故事,8.8,277352
https://movie.douban.com/subject/2209573/,"得2000万的时候全场欢呼，我却哭了，为他哥。life is shit, but god is great.深刻体会到命中注定一词的含义了。怎么那么多人打5星，我客观点还是给了4星。没办法，最高就是5星，我觉得这片子不至于最高，要不然猜火车该往哪放呢！很好的题材，但还是少了点什么【B+】本片又名《阿三屌丝的逆袭之开心辞典背后的故事：论如何炮灰掉自己的兄弟虏获黑穷美》不觉得是最弱奥斯卡，剧情，叙事结构，剪辑都很棒，配乐更是大赞。对比人家节目一弄就是两千万，咱就送个液晶电视马尔代夫双人游啥的，抠死了。实至名归",贫民窟的百万富翁,8.6,547888
https://movie.douban.com/subject/4920389/,请不要在彩蛋期间插播电影！（普通导演是在电影期间插播广告，二逼导演是在广告期间插播电影，文艺导演是在电影期间插播彩蛋，牛逼导演是在彩蛋期间插播电影） 层出不穷的惊喜和反转，无处不在的彩蛋和致敬。这是导演送给影迷的最好礼物，也是他写给电影的一封情书。片尾无彩蛋，因为电影本身就是彩蛋好想在有生之年玩一场全民大战马化腾它是你们的情书，我的命。     大开眼界！对我这个只玩过斗地主的电脑游戏盲来说，《头号玩家》的内容确是匪夷所思。年轻观众欢呼雀跃的无数“彩蛋”我常常无从辨识，一头雾水，但是观影体验仍然痛快、满足。比我小四岁的老导演斯皮尔伯格，如此旺盛的艺术想象力和娴熟才华，让人佩服不已。后半部渐显落套，也无可苛求。老男孩斯皮尔伯格或许借此片宣告了未来电影的走向，电影不再是用来看的，而是用来玩的,头号玩家,8.7,967691
https://movie.douban.com/subject/1978709/,在离成功还差一步之遥的时候请不要丧心病狂“我感受到了，感到了……完美。”一段用走火入魔来成就的完美，亦真亦假、亦实亦幻。影片从始至终都弥漫着黑暗的色调，很惊悚，很压抑，无论配乐还是摄影都极其吸引观众。娜塔莉·波特曼颠覆以往，奉献了一场精彩的演出。★★★★★镜子用多了，想不精神分裂都难。故事基本就是天鹅湖的变奏，与《摔跤手》一样的手持摄影，却少了摔跤手的写实风，多了些超现实的感觉与舞台味。女主、摄影、配乐、女配都很有实力。波特曼，好运！娜塔莉·波特曼的演技啊！达伦·阿罗诺夫斯基的黑暗啊！這部電影真酷！ Natalie Portman太棒了...好幾幕看得我眼淚都快出來了太難過了嗚嗚嗚~~,黑天鹅,8.6,612983
https://movie.douban.com/subject/26874505/,怎样才能活得像个人一样呢？爷爷90岁奶奶87，身为建筑家居住在二层木结构老屋里，每日在自家庭院里锄地拔草、捡落叶、挖土豆、摘樱桃梅子、采核桃柿子、做木工、熬果酱、烤蛋糕、酿酸奶、打年糕…还要给笔友写十封信，亲自骑车去邮局寄。住得像个人，吃得像个人，像个人一样工作，死得像个人，如此，就有了像个人的尊严一生。【20180117】很美好。让人不怕老。“老头子 之后的事我会努力活下去 放心吧 那个 你等我 等我生命到尽头变成骨灰的时候 我们一起周游南太平洋 等我到那个时候 说好了哦 一个人会很寂寞 但要好好的等着我 我很期待再见到你 我会好好活下去的”老爺爺去台灣對著暌違六十年的老友墳墓，說“永別了！”，看得我潸然淚下。導演說，從來沒有“拍到了精彩時刻”的感覺，但剪出來卻發現意外地好。自給自足、順應四時，一種人生的範式，讓人嚮往變老。风吹枯叶落，落叶生肥土，肥土丰香果，孜孜不倦，不紧不慢。这样符合自然规律的生活要花几十年的时间去准备，才能收获成熟的果实。一生的每一分每一秒都没有浪费，这种从“始”至“终”的生命力平凡又伟大。,人生果实,9.5,77743
https://movie.douban.com/subject/1291557/,"They are in the mood for love, but not in the time and place for it. 剧本很有意思，设置了一对在电影里没有任何镜头的偷情男女，却又无时不刻地提醒着周慕云和苏丽珍不要做爱，所以王家卫镜头里沉闷的男女，空荡的房间里充斥着一种不可得的情欲，极省略的叙事，舒缓优雅的大提琴曲配乐实在是太到深夜，雨巷，慢镜头；暧昧，寡欢，语还休。与君淡如水，千杯亦不醉。第一次看，觉得也不晚，年轻时恐怕也看不懂。拍这部片时，王家卫42岁，梁朝伟38岁，张曼玉36岁，的确是要过了盛年才能领会的感情，带着中年人的自制与含蓄，而没有了少年时的热烈。可为什么要叫“花样年华”？也许对他们来说，这时才是最好的？没有鲁莽，但也还未衰老最喜欢的一幕，还是突然响起的《Quizas Quizas Quizas》前奏，电话这头的周慕云，电话那头的苏丽珍，没有对话，但彼此好像听得见对方的心跳。无论故事还是爱情本身的可能，一切尽在不言中。这就是王家卫。【從明天開始我不能再見你了。】【真的麼？】【是。】於是蘇麗珍伏在周慕雲的肩頭從未有過的傷心。",花样年华,8.6,386585
https://movie.douban.com/subject/26683290/,"和《追逐繁星的孩子》同个毛病——一个平时专注于言情的人看了科幻小说之后可能就是这样的，他执着于用新学到的概念来包装自己的认知，而不是放手让这个概念去革新它。新海诚终于会讲一个复杂故事了，真不容易啊！当年那部搔首弄姿、无病呻吟的“言叶之庭”差点让我转成终身黑，“君之名”却轰出了我睽违已久的少女心。彗星降临的末世情怀，穿越时空的灵之绳结，只有7秒钟记忆的鱼...星空、爱情以及所有遇见都是注定。一般吧，没感觉到泪点，一直觉得这种日漫太理想中二，豆瓣评分虚高你我相逢在黑夜的空中，你有你的我有我的方向，你记得也好，最好你忘掉，在这交会时互放的光亮。可以给8颗星吗？跟看完预告片想象的剧情完全不一样好吗？！必须超级安利的片子。除了神木弟弟，上白石妹妹的声音也好好哦。
难得看到late show满席的片子了。预计票房会超级好。
",你的名字。,8.4,922402
https://movie.douban.com/subject/1291822/,我们看了那些屠杀的镜头 然后继续吃大餐我不再抱怨我生在中国，我不再抱怨我生在80年代。只希望人类自毁灭亡的那天能来得再晚些。任何敢凌驾于生命之上的东西都是狗屎。电影没有什么花哨精巧的剪辑，有的只是质朴之中最撼动人心的真实。一个真实的故事一个真正的人间炼狱。当世界遗忘他们，国家陷入疯狂的时候，一个比辛德勒更加艰辛的男人在一个人人力求自保的环境下敞开了他的双臂。记住他的名字——保罗·卢斯萨巴基纳。★★★★☆以剧情片类型来拍种族灭绝的题材，总觉得轻飘和虚假。失分还在于单线，一个西方度假饭店经理的独角戏，再如何渲染，也显得单薄。最后小团圆的包袱吊了一大半时间，终于解开，也太模式化了。最有价值的是借此了解了屠杀背景和胡图图西的殖民地渊源。战争、人性、情感、孩子，非洲题材的电影都快拍成套路了。注：在《十一罗汉》里看到滑稽版的唐·钱德尔，感觉很奇妙~~,卢旺达饭店,8.9,194137
https://movie.douban.com/subject/25986180/,明知山有釜，偏向釜山行。听名字像福建人拍的。这部片子里的孕妇和甄嬛传里的孕妇战斗力不是一个次元的翻遍全中国就连一个看着像孔侑这么舒服的男演员都找不出来这绝壁是散户在电影史上被黑得最厉害的一次……万恶的基金经理在收割韭菜后依然成了英雄……气死我了，你们为什么不等天黑再出来?为什么?!?!?!,釜山行,8.5,742315
https://movie.douban.com/subject/1959195/,哭死我也这真不是一个温情感人的宠物故事。如果说美版电影是在歌颂狗的忠诚，这个“被嫌弃的小八的一生”的日本原版则是在控诉，一个多么冷漠的社会才会发生这样的故事啊。作为日本著名的左派导演和本片的编剧，新藤兼人的剧本不简单，一巴掌一巴掌地打在那些表面上温良恭俭实际上内心虚伪的日本人的脸上。最后一个长长的镜头，昭和十年的涩谷车站，八公终于在雪中死去，但过往的行人无人理会，一队日本兵列队走过平静的东京街头，代表爱与...美版突出悲伤氛围的塑造，日版则显得更加真实。除了八公与主人外，日版更多地刻画了八公与其他一些人之间的种种。相比美版里大家都爱的八公，日版里的八公则是忠诚过头而遭到其他人厌烦像踢皮球一般推搡的对象，也因此更加真实感人。美国版的更偏童话一点，日版更贴近事实教授去世之后阿八的凄凉处境可见世情人情，千鹤子正如佣人所言是个冷酷的人，她对养狗的欢欣不过一时，而教授对阿八的真心相待却换来阿八一世的牵挂。为什么要等一个永远不回来的人，因为那是它的牵挂，希望阿八和教授天堂再续温暖。,忠犬八公物语,9.2,122656
https://movie.douban.com/subject/10533913/,这要不是明年的奥斯卡，我直播吃三斤翔。    2015  6.21果然想象力爆棚！最惊喜的倒不是五种情绪的互相作用，而是对影响性格与情感的个性之岛、核心记忆、抽象思维、造梦工厂影像化的呈现。记忆废墟的设定太催泪了，那些被遗忘的曾经和所有崩坏的岛屿，就是我们成长的代价。不止是卖萌的画面和天马行空的想象力，看完电影后会重新审视自己的情绪，记忆，甚至梦境。BingBong消失的时候我哭得和Toy story3结尾时一样……好看，想不到一个动画片竟然看得我老泪纵横，从头到尾多处泪点。并不是说有多悲，而是从心底的感动。它会唤起你诸多的回忆，那些亲情与爱，难忘（或已经忘记的）回忆瞬间，一切都是这么真实又细腻，又是在这么一个充满想象力的故事基础上呈现。最终仍是成长与告别。真是服气。这部探索“脑洞”的动画新意十足，重回最高水准的皮克斯用它成熟而独特的叙事节奏牵引观众的内心，成长道路上的阵痛与迷茫最终迸发,头脑特工队,8.7,397298
https://movie.douban.com/subject/1291870/,我可不可以把它看成一部公路片，某种程度。年轻帅气的阿汤哥，让人眼前一亮的霍夫曼。故事简简单单，配乐大气，并没有特别煽情的段落，不刻意讨好，不哗众取宠，让人看起来十分舒服，让人感动在不知不觉中。★★★☆湿了，好莱坞现在不这么拍片了剧情真的好赞的，没想到自己一直寻找的人就是自己最亲的人，查理从一开始的不接受到后来的分不开，也让人看见了他的成长，哥哥最后没有跟他走，却能得到更好的照顾。有的人觉得结局不好，但我觉得这就是最好的结局。也没人告诉我这是公路片啊！不然我早就看了。“其实他什么都明白”。深深的手足情，达斯汀霍夫曼惟妙惟肖，影帝当之无愧，阿汤哥也丢掉故意耍帅的表情，两个人都太棒了！找个人和你一起旅行吧，你会更看懂TA……,雨人,8.7,298026
https://movie.douban.com/subject/10463953/,借用一个木心的句式：别再提图灵了吧，他的死，使我们感到大家都是对不起他的。天才总天真、坦荡、毫不设防地迎向这个庸人占领的世界，一腔热诚付与世界。世界待他们，往往却是一盆脏水兜头浇下。有人说：人类社会进步得还是太慢了。嗯，或许吧。人类社会大约是进步了，但人性从未进步过。“无人所念之人，方能成就无人感想之事” 工整却依然好看。“我们用自己的方式爱着对方，我们能一起过我们想要的生活，你成不了完美丈夫，我也不想做什么完美的妻子，我不会整天给你做羊排，等你从办公室下班回家…我们享受互相的陪伴，我们享受互相的思想，因为我在乎你。我们彼此相知，胜过任何人”1最佳soul mate是去掉性吸引力 你仍是完美伴侣  2唯一爱你的方式，是建造一部解决人类所有问题的机器，冠以你名。 卷福又上升了一个新高度，演绎淋漓尽致  结巴天才四星半真的很好看…最后简单冷静的几行叙述文字本来我有一种欣慰的感动但准备会心一笑又觉得一种莫名的委屈，然后“噗哧”一声我就哭了出来…真的是五味陈杂啊T~T and thank you for bringing Turing back最后她去看望他，拥抱他。他孤独地站在那一排为之奉献一生并恩泽全人类的庞大机器面前说，I’m not alone，never have been。然后伸手抚摸那些柔软的冰冷。它是他的恋人。而谁记得，孤独的孩子，你是造物的恩宠。,模仿游戏,8.7,411828
https://movie.douban.com/subject/1302467/,"不说好，是因为你没看懂严重被低估的好片。我走到哪里都为它叫好平反。见过太多的才子，才发现都是膜拜的傻子。
到底有多少的电影有你的影子。以前科幻看得少，不太能理解，现在再捋一捋剧情发现简直是神作！ 可惜了这俩导演后来再没拍过有点口碑的片子了重看多遍，每次都能更深一步感受，这悲伤也越来越大。正如电影名字一样，The Matrix Revolutions，这是矩阵的革命、升级，并非人类。这已是机器的时代，人类只是夹缝求生的弱者。Neo，The one，他为使命而存在，他的牺牲和为之争取到的一点点曙光，在机器时代中，又是什么。黑客帝国三部曲，更像是机器编年史中的一个节点，人类用巨大牺牲和第六代The One的悲剧使命，在机器的控制和变数下...",黑客帝国3：矩阵革命,8.7,278927
https://movie.douban.com/subject/26628357/,气哼哼的人要是爱起这个世界来，真是一把鼻涕一把泪啊。忧郁蓝为构色基调，适当的黑色幽默略显温馨，亡妻回忆杀构建出老人高大的男友力max形象，毒舌暴戾的外衣下是颗极感性的心，所有的抱怨均是对这片土地爱的深沉，古板和偏执让人格更显真实。当然，作为北欧片少不了提下环境与人文问题。北欧的天和一个一生爱你的男人，这就是女人一生想要的了吧。巨人的花园，男主年轻时那副严谨又害羞的样子真是太迷人了。越多白痴的声音议论她，我对她仅存的回忆就越少。这部电影的前十分钟就是我们的未来，旁友们。独居，失业，没有另一半，被年轻人嫌弃，想死死不成。,一个叫欧维的男人决定去死,8.8,242260
https://movie.douban.com/subject/4848115/,"无论你去往何方，不管何时何地，我都会永远永远的爱着你。不好这么萌 会被吃掉的 o(TヘTo) 

功夫恐龍……电影宣扬的是一种自我牺牲式的爱，很欣慰最终并没有否认弱肉强食，也没有出现赵氏孤儿般的复仇。不似迪士尼动画清一色的大团圆结局，世界就在这样的既定秩序下不平衡地平衡着。“很美味”小朋友严重戳中萌点哦。一流的制作啊，看哭了",你看起来好像很好吃,8.9,235120
https://movie.douban.com/subject/6534248/,给我一瓶可乐 + 一包曼妥思 我能拯救全世界！！！！昨晚是第一天首映，一直激动到现在，绝对可以称之是迪士尼的崛起之作，近年来最有创意的故事最用心的设计最可以证明迪士尼实力的影片，brave，tangled几乎没有可比性 go watch it! 给这片子差评的多半曾是班干部，他们去游戏厅也都是领着老师去逮人的。所以，我认为打低分者才是真的无敌破坏王。突破的迪士尼，有回忆却无情怀，有佳句无佳章，设定、创意不错，但讲述方式一路下滑。开篇惊喜以为会是游戏世界的《超人特工队》/《超级大坏蛋》+《怪兽电力公司》，没想看完感觉是动画版的《极速赛车手》…无个性，满满都是其他动画片的影子。 “如果那个孩子喜欢我，我还能坏到哪里去呢？”蜀黍和萝莉、御姐和正太的逆天组合，和《复联》《林中小屋》一样，以“穿越”串起主轴，却没有前者的一锅乱炖，而是毫无违和感。以“反英雄”主角的消极情绪，一路升温来找回正能量。倘若你曾是8位机或游戏厅的玩家，必定能够旧梦重温、重拾童趣！,无敌破坏王,8.7,361360
https://movie.douban.com/subject/1395091/,达伦，你到底从今敏那里偷了多少灵感，这和《黑天鹅》的设定有很多相似之处啊！镜子的割裂，心理暗示，散碎的剪辑，真他妈牛逼。想想看这才是1997年的动画电影！今时今日很多真人电影仍然无法比拟它的用心良苦、诚意、和所达到的效果。为了扑朔迷离，今敏用尽心思。这绝逼不是给小孩子看的动画強姦戲可以理解，拍裸體寫真就絕對是敗筆（雖然是留美發瘋的關鍵），這樣一來未麻的演員定位就有問題了，到底是實力派呢？还是三級片明星呢？惊艳，这片子夏天看可以降温。,未麻的部屋,8.9,176675
https://movie.douban.com/subject/1309163/,1.先入为主是王道。2.等人不要等過7年。为了那一池子的天鹅 哭了！他把那房子做了疗养院。James Garner、Sam Shepard的演技哇！我喜欢Sam演的那个爸爸！老人不是诺亚，那是最感人的一笔本来说富家小姐怎么就非得看上伐木工啊，看到床戏的时候就完全明白了！,恋恋笔记本,8.5,448305
https://movie.douban.com/subject/1291578/,很久很久以前的冰河世纪，一只剑齿虎攻和一只树赖受相遇了……最后他们和宠物长毛象幸福的生活在了一起。THE END~还好是由动物出演，如果是真人的话，你一定大叫：“哇噻，这是一部gay片来的嘛”！三个雄性动物千里迢迢护送一个小baby回家……？其实我早就过了为卡通片的桥段而感动的年纪，但是在三个动物与小baby告别的时候，我还是情不自禁的哭了，只不过，眼泪还没擦干就又马上嫌弃自己太恶心……成年后再次接触动画片的最初几部，当年刚上大一，跟《怪物史瑞克》一样刷新了我们整个宿舍的眼界，动画片可以这样精彩和不分年龄。啊啊啊，我能为那只松鼠打十分！！！超有意思的一部动画片，我觉得非常好看！强烈推荐给大家,冰川时代,8.6,435982
https://movie.douban.com/subject/1291544/,"整套哈利波特。我最爱这一部。最爱的场景是。哈利對赫敏說。你知道嗎。小天狼星剛才給我說叫我搬去和他一起住。這樣我就不用和德克思一家住了。或許我們可以住到鄉下去。那種可以看見天空的地方。我想他在經歷這麼多后會喜歡鄉下的。後來看到小天狼星死的時候。我特別的覺得絕望。 很多的時候我們覺得鄧布利多是最保護哈利。......

小天狼星殿下啊啊！《哈》里唯一一部改编得比原著小说还精彩的。原本的故事在精彩程度上或许不如前两部 但却是最富有内涵的 一定程度上抛开了过于浓重的儿童读物气息 电影也是系列中最为优秀的 换了导演之后风格上的突破很大 特别是开头的设置 服装设计也越来越对味了 导演还执导了Children of Men 很能在影片中表达自己的思想《阿兹卡班的囚徒》虽然是《哈利·波特》系列中全球票房最低的一部，但也是极具艺术风格的一部。尽管《哈3》有些许缺憾（比如细节上，没道出活点地图是发明者；火弩箭的赠送者与原著有出入……），但TA依旧是我心中最爱的电影之一，因为我与哈利·波特的第一次邂逅就是发生在这部《哈利·波特》电影里！从这部开始，剧情逐渐脱离童话的氛围，亲情、友情和背叛，什么才是当年的真相？整体色调偏阴暗，增添不少悬疑诡谲的感觉，也让故事更有神秘感。喜欢里面的活点地图和赫敏的法宝！",哈利·波特与阿兹卡班的囚徒,8.6,356304
https://movie.douban.com/subject/25980443/,那些劝我们向前看的朋友，“不是所有人都可以和过去和解”10年啊，从《神枪手之死》的最佳男配提名起，我等着Casey摘影帝，十年。演技最被忽视，总是半红不黑的Casey，今年当是非你莫属。对痛苦的表达，就当这么朴素节制。送一句小津的话给那些说Casey面瘫的人：高兴就又跑又跳，悲伤就又哭又喊，那是上野动物园的猴子干的事。又名《回忆杀》。有遗憾和失望，二刷后感觉对角色的好感甚于电影，卡西的角色写得演得太饱满了，让我对这个角色产生了依恋感。将近满分。细细想来是一个非常虐心的故事，但是导演用细碎和精妙的的叙事和闪回将整部电影拍的克制十足。看似不甚合理的主次编排却恰好反映了这男人最真实的生活场景。卡西·阿弗莱克表演十分惊艳，看好一个影帝提名。人生的伤口，二十五岁之前怪父母，二十五岁之后怪社会，最惨就是巨大伤口摊开在那里，腐臭流脓永不愈合，然而，无人可怪,海边的曼彻斯特,8.6,338059
https://movie.douban.com/subject/25895901/,四姐妹在自己家还得穿胸罩，看来大家的关系也没有很好！“生活中的人来来又去去，自己的日子还是要一步一步走”，处于道德困境中的普通人，要如何通过和家人的沟通达成和解，大约是所有是枝裕和电影的主题。电影始于葬礼，终于葬礼，却感觉不到悲伤，如绫濑遥的笑容，安定又给人希望。剧作为了面面俱到，说得很“圆”，所以可能有点刻意是枝裕和永远我的菜啊，暖暖慢慢的，有点悲伤有点小高潮却不会改变太多，摄影台词配乐节奏都扎实的要命，没见过写异母姐妹写的这么棒的，夏帆的咖喱，MA酱的长腿啤酒，奶遥的情妇轮回与母性逆转，当然还有小妹，那个最像成人的人，看得人数次落泪。#戛纳电影节#5.0。1.一部让人想努力活着的电影。2.六月的镰仓满是海街的水汽，才回新宿便开始万分想念，也终于有幸在东京看了场是枝的电影，我想，那样的美好恐怕以后都很难再有。电影里并没有紫阳花大片盛放的空镜，但四姐妹的和服烟花戏真的好美，我想，那是一个梦一样的乌托邦才对。足以驱散任何阴暗的姐妹亲情，有彼此作伴的人生四季——镰仓的樱花和细海真是美不胜收。情感饱满得有溢出来的迹象了，但仍然是最柔软的是枝裕和...,海街日记,8.8,260495
https://movie.douban.com/subject/26430107/,可能成为这些老人最后的影像了。不谈技术，这部纪录片本身的意义值得五星。我个人很欣赏导演的镜头语言，不掺杂过多的个人见解，没有试图把国家的灾难强加给个人进行“升华”，也没有过多感情的宣泄，零碎化、生活化的呈现，描述的近乎是二十二个普通老人的晚景。这也就够了。这部电影所承载的意义大于电影本身我不认为影片的哪一帧是浪费的。愤怒是一个点动的情绪，没有人能持续愤怒70年，最终一切的情绪都要归于生活，归于平淡的一分一秒。被迫成为“慰安妇”，愤怒过后沉淀下来的是什么。我很欣赏郭柯的镜头语言，因为那才是生活。太多的事都太难，而她们很美。《阿里郎》很美，知足很美，友好很美。谢谢。看看那些整天喊着要打仗的脑残们。,二十二,8.7,202753
https://movie.douban.com/subject/1296909/,这片子比<举起手来>高明在哪里？我想可能是它不止于愚化对手制造牵强笑料，而同时对阶层矛盾、异国文化之间的碰撞等喜点进行了密集捕捉&戏剧化的组织吧。不明高分9如何当得起，许因为是当年译制片中少有这种挤牙膏样头笑到尾还吊着胃口的喜剧？但说实话，<无耻混蛋>里的敌人迷人得多，戏也紧得多从小看过几十遍了吧，至今每看必笑，真正的好电影笑不出来，想看英文版，可是找不到~~法国喜剧展。终于在大银幕上领略了这部经典喜剧的风采，其实称得上是战争意淫剧的始祖，只不过咱们中国的《举起手来》学的太低劣，人家很高级罢了。里面的剧情bug很多，但是笑点设计的很高级，过去几十年仍能给人们带来欢乐，这就是经典喜剧的魅力。菲耐斯真的是喜剧天才，他的名字值得被更多人记住“胜利属于我们” 没想到60年代就能产出如此纯粹的喜剧。,虎口脱险,8.9,161507
https://movie.douban.com/subject/10437779/,好伟大的爱情片，我都快哭了老想按一个粤语音轨怎么破…………………………怎么办，，，，我觉得他比吴彦祖都帅如果没有那么多半天说不到点子上的对话就更好了。这个故事可比无间道有内容多了。现在想想，无间道的故事看完，就记住了梁朝伟的小胡子，其他什么都无。新世界的那种步步进逼，到后来改变人生轨迹的路子，真是好看。还有，仓库揭发两卧底哦片段，和无间道2里相比，李政宰的表演太好看了，余文乐忒嫩。朴勋政将典型的黑帮卧底戏换了个出乎意料的结局.,新世界,8.8,210604
https://movie.douban.com/subject/25724855/,电影开场一个半小时：卧槽原来这孩子是男的！！！小演员没提名最佳男主角，一定是为了把小金人让给莱奥纳多。“我们不知道自己喜欢什么，所以每样都试试…这世界上有那么多东西，有时候还很恐怖，但是没关系，因为还是你和我在一起…”缩小的房间，变大的世界，2015像《阳光小美女》一样的惊喜黑马之作。结尾和房间再见有强力泪点：“再见盆栽，再见椅子一号和二号，再见桌子，再见衣柜，再见水槽，再见天窗…”3.5入；被小主角打动好多次，那个在成人眼里充满黑暗龌蹉的“房间”，却是他童年梦幻的乐园，可以和光影追逐，可以和家具嬉戏，孩子无穷的想象让密闭空间变得无穷大，前半部拍得既美丽又残酷；融入外界后线索较芜杂，没有处理好，“你又救了我一次”和告别仪式真催泪。女警察询问那段。。热血沸腾,房间,8.8,269964
https://movie.douban.com/subject/1293460/,老电影总是快乐得那么纯粹美国歌舞片的代表作。Gene Kelly初获芳心后在雨中欢快地载歌载舞，此段情节堪称歌舞片历史上的永恒经典！我都不记得我把这段看过多少遍了。经典到无话可说除了那个多余的”百老汇旋律“的唱段，这部片儿简直完美啊。重看时发现剧作上有一处颇具匠心，片头唐讲述自己的从艺经历时的现实与故事的反差，结构性地提示了本片最重要的有声电影/配音的剧情。（不得不说那个音画不同步的梗实在太好玩了！）大雨的夜晚，与戴比·雷诺兹分别后，男主角陷入捕获芳心的无比快乐中，索性收起雨伞，在雨中载歌载舞！,雨中曲,9.0,141506
https://movie.douban.com/subject/1296996/,"snape越看越可爱。这部好多梗哈哈。一间密室和一本日记揭开过去在霍格沃兹发生的恐怖事件，也引出哈利对于自己身分的疑惑。血统和家世不能代表一切，要成为什么样的人都是自己的选择。相比于小说中哈利很干净利落地干掉了大蛇，电影里这一场仗可干得很长。""It is not our abilities that show what we truly are,it is our choices.""👍（ps：Dobby好可爱～😄）重温有个好处，就是能发现很多从前没注意到的小细节。例如金妮见到哈利一声尖叫，例如弱鸡的罗恩二话不说掏出魔法棒攻击对赫敏出言不逊的马尔福，例如哭泣的桃金娘的回忆。坏处就是以现在的眼光看总觉得伏地魔输得憋屈，最后的决斗也打得像过家家。",哈利·波特与密室,8.6,375169
https://movie.douban.com/subject/3011051/,好吧，Triangle，多好的名字，谁TM给译成《恐怖游轮》这个标准的B级片片名的！？首尾衔接的太完美了4星，看过两遍以下者不要随便说有BUG，拜托您先多看几遍再说！又是“从前有座山，山里有座庙，庙里有个和尚讲故事的”的死循环的穿越片，很牛X。解析看http://www.douban.com/review/2820200/太好看了太好看了！！！我要哭了！！！！看得我鸡皮疙瘩乱起！！！六颗星在哪里！！！！在哪里！！！！我要打六颗星！！！！影评有时候可以比影片本身更牛逼,恐怖游轮,8.5,537302
https://movie.douban.com/subject/1302827/,"那个小男孩真的很会演戏看到片尾的时候，始终不能忍住眼泪。
我存在，曾经。让我看哭的都是好电影有点拖沓大卫固然可怜，可小熊比他可怜。每一个都渴望家人的爱，可惜小熊在所有人眼中都只是玩具，包括大卫。虽然他有和大卫一样的思维，却没有和大卫一样的外貌。",人工智能,8.6,298549
https://movie.douban.com/subject/1307811/,结尾仓促，情节简单空中快递将会是未来物流业的核心！没想到日本人早在上世纪80年代就想出来了！7.7小黑猫汗毛竖起的样子太萌了！故事有点仓促，不过一个所有人对魔法都坦然接受的和谐世界真的好稀罕...  “成长是一笔交易，我们都是用朴素的童真与未经人事的洁白交换长大的勇气。”学会一技之能，善加锻炼，让自己承认自己，面对这个庞大的世界，相信自己的能力很重要。,魔女宅急便,8.6,319423
https://movie.douban.com/subject/1293181/,"且看诺曼的last smile  毛骨悚然！""伪""的就是""娘""！最后那一抹笑容堪称经典。80W成本的电影业同样可以做到流芳百世，希区柯克缜密的思维、独特的运镜，加重了对细节的刻画，其隐喻也值得回味，结尾那具骷髅头更让人不寒而栗。据说此片开创了人格分裂电影的先河，同时也暗示了希区柯克本人的“厌女癖”。希区柯克这回出现得太早了点，让观影的乐趣一下子降了不少。还有最后那个心理医生那趾高气扬的神情让人很不舒服。",惊魂记,8.9,153663
https://movie.douban.com/subject/3443389/,看完之后深深希望2012快点来，大家抱团死，剩下的生物就可以好好活了。从此更加讨厌人类了，世界末日果然是有用的...画面什么的没的说，但是好像没什么主题，只是硬要往环保上扯而已。有些中国观众的素质和耐心，真是不配看这部杰作，我都想给他们倒贴电影票钱，让他们滚蛋。如果可以给更多的星星，我全部送给这部如诗一般的电影。一个法国老头和他的团队，花了５年时间，耗资５０００万欧元，１２个摄制组，采用蹲点拍摄的“笨”办法，只为你我能够感受到梦一样、诗一般的海洋。７年后，这部电影来到中国，还亏损９００万，我想我们能做点什么，比如一份尊敬。,海洋,9.1,126202
https://movie.douban.com/subject/1862151/,中国最nb的片学大烟枪学Snatch学得很足嘛..套了国风的外壳，很多内容（比如杀手的山寨货等等）也符合国情，就是画面欠点火候.黄渤为本片中最亮眼的配角.国内好电影真好玩算比较经典的黑色喜剧片了，影帝真不是盖的,疯狂的石头,8.4,543112
https://movie.douban.com/subject/26787574/,"“生命流逝太快，我们都没来得及多看对方一眼。” 那个帮助奥吉的同学杰克·威尔，在跟同学打架后，委屈扑在老师怀里的表情太心碎了…一碗甜而不腻的普世价值鸡汤，非常好喝。

看之前我以为是讲主角小男孩的，原来是章回体，每个人都有故事每个人都有视角每个人都有选择。

每个人都很美很好。

开演前基友给我说这部电影就像夏天一样清新，是啊没错，像泡在透明干净的玻璃瓶中的黄瓜水一样，安心又健康，还有甘甜味。电影里的世界太单纯美好，但是，有些人还是愿意去相信一次的，不然我们为什么要去看电影呢？结尾把奖颁给另一个小孩就好了，特殊人群需要的不是特殊关注，而是不被当成特殊人。很久没有一部电影能像《奇迹男孩》那样让我从头哭到尾了。",奇迹男孩,8.6,391657
https://movie.douban.com/subject/1291879/,想起史铁生的一句话：“历史在发生时未被发现，在发现时已被重组”，没有绝对的真实能在叙述中被还原。很赞同看过的一个说法“谎言的对立面是宽容”，听者的理解力与接受度影响着叙述者对真相还原的保留度，你若能对他的懦弱退让和罪恶表示宽容，兴许由着这份信任就能更贴近真相了。人，不需要任何理由就要说谎“我听说罗生门里的鬼因为害怕这里人的残忍而逃走。”比起四段论的谎言，乞丐对恶一脸了然于胸与凛然直视的狰狞表情让我浑身发冷，最后那场雨中的逼问竟然把我逼哭了。贫穷逼得善良变成了罪孽，谎言逼得人一步步审问自己无地自容，对错的底线都不再有资格坚守。黑泽续了个光明的尾巴，实在是不得不续。第一部黑泽明。这就是为什么，从终极意义上讲，人们或许无法相互理解与沟通的原因。意图到语言是一层折损，说出到听见又是一层折损，人的背景、能力、心理都影响其讲话与倾听的重点。没有看到恶，看到的是人的胆怯、虚荣及局限。审判者藏于镜头后，象征着全知者/真相的缺席。认知上的敞开带来结尾光明再次认真观看时才发现摄影剪辑精妙之处。,罗生门,8.8,206933
https://movie.douban.com/subject/1295865/,生命中的险恶没有什么恐怖，生命中的寂寥没有什么悲愤，生命中的放纵没有什么缺憾，生命中的痛苦与埋没无关，关键是：即使在始终无人注目的暗夜中，你可曾动情地燃烧，像那颗不肯安歇的灵魂一样，为了答谢这一段短暂的岁月？基本可给五星，但纠结的情感使人难受。有两种东西会毁掉家庭：带回家的女人，和政治。皮特就是这部最帅了吧传奇，不是每个人都可以拥有。TRADITION.真他妈legends！里三层外三层都是琼瑶阿姨...妻离子散哦...家破人亡哦...国家使命哦...男才女貌哦...宏大家族哦...爱得死去活来哦，女主角出场必洒眼泪...我对此类型已无感...,燃情岁月,8.8,207003
https://movie.douban.com/subject/1291844/,少见的超越首部的续集，动作片中的经典~~I'll be back比3强太多了液态机器人的创造者叫戴森，所以脑袋就经常被轰成中空的圆形。（胡扯==永远记得第一次看本片时的情景，那个下着雨的清晨，用家里的旧DVD播放器放了那一张不知道从哪里搞来的港台盗版光碟，用半上午时间看完了本片，时至今日我依旧能够回忆起当时哭成狗的我，它给年少的我带来的震撼是永生难忘的,终结者2：审判日,8.7,240042
https://movie.douban.com/subject/1293964/,真爱不是订婚之后隔天就跑去打仗再无音信，真爱是一起去车站揽活儿。Kitty才是真爱Myra。经典！只是一切已经走不出《乱世佳人》的影子了~~山盟海誓玉人憔悴 月缺花残终天长恨片子本身中规中矩，费雯·丽演技要加分！全片明确回避了“prostitute/whore”词汇，爱情戏也拍得比较克制，滑铁卢桥自杀场景的剪辑很棒，主题曲《Auld Lang Syne》闻名遐迩，让人百听不厌~ 但个人极度不赞成电影宣扬的这种保守甚至扭曲的价值观，更喜欢女二号的性格和思想。（8.0/10）费雯·丽灵动的大眼睛流露出来的欢喜，雀跃，遗憾，伤心，悲悯，痛苦，始终记忆犹新。,魂断蓝桥,8.8,188597
https://movie.douban.com/subject/1937946/,"决定一件事，很多东西不能犹豫，特别是中意某个人的时候年轻真好，可以为了各种小事情去穿越时空。我就奇怪她为什么每次回去都是靠滚的少女因不知道如何面对告白，选择以时空跳跃的方式跳过。最后她才发现，那其实是她生命中最该珍惜的段落。看她大哭着跳跃着，拼命想追回擦肩而过的缘分时，我的少女心咯噔一下发作了。细田守讲了一个很戳人的初恋故事，跟这片一比，“时空恋旅人”简直是块莫名其妙的烂布...最后千昭的那句“我在未来等你""足以秒杀一切。 放课后的棒球、蝉鸣、反复跳跃只为吃到一个布丁，缺乏的勇气和自行车一遍遍经过的河堤，所有的一切都融化在那个夏天和你分离。",穿越时空的少女,8.6,283601
https://movie.douban.com/subject/10808442/,"虽然之前的争吵真实得让人糟心，但结尾逐渐拉远的镜头仍让人感动。前两部的浪漫与激情都变成了书里的故事，这一部则完全生活下来。各种鸡毛蒜皮的琐事只是一个假设，关于如何让爱延续一生。生活中总会有这样那样的矛盾，人也会变老（比如半裸的朱莉·德尔佩却很难让你觉得性感）问题是我们如何挨过去。结婚快10年互相之间还有这么多话可讲，还有性生活，这他妈不是真爱是什么？真实的不像话。换在9年前，我会看不下去两人婚后的絮絮叨叨、不断地吵架及和好，放到现在，却“心有戚戚焉”。互相折磨、互相伤害、互相妥协、并肩前行。爱人只不过是“经过”了你生命的那个人，而这份“经过”也请好好珍惜。夫妻生活间的微小细节，无边无际的烦恼和烦恼中也不肯放手的爱，美中折射丑的侧面，丑中映射美的光辉。18年前的浪漫，9年前的真挚，终于走向今天的真实。Bravo！To the imperfect, self damaging, self redeeming, utterly twisted vulnerable yet brilliantly beautiful and strong, ephemer...作为Before的系列路，我终于在中年危机这里转了粉。Sunrise太甜，Sunset偏酸，只有Midnight酸甜苦辣都入了味。数度被台词戳中，我不得不一再提醒自己：那些只是台词，它们不是真的。",爱在午夜降临前,8.8,209000
https://movie.douban.com/subject/4739952/,一场强大的暗恋背后其实还有另外一场相反的暗恋你有几个最佳损友，她们陪你分享你心里的小秘密。你在初中小心翼翼的喜欢一个男孩子，你收集关于他的一切消息，你在你们共同上学需要走的小巷口左顾右盼，你记住他的每一句话，你为他做了让自己可以变得更好更美的所有事情，那些好长好长的岁月里你只是想让他看你一眼而已。要不是这狗血的结尾我会打五星的！最让我感动的反而不是初恋了，是这群丑小鸭之间的友谊，让我想起我初中时候的那群小姐妹，“朱古力跳跳队”——谢十三、吴玲、杨秀丽、徐星云、拉链、吴美，还有我，一共七个，傻妞！十二万分怀念那个时候的我们……向青春致敬！游泳池那段哭得我稀里哗啦 现实生活到那里就结束了是前面会让你沉浸在熟悉感里会心微笑，最后又能让你潸然泪下的片子...一定一定一定要看...,初恋这件小事,8.4,728462
https://movie.douban.com/subject/1308857/,在中国最傻逼的问题就是：“县里不给你们解决经费吗？”。最耐人寻味的回答的是：“我们没有编制”。众所周知的是，有编制的从来不管这些事情，因为组织没安排。只能说陆川选对了题材~~不是路川会做的更好不能承受之重那是一种对那片土地以及生灵的情感。,可可西里,8.8,198977
https://movie.douban.com/subject/1292226/,原作作者克拉克：“如果有人觉得完全弄懂了《太空漫游2001》在讲些什么，那一定是我和库布里克弄错了。”这部片子有三个特征：1）看不懂 2）无数的符号 3）必须熟读尼采 4）六十年代能够做出这样的特效真的是惊天动地 对我，这是恐怖片，源自童年对星空的恐惧，关于人类的渺小。李安评价自己最爱5部电影之一时说： “我非常崇拜库布里克，关于《2001太空漫游》我无法说清它究竟是一部怎样的电影，我当年第一次看这部影片时，它深深地吸引了我，那种感觉就像吃了迷幻药之后的幻觉经历。” 今天在资料馆大银幕体验，修复版让这种幻觉变本加厉，渗入到每一根神经。这次看2001，库布里克穿越式的想像力提醒我，50年过去，人类技术并无本质上的进步：太空旅行和人工智能依然是前沿——而我们在这个前沿已经蹉跎了那么久。,2001太空漫游,8.8,188074
https://movie.douban.com/subject/26614893/,女主人这个婊啊，睡朋友老公还提议玩看手机的游戏，算准了自己最安全因为这个人不可能当面打给她吧……细思恐极结局有些意想不到，最后一幕更是神来之笔。人是需要隐私的，但我们与要让另一半意识到，我留给你隐私，你应该珍惜它，而不是用来为所欲为。有人际就有明暗，如果实在忍受不了虚与委蛇，也可以自生自灭。有得有失，两个老人的那一幕告诉我们，有人陪伴终是美好的，即便为了这份美好要付出很多忍受很多。很喜剧，略过火。没什么可批判的，以中年心境来看，全不是大事儿，缝缝补补装着糊涂都能过下去。纯粹的爱沉重，非肉体凡胎消受，可能背叛与依赖交织的灰色，才能支撑彼此到人生尽头，不那么痛苦地告别：是虚伪和无聊保护着我们，而不是激情与真诚。人应该学会如何分手。没必要这么凄惨。人和人之间的关系是脆弱的,完美陌生人,8.5,384189
https://movie.douban.com/subject/1300374/,看完第一遍不想再看第二遍。带着满脸的眼泪和鼻涕泡儿看完的天使也怕黑暗。感人.汤姆 汉克斯的演技很牛～虽然很长，但真的好看,绿里奇迹,8.8,180014
https://movie.douban.com/subject/27622447/,"最费力的成长留在树上的只有壳，最狰狞的伤口留在皮肤的只有疤。最动人的烟火绽在空中看不到，最深沉的感谢飘进风中听不清。你教我食物最美味的吃法，却教我获得食物最羞耻的手法；我学会祈祷最灵验的手势，也学会用来祈祷最不齿的心愿。我在商店里偷换掉童年，你在泥土里掩埋了伤疤，而我们组成了家。有援交和啪啪戏，希望局里不要一叶障目，淫者见淫啊。不知内地哪家片商买了，棕榈叶至少增量两千万票房。情绪感染到位，收尾看哭全场。尽管都是被社会遗弃的多余之人，依然还是要努力生活呀。这家庭成员的关系如此戏剧又如此恬淡。奶奶一边说，血缘真是挣不破啊，一边看着海边毫无血缘关系的“家人”快乐的玩耍，家庭的意义、基础、决定性的根底到底是什么呢？镜头下没有高楼大厦、流光溢彩，一群人鼠蚁般生活在逼仄的房间里，冬天瑟瑟发抖，夏天汗水岑岑，吃偷来的食物，用偷来的香波。温暖来自于哪里？援交客人的拥抱和眼泪，教孩子叫自己一声爸爸，一家人齐整地在屋檐下仰望烟花，一座座小小孤岛连得成大陆吗？他们一家...萍水相逢，尽是他乡之客。是枝裕和依旧乐于探讨血缘与亲情究竟有没有必然联系。所谓小偷家族，偷的不止是能填饱肚子的食物，更是一种能够让灵魂产生幸福错觉的情感羁绊。偷生能不能叫偷？如果叫，那我们每个人，或许都是小偷家族的一员。中川雅也追车看得我哭晕，在海边抽了两根烟都没回过神。在电影院看了一部阉割版电影，导演是是枝裕和，我想这大概是对于这部片最大的讽刺了。
他们在尽量还原现实，我们在竭力掩盖“全貌”。
他们在诉说苦与痛，我们在迎合“价值观”。
当我们的电影人还在绞尽脑汁如何消费和榨取现实的时候，他们已经用最举重若轻的方式走在了艺术关照现实的最前端。
如果说《步履不停》是一剂后劲十足的催泪弹，那么《小偷家族》便是如鲠在喉的穿肠刺，咽不进去又吐不出来。
观影过程始终都很平静...",小偷家族,8.7,549916
https://movie.douban.com/subject/1292329/,"我怎么都不会想到杀的人是她那一霎那我什么也没做，只是捅了你一刀。“原来你跟他们一样，对我好就是想改变我。你好可笑啊，你以为你是谁啊？我和这个世界一样是不可改变的…”杨德昌最好的作品，长镜与叙事完美相结合的力作。4个小时的片,中途睡着了【A+】杨德昌把这个世界看得太透了，透的可怕。",牯岭街少年杀人事件,8.8,174117
https://movie.douban.com/subject/1305690/,"在张国荣面前
所有的大牌都黯然失色物是人非，你是否还记得那一秒，你到底最爱哪一个。刘德华在张国荣面前暗淡无光。虽然看不太懂，但片中张国荣实在太让人着迷了~~他最终还是没能飞起来；她最终还是忘却了；他最终还是没能接到电话；她最终还是割舍不断；他最终还是卖掉了车；她最终还是去了美国；他最终还是踏上了2046；他们 最终 还是……你 风华绝代",阿飞正传,8.5,339633
https://movie.douban.com/subject/1438652/,"我只有一点不理解：影院老板最后在电影上的那段宣言，可以是法语也可以是德语，它怎么会是英语呢。。。。Waltz屌，虽然片子一堆问题流畅，看起来毫不费力。除了布拉德皮特显得格格不入，除了地下酒吧那场居然不收拾现场有些BUG，除了绑着TNT居然能混进元首活动场所很无稽，其他都很好，很完整，完成了电影所能给出的最重要的功能：娱乐。天才這次拿出了歷史,以影史破壞影史,甚至燒毀影史,瓦解歷史,誓要引領影迷在面對歷史的同時要走出歷史.冲着皮特和昆汀去的，结果被德国太保给迷住了",无耻混蛋,8.6,338895
https://movie.douban.com/subject/1760622/,这简直就是一部资本主义发展史，出生于最肮脏和腐臭的地方，却追求最纯粹的美，通过杀戮得到迷惑人心的力量，就连最痛恨他的人也甘愿俯首称臣，最后犹如寓言一般消失于这个世界......有人曾告诉我他不顾一切寻找的其实是爱情的味道，爱情也有香吗？他试图拥有世上最奇异圣洁的香水，当世人在广场狂欢，以达爱与欲的颠峰，他却在最后发现他已失去爱人的能力。没有爱情，香味消失了。他仿佛从未存在过。广场上，众人皆醉他独醒，众人皆X他盛装。每一个毛孔都在颤栗，这样的电影为什么不能以闻的方式来欣赏？格雷诺耶其实并不是谋杀犯，他只是一个醉心于自己试验的孩子，完全不知人间的因果善恶。这种美注定是要自我毁灭的。爱和被爱？那只是凡人的东西。怎么办，本喵已经让我彻底脑残，而我甚至还没嗅过他的气息...胶片群裸就是不一样。。。这种从故事到情节到化妆到道具到一切细节的精致，才能让人丛大银幕上嗅出香味。离这种精致，我们还差多少年呢。,香水,8.5,404845
https://movie.douban.com/subject/1308767/,"俄罗斯出租质量真好我发觉叫JB的都很厉害，是不是？James Bond, Jason Bourne整个片子干净利落，扣人心弦。对自我身份的确认与对过去的救赎又让影片多一份厚重。环游欧洲风情片..巴拉克所演败坏间谍三部曲之二",谍影重重2,8.6,249814
https://movie.douban.com/subject/1292287/,金镶玉，没人能超越张曼玉真是风骚啊大漠孤烟直 长河落日圆中国版的《卡萨布兰卡》~~昨晚看完就去睡了，一觉醒来，脑子里还全是林青霞抱着缸子喝酒时的一滴泪；张曼玉不穿衣服唱歌，裹着“龙门客栈”的旗子从屋顶跳下来，亦正亦邪的眼神让人看不透，只甘愿被她电死；还有梁家辉一句“我没有你那样的勇气面对沙漠”。有些电影就是这样，一切都恰到好处。话说一直以为是徐克拍的啊🤔,新龙门客栈,8.6,302409
https://movie.douban.com/subject/1292528/,"世界在边，音乐在变，连毒品也在边，你不会越来越年轻啊，马桶世界无比神奇在中国，这种~~青年文化只有从电影中感知了360度旋转的婴儿头颅每个真理让人安宁，不是吗？如同坟墓。每个人都奔向它。 一直认为《猜火车》的片头是最棒的。
 
",猜火车,8.5,330822
https://movie.douban.com/subject/3075287/,"平行世界理论一定是真的，我坚定不移的相信着8分钟重启一次，不带存档的。一部商业片，一部穿越剧，救无辜百姓于水火，顺便谈谈风月，这么老套，这么制式，为什么竟能如此触动人心?不赖，但是看着没什么心潮澎湃的感觉，激动不起来很久没有看这种结构的电影了，所有一切都很赞，而立之年的Jake更多了一份稳重内敛，碧蓝的双眼温暖至极。最后看哭了。i'm asking you,just send me back in, then switch me off. Everything is gonna be OK.",源代码,8.4,582057
https://movie.douban.com/subject/1304102/,"马特达蒙的外貌在帅哥扎堆的好莱坞实在不算起眼,却又如此特别,总能为你喜欢他找到一个理由.他演天才,演间谍,演神偷,睿智,冷静,从容,身手敏捷,眼神偶尔忧郁,偶尔深情,偶尔锐利充满警觉,走路时姿势总是很怪异,他不常笑,但不经意展露笑容时,会觉得他的笑像孩童般天真,那么有感染力,一不留神已被他俘获没有想像中精彩，国外版本的“我是谁”……一小般，故事讲得糊里糊涂。只有动作片，才能如此深沉霸气地表达人类的困境吧！Clive Owen在本片完全沦为路人甲！",谍影重重,8.6,298706
https://movie.douban.com/subject/1419936/,如果有六星，我会打的和政府比起来军火商确实不算什么真是很不错的片子，这个世界就是这样。无法埋怨任何一个人。看多少遍都可以找到新的感觉世界的正常运作内在地需要邪恶，对善与恶关系的探讨令人忆及沙马兰的反超级英雄电影[不死劫]。影片整体立意甚高，但节奏控制有待加强。结尾的自白过于直白了一点。PS：凯奇演技没话说，可惜沉沦于烂片的泥沼无法自拔。杰瑞德·莱托真可谓瘾君子专业户。伊桑·霍克在片中倒是颠覆了文艺形象。（8.0/10）,战争之王,8.6,252360
https://movie.douban.com/subject/1303394/,当时很不能接受的是，许仙竟然和小青有暧昧。不过长大之后再回想，男人，可不就是这样的么。每个女人，也希望她生命中有两个男人：许仙和法海。是的，法海是用尽千方百计博他偶一欢心的金漆神像，生世位候他稍假词色，仰之弥高；许仙是依依挽手，细细画眉的美少年，给你讲最好听的话语来熨帖心灵。我们以为白蛇迷恋的是许仙，青蛇勾引的是法海，实际上真正的爱情只发生在青蛇和白蛇身上。两人的“扭啊扭”到现在我都还记得。情欲流转，媚尽浮生，带着点纸醉金迷的末世气息。只是李碧华原著中法海是想把许仙占为己有的，估计因为太惊世骇俗所以被徐老怪无情的喀嚓了...不管怎样，是好片！,青蛇,8.5,347985
https://movie.douban.com/subject/2363506/,为什么一定要成为全才，为什么一定要有出息，不会拼写有什么关系，不会系鞋带又有什么关系，你懂得什么是想象，你能画出美丽的池塘夜色吗。要相信每个人都有别人无法超越的那一面，可悲的不是有其他方面表现的比别人差，而是有些人一辈子都发现不了自己最闪光的那一面。喜欢最后一幕ishaan奔向nikumbh，脸上泛着喜悦与自信的光芒。相比起如此优秀的电影好莱坞现在的大部分片简直是biggest joke ever我还是喜欢那种仨傻子那种欢乐和鬼马的片儿啊，这个励志方面太满了，溢出来。 同龄小孩能轻松完成的，他却做不了。他是怎么熬过来的？他的自信肯定全被摧毁了，只好用逆反掩盖无能……与其承认“我不会”，还不如说“我不想”。大人不也常这么做？应试作文材料必备片！①极强的细节代入感。②童年印象：街犬、风筝、水坑、棉花糖、蜘蛛、小丑。③希特勒万岁：秩序、纪律、用功。④歌舞传统虽屡遭外世诟病，实而却予影片节奏以强化。⑤水彩如流动盛宴，泼染于画端。PS：想起我幼儿园时爱用彩色水笔写拼音。,地球上的星星,8.9,141516
https://movie.douban.com/subject/1293908/,哭哭笑笑的小人物传。里面的爱情可有千百种解读，就不赘述了。但爱情的确能让人变瞎，也能让人复明啊。拳击那场戏大赞。幽幽城市之光，让我们相信人心中还有良善。完美的表演和动人的情节。镜头的切换和动作的编排很到位。30年代初就有如此细致的故事编排结构和表演的编导，卓别林真是位大师。不知道是看片情境不对，还是个人状态不佳，看完感触不多。嘻嘻笑笑，最后真动人，原以为会错过而不相识，但是这样的遗憾多不应该出现啊，所以，结局真好。【B+】说实话，卓别林式的幽默放到今天确实有些过时了。但幽默并不是卓别林电影的唯一意义，剧本放到今天来看都很棒，对小人物的刻画也是一如既往的出色。不过还是更喜欢摩登时代,城市之光,9.3,81548
https://movie.douban.com/subject/1428175/,迪卡普里奥就是比布拉皮特强好题材，好风景，好音乐，好演员，普通片……小李一直在努力，非常非常努力，虽然冲奥之路很坎坷，但是这些历练一定不会白费。期待你的《胡佛》《了不起的盖茨比》影片并非毫无瑕疵，也确实不够深刻，但在同类题材中已是翘楚。非洲的种种深重苦难、内战和血钻的残酷来历都令人震撼，片中还借女记者之口自讽我们都在消费别人的痛苦，一语中的。剪辑和摄影都可圈可点，小李子演技好到让我第一次真正喜欢上他了。故事本身十分沉重悲怆，詹妮弗康纳利太养眼。（8.8/10）这部影片的现实意义远远大于它的艺术价值。本片描述人们为得到一颗钻石血腥过程的同时也讲述了发生在非洲大陆的内战、灾荒、难民、童兵等人类社会中丑陋的现实。人类社会的本质从来就不是温馨的，要不然人们也不会倍加珍惜甚至誓死捍卫弥足珍贵的和平。“一个地区发现资源只会给当地人们带来灾难”。,血钻,8.6,238985
https://movie.douban.com/subject/2297265/,“他们无法理解法西斯主义，但突然间，他们就成了这场运动的一部分”，有些事情不是有理智就能够分辨清楚的糟蹋了这个题材，穿下校服和上课遵守纪律，学生就脑补到满城涂鸦、开枪杀人了。人类社会离不开组织和秩序，独裁统治和有效组织的区别其实应该是影片讲述的重点。而影片用一个神经脆弱学生的开枪来否定几乎一切社会运动和社会团体的组织方式显得很无力，对独裁的关键——监视、绝对的理念展现不够。君子朋而不党。保持每一个独立思考和人格。这是我反对任何机构和活动“党同伐异”的基本原因。包括乐迷、包括观众、包括粉丝，狂热的、无理性的、邪恶的、革命的、红卫兵式的、党卫军式的群体爆发。这不是游戏。后果不堪设想。你知道我在说什么。 这个想法很有趣 可惜太浅白了迷人的法西斯。题材很好，可惜拍的不太好。,浪潮,8.7,194970
https://movie.douban.com/subject/2213597/,终于有从另一个角度看纳粹的电影了。人性的愚笨，执着，甚至荒谬，却又是那样的自然，值得同情，甚至是值得尊敬的。这是今年奥斯卡最佳电影提名里面我认为最有深度和内涵的片子。Winslet的表演也相当棒，把一个低层劳动妇女的善良与粗犷刻画得入木三分。汉娜热衷于倾听朗读，她对文化世界中的美好事物的向往越强烈，她对自己文盲身份的厌恶和恐惧也就越强烈，这是同一种感情的两面。这让她近乎疯狂地走上了一条维护、追求尊严的道路，为此不惜撒谎，抛弃工作和爱她的人。为了守护秘密，你会走多远？2008剧情类年度最佳！“我什么都不怕，越是痛苦，我越是喜欢，危险只能让我更加爱她，能让爱升华，带给爱趣味…只有一件事可以让灵魂完整，那就是爱！”肥温演技的完美之作，史蒂芬·戴德利没有让人失望。一个如此简单的故事可以讲述的如此曼妙与深刻，爱真的可以超越一切。在他渐老的心里永远住着那个15岁的朗读少年，如果生命可以定格在那个夏天该有多好。之前的任它错过，之后的不重要了。文学部分略单薄...我们最终原谅那个少年，因为知道那也是我们人性的恶。,朗读者,8.5,359674
https://movie.douban.com/subject/25807345/,这尼玛才是来自星星的你。惊悚而百转千回的一夜，看完脑海里只能久久回响一首歌：那一夜，你没有拒绝我；那一夜，我伤害了你；那一夜，你满脸泪水；那一夜，你为我喝醉。那一夜，我与你分手；那一夜，我伤害了你；那一夜，我举起酒杯；那一夜，我不堪回味.……这不是偶然，也不是初愿，这是上天对重逢的安排……平行时空不稀奇，神奇的是各路平行时空的交汇之后混乱的生活，看完真的有点恐怖。★★★★☆不知道我还是不是我。睡一觉，过一晚，说不定旧我早已被此刻打字刷豆瓣的我杀死调换，因为据说梦是平行世界的记忆显现。把自己敲死挖坑埋了这种念头，估计谁都有过。总觉得会有个更好最好的自己，也是种心魔吧，得治。反正不管有多少个平行世界存在，我敢肯定，那些我不认识的我也都爱涮海底捞小肥羊。小成本大魅力,彗星来的那一夜,8.5,337097
https://movie.douban.com/subject/2222996/,我了解关于生命的哀伤，总是静默的，漫长的。送走儿子后寡言的医生父亲念叨：“下次来的时候就是新年了。”与此同时儿子坐在远行的大巴上长舒一口气：“这次回家了新年之行总算可以省了。”转瞬下一个镜头就变成空的风景和儿子的画外音：三年后父亲死了。不多久母亲也走了，她最终也没坐上我买的车。这是日影特有的温情与残酷。玉米天妇罗。试图用一个特殊的日子来讲述横山家数十年来的漫长岁月，不运用任何插叙，只是让时间一点点流过，从各人间的对话中了解这个家庭久远已逝的一切哀痛压抑温馨喜悦，然后日子还得淡淡前行。每个人物都刻划得立体有力，但是片长四分之三再往后有些情节：如蝴蝶入屋、孩子晨祈愿、多年后生孩子也开车等稍刻意一个小恙却和气的家庭，每名成员各怀心事，是枝裕和对于亲情和生死的把握已是炉火纯青。固定镜头，味淡如茶，周而复始，偶有亡魂化蝶惊艳，终归还是微苦人生。浴室里的瓷砖常年有破损，相扑队员的名字一时想不起来，广告上的汽车到最后也没买...镜头升过愈发陌生的小镇，眼眶湿润，这就是生活。结尾匆促、做作了些，否则更加好。这才是好的文艺片，静谧、克制、幽长、绵里藏针。表演非常细腻。最喜欢的一句台词是，带着儿子改嫁的母亲对儿子说：“他（继父）会缓慢而坚定地成为你身体的一部分。”这恐怕就是一代一代向死而生，生活百般复杂和磨难，人们却步履不停的支撑：家庭、一体。,步履不停,8.8,168429
https://movie.douban.com/subject/3592854/,"除了燃，Mad Max 4还说了一件事。背井离乡七千天，无一日不惦念。不论眼下多苦，相信只要回头就有希望，因为那里是丰饶的绿洲。但这终究只是个幻觉。离开家乡越久，幻觉越严重。你以为逃离能解决一切，但真正的胜者不是寻找green land的人，而是改变wasteland的人。全程内心戏都是：【卧槽！还有这种操作！……】虽然名字是mad max,但这片本质上是塞隆饰演的furiosa带领一群娘子军的avenge。和这片酣畅淋漓的动作与邪典精神相比，男人戏为主的furious 7和avengers就像一群太监扯头发一样娘炮和可笑。(no pun intended)教无脑CG片做人的节奏。情节？情节？老子的贝斯都可以喷火了！还要特么什么情节！",疯狂的麦克斯4：狂暴之路,8.6,349894
https://movie.douban.com/subject/1828115/,"男人是政治的动物，女人是情感的动物。李安用床戏“将易先生的内心活动外在化，外显他的恐惧、他的愤怒和挫折。你可以形容一个人如何不具备相信别人的能力，但更绝的是让他在高潮时都不敢闭上眼睛” “如果说断背山是一段发生在天堂里的爱情，那色戒就是来自地狱的爱情。”——李安从头笑到尾 抱歉。。。王力宏的出演简直是本片最大的灾难。。。表面上是王佳芝的自私害了一群战友，但她的上级早就有机会杀了易先生，却为了得到更多的情报迟迟不动手，打着“爱国”的旗号逼良为娼，强迫早在崩溃边缘的王佳芝继续和易先生发生关系。
在拿出实际行动证明对她好的易先生，和惨无人道、毫无人性的党之间，王佳芝只是选择了前者而已，她真的有错吗？
党在本片的形象并非伟光正，而是为了达到目的不择手段，甚至放弃人性和道义，这也是在华语片中罕见的。对，我是一个很在意细节的人，甚至有细节偏执狂的倾向。我喜欢王佳芝的嘴角总是倔强地微微翘起，在父亲寄来结婚照片她发去贺信的时候，在她为了王力宏那一心复仇的疯狂甘愿把自己最宝贵的给一个不相干的人的时候，在她接到梁朝伟太太电话的时候，在她和他纠缠在一起的时候，在她看到足以让世界上所有女人疯狂的“鸽子蛋”的时候，在她确认自己是真的爱上他救他一命的时候，她嘴角的弧度，堪称完美。“快走”, 汤唯说完这句话转到梁朝伟特写, 梁表情数变（“表情数变”,这是我在看网络小说时经常吐槽的一个词，但没想到居然真的有人能够表现出来）从微笑,困惑, 到醒悟, 再到慌乱, 种种神情一闪而过, 梁朝伟在这里直接奉献出了影帝级别的表演。最后一幕, 妻子进来, 光落在梁脸上, 而眼中隐有泪光闪动…",色，戒,8.4,450893
https://movie.douban.com/subject/1867345/,"前提是：你也得有钱才行啊！三流剧本，一流演技，主要是看两个主角啦Fing the joy in your life...在巴黎吃早饭，去香港吃午餐，溜弯儿到长城飙摩托，插缝跳伞，赛车，开飞机去金字塔和泰姬陵……两个老头去全世界旅游，用剩余不多的时间，去燃烧他们的整个生命。我也想如此来一次生命的释然！“这个故事里总有一些你因为今生没有做过而无限懊恼的事情。”When he closed""Kiss the most beautiful girl in the world."" 哭了。。。就算得了癌症，在连走廊都是病床的国内医院，你周围都是治不起病或是医保结算的老百姓。所以别做梦了，你的邻床不会是亿万富翁，有遗愿就好，别列什么清单，都是美好的夙愿而已！虽然感觉片中景点都是电脑特效，但我还是当风景片欣赏了这般美好。也的确被片子感动到了，这就是好莱坞+老戏霸的魅力。",遗愿清单,8.6,244087
https://movie.douban.com/subject/27059130/,"這不完全是黑白片唷。因為有錢人的世界是彩色的。以黑色幽默包裹的社會寫實劇，很貼近台灣社會。導演黃信堯後設的口白，不僅是趣味，也巧妙中和了故事裡那種幾乎沒有出口的黑暗抑鬱。社會階級分化，貧富差距，宗教政經的金玉其外敗絮其中，諷刺的超到位。拍了一個很棒的結局那时我们还太年轻,不知道上帝已经在暗地里给每个人都准备好了最后一顿饭。干！这片要是放在春节档我会刷十遍，比99.9%的贺岁片都有趣，但，片刻的有趣过后却是莫名的感伤和悲凉，俏皮的台词不止是博观者噗嗤一笑，更是导演和角色的自我解嘲，导演的旁白同时达到了调侃、补充和间离的多重效果。看似天马行空实则举重若轻，耍纪录片的导演拍的悲喜剧，轻盈的实在不像处女作。有佛无慈悲，有性无爱，有法律无公正，有警察无正义，满满的绝望。“当然有困难...对他们来讲，无论是出太阳还是下雨，都会有困难，但他们没办法去想生命的困难...社会常常在讲要公平正义，但在他们的生活之中，应该是没有这四个字，毕竟光是要捧饭碗就没力了...”有点茶馆听说书的感觉。市井乡氓的卑贱生活，乱象丛生的台湾社会，咿咿呀呀的旁白带来拍案惊奇的效果。在低俗猥琐中接地气，在黑色荒谬中怜悯，人生已是烂泥打滚，揣着一颗佛心才能普度——对小人物来说，平安是福...",大佛普拉斯,8.7,250794
https://movie.douban.com/subject/26393561/,"近期唯一泪眼朦胧的电影，不能说电影拍的有多好，只是题材上升到了一种高度，宗教，政府，国家其实都是为人服务的，在爱的面前，这些都要让路，人性是能冲破这种种隔阂最后让奇迹出现发出呐喊声音的，也能判断是非对错的，哪怕那些违犯法律，制度，可这尊重人性，最后的最后那场景的确很震撼。瑕不掩瑜，两个半小时喜怒哀乐无尿点，心底无数只尼玛跑过：国产娱乐圈（念第四声）上一边天天几十亿去吧！推荐！推荐！推荐！
理由一，宗教、国家、种群冲突，人性美与规则法律的碰撞。小事件大主题。
理由二，有血性，有情怀，有毅力，有原则，有大爱。
理由三，男主表现极佳，小萝莉笑容极甜。
理由四，片长159分，但看着轻松愉悦。9.有两部宗教相关在前，还可以上升到核心问题。是该片最成功的能量之源。用温情、歧视、信仰和煽情包装的政治隐喻片。折射的却是千百年来相似的问题。从自身宗教的教义瓦解，到全民价值观的取胜。影视剧里帮助完成的，是现实胆小冷漠旁观。“世上所有的安逸都在你脚边，信徒在你仁慈的庇佑下无所畏惧”难道是政治阻止了爱？圣母婊以为爱可以战胜一切",小萝莉的猴神大叔,8.4,332301
https://movie.douban.com/subject/6874403/,奈特莉在教育少女方面颇有天赋“dont let him think you are easy”城市和音乐真的是一拍即合的恋人，听着音乐走路都有风。治愈系电影，放空心情后奈特莉的血盆大口都不那么讨厌了。 PS一定要给译名“歌曲改变人生”点赞，6个字完全提炼出了电影本身。超爱KK！马尾超可爱，穿衣风格也超赞，唱歌也挺好听，Like a Fool最好听，还有敏锐的洞察力！求传授！以城市为背景音想法很棒，听得我燃起了音乐魂。男女主之间朦胧的感情处理地也很好，更多的是惺惺相惜吧。最后居然被骚当的Lost Stars戳哭了，还有可怜的小眼神儿。坚持做纯粹的音乐还是大众的音乐？延续once但不如前作，一场独立音乐人的梦想YY。用录专辑串故事，用歌曲串电影，独立音乐与独立电影相辅相成。用倒霉制作人被音乐拯救开篇，作用鲜明。醉酒状态下对幻想的伴奏、跟随耳机扫街两场戏很吸引人。但剧情全随歌曲烘托推动，正如片中台词:再无聊的场景也会因音乐变为璀璨珍珠。增强版《Once》，音乐还是非常好听，整个故事很清新很温暖，《大地惊雷》的小姑娘很抢眼，可惜后面不够出彩了。但总感觉缺了点《Once》里那种真诚、伤痛和爱的错失，略有些甜腻。不过仍然是非常好看非常舒服的电影。,再次出发之纽约遇见你,8.5,286035
https://movie.douban.com/subject/1397546/,我曾经跟踪过一对陌生情侣，因为他们走的太快了，完全不符合正常情侣的步速，这让我好奇。当他们拐进路边的快捷酒店时，一切疑云烟消云散。诺兰的牛逼来源于内心散发出的恐惧。两个发现，一个主角叫Cobb，另一个主角房门上有个蝙蝠侠标志。我就是那种讨厌的不爱看故事的人怎么着了？特别是以创造意外结局和玩儿叙事为终极目的的片子。Nolan天赋之作，之后的作品太工于技巧而丧失味道了。,追随,8.9,125010
https://movie.douban.com/subject/25954475/,奥斯卡最佳影片你好！（从第一篇的影评开始我就预测它拿奖，非常值得！）有点像“撞车”，都是群戏电影，每个人都有精湛发挥。聚焦天主教性侵丑闻，凌厉割喉的步步求证。电影最成功的是将亵童和性向做出切割，指出这是教会这一全世界最藏污纳垢组织自上而下的制度性丑恶，看完会让人失去对宗教的所有敬畏。铁肩担道义，妙手著文章国内记者看来更像是一曲纸媒悲歌，近年国内调查新闻环境每况愈下，传统名牌报纸、电视调查栏目纷纷衰落，不仅仅是舆论环境持续收紧，未被政治打败的，也被资本击垮了。对我们而言，这是一部屠龙之技的鸡血片。摒除所有抓马和猎奇，以极度冷静克制的表述抵消偏见和煽情，暗中积聚能量抽丝剥茧层层深入，如一篇扎实负责的新闻报导，将判断和情绪的释放留给观众，坚持写实的态度令人敬佩。结尾字幕更鼓励关注调查记者并请受害者发声，报道结束而思考不止，这不正是新闻的意义所在吗？,聚焦,8.8,199192
https://movie.douban.com/subject/1291568/,"这部电影里可以看出的东西太多了。比方说如果注意了尾道家中的鸡冠花，就会明白黑白影像为彩色影像所不能取代的魅力。母亲在热海的防波堤上说，“东京游览过了，热海也来过了，可以回家了”真是对人生非常隽永的总结啊。生活总是让人失望的京子：哥哥姐姐们应该再多待几天的
　　纪子：大家都很忙啊。
　　京子：可这样太自私了。只顾着自己，马上就回去了。
　　纪子：这是没办法的事啊，因为他们有工作。
　　京子：可嫂子你不是也有工作么？他们太自私了。
　　纪子：可是，京子啊……
　　京子：妈妈一死就要拿东西做纪念，我一想黑白画面里孩童歌声中远去的火车，我怎么可能受得了这种画面呢？各自的寂寞难以传递，说到底人活着还是为了自己，我很难过。小津用他的奇特装置拍出他想象中的日本家庭，害得温德斯跑到东京去寻找所谓的日本，而那早已不存在了，或者说，从来就没有存在过。",东京物语,9.2,85788
https://movie.douban.com/subject/5964718/,一个有信仰的国家才能发生的道德纠结。手持与频繁的主观镜头将观众带进他们的世界，甚至会错觉自己也是当事人。对角色感情细腻且准确的把握让你的情感天平反复在两组家庭之间。对角色心理暗角和懦弱一面的剖析，让人忍不住叫好。情节上波折不断，是生活的力量。与《关于依丽》一样，与众不同的伊朗电影人与人之间的隔阂，阶级与阶级之间的对立，信仰与现实之间的两难抉择。没有对错之分，只有立场的不同与现状的无奈。4.5。一次即永恒！①着意隐去匠气，还故事以挚诚本真，唯象征私隐于后。②一席黑头巾掠过楼道、车流。③隐匿于镜头外的西方理想国。④你怎么敢看着我的眼睛撒谎！⑤古兰经的存在一度置瑞茨于人性罪责和信仰之间，如替老人洗澡、告白真相等。⑥玻璃门之隔。不得不说，近两年的金熊作品，质量都没法跟戛纳威尼斯比。这种故意展现伤痛让人看的作品，实在没有高段到哪里去。一个战争与宗教包围着的国度奉献的一部佳作，可以称之为实至名归的金熊奖最佳影片。大量的手持镜头，用客观而冷峻的镜头讲述着两个平凡家庭的琐碎与冲突，人物刻画入木三分，故事的悬念更是凭借着适当的掌控丝丝入扣，直到电影完结仍使观众处在情绪当中。★★★★☆,一次别离,8.7,188904
https://movie.douban.com/subject/25921812/,这样的剧本，这样的电影，任凭你们怎么说风凉话，都休想模仿出来，国产片的普通货色离它差距太大。普通观众全嗨了，说这才是国产佳作;电影专业人员全崩溃了，说这是舞台剧不算是电影。讲真，我觉得当一个作品只剩下它的形式能被人吐槽的时候，已经足以证明其成功。不管它是啥，哪怕我是去电影院看话剧了，我还是觉得，甚好，没错过这个乌龙甚好。悲叹的是被压迫的是女性，欣慰的是觉醒的也是女性后半段太糟糕了。编导像发动起来的传送带，疯狂号召观众扔石头。但最致命的是完全放大了舞台剧改编电影的缺陷，情节推动靠走，人物性格全部靠吼。我绝不是拥护电影形式的圣徒，但也确实看不下“让语言飞”的偷懒与背离。至于讽刺，荒诞和反动之类的解读，难道大家都是当了太久外宾非得要恍然大悟嘛这个笑话还真把我看哭了，惊喜之作，比夏洛特烦恼的故事高明，但电影感较弱,驴得水,8.3,624059
https://movie.douban.com/subject/1291824/,这片儿热闹得如同我们大年三十儿的晚上～电影成功告诉我们：任何正义或非正义的战争，带来的只有“残酷”！漂亮的剪辑，紧迫的音乐给了我们最真实的战争场面老美视角而已虽然长达2个半小时的片长，但能够记住的角色却几乎没有，甚至可以说，这片没有剧情……影片想高度还原一场战役的细节并非不好，但整部片子除了不断开枪开枪再开枪，却缺少对战争本身的思考，视野狭隘。同样是讲述小部队的命运，本片的制作理念和《从海底出击》几乎相反，而这也是我不喜欢本片的原因。在经过了短暂的铺垫后，电影就进入了令人窒息无停顿的高潮；其中做得最好的一点就是对战争细节的描绘了，在如此复杂的战术地形下，能让观众最大程度地了解整个局势且不犯迷糊，无论是剪辑还是斯科特的调度，都堪称完美；但对于那些所谓为了升华主题所刻意加入的段落和细节，着实多余了些。,黑鹰坠落,8.7,199073
https://movie.douban.com/subject/5908478/,"你要相信，这世上真的有爱存在，不管在什么年纪“我是个胆小鬼，没有你，我怕活不下去。”四个古稀老人，两段浓浓黄昏恋，他们爱的善良，爱的浪漫，爱的纯粹。即便有些段落会让人感觉略显刻意煽情，但众多老戏骨奉献出的这部电影依然十分值得一看同时也耐人寻味。btw,我始终无法免疫这类电影，满满都是泪。★★★★有些爱情，只有死亡能把它隔断；也有些爱情，它能把死亡也隔断。用力有一点点的··过猛····我曾经也想那样老去",我爱你,9.0,102215
https://movie.douban.com/subject/1300117/,当你有梦想 全世界都会帮你人类的历史就是一部歧视史，财富、地位、年龄、性向、肤色...基因决定人生，不过是把这种歧视从人的出生开始以科学的形式固定下来。电影想讲述的是：我也许没有伟大的基因，但我有一颗造梦的心——我就是那个统计学上渺小到不计、但没人可以抹去的1%。这名字译得太搞了～＝＝科幻版天才雷普利梦想与扼杀梦想的不公平，过去、现在还是未来，这是人类戏剧的永恒主题之一。,千钧一发,8.8,160845
https://movie.douban.com/subject/1292233/,对于他的电影我一直都抱着没水平写影评就闭嘴的态度我也想买那个瓷的大JJ经典的3p节奏..漂亮干净的画面“我完全康复了”成功预言了杨永信的电击疗法。,发条橙,8.5,270150
https://movie.douban.com/subject/1294638/,断断续续看过很多次，而且都是很多年前，看完整版还是第一回，自行车突然飞腾的时候多少有些激动。童心与童年爱做的梦，属于童年的故事。一则感人的美丽童话，适合大人和孩子们一起观看。没想到竟然是82年的片子~~小女孩太可爱到现在为止说到外星人我想到的都是这里面的模样每看一遍哭一遍,E.T. 外星人,8.6,245782
https://movie.douban.com/subject/27615441/,不要随随便便就死掉，不然马上会有人变成你最好的朋友。三星半。感谢google，感谢facebook，感谢twitter，感谢gmail，感谢youtube，感谢youcast，而我一个都上不了Amazing! 剧本写得太好了，千回百转。几乎没有实景拍摄，但节奏感超强。这种拍摄方式真的太省成本了。看似牢不可破的密码，跳转几次邮箱就可破译；看似无比相熟的女儿，连吸食大麻都未曾知。本来代表身份的头像，竟是无需版权的图库模特；本来孤立寡言的女孩，却在直播软件里袒露心扉。最亲近的女儿却比密码还难破译，最沉默的女孩却比模特还健谈。面前提供海量信息的屏幕，当你在凝视它，它也在吞食你。为杰伦疯狂打call！,网络谜踪,8.6,360079
https://movie.douban.com/subject/27191492/,我自己的片子，我打五星。。。⁄(⁄ ⁄•⁄ω⁄•⁄ ⁄)⁄母亲的超级能力，是听到铃声响起就知道是女儿打来。父亲的特异功能，是目送每个家庭成员远行都能庇佑一路平安。每年都要仰望燕子回巢，上山采撷春天，在空谷放歌，在田埂旋转。天井里落雨落雪，人世间有阴有晴。这俗世哪有什么超能和神功，不过是为她挂一旗白幡，留一双碗筷，种一点念想，等一轮春天。最喜欢父亲兴高采烈地说“今年燕子又来了”，母亲：“我喊你爸少高兴一点，到时候这些燕子一走，心又灰几天。”家庭私影像，两个老人的生活态度很棒，特别让人羡慕。这样的故事会让很多感动，是因为，这其中的夫妻关系与生活态度，恰好是很多人不曾有，却又非常向往的。7.1/10，三星半，在国内日记体纪录片里算还行，一个有家庭录像习惯的家庭。湿湿的南方很容易把生活活成诗歌，作为主观的家庭纪录片拍到了毫无矛盾和冲突的生活流影像，四年的时光里看到的更多的是人与自然的相处。但相比《人生果实》的叙事和选题以及对人的状态和生活哲学，这部则还有距离。,四个春天,8.9,110040
https://movie.douban.com/subject/1388216/,小孩子那幕。伟大的作品。重看一遍的时候仍旧感动，冲入汽车中的男人，女人烟火中的回头而落泪。为小女孩抱住父亲，父亲绝望的哭喊。这城市的华灯初上，雨中车灯，滚落的黑人男孩手中的木头雕像。向一切的怀疑、争吵、怯弱、爱。致敬。当导演有些用力过度，当编剧非常称职。如果我是评委也选它是最佳影片，不是因为最好看，而是因为最反映社会现实。表面上是在探讨种族间的偏见与冲突(crash)，本质上是在讲人性的和解与救赎(touch)。每个人都觉得自己是社会不公的受害者，有的消极待世，有的怨天尤人，有的冷漠对待身边之人，有的则欺凌弱小，殊不知自己也成为了制造社会的不公的轮回的一分子，幸而每个人都有良知，今天的坏人明天也可以是好人，所以，还要怀有希望，五星 ,撞车,8.6,242478
https://movie.douban.com/subject/1292659/,吳宇森嘛，要有白鴿，要有教堂，要有火藥，要有浪漫，要有happy ending!让我爱上尼古拉斯.凯奇的电影说实话，换脸变成另一个人是一件很可怕的事，想一想在变成另一个的时候可以无视道德和法律的约束，会不会在变换的过程中迷失最初的自己确实好看呀，我喜欢特拉沃尔塔~概念不错拍得一般，配角选得很烂，华裔女探员，男女黑人探员，气质农民，做派乡土，很难看。,变脸,8.5,307393
https://movie.douban.com/subject/1292270/,"最绝望的观影经历！绝望到耳不敢闻，目不敢视，心灵战栗！憨憨说看了这片你就不想吸毒了，恩，真不想了黑色的，意识流的，充满绝望的，字幕的最后几分钟却是平静的海浪声。（FOR　BETTY　WITH　LOVE
1908－1999）哇，那条胳膊！哇，那棵管子！哇，那两张屁股！哇，我要吐了……由光明坠入黑暗的逆行过程，把外壳剥去，把他人屏蔽，把世界上的光线统统浇灭，一个人在床上蜷成胎儿在子宫里的姿势。黑暗是光明的一部分，更隐匿更深层，却也更难以割舍。孤独迷惘的时候最难抵抗魔鬼的邀约，单纯乐观的时候需要直面沉重来推动成长，并由衷相信那是好事。我是阳光少女所以我爱这神作。",梦之安魂曲,8.7,158931
