电影名,评分,评论数,热评1,热评2,热评3,热评4,热评5
肖申克的救赎,9.7,1905101人评价,恐惧让你沦为囚犯，希望让你重获自由。——《肖申克的救赎》,当年的奥斯卡颁奖礼上，被如日中天的《阿甘正传》掩盖了它的光彩，而随着时间的推移，这部电影在越来越多的人们心中的地位已超越了《阿甘》。每当现实令我疲惫得产生无力感，翻出这张碟，就重获力量。毫无疑问，本片位列男人必看的电影前三名！回顾那一段经典台词：“有的人的羽翼是如此光辉，即使世界上最黑暗的牢狱，也无法长久地将他围困！”,"“这是一部男人必看的电影。”人人都这么说。但单纯从性别区分，就会让这电影变狭隘。《肖申克的救赎》突破了男人电影的局限，通篇几乎充满令人难以置信的温馨基调，而电影里最伟大的主题是“希望”。
当我们无奈地遇到了如同肖申克一般囚禁了心灵自由的那种囹圄，我们是无奈的老布鲁克，灰心的瑞德，还是智慧的安迪？运用智慧，信任希望，并且勇敢面对恐惧心理，去打败它？
经典的电影之所以经典，因为他们都在做同一件事—...",人的生命不过是从一个洞穴通往另一个世界..然后在那个世界的雨中继续颤抖.i hope,"Hope is a good thing, and maybe the best thing of all."
霸王别姬,9.6,1400552人评价,在野路子出身的张国荣面前，学院出身的张丰毅显得那么单薄,说好了一辈子，少一年、一天、一个时辰，都不是一辈子。,你凝视你的脸，几亿人在爱恋。,"蝶衣于台上贵妃醉酒，头顶忽撒下无数抗日传单。灯骤灭，台下喧哗。没有人再顾及台上的贵妃。唯有蝶衣，继续着未尽的绝美舞步丝毫未曾停滞。一片混乱之中，也唯有四爷，独自于楼上包厢继续丝毫未曾分神。看到这里感动的一塌糊涂。结尾处“我本是男儿郎,又不是女娇娥”真的落泪了。纯粹坚持的2人去了",往事不要再提，人生已多风雨。他是霸王，你是虞姬，“我本是男儿郎，又不是女娇娥”，万丈红尘蹉跌走过半世纪。寥落繁华不由己，十万春花如梦里。剑还给你，命也还给你。“君王意气尽，贱妾何聊生？”陪你唱罢这出、我便离去...
阿甘正传,9.5,1449560人评价,羡慕珍妮，不管她多么叛逆、落魄、堕落，永远有阿甘在等她回来,"you are my girl.
","这是一部美国典型的反智题材电影。聪明的人未必一定能成功。阿甘的智商极低，却情商极高。他一直怀着单纯的心，做了在别人眼里了不起的事，也尽力照顾身边的人。
成功充满必然与偶然。
人生就像是一盒巧克力。
最经典的两句台词
",他的十二支船，每一支都是她的名字。她走后，他只得跑遍世界的每一个湖泊和沙漠来思念她，只等她一声召唤便死心塌地的回到她的身边。好莱坞编造一个这么纯粹的故事，让我们看到我们所拥有的感情，是多么的残破不堪。这简直是残忍的，不道德的。,又是七年后，重温一遍。上帝是仁慈的，妈妈走了，珍妮走了，朋友走了，可是给阿甘留下了一个孩子。要是没有孩子他该怎么活下去。也是电影的仁慈。
这个杀手不太冷,9.4,1645501人评价,我开始想要过得快乐，睡在床上，有牵挂,这个男人他是从儿时的动画片里走出来的，是邪恶和童真的混合体，这令我着迷。,或许是很多姑娘大叔控的根源。,"Léon： You're not going to lose me. You've given me a taste for life. I wanna be happy. Sleep in a bed, have roots. And you'll never be alone again, Mathilda. Please, go now, baby, go. Calm down, go no...","“这是关于两个小孩的故事，一个女孩和一个男孩，在他们心里，他们都是12岁，他们都感到失落而他们深爱彼此。” 
　　　　　　　　　　　　　　　　　　　　　　　——吕克·贝松 
"
美丽人生,9.5,920105人评价,如果谎言可以这样美丽，我也情愿生活在谎言之中,这是父亲所作的牺牲，这是父亲赐我的恩典。★★★★☆,不敢相信男主死了，总以为他能活过来,三刷了。记得上学时跟父母吵过，中国的父母经常想让小孩相信这世界的丑陋，而国外的父母即便身在地狱也要让孩子相信在天堂，让他们开心的活着，你们为什么要让我的童年的这么痛苦。哈哈，大概就是受这剧影响吧。,"从天而降的钥匙打开了她的心房，却打不开奴役的枷锁；
骑马逃离婚姻的羁绊，却逃不出法西斯的束缚。
现实残酷，他就用温柔回敬现实。
战争凶猛，他就用父爱打赢这场战争。
做一块蛋糕，他就融化了她的心窝；
铺一张地毯，她就走进了他的生活。
一句广播，一首音乐，让妻子重新看见希望。
一个善意的谎言，一个属于父子之间的游戏，给孩子一个没有阴影的童年。
我只是一个普通人，你却让我做了公主。
我只是想要一个玩具坦..."
泰坦尼克号,9.4,1394013人评价,爱你原本只是一瞬，却不知在时间的洪流中成了永恒。,你不能否认，它就是个传奇 ,1998年，哈尔滨火车站地下给初恋女友买的盗版光盘。,第一次看到沉船，第一次看到正面全裸，第一次看到伟大的爱情，第一次...,看了四遍，最后一次也是五年前了吧。不知再拿出来重温的话，会不会嚎啕大哭，像小学那时一样。 1998，5
千与千寻,9.3,1488526人评价,不努力工作会变成猪,有那么那么经典吗？还是我老了？,"你忘了吗?
往下飞的时候眼泪是往上流的.",曾经发生过的事情是不可能忘记的，只是想不起来罢了……你会帮我想起自己是谁对吧,宫崎骏没有迪斯尼那么花哨 甚至有些落伍 直到现在 他还坚持用手工绘画而不是电脑绘图来完成自己的卡通片 但他懂得一部卡通片 或者一部影片 应该用什么去打动别人 所以 宫崎骏笔下的形象是一个个人 而不是一个个没有知觉的卡通形象 
辛德勒的名单,9.5,741841人评价,有钱才能保护喜欢的人,这不止是剧情，更是技术、镜头、剪辑、演技和配乐的综合胜利。表达是一出技巧活，不以剧本和背景定优劣，这一切都是导演的功力和运气造成，不可求，但可遇——《辛德勒的名单》可谓厚积薄发。而实论背景，辛德勒本人之事尚存争议，电影却已在全世界人面前诠释并且定性了，由此可见媒体的影响之大,献给导演认真的态度和无数个小高潮,连姆·尼森后来又演了《通勤营救》《空中营救》《飓风营救》，半辈子都在营救别人。幸亏《辛德拉的名单》当年没在中国上映，要不然中文译名可能会是《辛德勒营救》。,每一次看都有新鲜发现，每一次看都会内牛满面。/ 记第一次在中国大银幕观看 20190413 @天幕新彩云巨幕厅
盗梦空间,9.3,1397976人评价,1、电影确实精彩。2、没有想象的难懂，相信你自己。3、总会有一个让你记一辈子的镜头。4、请降低期待值。5、请提前上厕所。6、记得关手机。7、一定要去影院，因为影院也是个造梦机器。8、记得听完结尾音乐。因为它负责让你醒来。9、极可能是近几年你在影院看过最精彩的电影。10、穿越吧少年,一直在牛逼，从未被超越。只有Nolan才能达到这种境界！！！,前期的口碑营销确实有点儿过了，绝对还没有达到神作的级别，但依旧是近年来最好的影片，诺兰独有的叙事技巧视觉风格以及影像语言都被完美的贯彻其中，其遵循并热爱的怀古之风从人物造型，台词蔓延到拍摄手法以及特效制作上，不过正因为如此，一些动作戏上的处理还有视觉奇观的展现则还不是那么过瘾。,《奠基》是一部复杂精致并绝对精彩好看的电影，他让你在片尾字幕出现时完全反应不过来之前的两个半小时发生了什么，就像一场梦境一样让你匪夷所思却又流连忘返。,确实挺好看。人人都在评论这片，我也评不出个鸟来了。因为《盗梦空间》这片，中国人民已经陷入了智商无限的癫狂幻想之中。人人都觉得自己的解释最牛逼，人人都觉得自己是哲学家，是心理学家，是数学家，是诺兰的知己。
忠犬八公的故事,9.4,960308人评价,八公的主人，也在天堂的门口等了它很久吧。,动物是我的死穴...从头哭到尾..,“等有一天它会给你捡球的时候，一定有什么特殊的理由” 八公用这种方式来告别了他的主人....,这次不是拉布拉多，不是金毛，是默默无闻的秋田犬~在电影的最后部分我哭的稀里哗啦，意气风发的八公老了，脏了，以前不怎么喜欢他的女主人抱着它感动的流泪，大雪纷飞的夜里因为有火车来了八公又在等，似乎是回光返照般的看见男主人一如从前那样从火车站里走出来张开双臂要拥抱他~其实狗狗什么都知道,天呐我从后半段开始一直在哭 为什么面对这么居心不良的赚眼泪煽情电影我还是被套牢了！我马上要给我家小羊皮一个热烈的大拥抱！！！
海上钢琴师,9.3,1161185人评价,我总觉得这是一个真实的故事，因为他的懦弱，懦弱得真实。,最喜欢的电影，喜欢，不是之一，而是唯一 ,又是一定该看的，只在自己的世界里坚持自己的人．哪怕生命就这样消逝．只留下一点声音的碎片，１９００，也许我们都一样害怕脚踏实地的生活，害怕乌烟瘴气的世界．,每天睁眼，去面对这个世界都需要勇气。,我就爱他说，fuck the regulations!!
机器人总动员,9.3,922210人评价,把所有的好东西都给eva,我看哭了。。。,地球上最后一個收納歸類狂walle應該是巨蟹座吧。。,機器人談戀愛也避免不了男女搭配的窠臼(叫Eva倒有夠諷刺)，就更不用説亙古不變的雙眼雙手擬人造型...人類的想象力其實很貧瘠,Just need someone who will look after you
三傻大闹宝莱坞,9.2,1284532人评价,这几个月来看过的最好的片——”做自己“，也许才是人生终极的成功。别总嘲笑印度人”阿三“，他们已经追上来了，无论经济、科技还是我们一贯认为只会跳舞唱歌的宝莱坞电影。盛赞！5+1星！,"【温馨提示：请忽略这傻逼名字.不然你会错过一部好电影】1、病毒的鸟巢飞来了一只自由之鸟；2、Ta有没有告诉你,朋友就是给你一枚硬币教你自己独立做出选择的那个人.这个人才是你最大的财富 ：）",太给力了，有史以来最励志的电影。,一部讽刺社会现象的电影都可以拍的这么轻松，喜剧里还可以有这么多闪光的慧言慧语。情节确实太过随意，下一秒的夸张总是来的让人啼笑皆非，无可奈何中却仍旧乐呵呵的接着看下去。 末了的那段风光让我无比钟情！★★★★★,很棒的印度电影，这当中一样的可以看到中印相似的教育体制与贫富阶层问题。轻松、暴笑、热泪中感受积极人生的力量。梦想与事业，做我们喜欢的事情，是成就的不变真理。
楚门的世界,9.3,1021701人评价,我是不是也在楚门的世界活着？,就算是已经完全知道剧情走向也还是被震撼被感动。就算你能摄影我的一切也无法在我脑内安装摄影机。,要想阻挡我 只有杀我,当你望着深渊的时候，深渊也在回望你。楚门之外的世界，又会有怎么样的窥探？最怕的是，我们永远无法求证自己身处在哪个世界。,这是一部每个中国人和每名中国同志都应该看的电影，我们就是无数的楚门，生活在这个时代。我们的命运被操控在他人手中，大多数人还并没有发现，更多的人发现了也无力挣脱。心灵的顿悟是人生的必修课，你不去选择它，它就会左右你。“人生如戏，戏如人生”
放牛班的春天,9.3,894175人评价,那漫天飘扬的纸飞机是我对你最诚挚的敬意。,这是一次心灵的洗礼，没人生本向恶，只是无情的手把人推向了无尽的深渊。Morhange每一次天使般的独唱，总让我感动的浑身直起鸡皮疙瘩，特别是那纸飞机从窗口飞出，“感谢、再见”的小手一挥，那份感动，不言而喻。而最重要的，看这部电影不仅是好“看”，天籁的童声更是听觉的享受。★★★★☆,看到激动地直起鸡皮疙瘩，看来总有那么一种类型的东西能感动本人,马修先生好可爱。,所以我一直坚信最好的教育人才应该放在学前教育和初等教育。小学老师对孩子的未来产生的影响远大于大学老师。可现状却是，大批自己都没学会怎么做人的人被随随便便扔到了小学、初中做老师，放纵霸凌，根据权势财势“因材施教”，惩罚性教育，把孩子逼上绝路就让天性不良背锅，呸。
星际穿越,9.3,1033923人评价,你应该敬畏时间，因为那是一切的密码；但不要滥用爱意，因为那不是一切的钥匙。,赶着首映翘课去看了imax版。诺兰一直在围绕人物内心讲故事，配上宇宙孤独梗，目瞪口呆或许是夸张，但泪流满面了几次绝对是事实。很多宇宙中的片段没有背景音乐，全场安静地如梦如幻。影片结束后随着观众鼓了掌，能和这样出色的人类活在同一个时代，的确是我的幸运。 期待影片明年多拿到几个提名,以地球全部北京化（咦？）为背景的近未来硬科幻，对虫洞、重力和时间维度都有新颖的理解，刻画的浩瀚宇宙让人目眩。可惜诺兰的野心太大（真的是bigger than bigger！），而且把人性拔那么高，到最后就成太空神棍片了...,相比诺兰之前的片子，这部显得比较慢热。然而前两段的层层铺垫终于迎来了第三段主题呈现的水银泻地。Inception仅仅一笔带过的亲情成为了这部电影的核心母题。麦康纳和查斯坦的精湛演技，胶片IMAX呈现出的影像质感，实拍特效的震撼人心，平行剪辑的完美流畅，寂寞大叔创造性的管风琴配乐，神一样的诺兰,一边太空冒险，一边是通俗的情感戏。无论外表多硬科幻：虫洞、黑洞、太空冒险、多维空间……最核心的仍是亲情与爱。科学与理论其实都是为感情服务的，用很硬的外壳包裹最柔软的情感。也因为此，它不会是2001那样严肃伟大的科幻片，但却有更饱满的感情。包括那些泪点
大话西游之大圣娶亲,9.2,1009438人评价,有人跟我比赛背台词么,我猜中了开头，却猜不到这结局。/ 20141024 在影院哭死,小时候看着笑，长大了看着哭。,年少时特别不喜欢周星驰，觉得瞎搞，觉得脏乱差，但长大之后，每看一遍就难过一遍，每看一遍哭一遍。他真是在这里说尽了爱，说尽了责任，说尽了人世种种无奈无力,"盗用一句黄姐姐很喜欢的管风琴，""人能这么锲而不舍地轻佻，骨子里一定有哀世伤生的肃穆在支撑。"""
熔炉,9.3,618663人评价,這個世界的絕望在於，眼睜睜地看著那麼多的不公不平每天都在身邊發生，自己再怎麼努力卻依舊無可奈何；而這個世界的希望也在於，明知是蚍蜉撼大樹，卻還是有那麼一群人執著地選擇了這一條艱難而幾近不可能的路。,当邪恶的力量已经渗透至社会的每个角落尤其是当权者手中，我们还他妈向谁去央求公平和自由,令人绝望的不是电影，而是生活本身。,“奋起反抗不是为了改变这个世界，而是为了不让这个世界改变我们。”电影以真实故事改编，又一部极其精彩反映社会阴暗的题材。每个人物都刻画的立体丰满，情感同样控制得当，无力感充斥全身。电影完结，愤怒、无奈、唏嘘、悲伤各种情感如同“雾津”的浓雾一般，久久未能飘散，始终萦绕心头。★★★★,我在想演戏的小孩子会不会有心理阴影
疯狂动物城,9.2,1195919人评价,完爆冰雪超能头脑，动物再次证明了动画片不止是给小朋友看的，而是全年龄段和世界级的，尖端数码特技、新意剧情、老梗新用搭配萌Q画风，乌托励志、搞笑温情、自然销魂、阴谋反转，用动物来映射人类，涉及种族歧视和两党斗争，无论从制作技术还是政治倾向或是社会意义来说，基本锁定今年奥斯卡最佳动画,赞 看完赶脚世界都美好了,"想嫁给又吊儿郎当又酷得不像话的狐狸先生。
自认为是奥斯卡长篇动画的有力候选。
啊啊啊，真的好好看，我要去二刷。",好莱坞这套讲故事的模式可以把全世界都吃的死死的。,超~~~~~~~~~~可爱的。大眼睛看得我都化了。一想到未来狐狸跟兔子可能有感情戏，我就hhhhhhhh。那只长耳朵的狐狸和那群二哈狼是我的笑点！！！
无间道,9.2,824568人评价,牛就牛在，他让所有演员都达到了巅峰,最后那一下爆头，刘德华和梁朝伟的眼神里都是震惊，他死在电梯里，电梯门来回的开关，我们也从震惊中恢复，觉得残酷，谁说的，好人有好报，那些为民除害的，都死了。会有人惦记着他们吗？把他们视为英雄吗？又有什么用呢，这个社会还不都是恶人当道。,现在看来，无间道一部电梯里挤了三个影帝，这部电梯也算是前无古人后无来者了。,一气呵成。梁朝伟的眼神令人揪心。,难怪高中时大家那么喜欢。片尾才发现，陈永仁的生日和我一样。
龙猫,9.2,862892人评价,原来龙猫的戏份这么少啊。,摸摸龙猫的鼻子胡须就会颤动起来哦=w=……看见斜眼偷瞄逃跑的小白一定要跟上去！ 童话总是在相信它的人心中真实的存在着，想起来的时候心中就会充满温暖守护的力量,"我要告诉你，纯真是一种财富。

",我好像看到小月和小梅坐在那棵松树上对我们笑。“搞不好真是她们呢。”,因为缺少重看的观影经历，又被那套网络上的都市传说所影响（已辟谣），一直在疑心，年少时，是不是真有遗漏掉关键信息。得益于二十年后的重映，大银幕上重温，依然觉得是个单纯无比、被孩童想象所充盈和浇筑的成长故事。里面有美化过后，昭和年间的田园风貌回忆。樟树王、老房子、水稻田、乡间小路和巴士车。 小孩子能看见龙猫，自然是关于童心无邪。除了制造人类与大自然的连接，更多是因为，小孩子才能看见美好、已经失去的东西...
教父,9.3,633088人评价,"男人。
千万不要记恨你的对手，这样会让你失去理智。",2010-02-17 看过。对权力有清醒的认识才能写出这样的剧本。只知道引用台词或把此片当作所谓“男人圣经”的观众退散！,当一个新生儿在教堂接受教父的洗礼时，教堂之外的死亡正在蔓延……,科波拉是有厌女症吧？这片子里的女人要么圣母得让人恶心，要么就傻逼得遭人烦，除了哭哭啼啼就是无理取闹。最后一个镜头，麦克成为新的教父，一道门隔开他的妻子，不是没有理由的。这是一个男人的世界。相对来说我最喜欢医院里那场戏，拍得相当有张力，第一场婚礼戏也喜欢。,平缓的节奏蕴藏着巨大的权威和张力，音乐舒缓淡淡忧伤，利益博弈人性冲突。无论是演技还是镜头、音乐的运用，都给人以一种美的享受。而看这部电影是极其需要沉下心来细细品味，也无论何时翻出来重温都能有新的感受。★★★★☆
当幸福来敲门,9.1,1030524人评价,"There is no ""why""　in happiness, there is an ""I""
里面立志的桥段很多，比如说打篮球时候威尔对他儿子说的话.这是中国父母需要学到的...尽可能地给孩子一个美好的世界.","孩子母亲颤抖着说你会照顾好他；
装扮成时光机器来安抚孩子，子夜洗手间中独自哭泣；
“你是个好爸爸”，孩子说。
看电影的时候，我的手经常不自觉的紧握着，为那揪心的困窘。
幸福在这里敲门了，可是那些没有被敲门的人呢？",有点失望...感觉是为了励志而励志......要不是导演和演员功力，就沦落成俗套励志片了......,生活时常会让我们感到艰辛，并会让我们无数次目睹生命在各种重压下的扭曲与变形。——《生命不可承受之轻》,除了幸福 什么都能放弃 一定要幸福 和自己喜欢的人在一起 做自己喜欢的事
怦然心动,9.1,1185803人评价,某山渣树怎么好意思说自己是史上最纯？？！！！！！ 这个真打动我了。。。女孩是第二眼美女！！！！！！！！！！,我看完后也对这女孩感触特别深，她独立而勤劳，恪守自尊但又不敏感到浑身长刺，正像邦妮另外一条说的，没有那个男孩，她也会生长得很好。对于成长电影来说，它对孩子和家长都很有教育意义，不论面对挫折还是爱，它都有非常正向的可贵的价值观。,上学的时候早恋，父母反对；上班了不恋爱，父母反对。你真是羡慕人家老外啊。,可能比山楂树还纯哦！,太好看了！十星推荐！就是太短了呀！！！！！！
触不可及,9.2,673851人评价,今年看的第二部佳片。茫茫人海，两个截然不同的人相遇，你改变了我，我改变了你，相逢的人会再相逢。关于社会的贫富差距、青少年犯罪、种族歧视这些虽没有明说却在暗中映射，以此来烘托角色。富豪有钱却残疾不快乐，黑人贫穷却有一颗善良乐观的心。ps:Ludovico Einaudi的配乐很加分！,某个人在不经意间走进你的生活，他和你不同阶层，不完美，甚至有不少讨人厌的毛病，但是长期的相互信任和理解成就了一段真挚友情，也给两个人的生活都带来了阳光。把德瑞斯的原型改成黑人使对比更强烈情节更戏剧化，也让这段超越种族的友情更感人。影片里乘着滑翔伞在山谷中翱翔那幕太美了……,但你们真的好容易被感动哦。,黑&白，老&少，超越种族和阶级的友情，感人至深的温情，细腻动人的剧情，以及极赞的电影配乐，不禁让人想再次回味...,不怜悯是种更高级的尊重
蝙蝠侠：黑暗骑士,9.2,694076人评价,大片中很有内涵的一部，不管是人们心中暗自涌动的对小丑疯狂灭世主义的不安的共鸣，还是对蝙蝠侠孤独暗夜行走的英雄惜英雄般同情，其实都是人们对这个世界失望的一种情绪释放。其实小丑说的很对，他和蝙蝠侠很像，都是异类，只不过蝙蝠侠把痛苦留给自己，顽固地去坚守一丝信仰，而小丑把痛苦还给世界。,Batman是最不漫画的漫画英雄，也正因为这一点，使之最有可能成为跨越犯罪剧情片和漫画英雄片界限的特例。而这一次，编导精准的抓到了这一点，把这部电影打造得丰富严谨又酷劲十足，无论是满足视听还是人性复杂层面的挖掘上都做到了堪称完美！,诺兰的叙事能力不但在于结构上。。他总有一个与众不同的主题,当之无愧最出色的商业电影！,绝对是杰作，大陆上不了院线在广电的耻辱柱上划了浓墨重彩的一笔～
控方证人,9.6,259893人评价,男人贪心，女人贪爱,又是让我尖叫打滚的经典佳片！绅士又纯青的表演，奇妙而精巧的情节推进，幽默且风趣的细节，当然还有巧夺天工的结局！尽管后来的电影常常窥见模仿此处环节之处，但查尔斯劳顿、玛德琳黛德丽和比利怀尔德终究是无法复制的！,律师三寸舌，妇人宫心计，两者皆不敌，最坏男人心，花心郎算尽太聪明，反算了戚戚性命,诙谐的对白，严谨的思路，一心要把观众往沟里带的情节。ps:我觉得那个女仆的表演也很不错！,包括希治阁在内都无人如怀德那样完美结合幽默感与悬疑剧，一星半；再无人能复制表情帝劳顿永远廿五岁玛琳黛德丽及一班人等的演技贡献，一星半；后世汗牛充栋的推理侦探小说家用各种方式都无法企及阿婆的高度，两星整。
活着,9.2,535341人评价,个人认为是张义谋最好的电影。,一个时代有一个时代的悲哀和可笑，你能在别人心酸的故事中读出些许温情，也能从自己的平凡中领会些许荡气回肠。电影少了原著的惨烈，但那种好死不如赖活着的悲凉还是存在的。,活着就是一切！戛纳评委会大奖，老谋子最好的电影。,改编自余华的小说【活着】。很好看。书和电影都好看。活着的人比死了的人还痛苦。我觉得是的。,中影史：影片透过一个人的一生遭遇，涵盖着人在历史中的命运无法掌控的生命之痛，衍生出了对死亡的苦笑。全片具有一定的史诗性，这种史诗性被包装在个人和家庭的命运之下，同时隐隐露出一股的悲悯情怀和伤感的黑色幽默。影片的个人生存状态和苦难，在经过精简的历史背景里，体现出小人物的悲欢离合。
乱世佳人,9.3,459735人评价,请上帝保佑那个真正爱你的人吧，你把他的心都揉碎了。,至今记得亚特兰大的战火中她奔走的背影，裙裾摆动。她的野性和骄傲，坚强与倔强，不甘弱示或屈服，瑞德与她是相似的。如果瑞德爱上的不是郝思嘉，一定不会掉进那个自掘的陷阱里。对于郝思嘉佩服之极，对于瑞德，感动了，且唏嘘而惋惜。,看完斯嘉丽那么瘦小的身躯，却承受着那么大的压力，都能顶的住。真的感觉不到什么叫困难了，第二天去考试奇迹般的过了。。,這麽有名的片子，我今天才看。那時的彩色技術就那麽棒了？！！ / 你們都喜歡Scarlett和Rhett，我卻只喜歡Melanie和Ashley。,"斯佳丽很有个性的一个女人，瑞特巴特勒船长也让人难忘，费雯丽身上体现了那个时代女性独立自强的性格。

瑞特巴特勒船长太有魅力，笑着说“那是你的事情，亲爱的”。对于斯嘉丽，巴特勒船长真的是尽力了，斯嘉丽醒悟得太晚了，“tomorrow is another day”是最真实的谎言。"
末代皇帝,9.2,470608人评价,他痛哭流涕追阿毛、失魂落魄追婉容，但始终追不回那昔日辉煌的时代。他反抗太监偷窃文物、反抗日本傀儡操控，但终究反抗不了自己跌宕唏嘘的命运。他做了一辈子囚徒，在紫禁城在满洲国在抚顺管教所。终于买了张观光票，在赤色余晖中蹒跚进入太和殿。须臾一世，只有那皇座下藏着的蟋蟀，还认得他是帝王。,溥仪只是那个大时代里一个无法左右自己命运的小人物，注定在历史洪流中成为悲剧人物。……贝托鲁奇并没有洋洋洒洒的去讲溥仪的故事与中国的历史，而是选择了一个独特的视角来看待末代皇帝的人生。只是……紫禁城太监还有皇帝与皇妃在后宫都是一口英文……★★★★☆,极致的美，极致的伤。音乐太灵，画面太精，原来早在1987年，外国导演就早于《活着》《霸王别姬》把20世纪中国历史拍的如此炉火纯青了…“我从未和家人分开过” 额娘，阿嬷，婉容，庄士敦，溥杰，皇宫…溥仪的一生都在告别，跟亲人，跟时代，跟历史，身不由己。@上海国际电影节 4k修复版,贝托鲁奇镜头下的中国始终是存在于他想象中的红色国度。电影拍得过于西化了，但讨巧的用溥仪的命运承载了近半个世纪中国的变迁，进而阐释了人与命运对抗的古希腊悲剧主题。如果说人的一生是不断失去的过程，溥仪无疑是失去最多的，因为他曾经拥有整个中国...,作为一个外国导演不可能拍得更好了，但我是一个中国人。
寻梦环游记,9.1,995638人评价,供奉的遗像是牵引家人回家的通道，驻留的记忆是保持亡灵存续的神力，热闹的音乐是唤醒思念启封的药引。我为你写了首歌，穿越浩瀚的岁月烟尘，捱过冰冷的孤独冬季，横跨漫长的天人之路，在你老去的时候，唱给你听。这瑰丽的灯火万家，摇曳的烛光千盏，不如你梳着麻花辫坐在床头时，眼里闪烁的星光璀璨。,皮克斯保持原创的又一巅峰，回忆与遗忘的情感核心，在家庭、音乐、梦想、冒险的故事线下饱满溢出银幕，最后只能以泪洗面。2017年度Top3,亲情催泪弹。所以，动画会不会好看，除了技术，更重要的还是如何讲好故事，把感情放进去，借作品把情感传递开，包括这部以及头脑特工队等很多能成功，皆是如此。不过，有些人似乎总是搞不懂这件事。,不算皮克斯史上最佳，但在今年这个格外寒冷的冬天，它足够温暖。,一个基于文化传统的完整世界观，挖掘了死亡与回忆的意义。绚烂热闹的亡灵界令人神往，皮克斯技术上的优势再度体现的淋漓尽致。故事上更像《飞屋》和《头脑》的墨西哥音乐MV版，家族的温情对应的是偶像的坍塌，成长的叛逆与梦想总有归宿。亡灵们的骷髅梗真是个百试不爽的笑点宝库阿。
摔跤吧！爸爸,9.0,1044588人评价,阿米尔一人饰演男主角19、29、55岁三个人生段。他首先完成了19岁的戏，然后疯狂增肥，一个月时间变成了体重194斤的55胖大爷，拍完老年戏后，又用5个月的时间疯狂减肥，回去拍29的戏！所以：为什么要这么折腾自己？直接拍完29再拍55不就好了？阿米尔说：那样我就没有动力瘦回去了！,一群骂父亲剥夺女儿未来的白左真令人作呕。我们现在有资格成为女运动员女演员女记者女程序员，是因为有牺牲童年牺牲安逸的开路人。女儿对未来应当有自主选择权，更需要能力支撑选择。脱离社会环境探讨权利都是耍流氓。14岁嫁给老头的闺蜜不用忍受被迫练习摔跤的嘲讽，so？,中国真是太多中华田园伪女权了，丢人,最惊讶的是放印度国歌的时候电影院几乎所有人都站起来了。。,最喜欢开头女儿埋怨爸爸的那段歌舞，叙事和歌舞互相成全，流畅至极。动作戏最喜欢吉塔初战男跤手和半决赛两场，人物与动作交融。为平权奋斗的主题和父女情都感人至深。民族主义煽情则显生硬。奉劝豆瓣那些不沾土不沾灰六亲不认的女权婊们，趁早移民欧美澳吧，我们发展中国家的小庙容不下你们这些大神。
少年派的奇幻漂流,9.1,983202人评价,深邃阔海，浩缈星空，绝境谕旨接踵而来，漩流深处响起弥撒之音。李安从来都不会纵情，他只是个温柔的人，腼腆着讲述内心的哲学。,我以为它会回头，但它只是朝着森林深处望去，然后永远消失了。也许父亲说得对，它根本没有把我当成朋友，但我非常确定，我在它眼中看到的，绝对不只是我自己目光投射的倒影。它就那么头也不回的走了，但在我内心深处，它永远与我同在。,五星献给自己看到的最好的3D电影。李安自己也说，拍这电影是不可能完成的任务，但他自己辛苦努力四年终究做到了。第一次如此感受到3D是一部电影不可分割的一部分，以及变换的画幅比例、层层交替的剪辑，一切都是为了故事本身。故事从冒险到有些奇幻，PI其实没有很多内心表达的镜头，但我可以感受到它,基督在旷野修炼，魔鬼要求他展示奇迹将石头变成面包。但基督拒绝了，因为奇迹就是魔鬼的诱惑。故事出现第二个版本正是印证了这一点。它让电影主旨反转：不再是关于信仰的确立，而是它的缺失——信仰不能建立在奇迹之上，但假如你面对一个奇迹，却选择拒绝去相信，这就是没有信仰的悲哀了。,同樣是關於少年和冒險的故事，不得不說，勝過老馬的《雨果》不止一兩點。第一次，3D的感覺不再那麼商業。50屆紐約電影節光榮開幕影片！More than just amazing and great. 
指环王3：王者无敌,9.2,507470人评价,我就不明白甘道夫升级为白袍巫师了怎么不爱使魔法，改成肉搏战士了。一直期待他使一招毁天灭地……,一口气看完三部白金加长版，对于这样的片子，只有两个字形容：经典。相对于骇客帝国，这三部的连续性非常好，值得称赞。,超级经典，看了无数遍,04年奥斯卡陪练片都很弱，所以也没什么冤案。小金人发给三部曲，PJ拍完LOTR本来就是一件伟大的事情。鉴于电影的要求，老左怨念的“霞尔平乱”是不能有的，拍了绝B被喷成画蛇添足。当然就一部忠于原著的电影而言，PJ做得很到位了，不过要看完三本书三部片绝对需要足够的毅力和体力。,"彼得大帝告诉你：什么叫做史诗！
本片荣获第76届奥斯卡最佳影片、最佳导演、最佳改编剧本、最佳视觉效果等11项大奖，和《泰坦尼克号》《宾虚》并列“获得奥斯卡最多的电影”。"
飞屋环游记,9.0,909150人评价,气球升起的时候太美好了,基本是儿童剧，最感人的部分一直到屋子初飞起的那一刻，之后就一直在梦游了..=。= 原本以为一切奇想不过是卡尔在再遇女孩那晚所做的一场梦，并且第二天天亮她还会来找他的…对男孩子气的艾莉的印象实在是太深了，这片要是只选取到艾莉死时，卡尔飞起气球，就是满分。皮克斯的技术没得说，因此4星,找回丟失已久的夢想吧！在我還未老去的時候···,前12分钟完美，后面剧作不及技术好。,为爱妻遗愿，老钉子户一飞冲天，远赴南美寻梦
十二怒汉,9.4,305817人评价,"情节展开的不错，但是戴维斯主张的部分都只是模棱两可的推测，实际上挨个求证这些东西之后，孩子有可能是凶手，也有可能不是。只是控方的初期工作没有做好，辩方的交叉质询没有做好，案子应该重新调查，而不是简单的判决无罪。

看到有人截屏引用这个十一年前短评做庸俗群众代表我很荣幸。

现在我要补充的话，会说，权利机关的失职是一回事，合理质疑没有毛病，但结局判决无罪是有毛病的。因为不管群众是盲从机构推测，还是盲...",辩论结束以后的镜头非常非常有趣，一群人各自散去消失在人群里，分分钟传递的是对美国民主制度的自信与自豪，而中国的《十二公民》辩论结束以后，陪审团成员们都各自走向了自己的孩子，这看来是把民主交给未来了.....时隔60年,民主、人性、理智、原则。合理怀疑。,傻了B了，竟然先看介绍，结果观影过程觉得影片本身十分做作。,1.看罢暗惊，但细想之下，并非最爱的吕美特电影。2.把罪案摊在阳光下。3.我从小到大住在纽约，却从来没去过那里。4.并非称言其无罪，而是不确定是否有罪。5.最棒的钟表匠都在欧洲。6.不论去到哪里，偏见总是遮蔽了真相。
鬼子来了,9.2,421785人评价,大哥大嫂过年好~~~~AND 姜文这个人是个天分极高的家伙。,我有个朋友说他一共看了３０多遍……,越荒诞越有力,在抗战这个题材上，找不到比这部片子做得更好的了。与之相比，陆川简直是坨狗屎。,1.一些意味深长却无法言说的东西。2.众生平等。人性并无美丑之分。渺小的人类个体的行为也无对错可言。是战争和国家这个巨大的利益机器扭曲了人性。3.战争，荣誉，保卫祖国都是公然杀戮的借口而已。4.南京只讲出一分我已觉得满足。姜文简直就是惊喜。
何以为家,9.1,580621人评价,前100分钟拍的没有任何一丝赘笔，冷静利落，最后20分钟稍有煽情过度，但也是在合理范围之内，小男孩的演技已经超过当年的柳乐优弥，戛纳最年轻影帝马上就要诞生了。,从一句话的简介 就直击心灵 再到120分钟完整故事 一直受到着冲击与震撼。 三个看片小伙伴 开篇就哭的稀里哗啦 结束 已经泣不成声  真的是一部还没看完就想让全世界去看的电影。那句在法院上12岁的小ZEIN的发言：我要控诉父母生下我。我想让那些无法养活孩子的父母 不要生下孩子。,"孩子，你做了爸爸，你做了妈妈，你也做了替万千与你一样的人鸣不平的英雄，但你唯独没有做过你的本分——一个孩子。
孩子，于你，这世界是该享乐的，生活之苦，是该被那个叫父母的人默默承受，不该像现在这样颠倒着的，你太小，除了哭，你没有与这世界对抗的武器，但，分明连上天都哭了，你为什么从不愿使出这个武器呢？
孩子，你是上帝派来的上帝吧，你头戴光环，普照苦难，渡人却无法渡己，而你的表现却令人揪心：你好像早都知...",在小男孩视角为主导的戏份中充分展示了拉巴基的执导能力，尤其是中后段小男孩和黑娃在街头的戏，高难度的拍摄环境和条件竟然拍得毫无痕迹以至于造成纪录片的错觉，的确厉害。但是剧作上又实在糟糕，法庭戏难以直视，黑人母亲视角画蛇添足，刻意的煽情戏更是把整部片往下拽了几个档次。,“你儿子一出生就死了…他并不存在，连番茄酱都有日期和保质期，你儿子什么都没有。”人生就像狗屎，比鞋还脏。“上帝夺走我们一部分，必会还给我们另外一部分”。2018版《乌龟也会飞》+《佛罗里达乐园》+《无人知晓》…“- 你弟弟皮肤为什么这么黑？- 我妈妈怀孕时咖啡喝多了” 冷漠的生活无法欢愉。“土耳其和瑞典哪个好呢？是我的话，想送你去月球” #豆瓣标记第4000部电影#
天空之城,9.1,577736人评价,时隔十年重新看这部动画片，被海盗老婆婆那句“头发被剪掉了才是大事”感动得乱七八糟。对于一个女孩子来说，什么金钱散尽啊什么历经苦难啊都被这几个字淡淡抹掉，小小一句话简直就是箴言。,剧情无甚佳，但天空之城的景象忘不掉，尤其是废墟中布满杂草的死掉机器人出现的时候,我愿意给10颗星！！！！！！！！！！,人类历史上昙花一现的飞艇时代竟然衍生出了这么波澜壮阔的故事，尽管早期画风有点幼稚，但想象力就是让人叹为观止。我最敬佩的，是当初决定离开天空之城的先人，因为那需要太多的勇气！,佩服宫崎骏的想象力，电影中的某些情节还历历在目，是部非常不错的动漫电影，弦乐很动听！
大话西游之月光宝盒,9.0,812781人评价,蛮好笑的，只是没觉得像大家分析的那么悬。不想深究，笑过就好~~,【B+】小时候电视上看过很多次段落，却没完整看过。其实我喜欢晶晶姑娘多过紫霞,如果一个妖有人性呢，他就是人妖。,莫文蔚趴在地上时说了一句话让我很感动，她说，我找到了一个和你很像的人。,一代经典，据说上映的时候票房异常惨淡，也没有什么奖项。但现在还是西游系列标杆性的代表。
哈尔的移动城堡,9.0,659142人评价,虽然它确实不如宫崎骏的很多作品，也不是最受欢迎的，但却是我最爱。每次响起俩人初遇时在屋顶跳跃的那段音乐，都觉得莫名的悲伤。也正是因为这种感觉，它才是最爱。,染发剂事件之后，形象崩塌暴露屁孩本质萌到吐血！哈尔一定是宫崎骏作品最帅男主了，配音还是木 村 拓 哉，简直不给活路,爱给了苏菲勇气，哈尔爱苏菲的勇气。,木村拓哉的声音真是亚萨西啊……,激动之下，把日、英、台三个配音版本全看了……
天堂电影院,9.2,460729人评价,观众在电影院什么事都干,没有结尾的热吻，这部片子就只能是还行,"几个亮点：电影院题材；缘分错过后重逢。都是很不容易的题材。恐怖电影，电影院里所有人都捂住了双眼，只有一个男人无所谓地瞪大双眼看，转过头去，楼上也有一个面无惧色的女人在对着他笑。一切停止在此时。
",和女主角的感情结尾部分相当拖沓，简直罪大恶极。,感人，但平淡。
素媛,9.2,409331人评价,难得的是没有利用亲情过度煽情，也没有过分纠缠于法律漏洞，避开了韩影最爱用的两个梗，而是更多的聚焦在创伤之后一家人的心理状态变化。重创之后生活始终继续，但你能选择如何面对。此片的所有感动点是来源于细节中和一家人共同努力渡过难关表现出来的积极心态，感动之余，倍感欣慰。有几处台词真心好,看前面的惨剧其实会略反感，总觉得在消费别人的苦难。好在故事的重心在治愈与亲情，这也是最感人的部分，尤其父亲第二次扮人偶，太催泪了。,真实事件改编的片子看过总是很堵得慌,最感人的是素媛回家时那一墙的小纸条。,“你能来到这个世上真是太好了。”
罗马假日,9.0,666284人评价,离开你 并不是因为不爱你,从他背对着走，到不自然的转身，观众和他一样，都在奢望些什么。最后整个记者会的段落，就像戏剧和现实的静谧对抗，现实赢了，却让戏剧的魅力更大。也许爱情就是，你不知道她会不会出现，但你却能肯定：她也想出现。这就够了。这样的结局不知可以完爆多少现代爱情片。,因为罗马，所以经典。因为短暂，所以永恒。顶着锅盖说一句：其实赫本的气质大过演技～,她说 我最爱罗马,经典中的经典，感动中的感动~我的公主，我的罗马
闻香识女人,9.1,578487人评价,刚开始，我觉得阿尔帕西诺演得有些用力了。但是看完，我觉得他就应该这么演。甚至那个年轻人O'Donneil也被他带动出极好的水准。探戈，演说。几近完美的一部片子。,或许是因为年代久远，会觉得故事略显老套，但并不影响影片带来的强烈感触。问题不是哪条路是对的，问题是，你敢不敢走？人即使身残，也应保持灵魂的完整，因为灵魂没有假肢。★★★★,"Al Pacino,老了也一样帅.","喜欢TANGO那段
",这个故事告诉我们……看得见看不见其实无所谓，长得帅怎么都行……
辩护人,9.2,411263人评价,一部电影，看完后，留给人们思考的空间越大、时间越长，电影的张力就越大，价值就越厚重，对人们的影响就会越加深而广。《辩护人》-----我想，当我满头白发时，无论脚下的这片土地变或不变，我依然会记得宋佑硕放弃安稳选择颠簸的理由：想让我的孩子们，还有你的孩子，不要生活在这种荒唐的时代。,“国家，证人所说的国家到底是什么？大韩民国宪法第一条第二项，大韩民国主权属于国家，所有的权力都由国民产生，国家即国民。但是证人毫无法律依据，一味强调国家安保，就把国家镇压践踏在了脚下······你是让善良无罪的国家生病的蛆虫，你是军事政权肮脏的帮手。”,OMG，这尽然是一部处女作。瑕不掩瑜，已经很棒了。被宋康昊那神演技弄得几度落泪，与其说是煽情，我倒觉得这就是演员发挥出来的功力见效了，入心。故事很有嚼头，真实事件改编，韩国军事独裁到宣扬民主的一个转折。结尾哭成傻逼了。另，韩影和韩剧真是出自同一个国家吗？Come on...,法律有时候也是国家暴力机器的一部分，但法律依然是个人能够对抗国家机器唯一的武器，当国家机器想要彻底摧毁一个人的尊严和权利时，它首先想要做到的就是践踏法律。而当法律被如此践踏时，即使是最逐利的律师，也会挺身而出来维护法律。如果要问法律为什么值得信仰，这大概就是我的理由吧。,韩国失去像卢武铉这样的总统... 真的是国之大丧.. 还有这个叫New的制片商真心让人眼前大亮~  去年本人觉得不错的 《新世界》、《监视者》《7号房的礼物》《捉迷藏》等电影都是New筹拍的 而且都是启用了新人做导演
搏击俱乐部,9.0,608856人评价,这就是神作！完美的镜头，丰富的特效，不可预料的情节，优秀但不装13的台词：我们还能期待从一部电影里得到什么？,这种类型片很多，这也不是第一个讲述人格分裂题材的电影，不知为何评价很高~~,欢迎讨论。pitt帅成那样很不容易,抛开一切，重获自由。You met me at very strange time in my life. 天呐，今天才看完这部电影。佩服导演埋彩蛋的功力，特别那两个big nice cock，绝妙啊！,各位亲们。。。精神分裂真的不是影片的重点。。。痛是我们感受活着的唯一方式。
哈利·波特与魔法石,9.0,600920人评价,演员最好看的一部。,忠实原著有时候未必就不能打造惊喜。,我觉得这仍然是这个系列里最好看的一集吧，第一次看的时候真的惊喜死了，整体设定的展开和铺陈都让人激动，重点是哈利在这个时候是最萌最可爱的时候了，第二集开始就慢慢的长开了！对！长！开！了！,这部电影是刚上中学过最后一个六一的时候，学校给放的，太久远的记忆了。作者天马行空的想象力，电影精妙绝伦的现，让我第一次对想象中的“魔法”，有了一个具象的观感。虽然那是一个虚拟的世界，但是我不会忘记那份感动和震撼。九又四分之三站台，分院帽，格兰芬多，魁地奇，都是最精彩的记忆！,经典就是经典真的是百看不厌啊。神奇的魔法学校以前还真的以为它存在，特别羡慕能在魔法学校学习的学生。哈利波特善良勇敢和他的小伙伴们一起斗伏地魔，里面的小演员都好可爱，演技也是杠杠滴！
死亡诗社,9.1,474983人评价,《死亡诗社》最后安德森爬上课桌那一幕哭得我稀里哗啦的，一个刚到口的龙眼就活生生地吞下去了。它和《孩子王》有一个同样的情境设定，但立意确实不同的。《孩子王》里“从前有座山”那段也是让我唏嘘呀。另外，《死亡诗社》的中文配音配得很好，不知道出自哪儿。,最后大家还是屈服了，但是永远不会忘记seize the day.,深刻并不来自死亡，而来自那对心爱姑娘眸上的深深一吻，岩洞里的昂扬青春，还有生命陨落前那最后璀璨。Carpe diem -- 换个角度，换个心态，不再一样。,"后来，多年以后，追姑娘被揍的他成了律师合伙人，继续暗恋过去的女人，被双亲寄予厚望的他终究还是“妥协”成了医生，洒脱不羁胸前刺字的他消失匿迹在茫茫人海，那个羞涩腼腆外柔内刚的文艺青年，一步步蜕变成了文艺中年。光阴飞逝，诗社不朽，Captain, Oh Captain",“人无千日好，花无百日红。”为什么Keating喜欢当老师？也许正是喜欢置身于人生第一个转折处，给予他们自己最好的指引。“梭罗说，大多数人都生活在平静的绝望中”，这句话人至中年才慢慢体味个中含义，所以，少年时期的梦呀，爱呀，理想呀，追求呀，努力追问，努力回答，才不枉一生。
教父2,9.2,348620人评价,罗斯之死是因为迈克赶尽杀绝的处事方式，潘坦居里之死体现着黑道规则，弗雷多的死则纯粹出于家族伦理。迈克在坚持父亲家族至上的价值观念，但时代的变迁使他的家族价值观无以为继，而缺乏亲和力的他也无法像父亲一样对自己的亲信恩威并施，这既令敌人与亲信都对他心生恐惧，也使他自己陷入孤独与偏执。,优雅的孤独,交叉蒙太奇和结尾的闪回部分，让2的结构比1复杂了些。你是对敌人、朋友、亲人失去信心，还是对自己失去信心？想改变、想停下、想回头，却被无形的大手推着向前走的感觉，很难受吧？维多所期望的麦克的未来，是现在这个样子么？,差点屏射。alpha male之殇。你只是为了我们才佯装坚强，现在请允许我照顾你吧。我是你哥哥，我并不像他们说的那样窝囊。禁酒年代我们在加拿大运糖浆，卡车还是你爸爸的。我回以色列是想落叶归根，回美国是因境外不给寄选票。三代代代有反骨，钓鱼之前说声万福。稳重的剪辑渗透时代的厚重。服。,所以说，苟富贵 勿相忘是古今中外最难做到的六个字。仔细想了一下麦克和他爹的差别，一个是由穷到富的创业，从妻子到孩子到朋友到哥们弟兄，无一不是感恩的，跟着教父有肉吃。而麦克，只有他知道世界多危险，他一个人扛一个人摆平一个人承受，然后身边所有的人却把他看做是凶手和怪物，真可怜……
窃听风暴,9.1,391461人评价,国安局血的教训：千万别请文艺青年做秘密警察～,"有个大漏洞,按理第一次被搜查,无论是谁都会把打字机马上处理掉",两条线，两个男人，两个故事，两个互相打捞的故事。丢了一个，彼此的人生都会沉入海底。当剧作家在街头，看到行走在人行道上的特工时，他本可以上前喊住他的。但是终于是没有。就像哈代所言，呼唤的人与被呼唤的很少能互相答应。他们最终选择了沉默地相互记录。,“你还站在正确的一方吗？”……惊艳于“做点变通”，惊诧于“重要的不是成绩而是成败”，惊呆于口误后的抓手动作，惊愕于搜索后可获损失赔偿，惊叹于女主的悲剧，惊奇于小人物改变的大历史，惊喜于“这是给我的！”,你还记不记得他听歌流泪的样子，倾斜在椅子上陶醉的样子？
狮子王,9.0,534509人评价,动物版哈姆雷特,从此得知，原来动画片还可以是这样的……,经典得都烂了,勇气与成长的故事，即使过了多少年，即使生处不同的时代，仍旧能够让人有所感悟……辛巴是在波折的人生中踏出了那条成王的道路！,台湾佳译影院译制的，非常用心的翻唱了所有曲目，相当不错。不过故事就次了点儿。
指环王2：双塔奇兵,9.1,465420人评价,LOTR都有意或无意地削弱魔法的存在。因为LOTR所要传达的是：即使是平凡人也能改变事情的发展趋势，即使是最微不足道的角色也能改变许多人的命运，而魔法对事物进程的影响，却在演员们本色的表演中渐渐被淡化，这也是为什么在三部曲中魔法仅仅以渲染人物心理变化作为某种基调存在，而非针对某样事物的实体了。FOTR的行云如水可称为“公路电影”，而TTT与其说是魔幻篇章还不如说是战争史诗。,其实这个故事挺弱智的。,莱格拉斯无敌帅~,比第一部有意思，树人开闸放水冲毁艾辛格的时候，其中一个着火的树人赶紧把头伸进水里笑死我了，好萌啊。假如一开始魔戒就被丢到末日火焰哪来这么多战争和死亡，和异形一样，都是人类的贪欲，自作孽。,第二部，喜欢树精。
我不是药神,9.0,1412048人评价,"王传君所有不被外人理解的坚持，都在这一刻得到了完美释放。他不是关谷神奇，他是王传君。
你看，即使依旧烂片如云，只要还有哪怕极少的人坚持，中国影视也终于还是从中生出了茁壮的根。
我不是药神，治不好这世界。但能改变一点，总归是会好的。",最大的病，其实是穷病。真的被感动了，整体都很成熟，也有些许韩片的影子。几个演员表演都非常出色。可看性和内在的表达都不错。这个世界最荒诞在于，越贴近真实，真实越荒诞。人这一生，太不易了。最后，王传君，加油哦！,电影能做到的好，这部电影都做到了。剩下的是这个时代不让它更好。在我们刚刚经历过的时代巨变洪流之中，有无数这样的小人物在时代洪流中艰难生存着，同时在竭力不丢失他们的灵魂。终于有这样一部电影，让我们能够看到时代，看到善意，看到希望。希望这部电影也能被这个时代善待。,直面现实问题，勇气可嘉。但把矛头指向药物研发厂家是不公正的，药物研发需要巨额资金投入和漫长的时间成本投入。试想如果无人去研发药物，仿制药又何从仿起？对于病人来说，那才真的是只能等死。不过要是把矛头指向了应该指向的所在，这部电影也就无法上映了，所以想通过电影来改变现实的人，醒醒吧。,为一句“谁家还没个病人”泪流满面 感叹生命在“穷病”面前无药可救 感慨中国终于有了属于我们自己的有力量的电影 所有演员都非常出色 近年最好的群像表演 请记住这些电影人 宁浩 文牧野 徐峥 周一围 王传君 谭卓 章宇 杨新铭 王砚辉 咱们电影还是有希望的 愿中国的电影越来越好 谢谢
大闹天宫,9.3,249442人评价,向中国早期的动画制作人员致敬！,这个无须评论。,中国动画难以逾越的一部,永远的经典,不朽的近义词
两杆大烟枪,9.1,415126人评价,没有人尝试那个卖假JB的想法么！,犯罪都那么的英伦范，盖·里奇构造了一出无巧不成书的黑色喜剧，调侃、刺激，别有一番滋味。“四个臭皮匠顶个诸葛亮，盖·里奇果然不是盖的。”,果真没让我失望 喜欢这样能让你笑着紧张的好电影,"If you hold back anything, I'll kill you.
If you bend the truth, or I think you are, I'll kill you.
If you forget anything, I'll kill you.
In fact, you'll have to work very hard to stay alive, Nick...",（9/10）对于脸盲而言前半段大概会看得很痛苦，但后半部理清线索后会是各种神奇……不算入赌场BOSS，这片一共有五股主要势力在斗殴：欠50万的（买了两支大烟枪去抢劫卖白粉的）、卖白粉的（高尔夫球）、毒品供应商（黑人势力）、强盗团体、讨债父子和两个不认识赌场大BOSS的小混混……
指环王1：魔戒再现,9.0,523286人评价,每次看魔戒都会被奥兰度惊艳到~,在拒绝好莱坞N年后，一次意外的走入影院，我成为了LOTR的死忠，总有一个绿衣服的弓箭手在眼前晃悠，我冒着花痴般的笑容，历史就此翻开了崭新的一页。,一口气看完三部白金加长版，对于这样的片子，只有两个字形容：经典。相对于骇客帝国，这三部的连续性非常好，值得称赞。,"想到魔幻世界,想感受史诗的魅力,那就看它吧","无限的生命并不能给精灵带来永恒的快乐 更残酷的是 让他们眼睁睁看着身边的美好一点点消逝 或许有限的生命才是命运之神对人类最大的眷顾
我宁愿和你度过凡人短暂的一生 也不愿一个人看尽这世界的沧海桑田"
飞越疯人院,9.1,415863人评价,无论是现在还是在将来，疯人院和护士长化妆成各种形状潜伏在我们周围，飞越疯人院就永远有意义,不可能飞越的，社会就是一个巨大的疯人院,不自由毋宁死。,美国人为何会无端端诟病中国的人权问题？而我们又为何会觉得朝鲜人民生活在盲目的幸福中？正因为笼子外的人品尝过笼子内的人闻所未闻的自由。当一个人试图破坏笼子的时候，把他定义为疯子就好了。,谁是疯子？谁又是正常人？没有答案。
美丽心灵,9.0,514498人评价,"我觉得你很有魅力, 你对我的主动性说明你对我有同感。尽管如此，传统的信任仍然需要我们在做爱之前进行数多次柏拉图式恋爱。我正在往这方面发展，但事实说来，我真正想做的只是尽快和你XXXX。","什么都好，除了《A Beautiful Mind》这个名字。
",这才是真真的传奇，再好的编剧也想不出来吧。,我发现我的一句话短评竟然造成了严重剧透，所以我做了修改，我的建议是，在先生（女士）您看到我这条短评时，请停止手贱，不要再浏览任何短评，以防剧透，立刻去看电影。您将体验电影剧情的不确定性而感到万分愉悦。,幻想又有什么不好，至少多了三个爱你的人。
饮食男女,9.1,380225人评价,看似最不能守住传统和孤独的人，坚持到最后。,到现在才看这种基础款片子实在该打。吴倩莲的角色看得我如坐针毡。归亚蕾对小珊珊说：“小孩就嘴这么叼，长大必定嫁不出了。”镜头一扫吴，我才后迟钝地顿悟。问题或许甚至不在美貌和才情就在那份致命的骄傲。这才只是副线之一。李安这人坏到骨子里去了。,老处女性饥渴献身机车男、约炮女遇渣男回头是岸、心机女挖墙脚嫁入豪门，老鳏夫暮年入花丛枯木逢春，李安导演，你牛。,李安最好的作品。太流畅了，调遣得宜，全无废句。,惜食，平淡如水余味长~想起小时候吃麦丽素特别小心，还发明好多奇怪好玩的方法。人心粗了，吃什么都不精。
V字仇杀队,8.9,728772人评价,人民不应该惧怕政府，政府应该惧怕人民。现实和电影的区别是，他们没开枪。,居然是美国的……哎呀呀，感触挺深的，力荐！你知道，在中国，这片子值得放一百遍,适合失眠者在凌晨3点至5点观看。我希望有更少的人理解它，有更少的人喜欢它——以便我可以独占它。,还好没摘，摘了就俗了，但是作为演员一直不露脸是不是很憋屈？这个角色80％是用声音塑造的，太TM深邃了好听了！主题很好，后面鸡皮疙瘩起的。。OST棒，尤其是中间有段弥撒曲太好听了啊！！,民众没有这样善良。若真实发生，最后万人一张脸孔的场面仍是过于理想化。
黑客帝国,9.0,522845人评价,为数不多看不懂的电影,红色还是蓝色药丸，永远是个问题,FUCKING DAMN COOL!,慧能说：不是幡动，不是风动，而是心动。,"""媒体和技术批判理论""|哈贝马斯，法兰克福学派，技术媒介，全景话语监狱，真实或虚假——拟态环境，波德里亚，后现代，信息过剩与贫瘠，赫胥黎，奥威尔或是波兹曼……"
猫鼠游戏,9.0,522088人评价,事实证明，聪明的头脑永远可以赚钱。,最佳弹幕：“阿甘被盖茨比骗很正常~”包含了好多小李日后的角色呢：精神分裂、投机家、飞行员、犯罪专家……发现小李总是在饰演那种受过世界伤害、骨子里反叛不羁、手段游刃有余、内心单纯天真的人生赢家呢，但对中产阶级又有各种点到即止的嘲讽，政治正确也需做得八面玲珑~,穿机长制服的小李子帅爆了，很能理解那些被小李子骗的富家小姐们,那个单纯的可怜的女孩呢？她怎么办呢？,小李美哭。其实这是个很温暖的故事。一个骗子，一个FBI，一个任性的孩子，一个善良的人。
钢琴家,9.1,343560人评价,如果说它想反映纳粹的残酷，那一点都不算残酷；如果它想反映主角的坚韧性命，那只能说他是运气好；反而我倒挺同情那个最后就他一命的德国人的。。。我想用ridiculous来形容，可以么？,爲何我會很憐憫那個納粹士官，至少他是鋼琴家的知音。,前半段一直觉得很沉重后半段直接被我当腐片看了（跪。。。 我爱德国军官攻。。给犹太钢琴师送食物和大衣神马的，结果最后连名字也没留下死在俄国战俘营了。另：纳粹军装真的太好看了！,那个耳鸣太震撼了。,有些电影，你仿佛能看到导演在摆动机位，演员在背台词。但又还有些电影，你完全交出了自我，跟着电影走，不知接下来发生什么，因为你已相信这一切都是真实的。
本杰明·巴顿奇事,8.9,673474人评价,你可以像疯狗那样对周围的一切愤愤不平， 你可以诅咒命运，但是等到最后一刻到来之时， 你还得平静的放手而去。每个人在某种程度上都对自己有不同的认识，但是我们最后都会去往同一个地方。只是走的路不同罢了。你也有属于你的道路。,关于时间关于爱……后40分钟忧伤到窒息！,当他变成一个孩子，他开始迷惑，“我好似已经经历了一生。”他曾经的衰老，曾经的爱恋，曾经的年华，到了某一刻，只能轻轻放手，顺服地走向死亡。,细节成功，但缺乏整体性。,"很好,四平八稳,只是没有惊喜."
看不见的客人,8.8,777732人评价,大爷大妈智商这么高 家里娃却蠢到开车不系安全带 还tm发短信。。,好看，强烈推荐。问题是如此重要的辩护人竟然不是当面引荐的。,所有爱玩反转的悬疑电影都可以用一句话来概括：你以为你以为的就是你以为的。,“男主玩家的言论真是无懈可击，可惜我是预言家，你已经被我查杀了，你自爆不自爆”,8.7分真过誉了，IMDb7.9都偏高。与《谜一样的双眼》《消失的爱人》《一级恐惧》《非常嫌疑犯》等同类比都有所不如，刻意于情节的twist，对主题和角色都缺乏发掘展开（女主小三都没给出确定性格，完全功能角色）。看后缺乏回味，生硬和缺乏逻辑的地方很多。咱这儿还真喜欢这种看似烧脑、高智商的片子。
让子弹飞,8.8,1094205人评价,你给我翻译翻译，神马叫做TMD的惊喜！幽默、炫酷、西部片，自恋、隐喻、男性化，黑色、血腥、怪点子，卖腐、露点、性暗示，酒神、荒诞、神经错乱，草莽气息、英雄情结、革命浪漫主义外加一分的孤独。,姜文的个人英雄式表达，但拍得流畅热闹，复杂的剧情细节之下，是他坚持的自我，但与鬼子来了相比，他更懂得如何掩藏自己挑战的野心，这些野心都掩藏在了一流的喜剧功夫上。,叉着腰！牛着屄！嗨起来！,如果说电影是个男人，冯小刚不中看，张艺谋中看不给力，陈凯歌早泄，姜文纯爷们！,姜文玩出来的电影，从头到尾都很放松，或者是太放松了，节奏总有点怪，有些情节也太儿戏。对白也不好，细节不如《鬼子来了》那么智慧，即便如此，这仍然是今年华语片最棒的。或者只能怪剩下那些太面货。请千万一定尽量降低期待。重看一遍，感觉这片舞台味真重啊。
海豚湾,9.3,274833人评价,我觉得大部分看本片会有感的人，都不知道，中国的白暨豚已经灭绝8年了，也不会知道，长江里的江豚也仅剩1000左右了。与其感慨，咒骂日本人如何捕杀海豚，不如做些实际的事情，保护一下长江里的江豚吧，没几年，也将绝迹了。中国人做出来的事情，也不会比小日本好到哪儿去。,看完确实很难受 但是其它被食用残杀的动物就因为比海豚低贱么...我也没办法真的素食主义..更别扭,看关于环保，动保的纪录片的最大意义就是转化为自身的行动。现在这种片子很多，如果看到10部你还没素食我怀疑你是不是要人格分裂了。,自己在家里看都能鼓掌,血淋淋的海湾……影片尾声那段触目惊心的屠杀场景让人看了感觉心里堵得厉害！地球村上的每个村民都该看看这部片子。
西西里的美丽传说,8.9,657152人评价,当你不再年轻艳丽，当你的丈夫回到了身边，那么你就成了那群丑妇的朋友。,关键时候男人都不出来帮他们的女神，不过如此,"“时光飞逝，我爱过许多女人，问我可否忆起她们，我说是的，我可记起你们，但唯一我不能忘怀的，是那个从未问过我的……玛莲娜”
",中国人喜欢拍强奸戏，通过女性的灾难来反映人性与战争的罪恶，托纳多雷显然玩的更高级。,@贺炜：一个出色的女人，她的全部罪恶在于她过于出众，庸众总是想亲近她的，可是发现她高不可攀，于是流言四起，每个人都不遗余力，直到她被流言所伤，被生活击溃，被拉回庸众的行列，终于学会对周围人道声早安，大家才心安理得起来。于是，平庸又杀死了一个人。
情书,8.9,620191人评价,"关于藤井树的种种回忆，是你拥有的，我把它寄还给你。
",这个人偷偷爱了你大半辈子,2000年，本人看得第一部文艺片，当时不知道啥是文艺片，表面上洋洋得意，认为自己算个文艺青年了，内心里无比的可惜那一块钱，因为本来是租《唐伯虎点秋香》去的。被人租走了才不得以看《情书》,不知道为什么一直没看一直没看……四个主演竟然全部都是双鱼座……所以真是一部极其双鱼的电影……暗恋的极致……但导演却是水瓶座……,「把名字一遍又一遍的写在借书卡上，反反复复看一张并不想知道答案的英文试卷，在告别之前偷偷的把你画在借书卡背面，希望你有一天会知道，我喜欢你」整部电影的配乐都好伤感，女主角一人分饰两个性格不同的角色演绎的非常好，青春和暗恋的心情满点，话说岩井俊二的每部电影里都有几个无厘头的奇怪角色
拯救大兵瑞恩,9.0,434345人评价,战争电影No1，美利坚精神输出大片。,小狙太冷静了，太帅了！,值不值得，什么又叫值得。,瑞恩不需要小金人,找斯皮尔伯格拍，肯定没错，非常正统的美国片
小鞋子,9.2,266148人评价,小演员表情无敌，故事朴素真挚，比赛一段过分煽情，结尾收得真漂亮。,这些故事那么熟悉，就发生在我身上。,最纯的电影,孩子的眼神动人；朴素的煽情极富感染力。结尾好，戛然而止，干干净净。,世影史：影片与很多伊朗电影一样清新、质朴，真诚地描摹伊朗人的真实生活，表现窘迫艰难的平民生活中隐含的人性的善良，带领观众回到纯真澄净的世界。导演以一种极其温情的目光关注了一个普通儿童去以自己的方式去实现一个梦想的全过程。结尾金鱼亲吻孩子双脚的画面，以其美感和创意备受推崇。
音乐之声,9.0,401359人评价,温情四溢、沁人心脾的音乐电影，经典的一塌糊涂。,里面的音乐剧已经载入教材，《哆唻咪》《孤独的牧羊人》《雪绒花》《音乐之声》等歌曲至今让我们耳熟能详。而更让我动容的，是隐藏在音乐背后的那博大而深沉的爱。最后特拉普带领他们逃到广袤而无限秀丽的阿尔比斯山脉，那是从专制走向了自由。8.8,经典之作，其中反纳粹，追求自由，积极乐观的生活态度，至今仍打到人心，激励和鼓舞一代又一代的人。,会好看的电影，音乐非常好听，男主角的小孩真多啊！好可爱,我是先喜欢里面的一首歌才来看这个电影的。里面的歌舞不错，故事也挺正能量的，如果老师都用爱来教育培养孩子，那孩子们就太幸福了。
美国往事,9.2,286864人评价,兄弟如垫背黑一枪，女人如蛋糕揩一块，美国梦一场滑一跤，往事烟一口笑一笑,少年子弟江湖老，红粉佳人两鬓斑,两场强暴戏毕竟是吃不消，男性的传奇之路上似乎最少不得的就是美丽而无人格的女性牺牲品,当年姜文拍阳光灿烂的日子前拉美国往事拉了五十多遍，今次看来，果然颇多神似,史诗叙事大师笔法，黄昏已近青春已远。而今男人的理想已改变太多。配乐绝佳。
穿条纹睡衣的男孩,9.1,326917人评价,无论你之前是什么样的人，在穿上这件条纹睡衣之后，都会变成一样的人。这部电影主题深得我心啊，故事讲得也不错，镜头运用，结局处理都很出色，特别是结尾处那个长达数秒的长镜头发人深省。,小孩总是交友，大人总是树敌。,如果你看完之后只是为这一个小男孩而伤心，那么你是真的有种族歧视了。,如果有个惊喜的结局，犹太人反而会被妖魔化,我觉得它并不比[辛]差，不是只有透过大社会看战争才是正统的片子。父亲就算是纳粹也爱自己的妻子小孩，母亲做为女性心软，青少年容易被骟动，而什么都不知道的小孩只能接受大人给他灌输的知识。我觉得这些都是可以理解的，并不是“刻板”“形像化”的。最后的长镜头看了几遍
致命魔术,8.9,576057人评价,孪生蝙蝠侠大战克隆金刚狼,"金刚狼到头来还是被蝙蝠侠给算计了~！
",说穿了不管是孪生兄弟还是复制人，让他们对舞台上的成功如此痴迷的不过是观众脸上惊奇的表情和如雷的掌声。当我们一直生活在需要别人给予肯定的怪圈之下，我们就迷失了当初的自己。,人类的历史是斗争的历史，斗争的历史是牺牲的历史。现实残酷又悲惨，比起真相，人们更需要奇迹和魔法。我们每天杀死自己，我们选择被愚弄。  诺兰：“《致命魔术》拍得比较仓促，因为制片方希望能够赶在06年内上映。虽然我做到了，但如果有更多时间，这部电影会更好。”,克隆出来的Hugh Jackman别杀啊，给咱一人派一个啊……
七宗罪,8.8,672966人评价,因为看的年代晚了 所以惊喜全无～,为什么拍出来十几年我才看到呢？,阴沉而绝望。基督教用撒旦的七个恶魔形象来代表七种罪恶：傲慢，嫉妒，暴怒，懒惰，贪婪，暴食，以及淫欲。一个变态的宗教杀手，平时连一只鸡也不杀，但他找到了依据来实施对人的毛骨悚然的谋杀。有什么能比一个人做魔鬼的行径更为恐怖的吗？台词：“这是个美好的世界，值得我们为之奋斗。我同意后半句,从它开始喜欢上摩根弗里曼,"色调太深沉，纽约的雨一直下，混乱的街区，血腥的现场。
有些画面好恶心，分2天看完的，特别喜欢老警察，演技台词都是一流的。
还有万万没想到的结局。
"
低俗小说,8.8,573052人评价,我爱特拉沃塔的舞。,你的漫漫人生，我有多少戏份,事实证明，编剧恒大于结构。玩弄技术者必将悲惨淹没于日新月异中，新潮变做作，做作变老土。演员都是熟人，OST很好听。Travolta有点PITT的味道，昆汀大叔妒嫉他，竟把他写死了。讨厌拳击手，暴菊黑屋子太搞了。。Maria deMedeiros甜美性感小魔女——不是LES太可惜！,低俗小说，故事的高级讲法~,除了乌玛瑟曼表演的OD那一段 其他整部剧不知所云
绿皮书,8.9,994041人评价,“如果我不够黑人，也不够白人，又或不够男人，那请你告诉我，托尼，那我到底算是什么人？！”——恭喜，你是最政治正确的人。,你知道这个故事要讲什么，你也知道这段旅程会经历什么。你明白这其中并不会触及什么过于深刻的东西，却也展示了许多直白，你明白身份是每个人无法避开的东西，也知道相互理解是多么难得。你会自然地喜欢这些描写得并不太像真实人物的角色，你会跟着那些好笑或其实并不太好笑的片段笑出声来。或许也只是将发笑作为第一反应来化解或掩藏其他的感受。你知道故事和片名说的绿皮书关系其实不算大，你也大概没有想到自己会喜欢这部影片。,基层白人司机护送著名黑人钢琴家在美国南部巡回演出的故事。两位角色的社会阶级和教育程度的差异，让电影笑料百出，肤色的对比却又十分的讽刺，让电影充满种族平权的抗争和泪点。两位演员默契火花十足，是一个十分温暖人心的故事，影片结束之后响起经久不息的掌声，边笑着边流着眼泪鼓掌到手都疼了。,“世界上孤独的人都害怕迈出第一步” 从最开始的矛盾抵触、到被迫站到一边慢慢调和、甚至最后的惺惺相惜，这不是一趟抛开歧视的旅途，而是两个孤独的人从彼此身上看到另一个世界，一个更真实的世界。纵使有太多不同，种族的、阶层的、贫富的，都可以在这一场春风化雨、淡入心灵的结伴同行中，化干戈为玉帛。“爱上你是件毫不费事的事情”、“如果我不够白，也不够gay，又不够男人，那么你告诉我，我到底是谁”…唐·谢利为托尼...,维果·莫滕森的人设太讨喜了，爱吃的人品格不会太差。更大惊喜是马赫沙拉·阿里，既要演得“不黑不白”，甚至还要“不man”。总有个孤独的灵魂要迈出第一步，温暖的圣诞颂歌
沉默的羔羊,8.8,569737人评价,如果汉尼拜尔教授不整天嘴上念叨着吃人，和他共进晚餐一定是世界上最迷人的事情。★★★★★,所谓经典就是无论什么时候翻出来，都能让人回味许久，值得反复琢磨研究。其实小说本身并没有多么出彩，但安东尼·霍普金斯却超一流的演技诠释到了近乎完美的境界。★★★★☆,面对阴险、深邃、睿智的眼神，面对善良、疑惑、稚嫩的眼神，我同时看到了一丝迷茫与矛盾，对人性理解上的茫然，对自己内心世界与离经叛道的行为的矛盾辩解，他们对自身性格的了解都是那么的缥缈，这也许就是两人吸引对方的共通点吧！ ,“颇具匠心地将恐怖片与侦探片结合成一体，采用希区柯克式的悬念手法和现代恐怖片的心理分析，将观众引入了象征性的潜意识的世界。警察为了捉一名杀人狂魔而不得不求助于另一名杀人狂魔，这本身就具有强烈的荒诞与讽刺意味。影片一直在寻找人类社会的恐怖之源，最后得出了一个“由于秩序本身的问题造成的，反过来危及秩序的犯罪病例”的结论，这使得影片具有了一定的社会意义。”,重温经典，发现现在多少影片借鉴了它。。。很喜欢沉默的羔羊这个隐喻，虽然我也不确定它到底暗示了什么。。
蝴蝶效应,8.8,633105人评价,我们每个人，都会幻想能够改变过去使目前的状态更好些，或者希望过另一种生活成为另一个人，这部电影反映的就是这种想法以及假如我们真这样做的结果。埃文不停的改变过去的选择，希望能够找到一个完美的未来。可事与愿违，往往导致更加悲剧化的结尾。人类对自己的认识一度忘乎所以，以为自己就是上帝，而最终仍将认识到自然的种种限制，但正是这种限制，体现了生命的意义、抉择和努力的意义。当我们回首往事，自然会对以往的错误感...,"尽管有破绽,但是构思的巧妙和创新足以弥补,不能用科学的角度来分析艺术",你本不屬于這個世界,原来是导演剪辑版，结尾的改动让它加了一颗星。这就一恐怖片呀...如果不讲剧情在哲学上的自洽和科学上的合理，编剧还挺不错的。怎么可能一次爆炸就把人格完全改变呢，人格是很稳定的嘛。蝴蝶效应可以改变事件，但说改变人格就有点扯了。【2009年9月25日看的，豆瓣记录有误】,前半段是“诱惑肌肤”，后半段是“疾走罗拉”。通过大脑开外挂，不断拓扑出各种现实，最后一步步修正回原点。你无法改变一个人又不毁掉他。软科幻，硬惊悚，震撼结尾。
被嫌弃的松子的一生,8.9,512431人评价,她不明白人生失败的根源就是全身心地投入舍弃自尊来博得并不值得拥有的所谓爱,"　　""小时候,谁都觉得自己的未来闪闪发光,不是吗 　　但是一旦长大,没有一件事会遂自己心愿"" 　　 　　她总是想着办法，即便是些常人看起来怪异可笑的办法来面对不太公平的生活遭遇． 　　 　　看得我真他妈压抑. 　　我就是无比恐惧自己的生活会变成这个样子 　　导演和编剧把我对我生活的梦魇般的臆想变成了胶片",但是她说，我要跟着他，就算下地狱，那时候真美。太宰治说：难道纯真无暇的信赖之心也算是罪过吗？,她只是怕寂寞……,生まれて、すみません。
春光乍泄,8.9,425301人评价,光棍节给自己准备的电影《春光乍泄》，根本就是找虐。。。。黎耀辉简直是八心八箭4个9的纯GAY，极品中的极品，GAY中的爱马仕，GAY中的劳力士，GAY中的劳斯莱斯，上下5000年不可多得的尤物！！！我想变男人要这样的男朋友啊啊啊啊,总是觉得，站在瀑布下的应该是两个人。,他说，不如我们从头来过。,感情说穿了 一人挣脱的 一人去捡,影片两个男主人公的名字竟然就是两个摄影助手的名字，感叹于王家卫随性而行的个性。
禁闭岛,8.8,630652人评价,非阴谋结局 泰迪确实病了 最后泰迪是被治好了 但他不愿活在痛苦中 因而假装自己又犯病了而去做切除手术,所有人都陪你玩，你好牛逼,"这部电影所讲的是：<1>.我们没有面对自己的地方，就会成为我们的命运。——荣格 2. 我们相信什么，什么就是我们的命运。

",结局是开放式的，随便你怎么演绎都有理。所以大概不能断定说看到一半就猜到吧。,他到底会像怪物一样活着，还是会像好人一样死去呢？
心灵捕手,8.9,471795人评价,经历没有埋没我的才华，却抹杀了我应有的自信，我被吓坏了，成长出一腔的狂妄自大，我赖以这种方式保护自己，终于等到一句：这不是我的错。,你年轻彪悍，我如果和你谈论战争，你大可以向我大抛莎士比亚，背诵“共赴战场，亲爱的朋友”，但你从未亲临战阵，未试过把挚友的头拥入怀里，看着他吸着最后一口气，凝望着你，向你求助。不要以为，我了解你。也许我可以通过“知识”来看你，但那不是你，除非你愿意谈谈你自己，否则我不知道你到底是谁,心理学教授明显的INFP，数学教授则有些INTJ。至于天才少年大概是INTP。有些人天生就幸运，拿了一手好牌。而大部分的我们却只能努力把自己的烂牌打好。如果你可以自由选择做任何事，你会做什么？也许那才是你真正想做的——如果说天才类题材有其现实意义的话,我每天到你家接你，我们出去喝酒笑闹，那很棒但我一天中最棒的时刻，只有十秒，从停车到你家门口，每次我敲门，都希望你不在了，不说再见，什么都没有，你就走了，我懂得不多，但我很清楚。,“我们的小缺点让我们找到对的人。”没有谁是完美的人，最亲密的人就是能够完美的接受对方的不完美。在那个年代，有许多这样的励志影片，或许现在回头看会觉得俗套说教，但精致的对白，动人的配乐，达蒙与罗宾的飚戏，始终会有抓住你的地方。生活有時候只是一种伪装，真正的声音源自我们内心。★★★★
布达佩斯大饭店,8.8,596291人评价,故事并不怎么吸引人，完全靠导演的个人风格来博取毫无鉴别力观众的好评。,刺激的色彩，独特的人物，湍急的镜头运动起飞的节奏，停不下来的爽与赞。对于这样的导演，不论多么细微的角色，演员都会愿意接受，因为最细微的角色，也有足够的个性，让观众记住。,竟然是以茨威格的昨日的世界为灵感的哦,《布达佩斯大饭店》里的各种对称，安德森的各种讲究，从色彩到布局甚至是时间线和情感线上均有始有终，新世界和旧世界如齿轮一样完美暗合，不失为一种优雅。在梦境之上再造梦境，在废墟之上再建废墟，明明颓唐又万分克制，难怪会为你入迷。,一张寄往旧时欧洲的精致明信片，L’Air de Panache的味道充斥整个屏幕，冷幽默和由慢至快的节奏依旧，尾声的高潮之后迷漫着令人惆怅的尾香。逝去的终将逝去，这童话式的一瞥令人难忘。
海蒂和爷爷,9.2,224068人评价,凭着取景在瑞士宛如天堂的阿尔卑斯山就值得打十星！！！我十分赞同曾经看过的一个观点：每个人童年时期与大自然的亲密接触是十分必要的，与自然相处你才会有更高的审美，才会在内心深处更准确的悟出人是什么活着是为什么这样问题的答案。对社会的认识越深，才会越发觉得返璞归真才最珍贵。棒。,今年第一个惊喜！可能有点偏儿童，但绝对老少皆宜。小姑娘呀，你可千万别长残了,"海蒂失去了父母，于力失去了孩子，他们是两个被抛弃的人，恰好填补了对方缺失的部分。
来到克拉拉家，海蒂有了新衣服、新鞋子，有了食物，有了温暖的大床，她什么都有了，可是没有了爷爷、雪山和羊群。
你给了她物质生活，其实她要的是精神生活，要的是亲情和自由。
无数的规矩和礼仪把克拉拉压得喘不过气，让她产生了心病。不仅身体寸步难行，心理也被牢牢困住。
你以为你给了她一切，其实你根本不知道她想要的是什么。
正是...",喜欢 很温馨 我泪点有点低,5颗星完全不够用
勇敢的心,8.9,429917人评价,一句“freedom”煽的我眼泪哗哗的,freedom,被曲解的历史，詹姆斯霍纳的巅峰配乐,生命诚可贵，自由价更高。,自由就是这么来的，可奴隶也是这么来的。
剪刀手爱德华,8.7,769067人评价,爱德华的眼睛让人心疼,"JohnnyDepp最经典的一部片.
很美丽的童话.
那个孤独而美丽的爱德华让我至少哭了两遍!",童话真美好 现实太聒噪,Adward脆弱的眼神永远忘不掉,这片居然没有修复版！即使在TB的作品中，这都算得至纯真的一部。发明家死的时候Ed弄坏了原本是要送他作为圣诞礼物的人造手，他试图抚摸至亲的脸却只留下血痕<--姐的泪点在这里。想不到这次边上有人几乎同时开哭，而且哭得好大声。灯亮之后发现那是个清朗的白发大叔，好可爱
阿凡达,8.7,909721人评价,这电影的特效是自指环王以后见过的最令人惊艳的。我觉得可以打6星！去看的时候一定要去看3D版的。,"全宇宙也就天朝的钉子户最弱势了。
潘多拉版风中奇缘。另外我buy所有生物都是生态网络中相互连接的神经元这个idea。",汗，这片基本论调就是反人类嘛。这个电影是一定要去影院看的，就算没有IMAX，起码也要看个3D的。而下载党和碟党都可以考虑放弃这个电影了。因为除了视觉刺激，单从剧情看，有太多值得选择的电影。,从现在到未来，从地球到潘多拉，《阿凡达》再次告诉我们，要想泡到一个姑娘，有一辆好车是多么的重要啊～～,所有3D片给我的感受都是一个样：戴两副眼镜真累，剧情真EASY，随随便便就完了。
天使爱美丽,8.7,738699人评价,他買來她要的酵母淘氣的躲在門背後，撩動簾子，一轉身，結果是那只可恶的黑貓，於是，她哭了。,洋溢着法国人的性格风情,配乐大好，剪辑大好.别的不够好. 至少不对胃口 到现在只对片子最开始的部分 也即艾米莉的自述印象深刻了 尝试做爱如何，但是感觉不太好. 那个微笑的表情,看名字就不怎么想看的一部片子，果然片子色彩那么美，女主角长得也不错，性格很萝莉，但就是不喜欢。她整水果摊老板的手段太刻薄了,浓重的法国情调，舒缓，镜头语言动听。女主角漂亮。唯一的不足就是……这样的爱情会不会太作了？爱情就是门口经过的大巴，现在不上，以后都不能再上了……
摩登时代,9.3,185100人评价,"惭愧死了，这才是我第一次真正看卓别林的电影。在放映之前我还想，为什么人们要叫他“大师”？不就是一个演员么。结果几秒以后，字幕上映，导演，编剧，主演，甚至音乐配乐都是卓别林创作的。我完全被震撼，真的是大师啊……

这是一部又辛酸又喜剧的片子，对当时的社会不论是在工业，政治，还是生活",这是卓别林第一部有声片，他尽可能写一个对话剧本，尽可能尝试一次“声音”的实验，然而由于卓别林坚持一贯的“流浪汉”角色，“声音”似乎又与角色不协调。反观，声音又以一种独特的方式呈现，我们听到的机械设备（有声）对人的打压（无声）正符合了电影主题的象征。,他是个天才。|他们两个坐在草地上遐想向往的生活的时候，神情是多么的美好啊~,这就是经典啊,卓别林总带有纯真的浪漫。影片宛如他早年时代的缩影，尽管工作根本无法让人过上体面的生活，却依旧保持着乐观。就像结尾，你根本不知道明天会在哪儿，还是会跟着他走下去。
加勒比海盗,8.7,602028人评价,船长还能再帅一点么－。－  放荡不羁 霸气外露 豪情四溢 男人的极致啊,"“因为地平线一直在那。你想到达那儿，但你永远到达不了。就是那样，遥不可及难以放弃。” 
",在海岛的时候连看了三部，就记得第一部的剧情，2，3都忘记了,原创感十足，船长乃实在太美了！,船长登陆那一段，有点创意。
致命ID,8.8,528372人评价,"恐怖？剧情？科幻？探案？四不像！
我也想搞上十个自己，大家一起玩dota",精妙绝伦的剧本。大量的细节描写使得影片非常耐人寻味，切换焦点时镜头的微小变动更是非常隐喻。结局倒不出乎我的意料，这种片子到最后肯定会回头给观众一枪。编剧太牛了，前后呼应的巧妙简直让人佩服得五体投地。即使是6年前的片子，如今看来也生猛十足。,对阿婆的《无人生还》的一个相当有才的致敬。,吓得我都要人格分裂了！！！以后打死都不要再看恐怖烧脑片！！！！！,没办法不打五星啊，虽然不到一半就猜到了结局。
喜剧之王,8.7,624666人评价,张柏芝的演技和她的美同样不会让人怀疑!,“我是一个演员”，我最爱的周星驰作品，笑得流泪,那时候的她无论多少流言蜚语都无所谓,戏梦人生，笑中带泪，好作品,失望！太想真诚，倒显得做作了
断背山,8.8,511537人评价,Ennis不爱男人，也不爱女人，他只爱Jack。“希斯·莱杰和吉伦哈尔让这个痛苦的感情故事在我们身体中蔓延，莱杰先生神奇且难以置信地从他自己的身上消失而完全融入了角色，这是一个在银幕上可以企及马龙·白兰度和西恩·潘的表演” 人人心中都有一座断背山，那是一个永远也无法抵达的梦-李安,这部电影于我，后劲很大,看来我没有弯的潜质，一上来我就把攻受猜反了,原来爱情都相同，只是戴着不同的面孔。,深邃的大山和静谧的流水，一段如歌的爱情与疼痛的秘密。
幽灵公主,8.9,375741人评价,老宫最宏伟的巨作,尽管由五小时缩减至两小时略显晦涩，尽管为商业目的加入过多感情戏，然而剧本酝酿长达十六年的本片是宫崎骏的顶峰与转折。史无前例的13.5万张胶片，CG技术与吉卜力少见的血腥镜头带来一系列视觉及心理上的震撼，宫崎骏放弃了理想主义，将人与自然视为不可调和的两个极端，指出人类首要问题是生存。,嗯，原来这是个反战的电影。虽说从故事到画面都很有气势，但是总觉得少了些打动人心的东西,所看过最有深度的动画了，居然有几分史诗的感觉。分镜头比许多真人电影还好，好棒，五星力荐,宫崎骏果然是最关注女性的导演之一。
杀人回忆,8.8,432530人评价,这并非一个寻求真相的故事，而是关于真到底相如何被整没了……,真实事件玩了全世界，电影玩了你，总觉得离真相很近了，而真相却是没有真相。★★★★★,这片给我的阴影才是史无前例好么？5年前大学拉片课上看的，看完了已经半夜12点，我走回寝室腿都抖的站不起来，一年中再也没吃过桃子。奉俊昊和宋康昊联手，真不是闹着玩的，经典至极。,又看了一遍，想当年第一次看这片时，我还恍惚觉得案子都没破就结束，什么玩意儿？！可多年过去，每一次重看，都更坚定地确定它的完美。一个没有找到凶手的故事，编导把它拍得悬疑跌宕而富有深意，看似普通实则卓尔不群，作为热爱电影的人，从这片里会深感电影的魅力,无懈可击！影片的焦点从不在连环杀人案本身，主线是每个人深陷泥潭的不能自拔，副线则是当时整个韩国社会的动荡不安，时间的推移不能洗刷罪恶，宋康昊结尾处的眼神映射出无限的沧桑；第一次犯罪现场的长镜头和追捕手淫者的快速剪辑这两段都快要让我哭出来了。
入殓师,8.8,436730人评价,整矫情了..做殡葬业需要那么多感怀身世和心理建设吗...在我们中国，这是一个超级暴利而令人羡慕的行业,对待死的敬意，犹如对待生的真诚。举重若轻。,日本人的表演还是太做作,"草野中木本拉奏提琴的容色有忧郁的神采.每一道程序日本人一贯的谨慎严肃和精微.对于逝去的人没有比这更好的尊重了.死亡并非代表一切终止了好的人生是一个自省的过程.于是才有谅解释怀充满了怜恤与爱的感情.感动由是草野上徜徉的音乐,飞起了生命的律动.",很简单的故事但确实是感人。关于死亡的仪式。自己关于死亡的三个记忆：去年年底以及今年上半年各参加了一个葬礼；高中一个同学在高考前因癌症去逝了；初中一个同学则在殡仪馆就职。
狩猎,9.1,232380人评价,实在是一部虐心的片子。感觉这样的故事很像时下微博流行的一些谣言，我们都喜欢耸动的新闻，人们不关注真相，更关注这个故事是否与自己预想的一致，或是对自己有利。而恶意一旦形成，将伴你一生。黑暗压抑的故事，麦德斯的表演很棒。这是个寓言，所以情节会略有刻意，尽可能的虐心。,即使整个社会抛弃了你，也要活得有尊严。叔顶着满头鲜血回到超市去要回属于自己的东西真是帅爆了=口=卢卡斯从没有抱怨过我什么都没有做你们却要这样对待我之类弱爆的怨言，而是咬牙挺胸堂堂正正的挺过去。如果恶意无法避免，至少要活得坚强。顺说我总觉得下一幕叔就会化身汉尼拔把全镇下饭…,前半部分悬念铺设出色，后半部分情绪掌控直击人心，点睛之笔的结局让人想起《家宴》。尽管是已经被讲过无数遍的故事，但温特伯格仍然能一步步将你带入其中，所有角色的心理和行为都是如此真实可信，也因此更感可怕，观影体验如身临其境般痛苦难熬，堪称一大虐片。麦德斯的表演依然上乘。,4.5。1.猎人与猎物的悖逆寓言，辩诬无可能。2.以孩童之谎倾覆成人世界，此题材惊艳度着实绝佳，然影像的本体外延有待加强，可参考雷诺阿[游戏规则]。3.战栗时刻：超市被殴重返、雨夜葬犬、林中暗枪。4.以教堂为爆发地，将集体无意识与赞美诗黑白同构。5.你在我的眼睛里看见了什么，你什么也没看见。,喜欢的瓦解，善意的负累。太爱这个戛然而止的精彩结尾了，它代表了所有的不信任：被碾碎的人性以及垮塌的社会。电影有两面：一是展现人群里趋炎附势，人云亦云的现状、二是悖了一条“孩子不说谎”的俗闻。现实世界里，我们没办法对人完全相信，但也因此没办法不信。这就是倒戈的开始，也是真相的绝境。
阳光灿烂的日子,8.8,431806人评价,别人说这部片子很绝望，我看到的只是与我无关的，男生的青春期,姜文，夏雨，张一山长得太像了！,那阳光，灿烂到心里,性显然是姜文创作的原动力，当[阳光灿烂的日子]的主人公爬上了高高的烟囱，他似乎把世界都踩在了脚下，正是这种年轻人凶猛的征服欲让电影显得那么可爱。无论哪个年代的青春都意味着永恒的大太阳和过不完的日子。唯一的乌云来自旁白，它无数次地提醒我们韶华已逝，人终归要被独自落在泳池里自己扑腾。,整部影片看下来也没有多感慨，毕竟我的青春和他相距甚远。
重庆森林,8.7,541812人评价,"一个人哭了，你给纸巾他就行； 
　　但如果一间屋哭了，你就要做很多事情。 ",喜欢王菲那段.,你不说，我不说。,两个故事，似乎梁朝伟的故事更是我的菜。原来爱情还可以这样——梦游。无论是633的家里，还是“加州”，都是相同的地点，不同的时间。空间的距离，最终却都会重逢。“她走了之后，家里很多东西都很伤心，每天晚上，我都要安慰它们才能睡觉”——瘦了的肥皂、哭着滴水的毛巾、寂寞的衬衫,中影史：影片由两个基本不相干的故事构成，两个故事之间的关系，就像擦身而过的金城武和王菲，无限趋近，又无缘相交，只有0.01公分的距离。影片在各方面与巴洛克式繁复的悲剧巨制《东邪西毒》形成了对比。一言以蔽之，王家卫与杜可风的风格是典型的“万花筒、MTV、后现代”。
第六感,8.9,371388人评价,爱竟然成了本片最大的悬念,反转王加催泪王,又是一部以结局见长的电影,教科书级别的悬念,...可惜已经看过《小岛惊魂》了...太早猜到了结局...而且漏洞多啊~
请以你的名字呼唤我,8.9,409757人评价,elio坐在火炉前，一会儿落泪，一会儿抿着泪水笑了，一会儿眼睛里又恢复了冷漠，仿佛在短短几分钟内，他把那个夏天又度过了一次，且此生还要度过很多次。,细腻、唯美、慵懒，带着浮生若梦的气息。我们大多数要等到青年时才能将蒙昧的性觉醒付诸实践，而CMBYN呈现了同志电影绝无仅有的“少年时代”。这个叫Timothée Chalamet的男孩是世间最美的珍宝，他的一颦一笑、从脚趾到发梢都让人疯狂。请以你的名字呼唤我，因为在这一刻You're MINE,我知道读书，知道游泳，知道改编乐曲，知道皮亚韦战役是最惨烈的战役之一……我什么都知道，却不知道怎么让你喜欢我。,能等到它拍成电影 活着真好,看进去后，我觉得并非糖水片。从相识，经历试探、闹别扭、忍不住靠近、戳破那层纸、干柴烈火、甜蜜相处、挥泪告别到深深无奈的过程，展现得细致舒缓。爱到深处，五脏俱焚，连回去的力气都没有了。小演员的演技真是太好了，结尾处他蹲在炉火边默默哭泣，那种复杂的情绪，经得起长时间的镜头凝视。
小森林 夏秋篇,9.0,275550人评价,把日本乡间简素的一餐一饭，拍得很有质感、美感、生活感。在天朝这个审美粗糙的国度，日式情调显得如此有“逼格”。但时人追捧日式美学所谓的“禅意”，恰恰最无禅意可言。刻意追求的形式感，努力再努力去趋向于“美”和“精致”的态度，其实都离禅很远。禅是一箪食、一瓢饮里全都是平常心，无谓美丑。,事已至此，先吃飯吧。時已至此，先吃飯吧。詩意至此，先吃飯吧。【所有的美景都在意料之中，出乎意料的是配樂，終於不再只是是吉他或者尤克里里或者鋼琴或者手風琴了~電電的帶感】,劳作令人无暇烦恼，片中的人物时而离凡世很远，时而又触手可及。我们有舌尖上的中国，通篇累述奉献、感恩，手艺传承和文化气节，却没人教导我们劳作本身的意义。一屋一田一人食，已是最令人羡慕的事。,世外桃源啊！单单一个人洗衣做饭在乡村过归隐生活，这浮躁如我，定是守不住，那寂寞空虚冷。不过这里的乡间，实在是太清新了！单单这一片绿色，就在心里变的十足清澈。还有这美食美景美女，一脸天然呆、内心白，悠闲自然的状态，还有农家乐、草木青，哎哟，真心是奢望啊！8.7,当成舌尖上的日本看了。
哈利·波特与死亡圣器(下),8.8,494157人评价,我们的童年结束了，希望下一代人的童年里还会有魔法师，还会有霍格沃茨。,不管爱与不爱都已到尽头，即使有以后又新的哈利波特电影，也已经是另外一个世界，与我们的哈利无关。五颗星是必须的，泪流满面。,我就想问问，年轻的格林德沃和邓布利多在哪儿？！都是坑爹的噱头啊！！,结束了结束了结束了。姐姐的青春和爱情都跟着一起结束了。结局篇就是看在这十年的相伴上也得给五星啊。这部电影的存在已经构成感情绑架了。教授太萌了……你就这么萌死了……,3.5★ 不談感情，這是我看完HP7.2的感受。如果你睡得朦朦朧朧的去看早場，也許會冷靜幾倍。HP7.2給我的感覺是結構很鬆散，簡略帶過、細節位少、3D失敗、配樂還算可以，有炫酷的特技、奈威和露娜的出場成亮點，說到笑位應該屬於最後成老爸、老媽那一段了。最後只能說：我們長大了，電影沒一起長大。
消失的爱人,8.7,610295人评价,哈内克似的割喉真是万能药... 大卫芬奇要多恨现代媒体。美国社会结构就是少数精英控制了洗脑话语权，而大部分人则自觉或者不自觉地维护着虚幻的道德...,后半段我一直期待有更惊喜的东西，可惜没有。,这片无敌了。故事太尼玛牛了。人物状态看得我蛋都疼了。芬奇就是我的神！,讲了一个天蝎腹黑绿茶婊的故事！,以为结局会改，但只是比小说延续了一些情节，但本质上还是那种生活。全片越看越浑身发冷，女主角的表现确实是奔着小金人去的，但若不是为了冲击奥斯卡，这片本该是情人节的最佳献礼。
7号房的礼物,8.9,340850人评价,又一颗韩式催泪弹，亲情总是泪点，让你无法躲开。影片套用的是《我是山姆》那样的人物关系，而在情节上则更有戏剧性。冤案加亲情的双重催泪保障。监狱里的温情更感人是因为，相比善人做好事，人们更喜欢浪子回头，恶人行善的故事。无论我们怎么吐槽韩式催泪片的套路，但是真的很有效，也确实很感人。,电影本身还不错，但分数严重虚高。从外壳到内核依然是韩式煽情大餐不变的套路，然而有趣之处在于，尽管影片始终在讲述一个完全不切实际的故事，但其中很多地方却又让人感觉无比现实。,韩片一定要这样吗！！！哭肿了都,对亲情，友情之类的无法抵抗，影片后面女儿和爸爸在监狱门口分别那里哭得不能自已。,影片的核心是亲情，包括父亲对孩子的照料，孩子对父亲的反哺，虽然存在过度的煽情，但是影片不仅是亲情片，通过狱中的亲情和友情营造的温暖，与现实中司法不公媒体跟风权力滥用阴暗面的对比，起到了鲜明的讽刺作用。
玛丽和马克思,8.9,319583人评价,伤心电影，好电影。结尾告诉我们，网友见面要早。,个人认为影片比《飞屋环游记》要出色,love yourself first,玛丽是场灾难湿漉漉的鸡味亨利八号把孩子放在啤酒瓶底马克思讨厌星期四健康的身体等同于健康的思想孩子是孵出来的我脸上不笑但不代表我脑里不笑绵羊会缩水吗如果出租车倒着开那么司机是不是该给我们钱呢为什么老头把裤子提得很高使世界青春焕发的魔力雪花膏,"You are my best friend, you are my only friend. “我知道爱情让我痛苦不堪，但我还要做最后的尝试，不管它是否为我而准备。”“如果爱，先爱你自己”2009第33届法国昂西动画展最佳动画长片。"
红辣椒,9.0,257041人评价,如果说盗梦空间像是工科生拍的 充满了逻辑 数学 推理 极尽聪明之事 那红辣椒就像是文科生拍的 天马行空 无所不能 是一个真正的梦,极其喜欢游行部分的画面和音乐，虽然满诡异的，呵呵,相对于深远的梦境来说，科学可能不过是一堆垃圾而已。,梦境对现实的入侵真是惊悚而奇趣啊啊！相比之下“盗梦空间”相形见绌了——或者说正是因为“盗梦空间”太讲求规则与逻辑，反而失去了今敏天马行空、随心所欲的创造力～～～,出神入化的剪接切换、瑰丽多姿的色彩构图、天马行空光芒四射的巧妙构思……无不令人眼花缭乱、目不暇接、惊为天人、叹为观止！
爱在黎明破晓前,8.8,392982人评价,难得几乎全部是对白的影片让人看的这么过瘾！,成就了男人的幻想：遇见一个陌生的美貌女人，靠魅力跟她上床。成就了女人的幻想：遇见了一个陌生的帅气男人，拉着他的手叨逼叨一整天。,看了以后，发现爱情的无辜。发现感情的突然。,倆主角都太加分了！！黑胶碟店里那一幕真逗。。,有一次，在旅途上认识一姑娘，漂亮温柔。我们一起玩儿的挺开心，傍晚一起坐在草地上喝啤酒看流星，突然她问我：”看过《爱在黎明破晓前》那部电影没？“我说没看过呀！........后来我们喝完各自回房间睡了，等我回家，想起她说的话，下了一部看，看完我肠子都悔青了！
告白,8.7,518352人评价,中岛哲也导演《下妻物语》《被嫌弃的松子的一生》《告白》可以算华丽三部曲，都喜欢，但这部太厉害，太好看，形式感，音乐衬底，故事内容，叙事方式，以及一大堆萝莉正太扎堆，以优雅、轻松、热闹的外在形式，表达巨大的无边的哀凉和悲观，太对个人胃口了。100分。,这片告诉我们，正太与萝莉都是斗不过御姐的……,中岛哲也再次把我震撼了.在看过小说的前提下，映画竟然一点都不冷场，镜头和剪辑简直神了！爱radiohead那么多年，第一次把thom的质感视觉化的，就是这次了.....实在太爱了！赶紧出碟吧我要珍藏,有三个理由给五星。其一，短评前几页充斥着“你丫要是打五星就是十足的傻逼弱智加白痴”，没错白痴总是是很多的，不介意加我一个；其二，没看过原著，没资格对其差异说三道四，但片子的流畅有足够的理由吸引我满106分钟；其三，中岛哲也一次不同以往的尝试，华丽的中岛很好看，阴暗的一样精彩。,"非常喜欢配乐和故事内容

真实和娱乐的美丽融合，好久没看到过如此接近艺术的电影了。

突然想起2年前的现在秋叶原发生的无差别杀人事件，但愿这部电影能给这个连生命的可贵都渐渐被淡忘的社会带来一次重新回忆，体会和理解它的机会吧！
"
一一,9.0,238258人评价,从一个婚礼开始，到一个葬礼结束。 ,“自从电影发明以后，人类的生命就至少延长了三倍” “本来以为，我再活一次的话，也许会有什么不一样。结果还是差不多，没什么不同。只是突然觉得，再活一次的话，好像，真的没那个必要。” “你自己看不到，所以我拍给你看。” “没有一朵云，没有一棵树，是不美丽的。” “我觉得，我也老了…”,《一一》被法国媒体形容为“生命的诗篇”，透过电影传颂吟唱，在叙述一则简单的家庭故事时，真正触摸到“情感的精髓”，以四两拨千金的娴熟技巧交待了少女心事、童年困惑、事业危机、家庭纠纷，以及对宗教的慨叹和对时事的讽刺。9.4,"感觉杨德昌的电影总是很节制地表现日常生活，记录生活。看后触动，可并没发现生活之另外可能。
06.12.24平安夜观影",杨德昌的电影剧情发展真不是一般的慢
小森林 冬春篇,9.0,242165人评价,“她这么辛苦种田就是为了每天这么吃啊？”“对啊，人生不就是这样吗！”,有人说装逼呀什么的 我人生就得加一味装逼,想做饭想做饭想摸菜刀想翻锅想捏面团啊啊啊啊啊我的厨魂已经熊熊燃烧了！！！！感觉村里地上随便啥草都能焯一下炸了吃掉¯﹃¯…,舌尖上的日本啊。非常治愈，尤其在刚刚看完《疯狂的麦克斯4》之后接着看这部。这个世界上，可能也只有日本能拍出来这样的电影了。独立于地球的自我。一日三餐，周而复始，春播冬藏，这就是“日子”最好的解释。,恬淡之美，自得其乐，风景和食材一样精致，劳作和享受一般干净。在日本当农民竟这样优雅，有隐居之趣，桥本爱的呆萌刚刚好。像《乡村照相馆》《从河底问好》等，片子再次涉及一个老生常谈的问题，在东京等大城市混不下去的年轻人，回故乡，怎么生活才能在祖辈的土地上实现自我价值。
侧耳倾听,8.9,304349人评价,"...................如果不是片尾的一句""你愿意嫁给我吗"" 我愿意打五星",我喜欢男爵的爱情，喜欢钟表上永远不能相见的国王和王后。,本人最喜欢的宫崎动画, 细腻可爱的初恋故事如同少女写下的日记一般娓娓道来。侧耳倾听吧，那些呼唤着成长的微弱声音。,看的是英文配音版。如果年轻个10岁看到这片我一定爱得痛不欲生。勾起无数回忆的90年代，初恋情怀总是诗。
大鱼,8.8,399448人评价,表面在过的人生，和在内心世界奔涌的人生，本来就是并行和交叉的。这个世界不仅仅是我们看得到的世界，它更真实地存在于地表之下，头顶之上。最后他变成大鱼游走了，我都看哭了。,永远不要小看别人的故事,靠编造故事度过平凡的一生的父亲，却在临终前依旧对自己在女巫的玻璃眼球中看见的河流耿耿于怀。他的儿子替他圆了这个“谎”，给了让父亲欣慰的答案。而父亲死后，他也成为他故事里的传奇。生命力极强的故事，天马行空的情节，最终却归于对平凡生活的抵抗。催泪。,你会因此想念父亲,似幻似真，此时没有真实或者不真实，只有你愿不愿意相信。
阳光姐妹淘,8.8,434654人评价,再多分开牛逼的岁月，也比不上一起傻逼的时光。这个电影必须要看。。。,其实片子的问题很多，表演过度，两组时空变化有时会很牵强且情节有断。不过仍然被感动了，回忆跟青春真是一辈子也不会烂的催泪神技啊！熟悉的旋律，友情与爱情。结尾收的也好，终于没有韩片尾大不掉的毛病了，适时而止反而有些回味。,一起哭，一起笑，一起疯，一起闹，一起尽情折腾我们的人生，即使老去也有最美最好的青春可以一起祭奠。,泪水和欢笑可以同时绽放。2011最爱韩国电影。无悔的青春就是和你们一起范2傻笑打闹。我们是永远的好朋友好姐妹。,我以为那个最漂亮的姑娘长大以后会很惊艳什么的。
蝙蝠侠：黑暗骑士崛起,8.7,486551人评价,"三部曲，都是关于一次又一次的选择。庞大的人物线索和故事，诺兰已经构造出自己的世界观——我觉得，他是相信黑暗的。Gotham doesn't deserve a hero like this, but he'll still give everything to them. 另，小丑有且只有一个。（用打一星来表达对脑残粉的蔑视的人可以省省了，你们配吗？","超过TDK不敢说,但永垂影史是扛扛的.",英雄挥别，正气永存；史诗落幕，传奇不朽。漫长黑暗过后，终迎黎明曙光。,我绝逼无法忍受四十天的剧透所以果断去小破岛看掉了！OH MY GOD！Kneel before the Nolans！之前不看trailer采访TV花絮什么的果然是对的，不然惊喜都没了！I just can't find even one appropriate word to describe it. The epic ending of the Batman trilogy！！！这么一比较妇联...,"贝恩真的太可怜了。。。。知道真相的瞬间我原谅了他做的所有坏事！老湿的眼睛真的会演戏！不戴面具的一秒镜头好帅 好虐 好凄美 好想哭！本以为这次我会改邪归正彻底爱上大蝙蝠，搞了半天我还是个悲催的反派控 。。。Goodbye, My Friend. 此去便是永别。（轻微吐槽：马良挂掉的那一下有点囧）"
射雕英雄传之东成西就,8.7,444175人评价,梁家辉和刘嘉玲是亮点，特别是后者，我简直被惊艳了,看看这部片，你会明白什么叫无厘头,刘镇伟哪里比王家卫差？！,"向90年代的香港喜剧片儿致敬!多少年后,他们仍是挂在嘴边最活络气氛的谈资!",跟同学一起又看了一遍，最喜欢刘嘉玲
唐伯虎点秋香,8.6,673143人评价,我上等威風顯現一身虎膽／你下流賤格露出半個龜頭。,小时候看一次笑崩一次,"只为了“比比谁惨”那一段，就已是经典。
还有FLASH的经典《阴天》版，",就是搞笑,郭的港还是讲你的相声吧
超脱,8.9,306433人评价,少年时，我们都自私无知，夸张那些伤痛来当作放纵的借口。只知依赖不知自救，只知索取不知珍惜。打架，滥交，还自以为是看透了生命，绝望的很酷，其实肤浅的令人发指。孩子，什么时候你开始沉默的承受加诸你身上的重量，尊重它并与它和平相处，你才真的能称为一个大写的人。,这是一部不推荐看的好电影。没病的都要看出病的。好的作品分两种，一是发现世界的极美，二是挖掘人间的极苦。这部就是后者。,每个人的内心都是一座孤岛，人的心有多深，深到让别人无法试探的地步？教育和生活其实一样，教育者既可以超然物外，也可以放下防备与被教育者心灵交互。讽刺的却是，超脱既可以赢来尊敬，也一样能扼杀心灵。Adrien Brody终于跳出了烂片的泥潭，用忧郁气质和演技，再次将人性的考量重重甩在了观众脸上。,托尼·凯耶这么多年了，拍片仍然是一副死不回头的独立范儿，各种伪记实、访谈与剧情相结合以拉近观众的距离。整部影片始终弥散着一股伤感、落魄的情绪。很多男人都想在大街上拯救一个雏妓吧。布罗迪的表演很加分。,孤独感无力感痛彻心扉…… 真正触到心底的电影，很久没有这么毫不犹豫给一部片子5星了。电影试图将视角多元化，并且真正将每个角度都刻画得细致入微，引发共鸣和思考，些许压抑却不觉沉闷实在值得夸奖。
倩女幽魂,8.7,477383人评价,王祖贤太太美了，哥哥风华绝代。,未见过电影院在非节假日只吉着第一排，未听过电影散场时有如此热烈的掌声，未见过全场观众都等到银幕彻底黑了才起身离场，未见过打字幕时有人拍照留念，十七年后，《倩女幽魂》仍然用事实告诉他人“经典”二字当之无愧,港片中最经典的人鬼恋。张叔平为王祖贤设计的女鬼造型使其成为香港电影中最惊艳的女性形象之一，张国荣、午马等人的表演也都神采飞扬，还有徐克机智感人的故事，程小东天马行空的武打设计，黄霑变幻多端的电子配乐，共同构成了这一部经典。,刚刚看完。电影一开始，旁边的一个女生就哭了。,好吧，经典，音乐经典，片段经典，造型经典，神马都经典，就是那个粘糊糊长兮兮的大舌头太恶心了，吃完饭看的(#‵′)
甜蜜蜜,8.8,349889人评价,重逢只要一瞬间，等待却像是一辈子。,曾经的香港电影多么令人激动与感动。,“我今天带了个朋友来，听说你很怕他……”——如果是我，我也会选豹哥。在昏昏噩噩之中，我们错过了多少，又真正得到了什么……,居然没标记过，这大概是唯一看过的一部被配角感情戏感动到哭的爱情片了吧。现在叫俩计程车，回家泡个热水澡。明天早上起来，满大街都是男人，个个都比豹哥好。,黎小军连豹哥的一根头毛都比不上吧，嫁黎小军我一天能因为无聊自杀三百回，“无聊”这种东西如果能拟人的话，它的形象一定是黎明！！！
驯龙高手,8.7,514959人评价,和谐的生活离不开摸头与被摸头,哇哇哇好看 那龙的原型绝对是一猫,“没牙”真可爱呀真可爱~,虽然没有皮克斯那么有深度，故事情节也略显老套，但是好的电影就是能让观众沉浸其中，不管是用画面用音乐还是用其他的。错过档期没去电影院看3D只能说是一种遗憾，还好720p的效果也十分的赞，这应该是我今年到目前看过最好的一部动画片。★★★★☆,尽管对人与龙关系的描写未免逼格过低，但小嗝嗝和没牙间的互动着实非常挑逗，有着浓厚的情色意味，堪称是对反抗与驯服的银幕经典描述，美中不足的是小嗝嗝没能战胜直男的劣根性，把女朋友也带去骑龙，上演了一出小三上位的戏码，大大降低了后半段的观赏性，令人扼腕。
萤火之森,8.9,323432人评价,动画表现平平，算是很平庸的还原了原作，而且……好你妈的短！！,有些故事，就算早已烂熟于心，再看时也还是忍不住要哭的,一点都没失望( >﹏<。) 真是发自内心的喜欢又痛恨这个故事！,“总有一天，时间会把你我拆散吧，可是，即便如此，在那个时间到来之前，我们一直在一起吧”,本片又名熊孩子棒打鸳鸯，以及论手套的重要性。女性向动画，我被豆瓣齐刷刷的五星吓得不敢说话了，就这样吧
恐怖直播,8.8,420729人评价,这种题材的电影有漏洞在所难免，但韩国电影能做到这一步值得称赞，几乎是一间房子中的故事，格局却相当大，节奏紧张，剧情张力太强，舆论、媒体与政治的黑洞令人反思，结尾比搏击俱乐部还激进，美国估计都不敢拍，但韩国敢拍能拍。河正宇的独角戏太强大，五星。,一个人怎么能成为国家公敌！结局是必然的  棒子能拍出这种电影让人震撼的 ps:韩国的电影审核制度真宽  这要是在天朝...哈哈,奶娘的，看得老娘热血贲张！！！让你们道个歉怎么就这么难！！！尤其是广播局长说完“刚刚收视率达到了78%，收工后一起喝个酒吧。”然后转身就走的画面，真的想一棒子敲死丫的！！人命如草芥，这电影就是说的天朝啊！！,故事敏感，扣人心弦；节奏紧凑，毫无尿点。又一场封闭空间里个人表演的精彩呈现，又一次感受韩国犯罪题材影片所带来的冲击与震撼。政治的阴暗、媒体的嘴脸，这些元素如此熟悉，然而每次出现都不会觉得厌倦。如果是你，将会作何选择？,我已经把拿这个片和搏击俱乐部瞎比的人全都拉黑了
菊次郎的夏天,8.8,341345人评价,从没见过那么流氓的温柔，从没见过那么温柔的流氓。,充满爱的北野武 有点木讷总是低着头的小男孩正男 细节总是让人感动和莞尔 在久石让美好的配乐中最后才恍然大悟 原来他才是是菊次郎呀,相比久石让的音乐，影片相形见拙。电影像是《中央车站》+《完美的世界》的结合，不同是《菊》以小清新喜剧基调和章回体叙事呈现，主角的可爱流氓性格，自始至终赋予影片乐观积极的情绪操控，即便孩子遇见母亲后主题仍能迅速回到积极一面；缺点是一些幽默元素是强加进去的，看似自然却不真实。,爱有很多种~跟一个流氓过暑假会有这么好,讲述一期一会的电影，即使是在炎热的夏天却让人感到清凉和温暖，真正的笑中带泪。碎片北野武，好心的菊次郎先生~
幸福终点站,8.8,363087人评价,我在维克多身上看到了阿甘的影子~~,太好看了，欢笑过后大大的感动。,"泽塔琼斯还是动人啊。汉克斯还是牛啊。
（跟小白在新居里看的第一部，明珠台）",hanks真棒。。。一個人在機場如何度過一年，還是爲了家人,机场如同荒岛，还原了一个本真而奇妙的孤绝求生状态。语言不通货币没用失去了祖国的庇护，真正孤家寡人的感觉。最近重温经典老片子，感到动人的故事的张力，剧情由故事推着走，而不是电影由人推着走。很喜欢这种难以预测下一秒会发生什么的感觉，孤绝的机场反而有种温情大家庭的感觉，只是三观太正了。
爱在日落黄昏时,8.8,336571人评价,年轻时候看得汗毛都竖起来了。。这种句句台词都让你觉得“我也是这么想”的电影有这么一两部就够了 @20岁春,浪漫邂逅，偶然错过，久别重逢，物是人非……祝你们最后上床了,好的不得了的对白,这大概是最好的结局了 （剧本真不赖…,能把两个人一直在叨叨的戏调度得这么好，层层推进的节奏把握得当，真是了不起。两个人的表演炉火纯青，一开始的互相闪躲、欲说还休，到后段的互相怜惜和自怜都拿捏得非常细腻，这片子好看。
超能陆战队,8.7,664110人评价,我知道大白已经萌到你什么都可以不在乎了，它就像一朵美丽的塑料花，一桶异常甜腻的爆米花，萌到犯规的片子，加上工整成熟的剧作，就算是像现在这样，没有什么新鲜的俗套，依旧是用来打发时间的首选，它很像漫威电影的动画版，完全是一个套路，可惜我对这类片子从来都没什么好感。★★★,好想戳爆胖子看会发生什么……,又是一个故事平平只靠细节讨巧的动画，但是没办法，就是超级吃这套啊！！,3.5 气球人真是很可爱，比那个贴胶布条的片段还要可爱！感觉短腿要开始流行了。但故事整个太模式化了，情感简单粗暴，感觉自己是婴儿，被喂了一套营养均衡的婴儿餐似的... 整个城市设定让人有点想看日语吹替版...,史上最萌胖子诞生！要抱抱！彩蛋里的斯坦·李也是蛮拼的！
无人知晓,9.1,174421人评价,"艾小柯写的：两个十几岁的孩子，白衣服上沾了泥巴，迎着微曦的曙光，在空旷的早晨一语不发的从黑暗走向黎明，耳边响起的是《珍宝》的歌声：“姗姗来迟的春光，让人深吸一口气……我逐渐成长，没有人可以亲近……”——这段情节最美了 
",意识到yuki已经死掉的那一刻，我一连说了十几个shit。难过却哭不出，像是被谁狠狠打懵了，完全不知该如何反应。,寂寞放入时间，死生藏进四季。你怎么不来玩了？问出的都是寂寞离散；这就算告别吗？道尽的皆是生死喜悲。泡面桶种下了盛与衰，行李箱藏匿着生与死。头发长了蜡笔短了，寂寞随季节更迭；灯泡暗了蜡烛亮了，生命与时光流转。日复一日无所事事，只好承载思念。最好的一次是枝裕和，最残忍的一场成长悼念。,对于成人世界的不信任在电影中几乎无处不在——妈妈，爸爸们，房东以及房东太太，便利店的店长，援助交易时的男人……,初工作时认识一位同事，有次一起出差时他忽然对我说起，他从小是被遗弃的孤儿，曾在垃圾堆捡废品为生，那是个夏天，他说话时常走在我前面，白衬衫上有星点的汗印。昨夜看此片，明在午夜霓虹中奔跑的身影，又让我想起他那件刺眼的白衬衫，一瞬间心酸莫名。这些，都是在世界的某个角落里，真实的人生啊。
借东西的小人阿莉埃蒂,8.8,361194人评价,此生暂借于世上。。这是无言的结局，我能想见阿莉艾蒂最终被同族淳朴少年打动，相守繁衍。那个有温柔眼眸的人，从此相忘天涯，深藏于心。,比波妞好看多了……而且配乐相当好听……,"阿莉埃蒂爬房顶那段的配乐好似模拟人生中世纪啊。。。另外这找人桥段太坑爹了吧！！！！为什么径直就往厨房去了！！！老大哥的指引么亲！！！为什么阿莉埃蒂喊那么大声春姨会听不到！！！翔那么轻声说要吃曲奇都能听到！！从阿莉埃蒂和翔平时对话的音量来看，基准根本是一样的吧！！！
","雖然很吉卜力，但其實和宮崎駿本人的戲劇風格很不同，沒有明顯的起承轉合，主題也不深入，但是很平靜。。。
也許米林宏昌的個人風格還沒有完全顯現出來呢。",还是那个最纯粹的宫崎骏。
神偷奶爸,8.6,666902人评价,比玩具总动员3还要好看，同意的点有用,那群黄黄的不知是什么的玩意儿很有爱的说～本片同时适合所有大叔控观赏：）,90/100。就冲着那个过山车你也得进一次电影院！小猫咪的睡前故事太萌了啊啊啊！！！,这个动画片再次证明了，不怕讲老故事，只需要有颗不老的心。打动人的是里面的小情趣，小可爱，小孤独，坚硬外表下谁都渴望一颗被温暖的心。真的远比toy3得我的心。,它的贱喜剧风格却是很搞笑，阿帕图家的这群配音演员也是个个喜感十足，但本片就差一个成熟的主题。好莱坞如今技术一家亲，硬件方面和别家看起了，幽默感甚至可以赶超别家了，唯独主题上的深度被人家远远甩在了后面，而且上映时间也在人家后面，只能怪环球公司的市场营销部门再次失策了。 ★★★
怪兽电力公司,8.7,431686人评价,那一声KITTY，软了我的眼泪。,不要以外表来判断一个人的心，宝贝，永远都不要。,买了张蓝光碟，再次重看，画质优秀了，似乎离怪物们更近了，原来毛怪10年前的毛发就这么逼真了。再次感叹皮克斯的创意和想象力，最棒的地方也就是这个创意了，皮克斯的动画片过程可能都很相似，唯独创意个个都很独特。★★★★,口碑巨好但我一直都特无感的一部。。。。。。可能是因为我特烦小孩吧。。。看到片子里那个孩子一直闹闹闹，我都快疯了。。。这里面最喜欢的就是布西密配的兰道~~~~~~~大眼怪也萌死了~不过放在2001年确实不错~~~,因为关心才吓人 ~好萌的怪物们 喜欢死了啊
风之谷,8.9,270477人评价,细节：解开那个女孩衣服的时候看到了什么？,年纪越大，越容易对真善美消化不良,终于知道阿凡达的触须是从哪儿借鉴来的了。尼玛这王虫的造型实在太恐怖了，一大堆爬过来简直让人魂飞魄散，密集恐惧症表示不敢看第二遍...,对于虫子恐惧症来说，这就是恐怖片。,大师的第一部作品总是这样惊艳。虽然结尾有点俗而且女主太白莲花，但是最爱宫崎骏片子里勇敢坚强善良的女性形象，让现在的商业大片都感到羞愧。“反派”都是有自己信仰的立体的人，而不是为了坏而坏。真正作恶的还是人类自己。
玩具总动员3,8.8,335471人评价,"闪耀着万丈光芒的又一动画杰作。每一处笑点都能轻易抓到，让我就像是回到了15年前，开心到得意忘形。最后一场戏动人程度堪比UP的""married life""!",最后安迪细数自己的玩具那让我意识到自己也就这样长大了，和我那些玩具。《玩具总动员》自幼在我心中烙下印记：让我觉得玩具都是有感情的小生命，在我们不知道的维度里有喜怒哀乐。而且玩具相对于真正的生命带给我的压力会小一些。玩具不会死，只要不遗弃它们，所以千万不要遗弃他们。7.9和你再看。,它对于我已经不仅仅是一部电影那么简单，而是代表了对于童年时代的记忆与怀念，整个电影院从头到尾笑声不断，但我相信，更多人会被影片的后半段打动，相信看过前两部的人都会很感慨。★★★★☆,最有爱的搞笑+最真挚的感情=完美,还记得你的那些玩伴么？
完美的世界,9.1,162153人评价,我只杀过两个人，一个伤害了我妈妈，一个伤害了你,他看见他，他带走他，就像带走童年的自己。他终于相信这个世界有鬼了，眼前这个开枪打伤他的小鬼就是童年自己的鬼魅。“再见，这是完美之旅。”再见，布奇。,哭了 小孩可爱，大叔也很会煽情，烂漫的骨子里还有一颗梦想的心,史上最泪奔斯德哥尔摩综合征。我这辈子只杀过两个人，一个伤害了我妈妈一个伤害了你。情感创伤带来贴心信任，一对陌生人手拉手踏上没有希望看不到终点的迷途，Butch对Buzz的每一个小动作，摸摸头，拍拍屁股，看一眼心就化了~满满的父爱，已哭瞎。20171111小西天二刷依然哭到抽……,喜欢凯文.科思特勒
血战钢锯岭,8.7,551577人评价,以我有限的观影经验，优秀的战争片不会美化战场，不会粉饰死亡，不会矮化敌人，不会无视常识，最重要的，不会宣扬战争。这个片子基本都做到了。,队伍配置中奶妈的重要性,特别老派的热血直男片，甚至觉得叙事目的性强烈到有些直白。然而，就是好看。前半部分就是压制观众情绪，后面的战争就是帮主角和观者释放，去证明主角。战争场面太硬了，血腥可怕，看到紧张，如炼狱一般。我认同他的那些信仰？胡开尔啊！真正让人激动的，还是见证普通人创造的奇迹，因为这是真的。,真实故事非常值得尊敬，但是这种满屏飞肠子的宗教狂热/主旋律的抗日神片风格实在不能认同。槽点多到数不过来，加菲主角光环大到可以徒手接手榴弹，队友捡回来的圣经可以直接穿越成入党申请书，日军智商战斗力全程不在线，没烧悬崖边的绳索，也不知道往下扔炸药包，啊…还有那迷之展开的感情戏…,3.5 前半小时和爱情戏俗得发指，从入伍开始才走上正轨，上战场就很好看了，虽然时不时出现的槽点还是会让人出戏，但最后成功被煽到。Bromance基友的存在感和感人程度抵十个女主告诉我不是一个人。对加菲的印象也大有改观。
上帝之城,8.9,221277人评价,评论这部电影是可耻的,史上最强剪辑，《低俗小说》遇上它也要甘拜下风！第一次接触巴西电影，就让我着实惊叹了一大下~~,离暴力最近的人，离天堂最近。,"冗长,杂乱",形式与内容并重的经典。巧妙的多线叙事，人物相互穿插、叠层、牵扯。各种枪击事件的发生以俯拍的九宫格式的构图来呈现。在无主之城里，江山易主是为常事。开始的结束——群人拿着枪捉鸡——结束的开始。“我现在不叫阿炮，我是摄影师威尔森·罗利吉。”
傲慢与偏见,8.6,508194人评价,最爱~~~伊丽莎白在大雾中看到渐渐清晰向自己走来的达西先生，我眼睛都湿润了……,"拍得挺美的,拍名著只要不把它拍砸了就是胜利",那个傲慢的人在溢满雾气的晨曦中走来，用最卑微的姿态求你爱他，甚是美好,这一版的每一刻都美得让我心醉。特别是片尾达西从田野的晨雾中向伊丽莎白走来的镜头~,特別喜歡 看很多次了
时空恋旅人,8.7,365764人评价,穿越界第一女朋友:Rachel McAdams; 喜欢这部片子的光感，最爱大雨如注的那场婚礼，你紧张地问我，是不是想要一个阳光明媚的婚礼，不不，一切不需要重来，一生只这一次就好。,理查德·柯蒂斯擅长的轻松有趣加温情。时空旅行仅是噱头，重头还是亲情。当主角发现即便可以时空旅行，仍无法避免那些生活的悲剧。比如亲人的离去，我们始终无能为力，这恐怕是最触动我的地方。最终的主题仍是学会爱，学会生活，并珍惜与亲人的每一天，这话说来容易，实际却相当难。生活中同样应该如此,可能是为了卖片，包装成穿越爱情故事，为此差点错过此片。谢谢贤妻的死拉硬拽。虽然中间说了几句这不合理，但真的很好，上了年纪的人，给我们上了一课，关于时间，关于人生，好像还关于电影，那个黑暗的小屋，何尝不可以是电影院。,你们有没有发现，所有的时空穿越的电影和书到了最后都在告诉我们，要living in the moment...最朴实庸常的时刻也是美好的,"是放在硬盘里很久了的电影。今天无意间看起来，却意外哭得撕心裂肺。比起片中的爱情，更让我触动的是男主与父亲的亲情线，看完电影马上给父母发了我爱你。 btw,仔细想了想，我庆幸自己没有回到过去的能力，否则可能也会不由自主的修正每一段回忆，但其实正是这些遗憾的笨拙的回忆造就了我，让我是我啊"
电锯惊魂,8.7,338531人评价,为嘛医生不用锯子够手机？,最后五分钟让我全身发抖！,硬伤多，黑人警察傻到爆炸,有些疑问。医生为什么不用电锯把手机勾回来。。。而是选择锯腿。。。他老婆一直在打电话，但是为什么后来密室里的电话不再响了？,第二次看，感觉着仍然是一部顶级的血腥电影，结构和叙事都很牛逼，叙事张弛有度。
喜宴,8.9,228392人评价,看來 高爸爸也是gay  跟張管家有一腿  但是爲了這個家嘛  延續香火 就只好結婚生娃咯,看到房间号1069我的玻璃心碎了一地...,李安总是善于在西方的文化背景下表现中国文化的细枝末节。被放大致喜剧形式所表现的那场中国婚宴，反讽了中国文化中对于性的压抑…而中国最传统的家庭、家族理念，也在这一场假结婚的风波中进一步深化。隐忍的情感，家庭中的冲突，最终在爱与理解中得到化解。接受了一切向前走，这终是一场喜宴。,少年时看过后存在硬盘里，想着哪天出柜时放给母亲看。后来母亲走了，我没能给她一场喜宴，也没能给她看过这部电影。这一生再也没有机会了。今晚我囫囵吞枣地又看了一遍，然后删除，从此没有福分将它留在硬盘里。,故事讲圆了，金素梅的台词功太生硬，想打掉孩子的那两段台词写得不好。
教父3,8.9,231258人评价,维多·柯里昂死于极乐，旁边是一个机灵的毛孩；麦克·柯里昂死于极悲，旁边是一只棕色的小狗。,"""All the power on faith can't change destiny.""
任何信念的力量，都无法改变命运。
人们觉得第三部不好的原因只是我们不愿接受故事的真实结局。",教父们的遗恨。江山易主、风水轮流转的苦痛。怒火蒙蔽理智。麦克：“文森，你将走向不归路。”暗藏杀机的歌剧音乐会。宗教的介入是一种心灵的救赎，一种精神的寄托。玛莉的死去  阶梯上的红地毯浸满了鲜血。悲剧就是把最好的东西毁坏给你看。,安迪·加西亚真像年轻版本的阿尔•帕西诺！这一部像是回归到原点，与前两部惊人相似的聚会场面，年轻一代的邂逅与相爱，下一代对家族生意的抵触，重返西西里的感慨；最感动的还是教父失去爱女的痛苦吼叫、无法得到的谅解、垂暮之年的眼泪、临终前的回忆。,牛逼人物的特质是枪都开不死。帕西诺。
谍影重重3,8.8,294621人评价,谍影重重三部曲，一部比一部好看，有“倒食甘蔗，渐入佳境”之感。难得。,没啥感觉的公认好片,一夫当关万夫莫开。虽然有点神化，但伯恩真是这一行的大师啊~,第三部，男主角终于不再杀人，因为他成佛了。自从他遇见了CIA的女观音菩萨后，就走上了成为斗战胜佛的道路。,浓缩版的《24》，回归版的Jack Paul。细节非常到位，情节紧凑到没时间上洗手间。滑铁卢车站那一段经典。
岁月神偷,8.7,438516人评价,突然觉得吴君如如此美丽.,當你發現時間是賊了，他早已偷光你的選擇,每个人都有一场被岁月偷走的记忆。眼泪流了那么多，但丝毫不觉得煸情。节奏虽慢，但不琐碎。很喜欢李治廷的表演。这一场感动，来得无比自然、真实而朴素。难一步，佳一步。一步难，一步佳。有这样的爸妈，我们难道没有理由看得见天空中同时出现的两条彩虹吗。另，海报上明明不可以少了李冶廷的份嘛。,哥哥倒下到弟弟接力的精英回首，父亲的道别和母亲的无奈，隔一层玻璃观看的热带鱼和上世纪60年代的深水埗,并未洗净铅华，却用最自然的从容令人动容
英雄本色,8.7,333102人评价,“杰仔，你冇错到，我地大家行嘅路唔同，你行嘅路系啱架，以前我行错咗，宜家行翻啱，都唔算太迟。”这句真感动。如果把兄弟情都看成基情，这真的挺可悲的。,香港黑帮电影的代表作！小马哥，那是一个神的样子~~,“做人有原则，就什么都不怕。” 真的不敢说这是我第一次看《英雄本色》，并不需要多么复杂的炫技，好电影从来都很简单纯粹。怀念最好的港片年代。“他有勇气去改过，你有没有没勇气去接受？” 上海电影节4k修复版。,三个男人的戏，打得太精彩太经典了！,故事情节即使在当年也没什么了不起的。但是狄龙周润发张国荣正好分别代表了儒雅内敛、升级打怪和单纯明朗三种状态，再加上导演功力惊人，所以呈现出行云流水动人心魄的效果。
七武士,9.2,126755人评价,我只能用”高山仰止”四字来形容我对黑泽天皇这部旷世杰作的仰慕之情；纷繁庞杂却又条理清晰的史诗，严苛而精准的镜头和构图，七个武士和若干农民的性格都被描绘得入木三分， “休憩”后的大决战无比恢弘，叹为观止。,真正的经典，总是让人无语。,保卫家园的片子，也能拍出如此深刻的人性。,农民寻贤求武士；武士精心部署之；部署完备等山贼；双方对战各损失；是赢是败难界定；农民欣喜武士伤。长叹息以掩涕兮，哀民生之多艰，以哀其农民之拙劣的本性——懦弱、猜疑、自私、松散、缺乏主见、固守成规；然而，哀而不怪，历史索然，形势所趋，只能寄望于未来，农民阶层可以雄起！,谁都没赢，即使是村民。
被解救的姜戈,8.7,417138人评价,零，有一种类型片，叫昆丁；一，昆丁只拍这种片，但只有昆丁拍这种片；二，此片没那么完美，但已比无耻混蛋用心很多；三，昆丁可能永远再达不到低俗小说的高度，但本作足以革新西部片；四，南方口音蛋疼，有些笑点没听懂，以后我得看中文字幕版；五，原谅我用那么多分号，cuz Ima goddamn programmer.,故事核心其实老土得很，就是男的历尽千辛万苦去救他心爱的人。但是故事人物设定实在太棒，花165分钟在这部电影上是绝对不会后悔。,4.5。1.痞子昆就是这样，见你犯困了，他就来场重口味强心剂，于是，你又屁颠颠精神百倍。2.头套突袭那场笑喷了，炸平糖果庄园后的示爱也超浪漫。3.遗憾，姜戈痞气不足，沉默期与着魔期的跨度可以更夸张些。4.配乐及部分诗意输出不如[无耻混蛋]讲究，但台词更见功力了。5.同以解放黑奴，与[林肯]暗合。,或许不是年度最佳电影，但极可能是最令影迷们过瘾的电影。不再在结构上费心编排的昆汀这次采用了更为传统的单线程叙事，他向通心粉西部片、香港武侠片甚至自己的《无耻混蛋》致敬。混搭音乐、暴力、语言（特别是外语）再一次成为手下重要的道具。塞缪尔·L·杰克逊奉献了他《低俗小说》以来的最佳表演,热血沸腾！三年的等待值了！那个低俗、性感的无耻混蛋又来了！
功夫,8.5,613695人评价,十分纳闷这部电影不上9分,周星驰形式上的巅峰，但是意境已走下神坛,华丽的夸张，情节倒是紧凑，毫不拖沓,电影院里他说，你笑得好开心。,豆瓣连8分都没上 明明很棒 心中可以8分以上 感觉被低估了
疯狂原始人,8.7,591987人评价,《超人总动员》一家人的团结与各显神通、《冰河世纪》的原野放逐与聒噪搞笑、《勇敢传说》的脉脉亲情、《阿凡达》的奇观异景、《驯龙高手》的各色萌兽……前后呼应、没有一个多余的情节，过山车式爽快节奏，一路笑着哭。2014第86届奥斯卡最佳动画长片预定提名,梦工厂的动画片做成这样真没什么可哔哔的了。5星走人。,同样是「冲破阵规」的主题，这个比brave无论在选题还是故事上都有趣多了。远古生态环境的设定也很有趣。croods一家的戏份摆得很好，都个性鲜明又不会抢了主角的光彩。清新热闹流畅加一点小狗血。当皮克斯变成迪尼斯的时候，梦工厂变成了皮克斯。果然是「爱你就会变成你」，相杀相爱神马的。,"全程萌翻  小树懒 ""Da da daaaaaaaaa"" 激萌！",全程都在大笑无尿点，已经预定下届奥斯卡最佳动画一个提名了
哪吒闹海,9.1,162348人评价,哪吒要是搁现在，就是一少儿精神病患者：躁郁症、暴力狂、自杀倾向、逆反心理……辅导人员要密切关注他看什么书，听什么音乐，玩什么电脑游戏，业余时间从事什么活动，必须定期参加心理辅导，服用抗躁郁症药……比美国哥伦比亚中学枪击案主谋更犀利的家伙,蒋勋在孤独六讲里写哪吒，他说，我记得年少时，读到哪吒把肉身还给父母，变成幽魂，最后找了与父母不相干的东西作为肉体的寄托，隐约感觉到那是当时的我最想做的背叛，我不希望有血缘，血缘是我巨大的负担和束缚。父母是我们最大的原罪，是一辈子还不了的亏欠，就是欠他骨肉，欠他血脉，所以当小说描述到哪吒削骨还父，割肉还母时，会给读者带来那么大的震撼。可是，这个角色在过去饱受争议，大家不敢讨论他，因为在百善孝为先的前...,"哪吒刚刚降生，李靖就想一剑劈了他；
龙王恶人先告状，李靖却丝毫不听哪吒的解释；
哪吒制服了龙王，李靖又叫人把他绑起来；
面对四海龙王的报复，他甚至想杀死哪吒……
是怎样的父亲，才会对自己的亲生骨肉心存偏见？
是怎样的父亲，才会胳膊往外拐，站在别人那边？
是怎样的父亲，才会是非颠倒，不分青红皂白？
并非所有的孩子都是熊孩子，反而是很多父母不配做父母。
在这个“百善孝为先”的国度，《哪吒闹海》没有跟风...",小时候老分不清哪吒到底是男是女……以前动画片的角色造型，中性风总是很潮嘛。,电影真的是时代的产物，小时候看这版的哪吒，不觉得故事有问题，现在再看，才发现这是一个政治味道浓重的故事，传达的价值观念赤裸裸。对比饺子导演对【哪吒之魔童降世】的处理，我命由我不由天的主题又很符合我们当下的主流价值观，哪吒变成了另外一个故事，可能会成为现在这代小朋友的童年回忆，和我们这一代看的哪吒是完全不一样的，可能这就是讲故事的魅力吧。
天书奇谭,9.2,129469人评价,"“你是蛋生的，所以叫蛋生~”

蛋生的师傅好帅啊~~~~~~~~",年轻狐狸精还真美。袁公乃中国的普罗米修斯呵。,这里出现了历史上最猥琐的玉帝形象……,动画好多，经典的却很少，是吧蛋生。。。。,"浅绛山水斧劈皴，
游丝描绘众生相，
最爱狐狸老太婆，
最爱独腿小书生，
一蹦一跳去吃鸡，
蹦入清明上河图，
蹦入东京梦华录~"
心迷宫,8.7,329053人评价,平顶山版科恩兄弟，作为处女作，看到了新一代年轻人的追求,诺兰结构科恩风格本土叙事，五星鼓励,看完之后明白一个人生哲理：贱人自有天来收......,看了忻钰坤处女作《殡棺》，惊喜！从容缜密，会讲故事。看片名，容易误以为是闷蛋文艺片，其实是无巧不成书的三段式“乡村怪尸案”。成本太低，演员略逊，但也带来了陌生的乐趣。和拍《光棍儿》《美姐》的郝杰一样，忻钰坤，绝对有实力执导更大制作的类型片。这种会讲爱讲故事的年轻导演，是稀缺资源。,4.5。1.终于得见[殡棺]，乡村怪尸即视感，叙事结构值五星哈。2.所有秘密都不说出，每个时间节点都恰到好处，昔日看蒙吉[西方]也有类似感受。3.村长苦逼处境被一层层剥开，是全片最华彩部分。4.父子俩隔着棺材沉默站立，那一刻情绪超赞。5.对于风格尚欠、硬件粗陋的新导演来说，整体上可挑剔的不多。
真爱至上,8.6,500488人评价,1、每当我对世局倍感忧虑时，就会想到希思罗机场的入境闸口。人们认为世界充满仇恨与贪婪，但我却不同意。在我看来爱无处不在，虽然未必来的轰轰烈烈，但是爱永远存在。父子，母女，夫妻，男朋友，女朋友，老朋友，当飞机撞上世贸大厦时，临终打出的电话，谈的不是报复，而都是爱。如果你肯留意，你会发现爱其实无处不在。love actually is all around.,生活真美好，在电影里。,寂寞的圣诞夜一个人看这种电影，看完觉得更寂寞了！,"我不明白,如果导演早就决定给个皆大欢喜的结局,为什么又不给得彻底点呢?",像我这样一个对外国电影了解不多的观众，看的时候一直处于“我靠这个人好眼熟，这个人不是那个谁吗，这个人是大牌吧，这个人我知道名字！……”的状态中。
萤火虫之墓,8.7,307065人评价,又精致又催人泪下。可是二战时期的日本一点也不值得让人那么同情,我发誓我再不敢看第二遍,“我们做错了什么？”这话应该由日本人说么，即使是平民？妹妹的神态、动作、配音都绝了。,虽然事先知道这是个煽情的片子，知道它注定是个悲剧，还是哭了。告诉你这是个悲伤电影，在你准备好的情况下，还能达到效果，的确是个好片子,日本人博取同情的功利 是中国的N倍。
三块广告牌,8.7,578269人评价,本届奥斯卡主题——美国妈妈牛逼死了。《伯德小姐》《我花样女王》《大病》《三块广告牌》拜托把这几个妈妈凑在一起吧，光聊天吵架就行，比超级英雄联盟好看一万倍。,老套的寻凶复仇故事讲述得如此生动，编剧值一颗星；情节似层层剥笋，露出的是七八个清晰、独特、复杂的人物，两个星给予出色的女主演及男配角；将视觉场面、音乐服化等手段与叙事有节奏的、完整地掌控融合起来，应是导演获得的一颗星；结尾高明的情节逆转和开放式，为这部电影赢得了最后一颗星。满分！,一晚上居然写了三封信！厉害了Woody叔。环环相扣，宿命轮回，错与对的双刃剑，比《杀手没有假期》更以小见大，提前预定今年奥斯卡最佳影片。女主、双男配演技巅峰，群戏也个个出色，剧本无可挑剔，开放式结局令人唏嘘…“-你确定我们还要这么做吗？-我不确定。-我们可以路上慢慢决定”,#Venice2017# 影后已出。真是教科书一般的好剧本，破了不少套路，人物塑造十分生动。再加上导演控制力很强，不乏幽默感，也有不错的社会观察。对仇恨与愤怒的探讨颇有与当下社会状况的契合点。,或许是今年的高分之一吧。有种去年看海曼的感觉。这个镇子上的人都感觉脑子缺根弦。又名《局长的三封信》
纵横四海,8.8,270651人评价,香港影史最赞三人行,這個組合太誘惑了……,我常不自量力地寧願gorgor一直活在那兩年,周润发在轮椅上和钟楚红翩翩起舞的场面再过多少年都不会忘记,因为去过巴黎，就更能感到张国荣站在塞纳河上吹风然后潇洒远去的风流，那种气质真是让人倾倒。发哥很多表演细节很风骚，太搞笑了。红姑还是那么美，绝代风华。
我是山姆,8.9,197091人评价,怎么说呢，西恩潘的表演五星，范宁五星，菲佛五星，也被催泪的不得了，可就是不知道问题在哪里，不喜欢这个（也确实显得很真实的）故事。,all i need is love~很浓的beatles情结，小女孩好萌 ,父亲节看这电影真是应景。里面的小姑娘，原来真的是老友记1014里面卖房子夫妇的女儿McKenzie  —— 世故地吓人，凭什么她这样就感人至深，林妙可就受尽唾弃？？？不公平,好片子，西恩·潘不得不赞！,人与人的爱，不是被任何一个条件所限制的 而是出于本能。
达拉斯买家俱乐部,8.8,307858人评价,绝症不可怕，绝望才可怕。绝育不算难，绝欲才叫难。,本片最打动我的地方是杰瑞德·莱托的那一句：“I don't wanna die”那种在垂死边缘挣扎的痛苦蔓延了整个电影，原来再堕落的人也有求生的欲望，而且他们比我们更痛苦，因为他们用玩世不恭来伪装自己。马修·麦康纳和杰瑞德·莱托的表演让人潸然泪下，他们值得一尊奥斯卡，直接五星送上！,也就两位男演员表演值得一看，主题可嘉，剧情什么的略显平淡。3星半。,“药贩子的故事”只是个吸引人的题材，其实这部电影和去年的《瘟疫求生指南》一样，描绘了80年代的美国，多数治疗艾滋病的药品还未合法的时候，病人的生存状态，尤其是，LGBT群体的状态（还是用一个非常直的直男的故事来说的）。电影的开头非常好（后面再主次分明点就更好了），演员们非常勇敢。,三个主要演员都超好。我甚至觉得变形异装癖Rayon演的更出色。詹妮弗·加纳也超好看在这片里。能把一个本来沉重的故事拍的苦中作乐既有重量又举重若轻，导演和演员都展现了很高的才华。让-马克·瓦雷把一个美国南方的故事拍出了魁北克电影的味道，不容易。
东邪西毒,8.6,414520人评价,"在我最美好的时间,我最喜欢的人不在我身边。如果时间可以重新开始该多好。",电影诗,给我一坛醉生梦死酒。,可不可以给六颗星？,张国荣，梁朝伟，林青霞，张曼玉，只有王家卫才能聚起这样一众演员演绎别样的江湖吧。
爆裂鼓手,8.7,376887人评价,如果你还有空去琢磨片子里的不人道行为和思考扭曲的人物关系，那么你也许错过了其中最美妙的部分：节奏。整个电影的剪辑踩着每一个最扣人心弦的镜头行云流水的推进，两个主演的表演也是每一帧都没有跑调，片中所有的轻重缓急都似乎是浑然天成的组合，推着人随节奏进入到只属于艺术人生的不疯魔不成活。,J.k.西蒙斯应该能拿下男配！这片子的节奏感实在太棒了，爵士乐和剪辑简直融为一体了，还有西蒙斯机关枪版恶毒的台词，脏字就像鼓点一样密集且激烈，几场打鼓的重头戏在镜头上都是细碎古怪，靠剪辑重新赋予整体戏一气呵成且不断加速的节奏，可惜整部电影还是碎的，否则就真成大卫·芬奇了。★★★★,导演对音乐的掌控可说是登峰造极（参考前年导演编剧的Grand Piano，虽剧情极糟但钢琴演奏段落也与本片如出一辙地血脉喷张），高速剪辑全面追赶大卫芬奇，几近变态的师生角力让主角数次被逼上绝路时给观众带来一种惊悚片般的窒息快感，最后控制地位逆转的大爆发只能用三个字形容：狠！准！爽！,流畅明快鬼斧神工的剪辑给这影片增色不少，让本来可能流于乏味的地方变得有声有色让人热血沸腾。剧本功底很不错，两个主角，最普通不过的师生关系写出了让人意外的层次推进。从事故那段之后人物关系就开始变得惊喜重重，接连好几次反高潮都让人想拍案叫绝。剧本最体现基本功的地方，就是层次感。,……还以为是我的驾校师傅
记忆碎片,8.6,421676人评价,导演用一种前无古人的倒序方式营造出“支离破碎”氛围，让观众深刻体验到Lenny破碎的生活及内在，我们如Lenny般扮成侦探，在电影里寻找着所谓的真实。而那织在复杂结构中的情感更让人没有办法不被感动。“如果自欺才能使我快乐，我选择如此的活着。”我们要生存下去必须给自己一个理由，否则就会精神分裂。但那些我们坚持的东西可能只是自己假象中的虚幻。一觉醒来时看着天花板问问自己：我是谁，我为什么在这里。然后你...,神奇的剪辑让故事内容呈现出了光怪陆离的多种路径，在记忆的初期，只需要烧掉两张照片，多加一个注脚，命运就会像一俩失去了刹车的悍马一样在历史的胡同里横冲直撞，莱纳在片刻清醒时的自问自答讨论存在感，需要多看几遍才理解,"用记忆来确定自己的身份，让自己相信世界仍然存在。
剪辑手法太诡异了，看的我也失忆了。浑身发抖",二十六个碎片，将后十三个碎片倒叙，以彩色片形式拍摄，前十三个正叙，分别加在十三个彩色情节中，并变为黑白片，以突出纪录片的风格。后十三个碎片每个碎片再被分成两半，并颠倒顺序，黑白片时而在两半之前，时而之中，时而之后。,在六月五日的前一天特意看这部电影的，想了解一个没有记忆的组织，是如何确认自我的，在开头的时候还真以为没有记忆也是能确认自我的，然随着电影延伸，最终仍旧证明一个没有记忆的组织是没有自我的。一个没有自我的组织，在这世界做什么呢？复仇，杀人？
荒蛮故事,8.8,276194人评价,《恨我的人都去死吧》《姑娘，让我喂你的仇人老鼠药吧》《古有泼妇骂街，今有壮士斗街》《该死的收费站，炸裂》《黑吃黑谈判》《相爱相杀的婚礼直播》，喜欢第一个，第三个，第六个。,年度撕逼大戏，颁奖季最好也最好看的外语片之一。丛林心态下，所有的人都是animal，所有的故事都是蛮荒故事。精彩翻转，虽癫狂，细思却并不意外，生活实际的样子，远比这荒谬得多。某种意义上，<消失的爱人>是喜剧，<蛮荒故事>却是悲剧。因为前者是刻意的虚无，后者是真实残酷的白描。,始于荒诞，止于更荒诞。于我们，还是有很多共鸣的,这片和“天注定”的最大区别，就是我们只剩下填充胸臆的戾气、而阿根廷还保留着无政府主义的癫狂。同样是故事拼接，“四个月亮”导演该好好看看这片...,除了ICBC植入广告外感觉可以满分，片头出字幕那段+全片配乐太牛逼了，bombita这段开始随着灯闪听到gustavo santaolalla标志的吉他声我激动到浑身打颤全面炸裂！喜欢台译片名，感觉抓到了精髓。阿根廷电影绝对西语世界的良心，想看的演员都看到了还这么充满正能量太开心！！！
贫民窟的百万富翁,8.6,547001人评价,"想了想，还是给了四星——其实我觉得它没有那么好。动人的音乐，流畅的节奏，美丽的画面——纵然肮脏也是美丽的，自始至终都充满了那种顽强的，不可遏止的生命力。
但还是觉得……无论如何都有着欧美导演看东方那种猎奇的意思。这种“猎奇”对我们来说其实也是一样——繁华与污秽并存的孟买，阳光尘土中的泰姬陵，黑暗的街巷，垃圾堆上的贫民窟……包含的元素和符号太多了。固然有着野心和足够的手段，但同时也会冲散很多东西。
...",哪有那么好啊。。囧,贾米尔和他的哥哥不是两个个体，而是人在苦难环境中的两种选择，一个始终怀有赤子之心、爱心、同情心，相信奇迹、美丽、爱情等一切美好的东西，一个被迫选择用暴力和残酷将自己武装。这不是人的错，而是时代的悲剧，即使如此，在黑暗的世界中贾米尔发出的人性光芒如同正午的阳光一样耀眼得让人不能直视,很好的题材，但还是少了点什么,钱、女人，印度的一个社会剖面。 ★★★★
头号玩家,8.7,965329人评价,请不要在彩蛋期间插播电影！（普通导演是在电影期间插播广告，二逼导演是在广告期间插播电影，文艺导演是在电影期间插播彩蛋，牛逼导演是在彩蛋期间插播电影） 层出不穷的惊喜和反转，无处不在的彩蛋和致敬。这是导演送给影迷的最好礼物，也是他写给电影的一封情书。片尾无彩蛋，因为电影本身就是彩蛋,它是你们的情书，我的命。,剧本逻辑有缺陷吗？人物动机有问题吗？也许有。But nobody gives a fuck! 就像IMAX开头那句话：“看一部电影，还是进入一部电影”，斯皮尔伯格用140分钟的影像为这句话做了最好背书。带上3D眼镜，放下一切包袱，进入这个世界，然后几十年后和自己的后辈吹嘘自己当年看这部电影时的场景吧。,斯皮尔伯格是世界上最伟大的导演，他早就无须用作品证明这点，但一不小心，这部电影又给大家证明了一次！我都不记得上次在电影里目不转睛的看完一部电影，对导演的想象力佩服的五体投地是什么时候了，无论是影迷和游戏迷都能从这部电影里看到满满的爱，无处不在的彩蛋又时刻在唤醒我们心底的这份爱。,老男孩斯皮尔伯格或许借此片宣告了未来电影的走向，电影不再是用来看的，而是用来玩的
黑天鹅,8.6,611652人评价,在离成功还差一步之遥的时候请不要丧心病狂,完美主义的确是一种失败的人格学说，直接导致走火入魔丧心病狂。Portman演得好用力，看得我心里发毛。假如她凭此片拿小金人的话，不为过。,其实没想象中精彩，精神分裂的表现力度不太够，手法也比较陈旧，差出fight club几个档次，大半夜的愣是没让我有一丁点紧张或局促的感官反应。反倒是配乐和Natalie的精彩表演收服了我，整部电影在交响乐的烘托下活像一出慷慨悲壮的天鹅舞剧，Natalie美翻了,镜子用多了，想不精神分裂都难。故事基本就是天鹅湖的变奏，与《摔跤手》一样的手持摄影，却少了摔跤手的写实风，多了些超现实的感觉与舞台味。女主、摄影、配乐、女配都很有实力。波特曼，好运！,這部電影真酷！ Natalie Portman太棒了...好幾幕看得我眼淚都快出來了太難過了嗚嗚嗚~~
人生果实,9.5,76882人评价,英子女士 是最棒的女朋友【泪目,老爺爺去台灣對著暌違六十年的老友墳墓，說“永別了！”，看得我潸然淚下。導演說，從來沒有“拍到了精彩時刻”的感覺，但剪出來卻發現意外地好。自給自足、順應四時，一種人生的範式，讓人嚮往變老。,人類動容時刻。不要說什麼這是理想晚年，先從年輕時做到“能動手就不麻煩別人”吧！【2018.01.22】,英子照料着九十多种积存时间的果实，无论是樱桃树、马铃薯、土锅还是鸟儿喝水的盆子都有年龄。它们枯荣相生，落叶成为土壤哺育新芽，盆子破了有女儿补好，于是它们将岁岁常存。只有一枚英子最爱的，名为修一的，获得了自己的期限，90年。不过英子没有太过悲伤，因为所有长存的果实都可以是修一。,非常朴实，美丽，有让人不畏惧衰老的力量。不仅是晚年生活榜样，对于年轻人的生活也是人生榜样。生活技能也是考量人生是否完满的标准之一。有一位百般武艺的建筑家伴侣是多么重要啊，当然，能有一位把家变成生活百宝箱的妻子也很厉害，即使到了八十多岁，还得勤换桌布，会做料理烤蛋糕，还会耕作……
花样年华,8.6,385512人评价,谁先感到了寂寞，谁就输了。,隐忍的中年激情。＂我一开始只是想知道他们是怎么开始的，后来我发现原来一切都是在不知不觉中发生的。＂,这些年来我一直想问你，如果有多一张船票，你会不会跟他走？,“回去给我打个电话，你不用说话，响三下就好。”看这部时真的会觉得旗袍就是为张曼玉而生。,第一次看，觉得也不晚，年轻时恐怕也看不懂。拍这部片时，王家卫42岁，梁朝伟38岁，张曼玉36岁，的确是要过了盛年才能领会的感情，带着中年人的自制与含蓄，而没有了少年时的热烈。可为什么要叫“花样年华”？也许对他们来说，这时才是最好的？没有鲁莽，但也还未衰老
你的名字。,8.4,919363人评价,新海诚用这样的故事去温暖城市中每一个仍然愿意相信爱的人。在这么大的世界里，能够遇见你，竟然需要如此用力。穿越错位的时空，仰望陨落的星辰，你没留下你的名字，我却无法忘记那句“我爱你”。,错过和努力才是爱和青春的墓志铭,新海诚终于会讲一个复杂故事了，真不容易啊！当年那部搔首弄姿、无病呻吟的“言叶之庭”差点让我转成终身黑，“君之名”却轰出了我睽违已久的少女心。彗星降临的末世情怀，穿越时空的灵之绳结，只有7秒钟记忆的鱼...星空、爱情以及所有遇见都是注定。,一般吧，没感觉到泪点，一直觉得这种日漫太理想中二，豆瓣评分虚高,你我相逢在黑夜的空中，你有你的我有我的方向，你记得也好，最好你忘掉，在这交会时互放的光亮。
卢旺达饭店,8.9,193393人评价,我不再抱怨我生在中国，我不再抱怨我生在80年代。只希望人类自毁灭亡的那天能来得再晚些。任何敢凌驾于生命之上的东西都是狗屎。,电影没有什么花哨精巧的剪辑，有的只是质朴之中最撼动人心的真实。一个真实的故事一个真正的人间炼狱。当世界遗忘他们，国家陷入疯狂的时候，一个比辛德勒更加艰辛的男人在一个人人力求自保的环境下敞开了他的双臂。记住他的名字——保罗·卢斯萨巴基纳。★★★★☆,以剧情片类型来拍种族灭绝的题材，总觉得轻飘和虚假。失分还在于单线，一个西方度假饭店经理的独角戏，再如何渲染，也显得单薄。最后小团圆的包袱吊了一大半时间，终于解开，也太模式化了。最有价值的是借此了解了屠杀背景和胡图图西的殖民地渊源。,堪与辛德勒名单媲美的影片,一直在期待那段经典音乐出现，结果出现了，感人指数又没跟上来，导致看完感觉平平。晕勒个去~
釜山行,8.5,739021人评价,明知山有釜，偏向釜山行。听名字像福建人拍的。,一切灾难皆人性，唉，最后那一枪要是开了，就是神作了。,目前亚洲商业片的最高水准 看完之后对国产电影充满了愤怒。,好过美国的《僵尸世界大战》，韩国在丧尸类型片的开拓一出手就登峰造极，个别桥段快准狠到了心骨眼！最后孕妇和小女孩穿过隧道如果遇到河正宇，那这片就真的是神作了！＝。＝,这绝壁是散户在电影史上被黑得最厉害的一次……万恶的基金经理在收割韭菜后依然成了英雄……
忠犬八公物语,9.2,122170人评价,看過才感受到美國版跟日本版的極大區別，除去整個情緒上的控制度，看過日本版才能理解為什麼阿八會用牠的餘生去等待主人，因為教授實在太愛牠了啊！教授對牠的那種愛和呵護是美國版完全沒有表現出來的，如果先看美國版會認為這是一隻神犬，跟主人之間的情感是冥冥中的，但日本版告訴我愛絕對是相互的。,在看过美国版之后，来看这个版本，我更喜欢幽默中带有伤感的美国版。虽然脱胎于此，却“青出于蓝而胜于蓝”，所以，美国版5星，日本版4星了。,很感人的故事，觉得这版很好，“阿八，为什么等一个不回来的人”进度条一半就开始哭，平淡的剧情，后面教授去世开始虐心，小细节动人，后来阿八太凄凉了,新藤兼人的劇本裏面應該是有著好幾個不俗的切入點，本可以把這個爛俗的故事導向更深層面。片尾曲坑死爹了...,教授去世之后阿八的凄凉处境可见世情人情，千鹤子正如佣人所言是个冷酷的人，她对养狗的欢欣不过一时，而教授对阿八的真心相待却换来阿八一世的牵挂。为什么要等一个永远不回来的人，因为那是它的牵挂，希望阿八和教授天堂再续温暖。
头脑特工队,8.7,396295人评价,那时你第一次明白人生不只由欢乐主导，第一次了解万物皆有反面，第一次忘却曾经觉得重要的记忆，第一次在无知无觉中送走曾经无比重要的成长点滴。第一次接受残缺，第一次懂得如何抱着怎么都会有的不完美继续小心翼翼走下去。令人赞叹的主题，毫不拖沓的情节推进，永不让人失望的皮克斯。,为嘛我觉得不怎么好看，有点无聊,皮克斯疲软数年后的爆发，很成功的作品。剧作的精妙之处在于天马行空的同时又有心理学的现实基础，奇妙并严谨地影像化了情感，个性，记忆以及认知。金句无数，越想越有意思。这才是皮克斯应有的水准。,2015年度最佳！故事、创意、细节、情怀…皮克斯无一不落的回归顶峰，笑中带泪。人最可怕的时候其实正是情绪失去主导、变得麻木之时…快乐有时并非最重要的，必要的悲痛反而更成就人生，一次忧伤一次成长。每个人脑中都有一个情绪主推手，让我们在千变万化的生活里适应新环境、陪伴每个人、过好每一天。,这部探索“脑洞”的动画新意十足，重回最高水准的皮克斯用它成熟而独特的叙事节奏牵引观众的内心，成长道路上的阵痛与迷茫最终迸发
雨人,8.7,297451人评价,我可不可以把它看成一部公路片，某种程度。,如果影片可以不那么拖沓.我会把它列为四星.结尾很感人.中间有很多情节可以砍掉.,原来童年最好的伙伴竟然是最亲密的兄长,"""查理,带我回家""---腹黑兄控美少年与天才忠犬攻州际蜜月行",公路电影差不多，讲智障人士没有I am sam讲得好，写情感又缺少细腻。
模仿游戏,8.7,410548人评价,看完之后才理解为什么学校的数学楼叫alan turing building，为什么工程学院的咖啡馆叫enigma cafe,太惨了，做人怎么能这么惨，惨得我和女士看完电影坐在椅子上一边擦眼泪一边思考了五分钟人生，上一次哭成狗的lgbt电影还是断背山。现在终于感觉，一个很厉害的人过得很惨，比一个很惨的正常人丧多了。,在图灵这样一个传奇、天才的身上，只能说我想看到的比这部电影说得要多得多：它说的是一个智商超高的人的故事和悲剧，却把观众的智力水平放到了最低的位置… 许多如同琼瑶剧一般的矛盾制造把我是看呆了。当然各方面都太讨好奥斯卡了，英国演员、欧洲导演，配乐，摄影。领奖标配。,1最佳soul mate是去掉性吸引力 你仍是完美伴侣  2唯一爱你的方式，是建造一部解决人类所有问题的机器，冠以你名。 卷福又上升了一个新高度，演绎淋漓尽致  结巴天才四星半,电影院看的时候哭成狗，图灵一边颤抖一边哽咽着说“我不能进监狱，他们会把我的christopher抢走，他们会再一次抢走他！”，看到这里我已经哭的泪流满面，一个英雄，他拯救了整个世界，但是看看这个世界给他的回报是什么！！
黑客帝国3：矩阵革命,8.7,277966人评价,严重被低估的好片。我走到哪里都为它叫好平反。,看完之后觉得没看懂于是看别人的剧评，感觉自己好像懂了，但是再看一遍又发现好像有解释不通的地方，于是又找搜索剧评，如此循环往复，还是觉得似懂非懂的一部电影。算了还是欣赏帅帅的基努里维斯就好啦,第三部主题升华了，华丽丽的锡安大决战,以前科幻看得少，不太能理解，现在再捋一捋剧情发现简直是神作！ 可惜了这俩导演后来再没拍过有点口碑的片子了,重看多遍，每次都能更深一步感受，这悲伤也越来越大。正如电影名字一样，The Matrix Revolutions，这是矩阵的革命、升级，并非人类。这已是机器的时代，人类只是夹缝求生的弱者。Neo，The one，他为使命而存在，他的牺牲和为之争取到的一点点曙光，在机器时代中，又是什么。黑客帝国三部曲，更像是机器编年史中的一个节点，人类用巨大牺牲和第六代The One的悲剧使命，在机器的控制和变数下...
一个叫欧维的男人决定去死,8.8,241327人评价,「可是我撞了一辆车」「有什么关系，那是沃尔沃」分享一个萨博控老丧比，一个被医生定性为「心真大」的铲屎官，一个未来的我,越多白痴的声音议论她，我对她仅存的回忆就越少。,这部电影的前十分钟就是我们的未来，旁友们。独居，失业，没有另一半，被年轻人嫌弃，想死死不成。,让人想得到美好过往，又想象得出失去所爱的愧疚与遗恨。寻常情节，但在悠扬乐韵浸润下，Parvaneh对Ove生活的介入，总显得特别舒适美好。她太可爱，聒噪霸道却阳光灿烂，有些坚冰，只能由这类人消融。太像相伴Ove一生的Sonja，让人相信命运在悲剧后会作出奇异弥补。而当明光重现，静候感恩便是。,你身边每一个不讲道理的大爷，都可能是一个有故事的男人，他曾经拥有一段浪漫的爱情故事。
你看起来好像很好吃,8.9,234373人评价,里面的恐龙都像是一群会走路会说话的龟头,这个故事告诉我们霸王龙也是可以过肩摔的！！！！！！（小甲龙的声音怎么可以这么萌T▽T（话说这片是天然腐啊兄弟爱父子情敌友CP啥的,成长、亲情、动作、励志、治愈、搞笑、惊悚、史诗、卖萌、卖腐、名著改编一个不少！谁说非我族类其心必异？明明是天下大同好么！看我头像就知道这种人设完全是狠戳我萌点啊！,治愈。希望霓虹也能在地震中恢复起来，warm hug,萌爆了~~~ umaso到底是神马龙呢=..=?
无敌破坏王,8.7,360256人评价, 必须今年看过最好看的动画片！在电影院听到我大村姑团的歌曲实在太威武了！,突破的迪士尼，有回忆却无情怀，有佳句无佳章，设定、创意不错，但讲述方式一路下滑。开篇惊喜以为会是游戏世界的《超人特工队》/《超级大坏蛋》+《怪兽电力公司》，没想看完感觉是动画版的《极速赛车手》…无个性，满满都是其他动画片的影子。 “如果那个孩子喜欢我，我还能坏到哪里去呢？”,这难道不是Pixar出品的吗？,如别人说的，确实有点皮克斯乱入迪士尼的意思。靠回忆赚分数的电影。像素游戏、街机回忆，尤其是“上上下下左右左右BA”这种，让我这种长泡游戏厅的人实在无法防御。故事简单有趣还带些温馨感动。角色也可爱，特别是那个小女孩，又萌又坏，萨拉·丝沃曼的配音也棒。今年在影院看过的最喜欢的一部动画。,蛮赞的哦！当然还是有故事上的不足，但会因为突然地搞笑部分而不会太在意故事。特别喜欢这个‘世界’的处理。比我想象中的好多了。适合80后90后？连我这个不是玩很多游戏的基本上都懂啦所以也无所谓。看完后……牙齿有点疼就是了，不喜欢过分甜和可爱东西的人不一定适宜~
未麻的部屋,8.9,176118人评价,达伦，你到底从今敏那里偷了多少灵感，这和《黑天鹅》的设定有很多相似之处啊！镜子的割裂，心理暗示，散碎的剪辑，真他妈牛逼。,好的剧本就是就算你猜到了结局也猜不到全部,片子结尾将一切坐实为留美所为不能不说有丝遗憾，其实我个人更赞赏影片60多分钟时的那个剧情构思和说法，即，之前所发生的一切只是一个名叫高仓阳子的平凡女子的人格分裂，把自己幻想为偶像歌女雾越未麻，把自己不堪回首的遭遇幻想成在演戏，藉此得以解脱。,这绝逼不是给小孩子看的动画,惊艳，这片子夏天看可以降温。
恋恋笔记本,8.5,446796人评价,英俊的木匠啊，一見鍾情的表白竟然能支撐整個一生。如果在現實里能有人長情到這地步，哪怕是同性之間的相濡以沫，也值奮力擁抱死去時緊握雙手。她恢復記憶的時候不超過五分鐘，推開他的一刹那，比任何一次的分別還要惹人眼淚。最後算是圓滿，你不會失去什麽，在蹣跚、年邁、冰冷軀體，舊時的烈火中。,俗套的好看。“爱情没有那么多借口，如果最终没能在一起，只能说明爱的不够。”,"看的时候泪流满面,不是为它,而是为自己.一想到自己有可能余生都陷在对你的这种情感里面,我就不住的流泪.",哭了！他把那房子做了疗养院。James Garner、Sam Shepard的演技哇！我喜欢Sam演的那个爸爸！,老人不是诺亚，那是最感人的一笔
冰川时代,8.6,434819人评价,这只松鼠才是角儿！,很久很久以前的冰河世纪，一只剑齿虎攻和一只树赖受相遇了……最后他们和宠物长毛象幸福的生活在了一起。THE END~,非常温暖，非常感动。我们一起去南方，不离不弃。,啊啊啊，我能为那只松鼠打十分！！！,非常搞笑，脑洞很大，松鼠太逗了
哈利·波特与阿兹卡班的囚徒,8.6,354197人评价,把原著和电影对照了一遍，感觉这部才算叫作真正的原创改编：节奏感和悬疑氛围不徐不疾，小节上处处精雕细琢。卢平最后那句“mischeif managed”比原著更回味无穷，足见阿方索暗黑大师的功力。相比之下后面的五部简直只能用鸡肋来形容！,阿方索·卡隆把黑暗紧张，幽默风趣，还有机智巧妙的构思完美地融合在这一部电影中，让人意犹未尽。,好导演出好片...,注意到售票员韩波脸上的青春痘了吗？三层大巴里弥漫着汗和脚的味道。还有打人柳的春夏秋冬，那些都是我最喜欢的部分。墨西哥魔幻南瓜大电影，最爱。,节奏总算快了一点了...早该换导演了
海边的曼彻斯特,8.6,337216人评价,那些劝我们向前看的朋友，“不是所有人都可以和过去和解”,最好的生活流电影，难得的是叙事手法又带着变化。叔侄俩各自面对各自的失去，亲情恬淡而走心。没有刻意追求正能量，但曼彻斯特阴冷的海，就这样被琐碎和小幽默一点点填满。——就像全世界的雪，最终会带来全世界的春之苏醒。毫无疑问我的年度最佳。,惨啊，太惨了。来美国以后第一次听到有人在影院里哭。剧情和感情之细腻简直是日本电影。完全可以脑补是枝裕和导这个片，由ARATA或者龙平来演男主。,如今的影评人动辄靠骂“中产阶级”来博人眼球，只要喊“中产阶级”去死就有SB点赞，这我忍了，可是！人家一水管工也要被讲成是中产阶级，实在替凯西咽不下这口气！看电影只看到“阶级地位”、“政治目的”，人电影没你想的这么黑暗！而且我天C也已有25%的人是中产阶级了， 各位中产请不要自己打脸！,以前的生活哲理是“忘掉过去，才能往前”，这一部是“忘不掉，走不出，也是一种生活本真” 内心戏和回忆杀拍的太细腻…与《爱乐之城》并列2016年度最佳。“心一旦碎了，就会永远一直碎着。”
海街日记,8.8,259533人评价,“有些电影惊心动魄是在提醒你它是部电影，而有些电影平平淡淡是在告诉你这是生活。”,是枝裕和依旧干净细腻的日常化风格。仲夏，烟火，梅子酒，沙丁鱼，贴窗花的推拉门，四人的暖炉桌，樱花汇成的隧道，火车经过的小镇，梅雨时节走过的阶梯，沙滩上的脚印，最后所有温柔隽永的情感都堆积成随着海风轻轻拍打过来的海浪。真想也这样过好自己的生活。,简单、干净、温暖、治愈，海边的风与阳光，又一部是枝裕和亲情剧。难得的大牌云集，虽然在导演最近几部作品里，算平庸的，却也足够感人与回味，何况，还有一群养眼的妹子,不能以过去的眼光去看是枝裕和了，发行从艺术院线到东宝，五十多岁的是枝裕和才第一次拍摄人气女优主演映画，一来还是四个，“压力”确实不小。电影虽然剧本和剪辑上都有些问题，但“女优美，长腿美，镰仓美，日料美，生活美”可以掩盖了这些问题。四姐妹几乎都完成了自己最好的表演，年度推荐！,平庸？！远了的先不说，就是和被捧上天的上一部《如父如子》比，这部也明明更有味道，根本舍不得它结束。年度十佳
二十二,8.7,202140人评价,被将近结束时的一段话打中，大意就是，早知帮她们跟日本政府打官司不会有结果，就不去打扰她们了。其实，不管是去打扰她们，还是不去打扰她们，我都能理解。只是记得尊重她们，尊重她们的疼痛。她们不是被八卦的对象，也不是国家间唇枪舌战的武器。,这部电影所承载的意义大于电影本身,"《二十二》比《三十二》更为平淡  
但又觉得原本就应该是这样
这两部片子的意义在于
让人们“不终日怨恨，但一刻不忘”
她说:“之前记者来了好几次，都没跟他们说这个”
她说:“谢谢你们”
这两句就是对郭柯导演团队的认可
将她们带进公众视线
让人们了解并正视这个群体
谢谢你们

",题材很好，但是这部纪录片几乎没有成形的故事，以大量空镜头表现情绪，对内容进行碎片化的罗列，而挖掘不深，镜头语言上的调度目的太过于显著。虽然知道拍摄很难，但是纪录片毕竟不是写调查报告，必须作为一个成熟影像展现给观众。,但愿至少有一位可以见证到官方的道歉…
虎口脱险,8.9,161075人评价,"娘的,这就是货真价实的喜剧片",老少皆宜，上海译制片厂献声,法国的轻喜剧。你只有越看越像喜剧。,永远都记得在浴室里唱着“鸳鸯茶、鸳鸯茶”、对眼打飞机，经典喜剧,喜剧效果十足，鸳鸯茶余音绕梁，国语版配音完美。
新世界,8.8,209491人评价,好伟大的爱情片，我都快哭了,哈哈，延边刀客，中国黑客,最后还是华侨统一了南棒黑社会，中国人最狠啊。。。,韩国电影的山寨路线中心思想就是【西巴！】——要做就做狠一点，于是，新鲜的东西就出现了。,想对姜科长说 做人要厚道 做警察尤其要厚道 不信抬头看 黑道自有真情在 BGM怒赞
房间,8.8,269158人评价,3.5入；被小主角打动好多次，那个在成人眼里充满黑暗龌蹉的“房间”，却是他童年梦幻的乐园，可以和光影追逐，可以和家具嬉戏，孩子无穷的想象让密闭空间变得无穷大，前半部拍得既美丽又残酷；融入外界后线索较芜杂，没有处理好，“你又救了我一次”和告别仪式真催泪。,没想到是这样一个故事，小男孩扮演者雅各布·特伦布莱的表演实在太让人惊讶了！以小男孩的童趣视角来推进一个悲惨的故事，屋里屋外，成年与童真，既对立，又统一，“我本该高兴的啊”。最后小男孩跟那些物件告别的时候，太揪心了。但有一点不太通吧，施虐者为什么抛下了小男孩儿？,克制而细腻，在基于母亲的事件论述和儿童视角中获得了平衡。前半部分和后面的节奏把握都很好，小演员的表演令人震惊，一个孩子的真实而纯洁的灵魂，大美。,小孩完爆小李子,目前看到的年度最佳！在相对自由和绝对自由之间，电影让我看到了人活在现代社会究竟是一个什么样的状态。虽然空间的转换让电影表面上画风突变，实际上不同空间里人对周围的反应没有变，时而压抑得令人发抖，时而被温情融化。爱让人安全，为了得到安全我们开始占有，占有又毁灭了爱。
雨中曲,9.0,141207人评价,老电影总是快乐得那么纯粹,歌舞片之王~~,最喜欢片头金凯利接受采访那段，讽的那叫一个犀利,大雨的夜晚，与戴比·雷诺兹分别后，男主角陷入捕获芳心的无比快乐中，索性收起雨伞，在雨中载歌载舞！,几乎是最早的一批使用彩色胶片而非后期染色但又能有良好质感的彩色片。所谓的歌舞片之王，也……就那样了。
哈利·波特与密室,8.6,373230人评价,如果一直能由哥伦布导演，那哈迷该多幸福啊...,snape越看越可爱。这部好多梗哈哈。,改动并没有拯救平庸，带上名作壳的糟烂还原絮叨叨。,3星半，比哈1加半星，我最不满意就是电影根本都没把要讲的事情讲清楚。如果时间不够的话，变身高尔那对胖子不知道有什么必要描述那么详细，完全是主次不分。金妮的事情根本就没有讲，完全是最后一句话交待，太无语了。,这一部倒看得津津有味，特效很多。我觉得这个系列之所以不能成为顶尖作品有两个原因：一是电影基本按照小说的章节顺序拍下来，小说可以讲清楚，拍成电影各段的连贯性就非常差，容易让人走神；第二就是特技虽然够多，但不够震撼，比如那场大蜘蛛的戏，很容易让人想起比她早几年的星河战队，效果比这个震
恐怖游轮,8.5,535681人评价,不要企图在重复中寻找已经失去的爱,一点细节都不浪费多余的精巧结构型电影～把循环轮回的结构发挥到一个及至～女主的美腿穿梭在N次的命运交汇过程中～层层推进又把细节先后安排滴水不露～导演功力真的很厉害～为结构型命运电影又增加了一个辉煌～,开头太像无聊恐怖片了，很容易让人中途放弃。一定要坚持到影片一半左右，那个时候开始形成闭合循环，开始成为一道让人欲罢不能的谜题。想起当时看穆赫兰道的感觉，非常畅快。,影评有时候可以比影片本身更牛逼,这个237究竟是种么个情况……Jess家门牌号也是它，游轮上恐怖屋房号也是它；最奇怪的是……《闪灵》里面的神秘房间号码还是它……求解释……
人工智能,8.6,297785人评价,那个小男孩真的很会演戏,让我看哭的都是好电影,有点拖沓,有些电影，是你在当下觉得了了，而今后偶然回想起某个片段，才会为它痛哭一场的，比如，戴维从残破的大厦上落入水中的那一幕。my love is real，but I‘m not。,实在没想到这是一个跨越两千年的故事！！泰迪熊很有意思！！仍旧还是不明白，为何好几部科幻都是阴暗的环境基调。一个不能吃饭，难有共同生活的“机器人”如何融入人类生活？人类连自己的异见都难待见，更何况非同类。屠宰场，也有意思。。。
魔女宅急便,8.6,318579人评价,结尾仓促，情节简单,宫崎骏的动画总会让人觉得这个世界美好无比。,看电影最能触动你的时候，就是电影的宗旨在你最迷茫的时候告诉你现在必须要做什么！KiKI成长了，你呢？KiKi又能飞了，你呢？,学会一技之能，善加锻炼，让自己承认自己，面对这个庞大的世界，相信自己的能力很重要。,宫崎骏的动画我最喜欢这一部。开始我不知道为什么，有一天我姐姐说，你看过《魔女宅急便》吗，那个琪琪好像你哦。
惊魂记,8.9,153167人评价,看这部电影必须回答一个经典的问题：女主角遭到刺杀时，镜头直面花洒，花洒每一条水痕都清晰无误如同肉眼看着一样上镜。请问，摄影机是如何做到的？,且看诺曼的last smile  毛骨悚然！,剧本和细节真是绝了，对性别的理解更是超前时代。万圣节去看希区柯克就是no zuo no die的节奏，惊恐交加中居然错抓了邻座小哥的手... o(>﹏<)o,世影史：这部现代恐怖片之母拍摄时成本很低，拍摄时间也很短，由希区柯克以纯熟的蒙太奇技巧游刃有余地操纵观众情绪，从而完成了一次完全意义上的纯电影表达。片中的“浴室杀人”场面已成影史上的经典画面，共历时48秒，由78个快速切换的镜头组成，尽管无任何血腥画面，但其恐怖效果却无以复加。,“一个男孩最好的朋友就是他母亲” 诺曼上楼扭屁股…等细节虽然早就猜到了结局，但今天第一次看依然被震撼到。
海洋,9.1,126014人评价,从此更加讨厌人类了，世界末日果然是有用的...,有些中国观众的素质和耐心，真是不配看这部杰作，我都想给他们倒贴电影票钱，让他们滚蛋。,大自然很美好。而择其美好，为其配乐，加以剪辑，使之美好得如梦似幻曼妙呆萌壮丽秀雅，就是智慧了。 ,心旷神怡，蔚为壮观，只是可惜缺少情感共鸣，更像是影像展览。“将来我们所能看到的生物，只存在于动物园的栅栏里，还有水族馆的水槽中吧。到那时该怎么办? 丰富的自然成了过去一个久远的梦。” 当大白鲨也变得温顺可掬⋯⋯,82/100。美不胜收。火箭升天和虾蟹大战两段很有爱；这片子拍摄难度应该比去年上映的Earth大多了吧lol
疯狂的石头,8.4,541503人评价,中国最nb的片,最可贵的一点是没把观众当傻子。国内电影都指着这样儿拍就行，嗯,真大很有趣,有技巧的娱乐片,算比较经典的黑色喜剧片了，影帝真不是盖的
奇迹男孩,8.6,390283人评价,当时出国以后的第一最大感受就是尊重，不论老弱病孕还是任何“与众不同”，都不会有人上下打量你。我不能说他们内心是否真的友善，但是尊重是最起码的原则。希望这个世界多一些善意，任何人都有自己存在的理由和方式，看到每个人由衷接受Auggie的时候太暖心了。,"一碗甜而不腻的普世价值鸡汤，非常好喝。

看之前我以为是讲主角小男孩的，原来是章回体，每个人都有故事每个人都有视角每个人都有选择。

每个人都很美很好。

开演前基友给我说这部电影就像夏天一样清新，是啊没错，像泡在透明干净的玻璃瓶中的黄瓜水一样，安心又健康，还有甘甜味。",五星推荐。不是想象的励志片，而是一部关于所有人的成长电影，就像那句话说的，聪明是一种天赋，但是善良是一种选择。电影并没有过分渲染小男孩，而是多角度展示身边的人，最终构建了一个充满天使和爱的世界。推荐有孩子的家长看，要知道，如果你们家有熊孩子，不是因为生的不好，而是你们教的不好。,电影里的世界太单纯美好，但是，有些人还是愿意去相信一次的，不然我们为什么要去看电影呢？,很久没有一部电影能像《奇迹男孩》那样让我从头哭到尾了。
罗生门,8.8,206354人评价,如果不是那一阵风,「人对于自己的事不会实话实说，谈他自己的事的时候，不可能不加虚饰。这个剧本描写的就是不加虚饰就活不下去的人的本性。甚至可以这样说：人就算死了也不会放弃虚饰，可见人的罪孽如何之深。这是一幅描绘人与生俱来的罪孽和人难以更改的本性、展示人的利己心的奇妙画卷。诸位说仍然不懂这个剧本，因为,摄影机第一次进入了森林的内在，三船敏郎奉献了自己不断变化，放浪形骸、富有层次感的高超演技。,“住在罗生门这儿的鬼因为害怕人类的凶残而逃走了。”此类电影的开山鼻祖，但相对而言弱于原著不少，但毫无疑问，在50年代能拍出这样的一部电影，带来的震撼可想而知。人性中赤裸裸的谎言、软弱、猜忌和不信任，影片作为一面明镜，直入人心。★★★☆,人类生来就是自私的，在这个故事里没有谁对谁错。谎言＋推翻，即使在近几年这种形式仍旧很时兴。
燃情岁月,8.8,206603人评价,波澜壮阔的西部美景 令人无法拒绝的自由之彼特 我心狂野 不是人人都能够懂得,苏珊娜真是个克父克母克夫克所有人的扫帚星~自作孽不可活~还搅的人家兄弟反目，父子生隙~幸好最后自杀了~该现实的时候不现实~不该矫情的时候矫得厉害~这不是作是神马！还美其名曰“听从自己内心的声音”，不过就是自私又糊涂罢了~,基本可给五星，但纠结的情感使人难受。有两种东西会毁掉家庭：带回家的女人，和政治。,看这片时我有一半时间在哭 哭到虚脱……这是美国片 商业片 心甘情愿的被煽情至此 还有它的配乐 放烂了没错 但实在是好 这么通俗入耳的交响曲 当年的彼特真正性感 如骏马 2003，7,传奇，不是每个人都可以拥有。
终结者2：审判日,8.7,239338人评价,少见的超越首部的续集，动作片中的经典~~,金属狂躁！！！T1000的空前绝后在于一个机器人居然真的具有妖气。,液体机器人好帅,宿命的终结，伟大不仅在于超越时代的特效。,液态机器人的创造者叫戴森，所以脑袋就经常被轰成中空的圆形。（胡扯==
魂断蓝桥,8.8,187849人评价,中国式内在的美国电影。。。,经典！只是一切已经走不出《乱世佳人》的影子了~~,山盟海誓玉人憔悴 月缺花残终天长恨,喜欢这部电影的人应该很多。影片描述了第一次世界大战期间，陆军上尉罗伊在休假时偶遇芭蕾舞女郎玛拉，两人一见倾心的浪漫爱情故事。但是残酷的战争改变了人的命运，美妙的爱情也随之化为泡影。观影的过程中体会到悲剧就是把美好的东西毁灭给人看，随着剧情的发展从欢喜到痛苦，还有深深的惋惜。,难以想象这部美国电影竟是近80年前拍摄出来，水准之高让人咋舌，观影过程非常投入，纯洁的爱情让人心生感慨，结局之悲哀让人无比痛心，估计当年在电影院赚了不知道多少美国人的眼泪。说回故事，故事脉迹非常简单易懂，一个纯真的女人因爱人之死心灰意冷，落魄到需要出卖自己的肉体，电影在处理这一段时非常含蓄克制，由始至终没有出现过多显眼台词去提醒观众女主角的卖肉事实，可是却让懂的人更为着急，重逢一幕让人感动，最终的...
穿越时空的少女,8.6,283006人评价,打多少星都不够,我就奇怪她为什么每次回去都是靠滚的,场景狠是漂亮。真琴的人物性格刻画是我最极讨厌那一类型，逃避现实，笨，配乐喜欢。完。,原来拥有时光机，遗憾也难少半分。,"最后千昭的那句“我在未来等你""足以秒杀一切。 放课后的棒球、蝉鸣、反复跳跃只为吃到一个布丁，缺乏的勇气和自行车一遍遍经过的河堤，所有的一切都融化在那个夏天和你分离。"
爱在午夜降临前,8.8,208029人评价,这世上不会有一个绝对完美的灵魂伴侣，永远都不会有。也许会有那么一霎那的真爱，这不完美，但这就是真实。你如果看不到，你就是他妈的瞎子。,结婚快10年互相之间还有这么多话可讲，还有性生活，这他妈不是真爱是什么？,为了看第三部，特意重温了前两部。还把《恋人絮语》找出来读了下。期待第四部Before Death（爱在棺材盒盖时）……,“他们竟然____了”模式开启。从爱情的偶然到爱情的实然，浪漫也终于被相处的实用性取代。“就像日出日落，我们出现，我们消失，可最终只是经过。”那些琐碎的争吵怨念放在时间的河里似乎也就不算什么了。他最后向她朗读了一封40年后的来信——原来前18年还只是序曲，我流泪了...,作为Before的系列路，我终于在中年危机这里转了粉。Sunrise太甜，Sunset偏酸，只有Midnight酸甜苦辣都入了味。数度被台词戳中，我不得不一再提醒自己：那些只是台词，它们不是真的。
初恋这件小事,8.4,726655人评价,结局真多余。。。。。。。。,虽然剧情已经无心意了 但是还是很！！！！！！！！！！！！你懂的,我好想跟男主角初恋啊！！！要不然初夜也行……,各种狗血...我被评分误导了...,“我喜欢你，我做的一切都是为了你。”一部很纯情很清纯很阳光的泰式爱情电影，故事本身并不多出彩，甚至让人觉得狗血过头，但我相信这是一部让几乎观影的每一个人都能在电影里找到共鸣的影片。能够回忆起曾经自己初恋暗恋的那些小事，回忆起儿时朋友间玩闹的趣事。btw，“凤姐”蛮可爱的。★★★☆
可可西里,8.8,198390人评价,在中国最傻逼的问题就是：“县里不给你们解决经费吗？”。最耐人寻味的回答的是：“我们没有编制”。众所周知的是，有编制的从来不管这些事情，因为组织没安排。,只能说陆川选对了题材~~,陆川的寻枪之前看过  没啥感觉 但是这部可可西里 应该向他致敬,带给我的震撼远远超过电影本身,震撼的天堂
2001太空漫游,8.8,187438人评价,原作作者克拉克：“如果有人觉得完全弄懂了《太空漫游2001》在讲些什么，那一定是我和库布里克弄错了。”,这部是唯一一出让我彻底游离出剧情，却始终带着浓厚兴趣看完的电影，我相信库布里克偏执的工作态度操死了一批又一批特效制作人员,"现在这个年代没人敢如此玩观众了。
",李安评价自己最爱5部电影之一时说： “我非常崇拜库布里克，关于《2001太空漫游》我无法说清它究竟是一部怎样的电影，我当年第一次看这部影片时，它深深地吸引了我，那种感觉就像吃了迷幻药之后的幻觉经历。” 今天在资料馆大银幕体验，修复版让这种幻觉变本加厉，渗入到每一根神经。,人对宇宙的想象力，到此为止。最后半个小时，美到癫狂。本片让我对电影产生敬畏之心。有生之年，不会有任何一部电影能够超越此片。
完美陌生人,8.5,383244人评价,女儿早就看出了她妈的婊，果然女人才了解女人,特别喜欢男主人和胖基佬这俩角色。,很喜剧，略过火。没什么可批判的，以中年心境来看，全不是大事儿，缝缝补补装着糊涂都能过下去。纯粹的爱沉重，非肉体凡胎消受，可能背叛与依赖交织的灰色，才能支撑彼此到人生尽头，不那么痛苦地告别：是虚伪和无聊保护着我们，而不是激情与真诚。,人应该学会如何分手。没必要这么凄惨。,人和人之间的关系是脆弱的
绿里奇迹,8.8,179346人评价,带着满脸的眼泪和鼻涕泡儿看完的,天使也怕黑暗。,耶稣小传,虽然很长，但真的好看,三个小时太长了  抽出时间耐心看还是很触动人心的
小偷家族,8.7,547959人评价,最费力的成长留在树上的只有壳，最狰狞的伤口留在皮肤的只有疤。最动人的烟火绽在空中看不到，最深沉的感谢飘进风中听不清。你教我食物最美味的吃法，却教我获得食物最羞耻的手法；我学会祈祷最灵验的手势，也学会用来祈祷最不齿的心愿。我在商店里偷换掉童年，你在泥土里掩埋了伤疤，而我们组成了家。,有援交和啪啪戏，希望局里不要一叶障目，淫者见淫啊。不知内地哪家片商买了，棕榈叶至少增量两千万票房。情绪感染到位，收尾看哭全场。尽管都是被社会遗弃的多余之人，依然还是要努力生活呀。,相比“小偷家族”，更像“是枝宇宙”。这不是玩笑，一出从《无人知晓》到《第三次杀人》的总结表彰，你可以在任意一个角色（小朋友），一句台词（羁绊or选择成为父亲），一个场景（看烟花与海滩嬉戏），看到其他作品影子。最有趣的体验，大概是不同演员的组合，以及被隐匿的人物过往和秘密。,水准接近是枝裕和最好的“步履不停”。几乎所有导演在拍摄底层家庭题材时都会有意无意的使用自上而下的镜头，只有是枝裕和永远能够保持温暖的平视。电影含蓄的再定义了家庭和亲情：在商店倒闭前，里面的东西都是无主之物；在这个小小家庭分崩离析前，他们就是有爱的一家人......,看的时候平平淡淡地过去，看完后简直不能细想，越想越沉痛。“羁绊”，卑微之人偶尔的连接生出从原生家庭那里得不到的温情，如此珍贵，也如此脆弱。每个人都被冲散了，孤零零地独自面对世间凉薄。活下去真难。
牯岭街少年杀人事件,8.8,173548人评价,近四个小时的长片，我一直不入戏，张震也青涩得让我无感，直到Honey的出现，我才静了下来。这个小混混里的前老大，竟然穿着海军服，又帅又温和，席地而坐说起他看过的最厚的一本武侠书，叫《战争与和平》，英雄主义浪漫至极致的悲壮。,海那边六十年代的生活跟海这边八、九十年代差不太多，但tmd海南边的学生凭什么人手一双converse？凭tm什么？,外国人一定觉得中国人长得都差不多。,我怎么都不会想到杀的人是她,那一霎那我什么也没做，只是捅了你一刀。“原来你跟他们一样，对我好就是想改变我。你好可笑啊，你以为你是谁啊？我和这个世界一样是不可改变的…”
阿飞正传,8.5,338759人评价,"在张国荣面前
所有的大牌都黯然失色",虽然看不太懂，但片中张国荣实在太让人着迷了~~,这座城市的雨水真是绵长啊，显得所有情意都变得稀薄。,他最终还是没能飞起来；她最终还是忘却了；他最终还是没能接到电话；她最终还是割舍不断；他最终还是卖掉了车；她最终还是去了美国；他最终还是踏上了2046；他们 最终 还是……,你 风华绝代
无耻混蛋,8.6,338092人评价,当法国人不讲情义，美国人不讲人权，德国人不讲原则，英国人满脑浆糊，犹太人大开杀戒，希特勒就死了。,我只有一点不理解：影院老板最后在电影上的那段宣言，可以是法语也可以是德语，它怎么会是英语呢。。。。,昆汀的恋足癖还是藏不住啊。,这部电影告诉我们：绝对不能相信美国人！,红衣女子因为恻隐之心送了命，是少数几个正常点的黑色幽默。。。
香水,8.5,404112人评价,有人曾告诉我他不顾一切寻找的其实是爱情的味道，爱情也有香吗？他试图拥有世上最奇异圣洁的香水，当世人在广场狂欢，以达爱与欲的颠峰，他却在最后发现他已失去爱人的能力。没有爱情，香味消失了。他仿佛从未存在过。,"观影过程中如果曾有过那么一丝丝对杀手的憎恶, 那么你便是世俗和不纯洁的.",用少女的体香，酿造出最蛊惑的香水。只不过是为了留住爱人的气味，他所以为的救赎。而其实，“他本身其实就是一瓶香水，馥郁绽放之后终会随风消散。”,这个故事如何不是比嫌疑犯x的献身要好上数百倍的大气故事呢？巴黎、格拉斯，每个城市里为了香味而忘我且凶残的努力——这并非凶残，而是纯粹的追求人生中唯一至高至圣的目标，找到那个生命中最后的味道。而一旦这个味道得到了，他生活的一切也就失去了意义，反而重拾当年全部细节的美好，最终就回归了起点，在鱼市场的臭味里让一切归位了。,胶片群裸就是不一样。。。这种从故事到情节到化妆到道具到一切细节的精致，才能让人丛大银幕上嗅出香味。离这种精致，我们还差多少年呢。
谍影重重2,8.6,249230人评价,俄罗斯出租质量真好,伯恩在水下亲吻玛丽的那段，真是又美丽，又悲伤，唉。,看第一部就发现，片尾曲是Moby《18》里面的哟~大赞！！！,伯恩可能注定是孤单寂寞冷的，虽然没有华丽的服饰，超酷的装备，美女勾引，但是飙车，搏斗，杀害，也都很精彩。,很难想象自己第一次看的时候居然不喜欢，看来随着年龄的增长对一部电影的看法也会改变。我们的伯恩没有高科技，没有帮手，靠高智商和好身手赤手空拳对抗强权，你以为电影传递的会是复仇的快感，想不到是一曲壮士的悲歌。
新龙门客栈,8.6,301511人评价,那时甄子丹还没出名，在演大反派，林青霞因为《东方不败》、梁家辉因为《情人》都红到爆，但该片的最大受益人却是张曼玉。那个风骚入骨的客栈老板娘，成了武侠影史上跳不过去的一页。今后恐怕没人能比张曼玉演江湖客栈里的老板娘演得更好了。,张曼玉真是风骚啊,这是香港电影最鼎盛时期的佳作！张曼玉的柔媚，林青霞的英气，梁家辉的儒雅，无一不个性鲜明！,有眼不识金镶玉，当然不是说这里的老板娘，张曼玉的角色真的很百变，可温婉可风尘可纯真可忧郁，似乎没有她驾驭不了的角色了。,张曼玉将金镶玉风骚入骨敢恨敢爱的性格刻画的入木三分。林青霞和梁家辉亦将江湖儿女的情怀与抱负演绎的丝丝入扣。其它一众配角个个可圈可点，经典之作。
猜火车,8.5,330412人评价,世界在边，音乐在变，连毒品也在边，你不会越来越年轻,啊，马桶世界无比神奇,马桶原来里面是海洋呀。。,从马桶走出来一个牛逼的伊万麦克格雷格，这也就是丹尼博伊尔的最高成就了，他对人生啦对艺术啦对人性啦追求也就到这了，有这一个五星片也足够了,"每个真理让人安宁，不是吗？如同坟墓。每个人都奔向它。 一直认为《猜火车》的片头是最棒的。
 
"
源代码,8.4,580645人评价,"如果画面停在最后一吻上,就完美了.",竟然看到短评里有人言“结局累赘”、“如果一切停在这个吻就完美了”。卧槽，两位琼瑶剧迷请勿玷污科幻电影的SF之神好么！！！！可以说，影片3/4之前的剧情是立意新颖但仍中规中矩的悬疑惊悚片，但是结尾处的1/4剧情简直达到了科幻电影的肾上腺素暴表线。这个结局甚至比《月球》更加悬幻陡峭.,居然有那么多人认为《源代码》最完美的结局应该是定格在最后那一吻上，由此可见，真要这样结尾够有多么的恶俗不堪啊。,太憋屈了，不是太空舱就是火车厢，幸好他最后出去了，要不得憋死我,结尾又狗血了。
谍影重重,8.6,298009人评价,喜欢Bourne的冷静。当Matt Damon打开银行的保险柜时，我突然发觉，世界之大，持有三样东西便可畅通无阻：金钱，身份（也可理解为地位），枪（强权）。要求自己象特工一样生活显然是很辛苦且不切实际的，然而，有些时候，特别是面对危机，试着用特工的思维方式去看待问题也许会很有效，特别是对于男生。,简洁有力,只有动作片，才能如此深沉霸气地表达人类的困境吧！,伯恩真是帅到爆了！,最后一个杀手内忧郁的眼神呐~~~~
战争之王,8.6,251844人评价,"世界上每十二个人就有一个在做俯卧撑,我们的任务是让剩下的十一个人也做俯卧撑.",和政府比起来军火商确实不算什么,真是很不错的片子，这个世界就是这样。无法埋怨任何一个人。,做这生意别带文艺青年好吗？！8.4,灰色行业翘楚的半传记性质影片，与性书大亨、烟草之王相似，具备了成功的人物塑造与微妙的道德讨论。（小记：弟弟维的自毁心理与纯真的素食者如出一辙，身为生产消费中堕落且重要的一环，痛改前非，蚍蜉撼树，但请不要忽视渺小个体的反抗，因为那是一种非常难得的道德自觉。）
青蛇,8.5,347091人评价,"也是非常喜欢的,第一是两个女人太美丽了.第二是,音乐太棒了",徐老怪拍的最美的一部片子，连法海都是赵文卓，有这样的白蛇传么..,李碧华的爱情模式，得而失才让情更刻骨，碎彻底才让痛更铭心。青蛇与法海交欢的戏藏得够深，很有佛理。,张国荣当年若愿意出演许仙的话此片会更美，但曼玉和祖贤姐姐已足够妖冶天仙，赵文卓的法海也更是傲世独立，吴兴国的许仙——猥琐男一个。全片的音乐美不胜收，飘飘欲仙，欲仙欲死，配乐和画面都极为出色。,红玫瑰与白玫瑰——青蛇与白蛇——许仙与法海。诱惑的两面。
地球上的星星,8.9,141110人评价,为什么一定要成为全才，为什么一定要有出息，不会拼写有什么关系，不会系鞋带又有什么关系，你懂得什么是想象，你能画出美丽的池塘夜色吗。要相信每个人都有别人无法超越的那一面，可悲的不是有其他方面表现的比别人差，而是有些人一辈子都发现不了自己最闪光的那一面。喜欢最后一幕ishaan奔向nikumbh，脸上泛着喜悦与自信的光芒。,每一个镜头都寓意很深，他的才华有目共睹。看这部电影的时候，我想很多人都会有强烈的代入感想到自己的童年吧？小时候，在家长的压力下，不得已放弃那些看似幼稚却是我们心中真正渴望表达的东西。在既定的规则下，我们失去了儿时的那份纯真，逐渐沦为社会规则的牺牲品。★★★★★,内美术老师能少哭两回我们就给5颗星了,节奏太慢了…,应试作文材料必备片！①极强的细节代入感。②童年印象：街犬、风筝、水坑、棉花糖、蜘蛛、小丑。③希特勒万岁：秩序、纪律、用功。④歌舞传统虽屡遭外世诟病，实而却予影片节奏以强化。⑤水彩如流动盛宴，泼染于画端。PS：想起我幼儿园时爱用彩色水笔写拼音。
城市之光,9.3,81147人评价,永远的小人物，伟大的卓别林。,最后一个眼神的特写，直指人心,卓别林伟大之一点在于，哪怕经受过那么多苦难，他还是相信每个故事都会有光明的结局。卖花女问他：“是你吗？”我总觉得他会苦涩地摇头，然后转身离去。爱情是黑暗城市的光芒，善良也是，可是城市其实并不相信这些。,9.1；當天街角流過你聲線，沿路旅程如歌褪變,【B+】说实话，卓别林式的幽默放到今天确实有些过时了。但幽默并不是卓别林电影的唯一意义，剧本放到今天来看都很棒，对小人物的刻画也是一如既往的出色。不过还是更喜欢摩登时代
血钻,8.6,238081人评价,但愿看过这片子的人以后都不再向往钻石,每个国家都曾经是非洲,钻石，华丽的毒品。 迪卡普里奥，自从无间行者开始已让越来越多的人重新认识他，并知道泰坦尼克之后他一直在努力。 ★★★★,套着uncle sam一贯的假惺惺救世主外衣，其实就是纯popcorn片，看着挺娱乐的。,没有买卖就没有杀戮，这样的非洲是我不曾了解的！
浪潮,8.7,194475人评价,奇怪的不是獨裁者而是服從者,由个人魅力领导 不平等社会因素推动的独裁主义遏制除领袖外一切个人主义 妄图以集体的力量去对抗所有不平等 逃避现实 忽视个体的重要性 只要还有贫富不均 那么法西斯主义的民众基础永远都会有的 ,你认为新纳粹主义不会重新卷土重来吗？看看这部影片吧！法西斯强大的生命力深植于每个人内心，轻易被点燃。,"他们入戏太深,而我们连演戏的自由都没有.",君子朋而不党。保持每一个独立思考和人格。这是我反对任何机构和活动“党同伐异”的基本原因。包括乐迷、包括观众、包括粉丝，狂热的、无理性的、邪恶的、革命的、红卫兵式的、党卫军式的群体爆发。这不是游戏。后果不堪设想。你知道我在说什么。 
朗读者,8.5,359085人评价,要不是那天的呕吐，也就不会有这么一段爱情。,汉娜热衷于倾听朗读，她对文化世界中的美好事物的向往越强烈，她对自己文盲身份的厌恶和恐惧也就越强烈，这是同一种感情的两面。这让她近乎疯狂地走上了一条维护、追求尊严的道路，为此不惜撒谎，抛弃工作和爱她的人。为了守护秘密，你会走多远？,这片不用德语就是先天性第一大败笔。改编没做好，知识分子气十足的小说被TMD改成了情色片，sigh，书还是很不错的。,2008剧情类年度最佳！“我什么都不怕，越是痛苦，我越是喜欢，危险只能让我更加爱她，能让爱升华，带给爱趣味…只有一件事可以让灵魂完整，那就是爱！”肥温演技的完美之作，史蒂芬·戴德利没有让人失望。一个如此简单的故事可以讲述的如此曼妙与深刻，爱真的可以超越一切。,我们最终原谅那个少年，因为知道那也是我们人性的恶。
彗星来的那一夜,8.5,335851人评价,和来自地球的男人一样都胜在设计，往往在超自然的力量下面人类很容易暴露本性的缺陷，比如猜疑，鲁莽，自毁。这个电影在无数平行空间的外套下面，其实讲的是一个女孩，当她人生中的机遇都一个个逝去的时候，到最后她愿意付出任何代价去抓住最后一根救命稻草，甚至不惜去做一个替身。,镜头晃啊晃啊晃啊晃啊八个人叨逼叨逼叨逼叨逼停电了继续叨逼叨逼叨逼叨逼卧槽多重世界还是叨逼叨逼叨逼叨逼死人了杀人了昏倒了天亮了完全疯了~~~引入薛定谔猫实验，借着平行空间，用混乱叠加的时空展示量子力学理论或揭露黑暗人性都显得过于牵强。,真·烧脑，认真看了两遍。第二遍主要注意一些细节，杯子啊衣服扣子啊还有走错门二人组拿箱子跑的时候塞进去的隔热手套……最后总结，如果以女主视角来看，到她落单遇上伪老公吓回屋子往后，身边已经没有一个是最早跟着出来的那拨人了，一个觉得自己被全世界抛弃的人其实做出什么来都不奇怪啦,前面有点难看，最后几分钟有被惊喜到，女主找到了平行空间里最好的男主，却杀死了最好的自己。,薛定谔的猫，一只白猫，一只黑猫，抓住人们心里有耗子的就是好猫。
步履不停,8.8,167821人评价,《步履不停》没有引出幡然醒悟的痛心疾首，当良多在墓碑前重复着母亲的浇水举动，他是否相信返家的那一天也是他人生的缩影？,东方人的日常生活中就是常常上演这种迟到的温情、无奈的残忍，并且自觉地不知悔改地步伐不停。秉承着同样的嘴硬和含蓄，他们塑造了家，捏造了国。,是枝裕和的巅峰之作。淡淡的散文化叙事，琐碎平静的日常生活深处潜伏着暗流与潮涌，不动声色而令人莞尔的细节，可爱丰满的人物，凝练而善于留白的对白，耐人寻思的镜头里，是小津逝后的导演们再也拍不出来的日本，和至纯的醍醐味。,生活尽管再平静偶尔也有波澜 不停走着有些东西还是趕不上。,听说蝴蝶如果能够熬过一个冬天，来年就会变成黄色。从此，我每次看到黄色的蝴蝶，心里就会难过。
疯狂的麦克斯4：狂暴之路,8.6,348808人评价,除了燃，Mad Max 4还说了一件事。背井离乡七千天，无一日不惦念。不论眼下多苦，相信只要回头就有希望，因为那里是丰饶的绿洲。但这终究只是个幻觉。离开家乡越久，幻觉越严重。你以为逃离能解决一切，但真正的胜者不是寻找green land的人，而是改变wasteland的人。,近年来最具作者性最有风格的好莱坞动作片，且完成度极高，其存在堪称奇迹。单是前30分钟就已经嗨翻天，风暴戏的配乐简直神来之笔！邪典味的疯劲贯穿全片，文戏少没废话直接爽，如此雄性的动作电影竟然没有直男癌反而讲了一个女权觉醒的故事，片中每一个女性角色都实现了自我价值。PS：电吉他碉堡了！,"虽然名字是mad max,但这片本质上是塞隆饰演的furiosa带领一群娘子军的avenge。和这片酣畅淋漓的动作与邪典精神相比，男人戏为主的furious 7和avengers就像一群太监扯头发一样娘炮和可笑。(no pun intended)",乔治米勒打造的末日世界完成度之高毫不逊色于中土和潘多拉星，应接不暇的追车打斗和爆炸的场面设计不断刷新着观众的极限，结尾更是将主题升华成一出女权主义的颂歌；如果将本片比作一部奔驰的法拉利，素鸡最多算辆轮椅,#Cannes2015#酷到没边，帅到爆炸！乔治米勒把好莱坞动作大片的场面设计提到了一个新高度，追车戏花样繁多高潮接着高潮，全程无尿点，沙暴戏一段场面特效颜色最赞，文戏感情戏点到为止。汤老师和塞隆都帅到让人不能自抑。IMAX请必刷！燃到爆，疯狂至死！
色，戒,8.4,448944人评价,我怎么一点不觉得色情呢。。。。,从头笑到尾 抱歉。。。王力宏的出演简直是本片最大的灾难。。。,强大的眼神戏,王力宏演得太差，否则就是5星；又看了几遍，王力宏演得再差，还是5星,"表面上是王佳芝的自私害了一群战友，但她的上级早就有机会杀了易先生，却为了得到更多的情报迟迟不动手，打着“爱国”的旗号逼良为娼，强迫早在崩溃边缘的王佳芝继续和易先生发生关系。
在拿出实际行动证明对她好的易先生，和惨无人道、毫无人性的党之间，王佳芝只是选择了前者而已，她真的有错吗？
党在本片的形象并非伟光正，而是为了达到目的不择手段，甚至放弃人性和道义，这也是在华语片中罕见的。"
遗愿清单,8.6,242849人评价,喜欢定好小计划然后一一划去的小成就感,我笑了，也哭了,两个演员真好。两人在医院里关系慢慢建立的部分挺好的，我喜欢做化疗那段的设计，编剧有心。反而是作为重头戏的实现遗愿部分，写得很一般，临死前的遗愿就是环球旅行实在有点轻浮。还是欠缺些力量。,"so one day when i go to some final resting place,if i happen to wake up next to a certian wall with a  gate i hope that you are there",就算得了癌症，在连走廊都是病床的国内医院，你周围都是治不起病或是医保结算的老百姓。所以别做梦了，你的邻床不会是亿万富翁，有遗愿就好，别列什么清单，都是美好的夙愿而已！虽然感觉片中景点都是电脑特效，但我还是当风景片欣赏了这般美好。也的确被片子感动到了，这就是好莱坞+老戏霸的魅力。
大佛普拉斯,8.7,249486人评价,年三十晚，我妈在旁边和我一起看完了那场两分钟的车震戏。年度最尬观影体验........,「雖然現在已經是太空時代了，人類可以搭乘太空船到達月球，但卻沒辦法看穿每個人心裡的宇宙。」,這不完全是黑白片唷。因為有錢人的世界是彩色的。以黑色幽默包裹的社會寫實劇，很貼近台灣社會。導演黃信堯後設的口白，不僅是趣味，也巧妙中和了故事裡那種幾乎沒有出口的黑暗抑鬱。社會階級分化，貧富差距，宗教政經的金玉其外敗絮其中，諷刺的超到位。拍了一個很棒的結局,“我们已经可以依靠科技进入外太空，却依然无法走进一个人内心的宇宙。” 忍俊不禁的小幽默，互相打趣的小人物，上演着一出出悲伤的人间喜剧。富人的世界永远是彩色的…,5.0。1.有钱人的世界是彩色的，于是黑白有了难得的意义。2.大佛“垂头丧气”之说+1。3.放浪形骸的行车记录仪，游民肚财的秘密基地，送葬路上涨漫的水泽。4.我们已经可以依靠科技进入外太空，却依然无法走进一个人内心的宇宙。4.年度最佳结尾，非它莫属。
小萝莉的猴神大叔,8.4,331174人评价,近年印度神作频出。三傻，印式英语，偶滴神啊，地球上的星星，贫民窟的百万富翁等等等等。每部都让人印象深刻。此剧主题是爱，穿越种族宗教国家争端，三观正都到不行，满满正能量。很美的萝莉，一脸正气的男主，创意鸡肉舞加上令人惊艳的巴基斯坦雪山美景，绝对值得159分目不转睛的观赏。,不说了，洗脸去了,最后一幕永远定格在我的内心深处，人至善、水至柔、景至美、情至真！再铁骨铮铮的汉子也会为之动容，宝莱坞真的不得了！这几年电影不可小觑，小故事大道理发人深省的题材已经独具匠心别具一格！果然有宗教的民族与金钱至上的国度不同啊！人类最最美好的东西通过这部电影保留了下来！谢谢你们的用心！,难道是政治阻止了爱？圣母婊以为爱可以战胜一切,在真正深切的爱意与人性的光芒之下，一切由于偏见和狭隘而被塑造出来的障碍——不同的信仰、对立的政治、分割的土地，都不再重要。
再次出发之纽约遇见你,8.5,285179人评价,电影院里坐我前面的男子，每当音乐响起时，都会打开QQ音乐的曲目识别，我很想告诉他，你每一次搜到的歌，都收录在同一本原声带里,“我之所以爱音乐，是因为它让每一个平凡的瞬间，都充满了意义。生活里的很多细节，因为有了音乐而变成闪亮的珍珠” 8年后再续《曾经》，没有狗血的大情小爱，所有故事就跟每个人的普通日常一样，平淡自然，水到渠成，不拘谨，也不奢望，他们单纯因为音乐而在一起。,超爱KK！马尾超可爱，穿衣风格也超赞，唱歌也挺好听，Like a Fool最好听，还有敏锐的洞察力！求传授！以城市为背景音想法很棒，听得我燃起了音乐魂。男女主之间朦胧的感情处理地也很好，更多的是惺惺相惜吧。最后居然被骚当的Lost Stars戳哭了，还有可怜的小眼神儿。坚持做纯粹的音乐还是大众的音乐？,好听、好看的小清新。最棒的是两人没上床，连个吻都没有。,我好喜歡這部電影，連討厭的凱拉奈特莉都變得順眼起來。John Carney有一顆青春之心，否則怎能如此浪漫寬容？結尾女主角選擇了重新開始，一段更加自由，嶄新的生活，反高潮之餘平添一份暖意
追随,8.9,124706人评价,我曾经跟踪过一对陌生情侣，因为他们走的太快了，完全不符合正常情侣的步速，这让我好奇。当他们拐进路边的快捷酒店时，一切疑云烟消云散。,虽然你行的是鸡鸣狗盗之事，但也不用摆出一副鸡鸣狗盗之相,两个发现，一个主角叫Cobb，另一个主角房门上有个蝙蝠侠标志。,Nolan天赋之作，之后的作品太工于技巧而丧失味道了。,天哪，太厉害了，一步步把人引向深渊，不论是男主角还是观众！这就是几千美元成本的电影啊，真是一切皆有可能。。我是多么喜欢最后一个镜头啊！诺兰是神啊。。。
聚焦,8.8,198517人评价,“怎么忍心拒绝上帝？” 各方面都很稳重，碍于太政治和工整，题材也不新鲜，赞赏却不心水。这样的震撼更多来自真实事件本身，作为电影其实没有到8.9分这么好，更像是给纪录片习惯打高分一样。,作为一个前记者，看完这种电影真是感慨万千啊……如果不能坚持新闻理想，倒也不必把选择悲情化。做记者本身就要有一点理想主义才行，因为是你主动选择了那个桅杆上的瞭望哨作为岗位。只可惜我们受到的教育和现实完全是拧巴的……电影本身非常棒！尤其是演员的集体表演！,有点像“撞车”，都是群戏电影，每个人都有精湛发挥。聚焦天主教性侵丑闻，凌厉割喉的步步求证。电影最成功的是将亵童和性向做出切割，指出这是教会这一全世界最藏污纳垢组织自上而下的制度性丑恶，看完会让人失去对宗教的所有敬畏。,铁肩担道义，妙手著文章,中规中矩。温吞开水。
东京物语,9.2,85513人评价,这部电影里可以看出的东西太多了。比方说如果注意了尾道家中的鸡冠花，就会明白黑白影像为彩色影像所不能取代的魅力。母亲在热海的防波堤上说，“东京游览过了，热海也来过了，可以回家了”真是对人生非常隽永的总结啊。,刚开始的几幕，觉得极做作，哪有众人说的这般好？再耐心看下去，方发觉，在表面的客套和微笑下，内心深处的悲凉。“其实我们是很幸福的。”“是啊，其实我们是幸福的呢！”等到我老时，也会这样和老伴相视而笑么？,片中的纪子，好善良美丽的女人，一个完美的日本女人。,原节子小姐过世后的一个早晨重看。结尾她说：“不如意事太多了。天天一事无成的过日子，也十分寂寞。我内心深处，还在等待什么似的。”什么都不好的时候幸好还有好电影。,"坟前难进孝子之心
生活平淡的让人揪心
"
一次别离,8.7,188480人评价,真心好片，基本可以给五星。肯洛奇（重叠对话）+达内（手持摄影及剧作）+基斯洛夫斯基（道德故事）却不失伊朗本身的位置，基本超出了东方主义的规定。故事做得很复杂（只是因为拿掉了两个关键镜头！），拿捏“政治正确”真是精到舒服，可怜之人必有可恨之处。空间设置很精细，剪辑风格大赞。光糙了……,"我国这些年最喜闻乐见的家庭剧剧情，只不过他们还有""信仰""这个词",4.5。一次即永恒！①着意隐去匠气，还故事以挚诚本真，唯象征私隐于后。②一席黑头巾掠过楼道、车流。③隐匿于镜头外的西方理想国。④你怎么敢看着我的眼睛撒谎！⑤古兰经的存在一度置瑞茨于人性罪责和信仰之间，如替老人洗澡、告白真相等。⑥玻璃门之隔。,一个战争与宗教包围着的国度奉献的一部佳作，可以称之为实至名归的金熊奖最佳影片。大量的手持镜头，用客观而冷峻的镜头讲述着两个平凡家庭的琐碎与冲突，人物刻画入木三分，故事的悬念更是凭借着适当的掌控丝丝入扣，直到电影完结仍使观众处在情绪当中。★★★★☆,格局无需大，笔触只要深。
驴得水,8.3,621973人评价,幸好有个民国，不然借古讽今都没有抓手,过去的如果就让它过去了，未来只会越来越糟！,普通观众全嗨了，说这才是国产佳作;电影专业人员全崩溃了，说这是舞台剧不算是电影。讲真，我觉得当一个作品只剩下它的形式能被人吐槽的时候，已经足以证明其成功。不管它是啥，哪怕我是去电影院看话剧了，我还是觉得，甚好，没错过这个乌龙甚好。,悲叹的是被压迫的是女性，欣慰的是觉醒的也是女性,这个笑话还真把我看哭了，惊喜之作，比夏洛特烦恼的故事高明，但电影感较弱
黑鹰坠落,8.7,198513人评价,是想当作一个任务如何失败的案例来看的。。战斗场面够多，信息量还是不够全。。战争残酷狰狞自不必说，只是只有美方士兵单方面的人性化描画，至于那些发狂的索马里士兵却只是默默而生，默默而死，成不了一个相互沟通的契机。。背景音乐很不错,这是我看过的美国战争大片中最为经典的一部,发现这种突击类枪战片的翻拍总有丧尸片的气质，不怕死而且打不完。真实又恐怖的战争，弹壳如雨点般飞落。,背景乐配的超级赞！！。。动作和阵容十分强大，但是这样的战争，感觉美国多管闲事害了自己。。经典台词：不是我们想去做英雄，只是时势造英雄。PS：华丽丽的hugh是医官（就是满脸是血那个，和josh一起抢救别人的医官），orlando刚出来就坠机，ewan猥琐的倒茶兵。汗颜。。,不愧是雷德利斯科特，技术和细节方面太优秀了，交叉剪辑很棒，从38分钟一直打到结尾，大规模巷战场面真实而残酷。高速慢镜、蓝绿布光和滤镜、雷导标志性的烟雾和长焦镜头等手段使影片更加凄美悲壮，属于有风格的现实主义。Hans Zimmer配乐依旧搭调。不过激烈战斗中的部分煽情对白略显刻意。（8.5/10）
我爱你,9.0,101819人评价,他们是我看过最帅和最漂亮的四位男女主角。,你要相信，这世上真的有爱存在，不管在什么年纪,"“我是个胆小鬼，没有你，我怕活不下去。” 
",亲在不远游，我不会再离开你们身边了。,这样的片子 韩国好会拍啊 眼泪止不住流
千钧一发,8.8,160223人评价,为什么只有5星？全宇宙的星辰都属于你。,看了这部《千钧一发》，没想到还真不错，男煮饺儿追求梦想时不给自己留任何后路的精神真鸡巴励志啊……这种励志非心灵鸡汤式励志，而是心灵牛鞭汤式励志……我们曾经都是星尘，莫名其妙地来到了父亲的睾丸里，来人世走一遭后重新变成星尘……反正迟早变星尘，不如追梦尽情活…… ,这名字译得太搞了～＝＝,梦想与扼杀梦想的不公平，过去、现在还是未来，这是人类戏剧的永恒主题之一。,这片子在我的科幻片单里排前10。楚门秀编剧的导演作品，比楚门秀无论概念还是执行都好太多了。“我就是那个统计学上无关紧要、但没人可以抹去的1%。”改变生命，分享梦想，泪目。
发条橙,8.5,269676人评价,看的差点儿吐了~~~,经典的3p节奏..漂亮干净的画面,没办法。。。谁让咱假装是文艺青年呢。。。很喜欢,我觉得惊讶的是传说中的经典居然真的让我觉得很经典 ,总之我看着觉得很烦= =
E.T. 外星人,8.6,245039人评价,有史以来最温情的科幻片，喜欢小E.T,电影超越一切隔阂，以一个单纯却永恒的故事打动人心，片中童话般的情节和寓言式的启示让观众笑中带泪。,每看一遍哭一遍,E.T.爹妈就是那种去一趟动物园会把孩子落下，还好几天没发现的糟糕家长吧,ET被抓进实验室，小埃利奥特也一病不起。孩子们愤怒了，他们自发组织起来，营救外星人。埃利奥特也在心灵的感召下苏醒过来，加入营救行动。他们能成功么
网络谜踪,8.6,358970人评价,约翰赵怎么可能会生出这么丑的女儿！！,Amazing! 剧本写得太好了，千回百转。几乎没有实景拍摄，但节奏感超强。这种拍摄方式真的太省成本了。,确实是重新解读电影语言，节奏快且充满代入感，我们每一天不就是这样过吗。给剪辑师加鸡腿！故事本身讲得也好，情感和悬疑结合完美，铺垫好家庭背景之后所有发展都顺理成章又出人意料，换一个老爸能火眼金睛至此可能会显刻意。题外话：John真是英俊啊我从进剧院第一眼看到他开始就不会呼吸了妈呀,看似牢不可破的密码，跳转几次邮箱就可破译；看似无比相熟的女儿，连吸食大麻都未曾知。本来代表身份的头像，竟是无需版权的图库模特；本来孤立寡言的女孩，却在直播软件里袒露心扉。最亲近的女儿却比密码还难破译，最沉默的女孩却比模特还健谈。面前提供海量信息的屏幕，当你在凝视它，它也在吞食你。,其实抛去形式的话，故事本身还是比较狗血的，反转说服力也欠缺。但因为坚持把所有的镜头都用各种电子荧屏展示，除了电脑页面还有电视新闻、监控录像等等，有种奇异的满足窥探欲的感觉。整部电影就好像在网上找到一个都市传说之后拼命谷歌了两小时看遍各大论坛各种留言的感觉。作为新导演的第一部长篇，把形式拿捏的还是得当，甚至有些太老练了。不过这部电影和亚洲首富连看会令人思考，一部是疯狂拿自己的肤色洗脑，一部是完全隐去...
四个春天,8.9,109563人评价,母亲的超级能力，是听到铃声响起就知道是女儿打来。父亲的特异功能，是目送每个家庭成员远行都能庇佑一路平安。每年都要仰望燕子回巢，上山采撷春天，在空谷放歌，在田埂旋转。天井里落雨落雪，人世间有阴有晴。这俗世哪有什么超能和神功，不过是为她挂一旗白幡，留一双碗筷，种一点念想，等一轮春天。,纪录片直击穷山恶水黑社会是一种力量，记录柴米油盐酱醋茶也是一种力量。我们的家庭叙事中很少见到这样豁达与乐观的父母辈，他们对生活中具体的一餐一饭一花一草一事一物真心好奇，真心感恩，真心享受。父亲无论遇到什么事，都笑着说“好玩得很”，看见红亮腊肠慨叹一句“安逸”，看燕子筑巢，看荆条发芽，吹一支蒲公英，这些不是文艺青年的摆拍，是来自真实生活中的点滴情趣，它本应是生活的本意，只是长久地被尘埃覆盖。这其中也...,"1.之后二刷的时候，一定要掰着指头数饭爹饭妈会的技能数量！
2.这是史上最高级的征婚广告吧？看到这样的婆家，如果我是女的，脑海里就一个字：嫁！
3.由于饭叔比我大一辈，所以看片的时候就特别想我的外公外婆，太多相似了：写字、做香肠、拜坟😭
4.人到老了，一定一定要诗意栖居。有工作的时候，估计是没办法做到的😭",共情真的是一种很高级的情感，无论悲喜都如沐春风，是燕子回巢的呢喃，是半亩方塘的春水搅动，是厨房的乒铃乓啷，是迟迟不愿挪步的送别，是白发人送黑发人噙着的泪，是用DV记录家庭生活的镜头。父亲这一代知识分子拿的起乐器学的来剪辑，即使年纪大了“每天也要为这个家做一件事”，母亲总是囿于厨房但总能笑呵呵地唱起旧曲，还经常地木楞停住想起亡去的姐姐。两位老人鲜活可爱，我也是第一次注意到我有时候竟然会错过这些身边类...,华语影像鲜有将镜头语言用来记录上一辈的生活，琐碎的日常、消逝的家族、人世的浑融，视角难能可贵。前半段其实没有什么共鸣，写春联、挂灯笼、蒸香肠、放鞭炮，一家几口人围着桌子安逸地吃饭看电视，这些大多数人觉得贴切、熟悉、平常的场景，对于一个单亲家庭长大的男孩子而言，仿佛是另一个时空的画面，并不能感同身受。假如母亲还在，我也不敢把这部电影给她看。片中那对老夫妇真温暖啊，我和她都不曾体会过。后半段从姐姐的亡...
撞车,8.6,242079人评价,多走线接近完美的剧本在美国其实并不少见.但仍旧不理解为什么断背山会输给它.,CRASH，不仅是撞车，更是种族、人性的冲撞。沉重地我只能一再一再叹息。,处处是隐喻，段段有线索,表面上是在探讨种族间的偏见与冲突(crash)，本质上是在讲人性的和解与救赎(touch)。,"其实这部电影挺成功的。只是可惜了米国人眼中的“老外”李安演绎了那么地道而又唯美的《断背山》，所以它拜在了“物以稀为贵”之上。
后一年邀请布拉德皮特参演的《通天塔》就是模仿《撞车》的垃圾。撞车……从一个小城市反映美国的文化，寻找人类在城市中一度迷失的心灵。"
变脸,8.5,306772人评价,凯奇兄长了一张很忧郁的脸，好像很多人欠了他钱，而且都还是欠了不还的那种，约翰老兄则满脸春风，好像就是他欠了凯奇很多钱没还。,原来是吴宇森作品，看的时候还奇怪外国人是怎么想出这个复杂的事情的，而且还能看到《英雄本色》和《喋血双雄》的影子。。。,永远也不要玩王子与贫儿的游戏(医生真是负责，肚子上的肥肉也被送回去了?),让我爱上尼古拉斯.凯奇的电影,凯斯特醒来，此时他有着西恩的面相。于是他决定将计就计，将知情人杀掉之后，他就变成了西恩……
梦之安魂曲,8.7,158642人评价,一部极好的反吸毒电影……,最绝望的观影经历！绝望到耳不敢闻，目不敢视，心灵战栗！,孤独和绝望，不能想象没有电视巧克力糖分的生活。世界上没有光或者它们统统被绝望的黑暗浇熄了。欲望上瘾如同被魔鬼引诱。一次又一次的站在精神濒临崩溃的边缘上。世界只剩下自己一人，一张床或者沙发前昏暗的电视光速，亢奋后的瞳孔缩小又放大扩散，世界如此空虚迷幻。,生活都是谎言，只有梦能带来安稳；爱 健康 快乐 都去死吧。,"黑色的，意识流的，充满绝望的，字幕的最后几分钟却是平静的海浪声。（FOR　BETTY　WITH　LOVE
1908－1999）"
