movie_title,ranking,grade,look_time,cover_info
舍己救人,109,B级,72,http://tu.jstucdn.com/ftp/2020/0322/b_b02ca3f9ab6da0bf654753d13837728d.jpg
行尸走肉,7,D级,114687,http://tu.jstucdn.com/ftp/2019/1015/b_62597cbc56d8880cf48ec2718b7377b2.jpg
反美阴谋,4099,D级,5026,http://tu.jstucdn.com/ftp/2020/0223/b_2e1a809acdcf85bfa1cb6b979d1a955f.jpg
难以置信的怪物,9768,C级,190,http://tu.jstucdn.com/ftp/2020/0316/b_1c7697f89ffe780234013b4e533456be.jpg
西部世界,9,E级,168115,http://tu.jstucdn.com/ftp/2020/0213/b_26697f9051288b01d15cadd23c69b0c4.jpg
可口vs百事：可乐之战,2245,A级,355,http://tu.jstucdn.com/ftp/2020/0314/b_7e34b543730de6b5110ba90f04b9f11e.jpg
国土安全,26,C级,53454,http://tu.jstucdn.com/ftp/2019/1208/b_b8f9f5ad91da720b0a3077a3f99aaec6.jpg
隐形人,7470,C级,480,http://tu.jstucdn.com/ftp/2020/0323/b_e18cc5da4986f5748037fcf573481805.png
星球大战9：天行者崛起,7189,B级,6996,http://tu.jstucdn.com/ftp/2019/1022/b_bba8b95c7ad8b6e6eb909e5856d03b4d.jpg
血色旅程,3776,E级,3696,http://tu.jstucdn.com/ftp/2020/0309/b_7bbefee12be3a4edb082b7ef9c1279df.jpg
黑色星期一,2326,E级,7083,http://tu.jstucdn.com/ftp/2020/0319/b_b8d3fcdc1b10f6a2bc6b6daabb47daa7.jpg
反击,58,E级,33417,http://tu.jstucdn.com/ftp/2020/0228/b_75b18bb18bac27eef5359bf035e151c8.jpg
李尸朝鲜,73,D级,53877,http://tu.jstucdn.com/ftp/2020/0227/b_289fa77de0962b95277e48abb3b313ac.jpg
