电影名称,评分,短评数量,短评前5条内容
肖申克的救赎,9.7,1912847人评价,"短评人:如小果,短评内容:恐惧让你沦为囚犯，希望让你重获自由。——《肖申克的救赎》,短评人:艾小柯,短评内容:关于希望最强有力的注释。,短评人:寂地,短评内容:超级喜欢超级喜欢,不看的话人生不圆满.,短评人:影志,短评内容:Fear Can Hold You Prisoner, Hope Can Set You Free,短评人:文泽尔,短评内容:人的生命不过是从一个洞穴通往另一个世界..然后在那个世界的雨中继续颤抖.i hope"
霸王别姬,9.6,1406266人评价,"短评人:老鸡｜扶立,短评内容:在野路子出身的张国荣面前，学院出身的张丰毅显得那么单薄,短评人:莫呼洛迦-屁股上的青春在歌唱,短评内容:仨小时的电影，我没上一次厕所，一直专注的在看，除了牛逼我想不出其他的词儿了。直男对于gay来说终究是祸害，他们不敢爱，面对自己的感情畏畏缩缩，伤了别人还假惺惺。每个人都演的很好，蒋雯丽虽然出场不到半小时，也是把角色诠释的淋漓尽致。这真是陈导的巅峰之作了。,短评人:文泽尔,短评内容:往事不要再提，人生已多风雨。纵然记忆抹不去，爱与恨都还在心里。真的要断了过去，让明天好好继续，你就不必再苦苦追问他的消息。爱情他是个难题，让人目眩神迷，忘了痛或许可以，忘了你却太不容易。我对你仍有爱意我对自己无能为力。,短评人:人云奕云,短评内容:我記得我標記過這部片子的啊！——我以為這是國產電影的開始，誰知道是結束。,短评人:UrthónaD'Mors,短评内容:蝶衣于台上贵妃醉酒，头顶忽撒下无数抗日传单。灯骤灭，台下喧哗。没有人再顾及台上的贵妃。唯有蝶衣，继续着未尽的绝美舞步丝毫未曾停滞。一片混乱之中，也唯有四爷，独自于楼上包厢继续丝毫未曾分神。看到这里感动的一塌糊涂。结尾处“我本是男儿郎,又不是女娇娥”真的落泪了。纯粹坚持的2人去了"
阿甘正传,9.5,1454006人评价,"短评人:影志,短评内容:妈妈说，生活就像一盒巧克力……请不要再续下一句，耳朵听的起了茧子。,短评人:浪味仙,短评内容:Mama always said life was like a box of chocolates. You never know what you're gonna get.,短评人:深海的心,短评内容:you are my girl.
,短评人:乔西,短评内容:我生命里最温暖的一部电影,短评人:陈毓秀,短评内容:这部电影的主题是：“保守主义始终代表美国先进生产力的发展要求，始终代表美国先进文化的前进方向，始终代表美国最广大人民的根本利益。”"
这个杀手不太冷,9.4,1650112人评价,"短评人:能工巧匠沙门哥,短评内容:一半的魅力来自反派：Gary Oldman.,短评人:眠去,短评内容:她对Leon说，自从遇见你后，我的胃，再也不痛了……,短评人:杜扬Seatory,短评内容:我开始想要过得快乐，睡在床上，有牵挂,短评人:周冲,短评内容:莱昂用死换来的钱，竟被人轻松地据为己有。这一点令我百感交集。,短评人:大时代.歌姬,短评内容:我到哪里找，像你这么好。"
美丽人生,9.5,922823人评价,"短评人:UrthónaD'Mors,短评内容:喜剧的开始，悲剧的结束，
满满的亲情，无限的父爱,短评人:文泽尔,短评内容:父爱构筑了一场温馨的战争，没有在孩子心里留下任何阴影。故事分裂成两部分，前半是圭多对公主的追逐，用智慧战胜了强大的求婚者，抱得美人归；后半是战争风雨飘摇时对亲情的忠诚，在迈开大正步赴死，努力保护孩子时，父爱如山，界已成神.,短评人:毛驴哥,短评内容:对我说：“早上好，公主”吧,短评人:影志,短评内容:世界上最美丽的谎言与微笑。Surprise her, forever!,短评人:喜欢吗~,短评内容:三刷了。记得上学时跟父母吵过，中国的父母经常想让小孩相信这世界的丑陋，而国外的父母即便身在地狱也要让孩子相信在天堂，让他们开心的活着，你们为什么要让我的童年的这么痛苦。哈哈，大概就是受这剧影响吧。"
泰坦尼克号,9.4,1398943人评价,"短评人:眠去,短评内容:还是会哭。,短评人:大时代.歌姬,短评内容:生死两茫茫
不思量
自难忘,短评人:red.,短评内容:事隔那麼多年依然無法忘記當初的感動。,短评人:白日梦小姐,短评内容:我想失去的才是永恒的。,短评人:安东妮,短评内容:看了四遍，最后一次也是五年前了吧。不知再拿出来重温的话，会不会嚎啕大哭，像小学那时一样。 1998，5"
千与千寻,9.3,1494181人评价,"短评人:舒葵,短评内容:十年后重看只想大哭，其实我们都明白这个结局。,短评人:闲潭影,短评内容:最好的宫崎骏，最好的久石让。,短评人:暖鱼,短评内容:一个寻找自我或者自我复苏的过程,短评人:隆咚锵,短评内容:曾经发生过的事情是不可能忘记的，只是想不起来罢了……你会帮我想起自己是谁对吧,短评人:晗颖,短评内容:宫崎骏没有迪斯尼那么花哨 甚至有些落伍 直到现在 他还坚持用手工绘画而不是电脑绘图来完成自己的卡通片 但他懂得一部卡通片 或者一部影片 应该用什么去打动别人 所以 宫崎骏笔下的形象是一个个人 而不是一个个没有知觉的卡通形象 "
辛德勒的名单,9.5,744069人评价,"短评人:珍妮的肖像,短评内容:不仅仅是犹太人，而是整个人类的悲剧。,短评人:雨果,短评内容:辛德勒犹太人献给辛德勒的指环上写着：“凡救人一命，即救全世界。”当1100这个数字具化到一个个人名的时候，当片尾处影片中被救的犹太人原型出现时，才能真真切切地体会到指环上的那句希伯来经文的深刻。,短评人:杜扬Seatory,短评内容:献给导演认真的态度和无数个小高潮,短评人:影志,短评内容:每一次看都有新鲜发现，每一次看都会内牛满面。/ 记第一次在中国大银幕观看 20190413 @天幕新彩云巨幕厅,短评人:快乐人生,短评内容:斯皮尔伯格，犹太人，世界最著名的导演之一，他通过黑白映像把第二次世界大战中德国纳粹犯下的滔天罪行传播到世界各地，那段对犹太人灭绝人性的杀戮终于大白于天下。
苍天悲悯，辛德勒名单内是生命，外是死亡，他为此倾家荡产，1100犹太人得已生还，也记住了辛德勒这位伟人。
"
盗梦空间,9.3,1401719人评价,"短评人:桃桃林林,短评内容:1、电影确实精彩。2、没有想象的难懂，相信你自己。3、总会有一个让你记一辈子的镜头。4、请降低期待值。5、请提前上厕所。6、记得关手机。7、一定要去影院，因为影院也是个造梦机器。8、记得听完结尾音乐。因为它负责让你醒来。9、极可能是近几年你在影院看过最精彩的电影。10、穿越吧少年,短评人:大宸,短评内容:卡梅隆负责革新电影技术，诺兰负责革新电影结构...,短评人:陈允然,短评内容:我的陀螺停不下来了。,短评人:kingkongofkhan,短评内容:前期的口碑营销确实有点儿过了，绝对还没有达到神作的级别，但依旧是近年来最好的影片，诺兰独有的叙事技巧视觉风格以及影像语言都被完美的贯彻其中，其遵循并热爱的怀古之风从人物造型，台词蔓延到拍摄手法以及特效制作上，不过正因为如此，一些动作戏上的处理还有视觉奇观的展现则还不是那么过瘾。,短评人:longer,短评内容:概念不算新鲜但还不错 ;p 充斥许多漂亮的慢动作镜头和带点匪夷所思的建筑构想，视觉效果挺棒的！偶尔会令我想起Paprika……"
忠犬八公的故事,9.4,963434人评价,"短评人:汪拾叁,短评内容:这真是漫长的一生啊，八公。,短评人:farmyra,短评内容:动物是我的死穴...从头哭到尾..,短评人:Y,短评内容:“等有一天它会给你捡球的时候，一定有什么特殊的理由” 八公用这种方式来告别了他的主人....,短评人:sududu,短评内容:纸巾抽到还剩最后一张,短评人:战国客,短评内容:感动你们的是电影，还是故事本身？"
海上钢琴师,9.3,1164495人评价,"短评人:Soblue,短评内容:我总觉得这是一个真实的故事，因为他的懦弱，懦弱得真实。,短评人:杜边生,短评内容:如果我把吉他练熟了，就可以不用买打火机啦,短评人:寂地,短评内容:又是一定该看的，只在自己的世界里坚持自己的人．哪怕生命就这样消逝．只留下一点声音的碎片，１９００，也许我们都一样害怕脚踏实地的生活，害怕乌烟瘴气的世界．,短评人:诸葛若见,短评内容:每天睁眼，去面对这个世界都需要勇气。,短评人:凌睿,短评内容:在船上出生，在船上死亡，他是一个从来没有存在过的人。
第一次放弃下船，他放弃了财富和名气。
第二次放弃下船，他放弃了生命。
人们把音乐当成一种比赛，他不在意虚名和输赢。
人们想利用他的才华致富，他不愿意让他的音乐离开他。
人们浪费了太多的时间去问“为什么”，他想活得简单点。
宁愿一生孤独，不愿随波逐流。
人可以下船，但是不能离开大海。
每个人的心中都有一片海，而他的大海是音乐，是钢琴，是那个女孩。"
机器人总动员,9.3,925009人评价,"短评人:深海的心,短评内容:很久没看过这么可爱的动画片了。瓦力什么都不会说，除了那一声声执拗的：Eve！他们在星空画出美丽的弧线，他们无意间守候了一份真正的爱情。,短评人:影志,短评内容:再也没有比《瓦力》更美的动画片了！谈到Wall·E的来源，导演安德鲁·斯坦顿否认了“ET”或者“霹雳五号”的说法（尽管外形很像），他只承认自己创造Wall·E受到了“小台灯”（Luxo）、双筒望远镜、R2-D2、迪士尼乐园“星空之旅”的机器人、卓别林以及伍迪·艾伦的影响。,短评人:陈重重,短评内容:地球上最后一個收納歸類狂walle應該是巨蟹座吧。。,短评人:-,短评内容:堪称完美的动画作品。,短评人:同志亦凡人中文站,短评内容:呃，能吐句槽吗...剧情，好弱..."
三傻大闹宝莱坞,9.2,1288410人评价,"短评人:少年 遊,短评内容:这几个月来看过的最好的片——”做自己“，也许才是人生终极的成功。别总嘲笑印度人”阿三“，他们已经追上来了，无论经济、科技还是我们一贯认为只会跳舞唱歌的宝莱坞电影。盛赞！5+1星！,短评人:Piper,短评内容:【温馨提示：请忽略这傻逼名字.不然你会错过一部好电影】1、病毒的鸟巢飞来了一只自由之鸟；2、Ta有没有告诉你,朋友就是给你一枚硬币教你自己独立做出选择的那个人.这个人才是你最大的财富 ：）,短评人:Q。,短评内容:一部讽刺社会现象的电影都可以拍的这么轻松，喜剧里还可以有这么多闪光的慧言慧语。情节确实太过随意，下一秒的夸张总是来的让人啼笑皆非，无可奈何中却仍旧乐呵呵的接着看下去。 末了的那段风光让我无比钟情！★★★★★,短评人:Lan~die,短评内容:如果有一天你变成了奇怪的家伙，生活于恐惧和虚假之中，就念重生的咒语“All is well”，狠狠地给这个世界一脚！对鼓励别样人生价值和给人梦想的片子我是举双手赞成，何况从头到尾都拍得这么欢乐。台词：“朋友是男人最大的胸部”、“你这么害怕明天，又怎么能过好今天”。,短评人:朴九月,短评内容:六星都不够。最后男主角戴眼镜那个形象好像吴彦祖！"
楚门的世界,9.3,1025322人评价,"短评人:伊卡洛斯,短评内容:他用别人的相片拼凑出她的样子， 在这个虚假的，冷漠无情的世界里只有这份思念是唯一的真实,短评人:理想多钱一斤啊,短评内容:原来植入广告那都是人家美国人玩剩下的玩意儿……,短评人:BOSS米我要,短评内容:要想阻挡我 只有杀我,短评人:沉歌,短评内容:打开这道门，即便现实再最肮脏也请让我自己感受！关掉你的镜头，即使现实再无奈你也必须自己体验！,短评人:Miss Lucky,短评内容:年轻时候的金凯瑞真TMD 帅。尤其一头柔顺的头发。"
放牛班的春天,9.3,897153人评价,"短评人:A-sun*,短评内容:莫翰奇每一次独唱我都热泪盈眶.,短评人:大头绿豆,短评内容:体育和音乐是促进国家团结的要素。可是俺都不会哈哈。,短评人:松如,短评内容:马修先生好可爱。,短评人:战国客,短评内容:不知为何描写师生情的电影总能赢得人们更多的赞誉，每当片中即将产生一些不可调和的矛盾时，总会有一个“坏人”忽然间良心发现，或者是出现一个意外事件，从而让矛盾很轻易就化解了。一切都来得太过戏剧性，很机缘巧合，却实在是很假很突兀，无法让人信服~~,短评人:to130,短评内容:每一个孩子都是天使！"
星际穿越,9.3,1037306人评价,"短评人:比岁月含蓄,短评内容:时间可以伸缩和折叠，唯独不能倒退。你的鹤发或许是我的童颜，而我一次呼吸能抵过你此生的岁月。,短评人:喵喵猫,短评内容:三体迷们不用担心电影版会拍的稀烂啦！章北海船长，面壁人希恩斯，高维碎片，青铜时代和万有引力舰太空大战，冬眠和星际航行，三体世界的荒芜，高维世界的样貌，云天明的童话，诺兰新作中一次性看完！#刚刚看完星际穿越interstellar，感觉自己萌萌哒#,短评人:时间之葬,短评内容:你应该敬畏时间，因为那是一切的密码；但不要滥用爱意，因为那不是一切的钥匙。,短评人:A Bold One,短评内容:非常理想化，所以显得很有种，没有公司敢让任何人拍这样的电影。致敬库布里克的镜头体现了导演的少女心。但有2001珠玉在前，我认为这部顶多和它并驾齐驱。诺兰尽其所能拍出了触手可及的科幻，硬核又充满人性，温情又隐含黑暗面，让人潸然泪下。“理想化”是不是削弱了剧本？大家保留各自意见吧。,短评人:芦哲峰,短评内容:天地玄黄，宇宙洪荒。英雄气笃，儿女情长。"
大话西游之大圣娶亲,9.2,1012883人评价,"短评人:无语清秋,短评内容:无论是看第三十遍，还是第三十一遍，我都会对着那个寂寥的背影流泪。那落寞的大圣身上烙印着我青春时所有梦想，我们曾以为自己会成为盖世英雄，以为自己是这个世界的唯一，以为爱情专为自己存在，可是渐渐发现自己和别人没有什么不同，当你踏上社会时，总会有人看着你的背影说：看，他好像条狗啊！,短评人:罗弘霉素,短评内容:一遍烂，两遍笑，三遍哭,短评人:小锡兵,短评内容:我猜中了开头，却猜不到这结局。/ 20141024 在影院哭死,短评人:野次馬,短评内容:盗用一句黄姐姐很喜欢的管风琴，""人能这么锲而不舍地轻佻，骨子里一定有哀世伤生的肃穆在支撑。"",短评人:寂地,短评内容:哈哈,也是我最喜欢的电影之一了.看过好几次,第一次看笑得半死,后来居然又看哭了.其实可以喜欢到不太想得起来.但是是值得永远收藏的."
熔炉,9.3,620945人评价,"短评人:我是好人,短评内容:媒体越干净，社会越肮脏,短评人:李酸酸,短评内容:人口大国什么时候能拍出这样的片子，这样在嘲笑棒子的时候才有点底气。,短评人:桃桃林林,短评内容:我们愤怒的不仅是禽兽的行径，更是禽兽逍遥法外，正义无处伸张，无能为力才是最痛苦和绝望的。一个非常容易感动观众的题材，尤其还是真实事件改编。其实电影还有很多提升空间，包括对犯罪场面的描述太刻意未也太多了。但仍喜欢这样的电影，这才是电影应有的立场。这就是我们和韩影的差距。3星半,短评人:握不住的灵魂,短评内容:《内咸》--鲁迅,短评人:Q。,短评内容:“奋起反抗不是为了改变这个世界，而是为了不让这个世界改变我们。”电影以真实故事改编，又一部极其精彩反映社会阴暗的题材。每个人物都刻画的立体丰满，情感同样控制得当，无力感充斥全身。电影完结，愤怒、无奈、唏嘘、悲伤各种情感如同“雾津”的浓雾一般，久久未能飘散，始终萦绕心头。★★★★"
疯狂动物城,9.2,1200451人评价,"短评人:祥林嫂,短评内容:树懒太他妈好笑了！！那两分钟我嗓子都哑了！！卧槽！！真是太他妈好笑了！！,短评人:黄青蕉,短评内容:港真，面对人家动画片里连一把椅子扶手上的铝合金划痕都做得活灵活现的态度，咱们就默默低头学就好，不要一天到晚吹“国产视效大片”这个概念了，略尴尬,短评人:桃桃林林,短评内容:不仅是个小孩子玩玩闹闹的喜剧动画，成年人同样可以很享受这个故事。一个动物的乌托邦，理想与现实。有一个有趣的案件，又有很多关于人类世界的暗喻与指涉，还有教父或毒师这样的小梗。以及狐狸和兔子都那么可爱，那么搭。,短评人:云淡风轻,短评内容:不要看任何影评，如果可以预告片都别看，直接买票就好了。你要啥这电影里有啥！,短评人:白桃乌龙冰冰茶,短评内容:想嫁给又吊儿郎当又酷得不像话的狐狸先生。
自认为是奥斯卡长篇动画的有力候选。
啊啊啊，真的好好看，我要去二刷。"
无间道,9.2,827160人评价,"短评人:隆咚锵,短评内容:牛就牛在，他让所有演员都达到了巅峰,短评人:Doublebitch,短评内容:港片新旗帜,短评人:掉线,短评内容:卧！槽！居！然！这！么！好！看！（好后悔现在才看这部电影……所有人的演技都太棒了，甚至萧亚轩……）,短评人:意闲,短评内容:看刘德华演戏好累,短评人:朴不程,短评内容:重新对香港电影刮目相看，它从哲学的角度深入探索人性，去感受身不由己之下的那种窒息，感受贪婪与自私，体验善恶的痛楚纠结。编剧确实是相当的出色，梁朝伟的陈松仁直接神化，所有的角色都可圈可点，没有一出多余的地方，以至多年后看美版的时候仍然不忘旧爱。这是港片的里程碑。9.2"
龙猫,9.2,865421人评价,"短评人:寂地,短评内容:那音乐壮丽的响起的时候，觉得心里被一种温暖充满，然后实在控制不住眼泪了，不是因为伤心，而是因为，它给人的感觉，实在美好到无法表达了．,短评人:赫恩曼尼,短评内容:宫崎骏真是个内心柔软的天才。能给这个残酷的世界这么多温暖。龙猫真像童年时的一场梦，长大之后似乎忘记了，突然看见它毛茸茸的身躯，就想起了所有的奢望。这大概就是我们得以在孤独中相互告慰的东西吧。无论怎样，成熟都是一场病，而能够治愈它的，大概只有对这个世界最温存的渴望。,短评人:芦哲峰,短评内容:宫崎骏最感人的一部，初看平平无奇，回味一下痛彻肺腑。,短评人:Lycidas,短评内容:下雨天龙猫撑着伞，突然有树梢积累的大颗水珠滴下来发出砰的声响，它很开心，很喜欢那个声音，就跳起来震得树上雨水纷纷落下。20181215 和妈妈一起进影院重看。30年过去，这个永恒的夏日童话依然纯真得令人泪下，提醒着无忧无虑的日子已经一去不返，如今的我，想必已经再也看不到龙猫和猫巴士了吧。,短评人:精日biss,短评内容:最喜欢的一部动漫 其实没有什么大的冲突点 整个就很平淡叙述 但一点也不会觉得无聊 看的很入迷 龙猫也超萌的  也看过很多遍 每看一次就又喜欢多一点"
教父,9.3,634715人评价,"短评人:大头绿豆,短评内容:男人。
千万不要记恨你的对手，这样会让你失去理智。,短评人:问津,短评内容:2010-02-17 看过。对权力有清醒的认识才能写出这样的剧本。只知道引用台词或把此片当作所谓“男人圣经”的观众退散！,短评人:伍德与夏洛蒂,短评内容:无论阿尔帕西诺多卖力，教父也只有一个，那就是永远的马龙白兰度。时代不一样，要走的路不一样，所以那个黄金时代，讲义气重家庭谈承诺的时代，永远回不去了。,短评人:seki_iiiiii,短评内容:这男人。。。牛逼又孤独吧。。,短评人:同志亦凡人中文站,短评内容:N年前看过英文原著，只记得是个血腥暴力的故事，想不到电影可以如此沉稳和大气，有一种史诗气质。大银幕上看马龙·白兰度，感觉膝盖好疼..."
当幸福来敲门,9.1,1033493人评价,"短评人:小没,短评内容:我一直记得，有人对我说：当你迈过这个坎之后，你会发现，还会有什么不可以面对的困难。,短评人:水木丁,短评内容:虽然是个好莱坞励志片，但真正让我感慨的其实是，穷人想要翻身，真是太难太难了，他们大多数不是不努力工作，但确实是一根绳子勒在脖子上，压根没有喘息的机会，而且他们的孩子从出生下来就没有，毕竟不是每个穷人家的孩子，都足够幸运能有这么顽强，比别人聪明十倍的爸爸啊。,短评人:曾经,短评内容:有点失望...感觉是为了励志而励志......要不是导演和演员功力，就沦落成俗套励志片了......,短评人:天亮天黑,短评内容:生活时常会让我们感到艰辛，并会让我们无数次目睹生命在各种重压下的扭曲与变形。——《生命不可承受之轻》,短评人:青猫,短评内容:除了幸福 什么都能放弃 一定要幸福 和自己喜欢的人在一起 做自己喜欢的事"
怦然心动,9.1,1190106人评价,"短评人:Esse,短评内容:当你喜欢我的时候，我不喜欢你；当你爱上我的时候，我喜欢上你；当你离开我的时候，我却爱上你；是你走得太快，还是我跟不上你的脚步……,短评人:哥哥的腿不是腿,短评内容:小女孩跑回家跟母亲说在学校里当着那么多人他想吻我~~~母亲说看来你应该跟他谈谈。换成中国，不堪设想。,短评人:yuci2,短评内容:可能比山楂树还纯哦！,短评人:肖浑,短评内容:这算完美吗？小镇美景、帅正太、酷萝莉、家庭温情、成长点滴。。。双线结构，视角切换，细节丰富，过程明晰。。。爱就该是这样悠悠扬扬、婉婉转转、一阵冷、一阵热、一阵抽风、一阵颤抖的过程。。。睿智外公和脑残叔叔是惊喜。。。爱到最后拼的果然还是人格魅力啊。,短评人:abby,短评内容:越看越觉得自己真是老了。。。。。"
触不可及,9.2,675672人评价,"短评人:张天翼,短评内容:对残障人士最大的尊重，就是不要把他们当做残障人士。尊重比爱和同情心更高等级,短评人:匡匡,短评内容:开怀大笑一整场，最后却蓦然飙泪。身份、地位、财富、性格、教养、爱好、年龄，各方面皆如此悬殊的两人，磁场却契合完美。无论爱情友情，所谓好的、有爱的关系，是两个人都在关系里感到开心融合、自由释放、并因而成长。什么是灵魂伴侣？这，就是传说中的，灵魂伴侣。,短评人:孬爷爷,短评内容:今年看的第二部佳片。茫茫人海，两个截然不同的人相遇，你改变了我，我改变了你，相逢的人会再相逢。关于社会的贫富差距、青少年犯罪、种族歧视这些虽没有明说却在暗中映射，以此来烘托角色。富豪有钱却残疾不快乐，黑人贫穷却有一颗善良乐观的心。ps:Ludovico Einaudi的配乐很加分！,短评人:psycho DC,短评内容:黑&白，老&少，超越种族和阶级的友情，感人至深的温情，细腻动人的剧情，以及极赞的电影配乐，不禁让人想再次回味...,短评人:小岩井,短评内容:不怜悯是种更高级的尊重"
蝙蝠侠：黑暗骑士,9.2,696190人评价,"短评人:暗礁,短评内容:伟大之作,与其在文艺片里奋战,不如像这样提升商业片的水准!,短评人:evonne||芝士命,短评内容:好到一秒钟都不曾浪费,短评人:穆玉修,短评内容:Christopher Nolan太厉害了，好莱坞漫画类型片居然能拍到这样的高度...,短评人:影志,短评内容:“有些人并不喜欢那些常人偏爱的东西，比如金钱，他们不被收买、不会被恐吓、不可理喻、更不接受谈判，有些人就想看人间地狱。” 也只有蝙蝠侠，才能让小丑变得完整。无尽的黑暗。,短评人:五色全味,短评内容:诺兰的叙事能力不但在于结构上。。他总有一个与众不同的主题"
控方证人,9.6,261114人评价,"短评人:Q。,短评内容:无论是剧本、导演还是个人表演，几乎都无可挑剔。机智的台词和精彩的法庭辩论，十足精彩！即便在结局前猜到了最终结果也并不会让电影在精彩程度上有丝毫削减。btw,电影最后提示请勿剧透我还真是头一会见。★★★★☆,短评人:大奇特(Grinch),短评内容:查尔斯劳顿简直是戏精！比利怀德的电影和阿加莎克里斯蒂的小说都是在结尾峰回路转，此片简直是两位大师珠联璧合的杰作！,短评人:孬爷爷,短评内容:诙谐的对白，严谨的思路，一心要把观众往沟里带的情节。ps:我觉得那个女仆的表演也很不错！,短评人:叉烧包小队长,短评内容:这片最大的反转不是影片末尾的谜底揭晓，而是看完影片后我查到女主角拍摄时已经五十六岁了。昏迷。,短评人:黄青蕉,短评内容:比利怀德真的是各种意义上的领先时代五十年，连防剧透声明都领先了"
活着,9.2,537032人评价,"短评人:林||我们谈什么都像谈死！,短评内容:年代记实录，看了让人不舒服，特别是里面的台词，虽然他们在拼尽全力的活着，可是却又显得如此可笑和悲凉。“小鸡长大了就变成了鹅，鹅长大了就变成了羊，羊长大了就变成了牛，牛长大了就是共产主义了。”,短评人:莫呼洛迦-屁股上的青春在歌唱,短评内容:能活在现在这个时代其实还是很庆幸的了，虽然天朝依旧威武。,短评人:哈,短评内容:演员选得很好，巩俐演啥像啥。但整体没有小说感人，可能小说太残酷了吧。兴，百姓苦；亡，百姓苦。活到最后的人，往往最痛苦。,短评人:沉歌,短评内容:长太息以掩涕兮，哀民生之多艰,短评人:西楼尘,短评内容:国家走了一小段弯路，对于一代人就是蹉跎了一辈子。生活不易，还是得这么活着。笑中带泪，死人堆里暗暗许下活着的誓约，可谁也不曾想大环境下生活的艰辛。国师在第五代导演最好的时期奉献了极其有温度的作品。经年以后，鹤发的富贵摇着蒲扇回想那天不让有庆上学，少买几个馒头就好了，可生活不曾回头。"
乱世佳人,9.3,461441人评价,"短评人:funny_vee,短评内容:那么早期的电影居然到现在也看不出瑕疵，太崇拜那个导演了。,短评人:小霸王,短评内容:看完斯嘉丽那么瘦小的身躯，却承受着那么大的压力，都能顶的住。真的感觉不到什么叫困难了，第二天去考试奇迹般的过了。。,短评人:艾小柯,短评内容:永远的经典，永不被打倒的勇气。,短评人:小鹿斑比,短评内容:将近４个钟头却还是让人意犹未尽．淋漓尽致了～,短评人:凌睿,短评内容:原来80年前斯嘉丽就当了黑寡妇。"
末代皇帝,9.2,473001人评价,"短评人:囍夭夭,短评内容:所有的离开你都赶不上，所有的门你都打不开。所有的人都是撒谎者。,短评人:木卫二,短评内容:这不是你的错……这真的不是你的错。或许隔着银幕来看，溥仪的人生遭遇令人唏嘘，然而，比起前朝旧史的末代君王们，他这个退位皇帝已经算是得善终了。,短评人:同志亦凡人中文站,短评内容:贝托鲁奇镜头下的中国始终是存在于他想象中的红色国度。电影拍得过于西化了，但讨巧的用溥仪的命运承载了近半个世纪中国的变迁，进而阐释了人与命运对抗的古希腊悲剧主题。如果说人的一生是不断失去的过程，溥仪无疑是失去最多的，因为他曾经拥有整个中国...,短评人:[已注销],短评内容:走過傳奇顛簸的一生，曾經被囚禁在紫禁城裡的少年皇帝變成一個兩鬢花白的老人。走到龍椅前面，對年幼無知的孩子說，this used to be my home。孩子無邪得說prove it，他伸出手去搜尋，破舊的竹籃裡，少年時的蟈蟈還在唱歡快的歌。這韶光，確早已不知換了幾回。
,短评人:赫恩曼尼,短评内容:能赶上电影节3D巨幕演《末代皇帝》真不容易。全片处处都是痛点。尊龙演的溥仪太经典。最后登上宫殿时，小心翼翼回头看，那种微妙的感情，配上一只穿越半个多世纪的蝈蝈，精妙动人。"
寻梦环游记,9.1,999526人评价,"短评人:第九个人,短评内容:邻座的女孩哭倒在我怀里啊电影多么美妙！,短评人:小九儿,短评内容:11月1日亡灵节当天，墨西哥城的影院里，隔壁座儿的小男孩画着鬼脸儿穿着骷髅服，老奶奶抱着万寿菊，举家一起看coco。生活与动画交叠而映，感慨又感动，炫目又泪目。这才叫文化输出，好羡慕，好嫉妒。（ps：盖尔加西亚~不枉爱了你十余年）（pps：开场前送了20分钟冰雪奇缘番外 ，以为走错片场）,短评人:shininglove,短评内容:老人不图儿女为家做多大贡献呀，一辈子不容易就图个团团圆圆。皮克斯替蔡国庆唱了回春晚。,短评人:萨库拉,短评内容:准备好的纸巾完全没用上。可能作为一个伦理冷感的人，大家庭不是我的点。而且皮克斯的剧本愈发磕磕绊绊，第二幕冒险和最后的反转毫无新意，价值观非常保守，“被人记住”其实是为“传宗接代”代言，最后也在梦想和家庭之间和了把稀泥。,短评人:羚羊的灵魂,短评内容:麻烦说比头脑特工队好的适可而止，coco这烂大街的设定真的被头脑完爆。只是一些观众更吃coco这种温情又煽情的故事罢了"
摔跤吧！爸爸,9.0,1048103人评价,"短评人:仰望星空の派,短评内容:这么好的一部电影。。弄得这踏马什么破译名。。听起来像儿童片似的。。,短评人:豆丁,短评内容:印度排名第一的电影，全球口碑已炸裂,短评人:栗色雪,短评内容:豆瓣文青们可能已经成功被白左的西方政治正确洗脑了：不放在具体语境下，以西方女权衡量一切本来就是一种偏见和武断。在整体状况还不如中国的印度，本片已经适当地展现了一种进步的女性生活方式，即便在父权的引导之下。让符号化的解读蒙蔽影片传达的真情实感，令人感到可悲。,短评人:dofafa总是会饿,短评内容:一群骂父亲剥夺女儿未来的白左真令人作呕。我们现在有资格成为女运动员女演员女记者女程序员，是因为有牺牲童年牺牲安逸的开路人。女儿对未来应当有自主选择权，更需要能力支撑选择。脱离社会环境探讨权利都是耍流氓。14岁嫁给老头的闺蜜不用忍受被迫练习摔跤的嘲讽，so？,短评人:改个名就死,短评内容:最惊讶的是放印度国歌的时候电影院几乎所有人都站起来了。。"
少年派的奇幻漂流,9.1,985420人评价,"短评人:海棠,短评内容:语言匮乏。就想搬个板凳坐电影院门口跟行人说：来嘛~,短评人:Obtson,短评内容:深邃阔海，浩缈星空，绝境谕旨接踵而来，漩流深处响起弥撒之音。李安从来都不会纵情，他只是个温柔的人，腼腆着讲述内心的哲学。,短评人:木卫二,短评内容:不得不承认，跟要讲的漂流故事一样，电影有个挺吸引人的3D开头。中间开始乏力，大段大段重复的明信片场景，呼唤神灵喊妈妈。至于所谓的黑暗版，这种流于表面、直接扔给倾听者（观众）去选择的方法，真的很独到吗？信哪个会提升你的人生感悟么？？反正，它是影响不了我对影片的失望,短评人:花花,短评内容:在纽约电影节开幕上看了首映，唯一的感觉就是画面真的太！屌￼！了！！！！情节非常紧凑，高潮叠起，3D的效果也不是盖的！！！再说一遍，真的太屌了！！！,短评人:廿四,短评内容:同樣是關於少年和冒險的故事，不得不說，勝過老馬的《雨果》不止一兩點。第一次，3D的感覺不再那麼商業。50屆紐約電影節光榮開幕影片！More than just amazing and great. "
指环王3：王者无敌,9.2,508965人评价,"短评人:susu/苏酱,短评内容:要是让peter jackson来拍西游记，会怎样？？,短评人:第十个缪斯,短评内容:为什么我不爱看指环王,短评人:格子,短评内容:终于结束了，一切如常，我却回不去了,短评人:jj73浅之,短评内容:原来真的可以被友情、信念和正义给感动。。。,短评人:亂馬2/1,短评内容:魔戒比其他魔幻系列的厲害之處在於中心的設定，没有一貫的非黑即白，魔戒就是一個赤裸裸的誘惑。每個人面對他，都會遲疑。是選擇克服這種誘惑還是被它所俘虜，全在於你自己。甘道夫最後給孩子們說：我不會讓你們【不哭】，是人都會【哭】。我們需要的，是實實在在的幸福。【魔戒系列結束。成仙了！哈】"
飞屋环游记,9.0,911953人评价,"短评人:汽车大师,短评内容:去掉小孩，坏蛋，狗，鸟的话，这会是部完美的短片，but......;
那段夫妻蒙太奇应该是我迄今最喜欢的pixar段落了;
有一点不得不佩服pixar，拍的第一部3D就能完全摒弃滥斛噱头；而片头前那个“国内首部真人3D电影”的三分钟预告片，足以列入反面教材的经典了

,短评人:昏金暗玉,短评内容:从头哭到尾,短评人:胤祥,短评内容:前12分钟完美，后面剧作不及技术好。,短评人:hanahana,短评内容:爱和梦想，勇气和希望,短评人:岚,短评内容:近乎无可挑剔.."
十二怒汉,9.4,306804人评价,"短评人:solate,短评内容:罗生门，只有阐释，没有真相,短评人:鱼丸粗面,短评内容:民主、人性、理智、原则。合理怀疑。,短评人:扭腰客,短评内容:意见领袖在电影中的上佳诠释,短评人:孬爷爷,短评内容:一个人在与11个人持对立观点的情况下如何一一说服众人并反败为胜！,短评人:王大根,短评内容:看着五十年代的饮水机电风扇和豪华厕所只想感叹“万恶的资本主义”！"
鬼子来了,9.2,422813人评价,"短评人:安东妮,短评内容:陆川快来学习一下牛叉电影是怎么回事吧，不卑不亢不装逼，爱姜文,短评人:谁家的小谁,短评内容:大概姜文最后的一笑意思是“幸好我死了，这狗B的世界我可不想活着”,短评人:南 瓜 子,短评内容:国产片最高境界!,短评人:露娜peace,短评内容:大哥大嫂过年好~~~~AND 姜文这个人是个天分极高的家伙。,短评人:drunkdoggy,短评内容:我有个朋友说他一共看了３０多遍……"
何以为家,9.1,584717人评价,"短评人:凌睿,短评内容:在这里，女孩是一种商品，可以换钱；男孩是一种工具，负责养家糊口、照顾更小的小孩。
父母只管生，不管养，将孩子当做摇钱树和免费劳动力。他们不但不能给孩子带来快乐，只会给他们带来苦难和折磨。
现在做什么都要考证，做父母却不需要考证。然而并不是所有人都配当父母，也并不是生了孩子就自动成为妈妈。
他们只图一时的快活，让孩子跟着他们来到这个世界一起受苦，他们根本不配做父母。
如果不能给予孩子幸福，当初就不应...,短评人:水怪,短评内容:在欧陆人民面前，中东这样的超级人道主义灾难本身就是泪点满满。这样的题材如果是纪录片会更具力量，但想想如此年纪的男主及孩童们居然可以“演绎”得如此逼近现实，女导演的确强大。另外强烈抄送国内逼婚逼生一族。,短评人:喂你这是,短评内容:人类究竟为什么对生育有这么大的执念？,短评人:ZAC,短评内容:努力挣钱好好读书，不要穷到只会做爱生小孩（边看边骂《审判日》，比《审判日》更《审判日》）,短评人:郭连凯,短评内容:前100分钟拍的没有任何一丝赘笔，冷静利落，最后20分钟稍有煽情过度，但也是在合理范围之内，小男孩的演技已经超过当年的柳乐优弥，戛纳最年轻影帝马上就要诞生了。"
天空之城,9.1,579386人评价,"短评人:Tuna Bento,短评内容:时隔十年重新看这部动画片，被海盗老婆婆那句“头发被剪掉了才是大事”感动得乱七八糟。对于一个女孩子来说，什么金钱散尽啊什么历经苦难啊都被这几个字淡淡抹掉，小小一句话简直就是箴言。,短评人:布宜諾斯,短评内容:剧情无甚佳，但天空之城的景象忘不掉，尤其是废墟中布满杂草的死掉机器人出现的时候,短评人:城南草木生,短评内容:还是觉得这是宫崎骏最好的一部——“我会像傻瓜那样去保护她”,短评人:Doublebitch,短评内容:久石让的原声太动人,短评人:遇见彩虹🌈,短评内容:喜欢宫崎峻的画风，单纯舒服。这些年看过很多动画电影，玩过很多游戏，有空中城堡，有机器人，都会想到天空之城。作为90年代初期的作品，他的想象力真的丰富到难以想象。"
大话西游之月光宝盒,9.0,815369人评价,"短评人:宋阿慕,短评内容:大话西游是一代人心中的经典.,短评人:战国客,短评内容:蛮好笑的，只是没觉得像大家分析的那么悬。不想深究，笑过就好~~,短评人:掉线,短评内容:【B+】小时候电视上看过很多次段落，却没完整看过。其实我喜欢晶晶姑娘多过紫霞,短评人:南笙,短评内容:如果一个妖有人性呢，他就是人妖。,短评人:遇见彩虹🌈,短评内容:一代经典，据说上映的时候票房异常惨淡，也没有什么奖项。但现在还是西游系列标杆性的代表。"
哈尔的移动城堡,9.0,661203人评价,"短评人:同志亦凡人中文站,短评内容:人不漂亮活着还有什么意思...哈哈哈哈太可爱了哈尔...,短评人:影志,短评内容:腾空徒步的那一段，最浪漫,短评人:寂地,短评内容:比起宫爷爷以前的电影,这电影的主题更轻松.但是依然有一如既往的温暖.另外,哈尔那种小屁孩的性格实在太可爱了!,短评人:锐利修蕊,短评内容:爱是：1.成为你的仆人；2.拥抱你最丑陋时的模样（人不漂亮因为你才有意思）；3.融化仇敌，卸下巫术；4.秘密小屋只允许你闯入；5.了解你的过去，相信我会在未来等你；6.真心亲吻，解除魔咒；7.放“心”自由，感觉温暖；8.接受爱人的选择，平息一场战争；9.和你建造一所移动城堡，取名为家。10.相信你。,短评人:roucy猫与风太,短评内容:木村的哈尔~"
天堂电影院,9.2,461661人评价,"短评人:A-sun*,短评内容:和女主角的感情结尾部分相当拖沓，简直罪大恶极。,短评人:shu,短评内容:是的，一场伟大的失恋。,短评人:文泽尔,短评内容:电影与电影..影史上双重的“最为感人”,短评人:艾小柯,短评内容:感人，但平淡。,短评人:大笨象騎士,短评内容:如果不走出去看看，就不会知道回来的意义。回忆的美好在于经历人生种种变数之后，想起那些简单纯粹的日子，那一滴划过上扬嘴角的泪珠。"
素媛,9.2,410994人评价,"短评人:Never-land,短评内容:太催泪了，素媛和爸爸之间的很多细节都特别感人，素媛住院时，爸爸笨拙的在电脑上搜索“如何和女儿交流”；出院后爸爸悄悄在她床头放上装满糖的小包让她背着来掩盖便袋的声音；还有素媛不再和爸爸亲近，他只能扮成可可梦哄她开心，每次想到笑嘻嘻的可可梦背后是一个无奈的父亲就会觉得特别心酸。,短评人:PsychoBabble,短评内容:难得的是没有利用亲情过度煽情，也没有过分纠缠于法律漏洞，避开了韩影最爱用的两个梗，而是更多的聚焦在创伤之后一家人的心理状态变化。重创之后生活始终继续，但你能选择如何面对。此片的所有感动点是来源于细节中和一家人共同努力渡过难关表现出来的积极心态，感动之余，倍感欣慰。有几处台词真心好,短评人:盖茨,短评内容:简直要疯了，强奸未成年的都去死啊啊啊啊。片子虽然虐的要死，但是中间有很多让人特别暖心的细节，包括同事同学朋友的那些帮忙，父亲对女儿那种深沉的爱，让人觉得是可以战胜悲剧的。今年青龙奖给了这部最佳影片也是肯定了它的积极意义,短评人:麻绳,短评内容:与《七号房的礼物》同属催泪亲情片，不过故事没那么飞，所以要节制平实了许多。剧力很强大，一些让人含泪而笑的段落设计得很出色，整体的表演质量非常高。用这种方式拍儿童性侵案，实在是太虐了，等内地上映，影院里会泪流成河的。,短评人:贝塔先生,短评内容:泪流满面。"
罗马假日,9.0,668204人评价,"短评人:战国客,短评内容:没觉得奥黛丽·赫本特别好看，相比更喜欢费·雯丽~~,短评人:Cherry,短评内容:完美的公主，天使的笑容，魅力的男人,短评人:能工巧匠沙门哥,短评内容:不错,但也不至于让人欲仙欲死吧?,短评人:赫尔西,短评内容:戏里戏外皆是戏梦一场,短评人:九尾黑猫,短评内容:经典中的经典，感动中的感动~我的公主，我的罗马"
闻香识女人,9.1,580098人评价,"短评人:老鸡｜扶立,短评内容:史上最美的探戈,短评人:Q。,短评内容:或许是因为年代久远，会觉得故事略显老套，但并不影响影片带来的强烈感触。问题不是哪条路是对的，问题是，你敢不敢走？人即使身残，也应保持灵魂的完整，因为灵魂没有假肢。★★★★,短评人:佛罗里达乐园,短评内容:美酒佳肴衣鬓香影，一曲绝世探戈，尽情绽放然后死……连自杀都这么浪漫。片名叫人没有看的欲望，看完却觉得再适合不过。你我身边都可能会有这样一位愤世嫉俗自以为是夸夸其谈的老顽固，在他身边多呆一秒都是折磨，然后某一天发现他身上的优点比你所能想象的更多。,短评人:kingfish,短评内容:Al Pacino,老了也一样帅.,短评人:OCT IO≯,短评内容:黑暗中，一个自责的灵魂时刻经历着生命的拷问，在它即将放弃、摆脱、抽身而去时，另一个亟待帮助的灵魂出现了…一个孤独、另一个迷茫，当两颗心碰撞在一起才发现，其实一直在相互扶持、慰藉、拯救…我的心谁能懂？当一切已无法承受，那一曲穿越灵魂的探戈告诉我们，什么样的生命才是真正的永恒！"
辩护人,9.2,412711人评价,"短评人:🎈,短评内容:一部电影，看完后，留给人们思考的空间越大、时间越长，电影的张力就越大，价值就越厚重，对人们的影响就会越加深而广。《辩护人》-----我想，当我满头白发时，无论脚下的这片土地变或不变，我依然会记得宋佑硕放弃安稳选择颠簸的理由：想让我的孩子们，还有你的孩子，不要生活在这种荒唐的时代。,短评人:柏林苍穹下,短评内容:“国家，证人所说的国家到底是什么？大韩民国宪法第一条第二项，大韩民国主权属于国家，所有的权力都由国民产生，国家即国民。但是证人毫无法律依据，一味强调国家安保，就把国家镇压践踏在了脚下······你是让善良无罪的国家生病的蛆虫，你是军事政权肮脏的帮手。”,短评人:刘康康,短评内容:法律有时候也是国家暴力机器的一部分，但法律依然是个人能够对抗国家机器唯一的武器，当国家机器想要彻底摧毁一个人的尊严和权利时，它首先想要做到的就是践踏法律。而当法律被如此践踏时，即使是最逐利的律师，也会挺身而出来维护法律。如果要问法律为什么值得信仰，这大概就是我的理由吧。,短评人:弥赛亚代言人,短评内容:看着演技之神倾力贡献这样一部充满力量和信念的片子，本身就值回五颗星了，虽然片子拍面部特写太频繁了点儿，但因为对象是宋康昊，所以真的不能算是缺陷吧......至于故事和题材，除了震撼无话可说，我们只有羡慕嫉妒的份儿，毕竟，人家是用电影去改善制度，而我们，只是用制度来审判电影......,短评人:有性别的粽子,短评内容:在韩国维权人士最后可以做总统。。。。。。"
搏击俱乐部,9.0,609997人评价,"短评人:Lan~die,短评内容:一则极具颠覆性质的社会生活寓言.无能为力，无法改变现状，是现代生活中的癌症。虚无使人痛苦，使人希望借各种方式找回存在的真实感。然而现代人的精神悲剧就是，当他们自我搏斗、脱离了一种精神上的奴役的时候，不知不觉又进入了另一种奴役。影片自身所带有的一种不可言传的魔幻性与自我消解意味使它,短评人:战国客,短评内容:这种类型片很多，这也不是第一个讲述人格分裂题材的电影，不知为何评价很高~~,短评人:大魔王ღ,短评内容:邪恶与平庸蛰伏于同一个母体。在特定的时间互相对峙。,短评人:朝阳区陆依萍,短评内容:各位亲们。。。精神分裂真的不是影片的重点。。。痛是我们感受活着的唯一方式。,短评人:Fantasy,短评内容:1.我看电影很少背台词,但这部片中的许多台词真是背的滚瓜烂熟. 2.我看过剧本结构最复杂的电影之一,其中情节的关联性对照性和许多彩蛋是模板级别的. 3.这部片后,大卫芬奇奠定了自己""黑暗小清新""教主地位. 4.原本大卫芬奇准备把1/24i秒一帧的布拉德皮特剪到片头24世纪福克斯处,太邪恶的念头了.可惜被否了"
哈利·波特与魔法石,9.0,603896人评价,"短评人:同志亦凡人中文站,短评内容:忠实原著有时候未必就不能打造惊喜。,短评人:zee,短评内容:那时候是有多可爱啊，刚接触魔法的种种新鲜和刺激，比起后面的黑暗剧情以及丹尼尔越来越大叔的模样，真是怀念这里啊。,短评人:遇见彩虹🌈,短评内容:当年还是在电影院看的，波特的魔法世界惊艳展开，风靡全球。,短评人:国王KING,短评内容:有一部电影，陪着我成长。,短评人:欣欣向荣,短评内容:电影院看的，还不错，哈利波特小时候好可爱，每个小演员都很可爱，现在除了几个都长糙了，为了拜托哈利给观众的印象也是拼了。"
死亡诗社,9.1,476256人评价,"短评人:咱说,短评内容:《死亡诗社》最后安德森爬上课桌那一幕哭得我稀里哗啦的，一个刚到口的龙眼就活生生地吞下去了。它和《孩子王》有一个同样的情境设定，但立意确实不同的。《孩子王》里“从前有座山”那段也是让我唏嘘呀。另外，《死亡诗社》的中文配音配得很好，不知道出自哪儿。,短评人:kingfish,短评内容:明明不是悲剧,就是不停的被感动着,短评人:舒葵,短评内容:这个时候他该怎么办我想，只能去死了。没想到他真去死了。sb一样的父母,短评人:九月五的酒,短评内容:后来，多年以后，追姑娘被揍的他成了律师合伙人，继续暗恋过去的女人，被双亲寄予厚望的他终究还是“妥协”成了医生，洒脱不羁胸前刺字的他消失匿迹在茫茫人海，那个羞涩腼腆外柔内刚的文艺青年，一步步蜕变成了文艺中年。光阴飞逝，诗社不朽，Captain, Oh Captain,短评人:樹一,短评内容:我和Nill有个一样的父亲，却从来没有遇见过像Mr. Keating那样的老师。所以我哭了。"
教父2,9.2,349658人评价,"短评人:A-sun*,短评内容:两代人的对比，Al Pacino和Robert Duvall都太帅了，不同的是，父亲拥有家庭与荣华，而Al Pacino几乎失去了所有亲人。,短评人:王爾達約夫,短评内容:《教父》系列的绝顶。对时间的感知是科波拉最出色的一次,短评人:薇羅尼卡,短评内容:阿尔·帕西诺不能再帅，是年轻时的代表作。,短评人:米粒,短评内容:阿尔帕西诺你敢不敢再帅一点,短评人:流空破刃,短评内容:半原作半原创，半上代半下代，半圆满半破碎，半上升半下降。普佐在原作完成后趁电影的便利所做的故事延续，操控了两条时空错叙的故事线，在对照中做出了无解的命题。"
窃听风暴,9.1,392498人评价,"短评人:毛毛毛读作cuì,短评内容:饰演魏斯乐入木三分的名演员穆荷自己，在两德统一后去察看自己的“忠诚资料”，发现有长达六年的时间，每天向秘密警察报告他的言行举止的，正是他自己的妻子。 ,短评人:苏比,短评内容:我们总是歌颂从未发生过的事。,短评人:今天小熊不吃糖,短评内容:看到结尾到底还是忍不住泪奔了,短评人:御姐控_光崽,短评内容:你还记不记得他听歌流泪的样子，倾斜在椅子上陶醉的样子？,短评人:咱说,短评内容:真的很赞，尤其是演员的表演！淡化意识形态的典范之作！故事本身也很精彩！20191031重温了这部电影，说一个你们肯定没注意到的细节：本片结尾告诉魏斯曼柏林墙倒掉的那个拆信员，就是那个在餐厅里讲大领导笑话的军官！而耳机里播送柏林墙倒掉新闻的，是导演本人……"
狮子王,9.0,536446人评价,"短评人:影志,短评内容:“太阳所能照到的地方，都是我们的国土” 随时随地、再看百遍、都会感动如初的经典。,短评人:嘉沐難再續.K,短评内容:我真的不覺得特別。,短评人:司空纭淼,短评内容:勇气与成长的故事，即使过了多少年，即使生处不同的时代，仍旧能够让人有所感悟……辛巴是在波折的人生中踏出了那条成王的道路！,短评人:咱说,短评内容:台湾佳译影院译制的，非常用心的翻唱了所有曲目，相当不错。不过故事就次了点儿。,短评人:★☆☆☆☆,短评内容:现在回头来看，已经很难从这种二元化的作品中找到感动了……"
指环王2：双塔奇兵,9.1,466671人评价,"短评人:眼角的花朵,短评内容:LOTR都有意或无意地削弱魔法的存在。因为LOTR所要传达的是：即使是平凡人也能改变事情的发展趋势，即使是最微不足道的角色也能改变许多人的命运，而魔法对事物进程的影响，却在演员们本色的表演中渐渐被淡化，这也是为什么在三部曲中魔法仅仅以渲染人物心理变化作为某种基调存在，而非针对某样事物的实体了。FOTR的行云如水可称为“公路电影”，而TTT与其说是魔幻篇章还不如说是战争史诗。,短评人:颜小兽,短评内容:第二部，树精很萌，甘道夫升级了，〔尊敬的用户甘道夫，恭喜你升级为vip1白袍巫师！〕→_→精灵王子吕秀才越来越帅了！,短评人:影志,短评内容:“这个世上一定有某种善良，值得我们奋战到底。” 其实最喜欢这个第二部。第一部刚开始，很多故事还没展开，也没有大场面的决战；第三部大场面战斗又太过饱和，容易疲劳。所以第二部末尾的圣盔谷大战，承前启后，来的刚刚好，“各路神仙”先后登场对付萨撸曼军队，也看得最酣畅淋漓。,短评人:凌睿,短评内容:你能想象吗，彼得·杰克逊总共只花了2.8亿美元，就把《指环王》三部曲拍出来了，最后全球票房29亿美元，三部曲通通获得奥斯卡最佳视觉效果，还有一部拿了奥斯卡最佳影片。,短评人:束,短评内容:一口气看完三部白金加长版，对于这样的片子，只有两个字形容：经典。相对于骇客帝国，这三部的连续性非常好，值得称赞。"
我不是药神,9.0,1415866人评价,"短评人:沐子荒,短评内容:王传君所有不被外人理解的坚持，都在这一刻得到了完美释放。他不是关谷神奇，他是王传君。
你看，即使依旧烂片如云，只要还有哪怕极少的人坚持，中国影视也终于还是从中生出了茁壮的根。
我不是药神，治不好这世界。但能改变一点，总归是会好的。,短评人:徐若风,短评内容:放在豆瓣语境下，是部时至今日终于拍出来的国产“高分韩国电影”。拿现实题材拍商业类型片，社会意义摆在那，群戏也处理得相当不错。对我们国家而言，这样的电影多一部是一部，走一步是一步。,短评人:桃桃林林,短评内容:最大的病，其实是穷病。真的被感动了，整体都很成熟，也有些许韩片的影子。几个演员表演都非常出色。可看性和内在的表达都不错。这个世界最荒诞在于，越贴近真实，真实越荒诞。人这一生，太不易了。最后，王传君，加油哦！,短评人:喝可乐的鸟,短评内容:炸裂，哭成狗，从观影体验上看，比达拉斯买家俱乐部好，之间隔了差不多五个《动物世界》，导演处女作就这完成度，只能说剧本实在太好。我爸爸也是药神的受益者之一，否则我应该房子也没了。感谢他们🙏。,短评人:我们不怕,短评内容:为一句“谁家还没个病人”泪流满面 感叹生命在“穷病”面前无药可救 感慨中国终于有了属于我们自己的有力量的电影 所有演员都非常出色 近年最好的群像表演 请记住这些电影人 宁浩 文牧野 徐峥 周一围 王传君 谭卓 章宇 杨新铭 王砚辉 咱们电影还是有希望的 愿中国的电影越来越好 谢谢"
大闹天宫,9.3,250720人评价,"短评人:有病的乃提乃,短评内容:50年过去了，中国动画不进反退，还有比这更可悲的事么。技术上止步不前，创意上才思枯竭。一群羊和两只狼的故事都被反复翻炒出N部，悲矣；当年号称十年巨制制出一部宝莲灯，贻笑大方矣。现在小孩的物质条件比我们好了n倍，但是我仍然觉得当年的我们是幸福的，因为有这么多优秀的动画片陪伴成长。,短评人:咱说,短评内容:【武大】从造型设计到人物动作，从脚本到到音乐，每一个镜头拿到现在仍然足以与世界好的动画相比而毫不逊色，这个腰间束着虎皮裙，手舞金箍棒，神采奕奕，勇猛矫健的猴王成人们心目中永远的孙悟空形象。,短评人:蒼間,短评内容:“怎么能抵的过我这一锤——呀~”,短评人:蓝下老婆,短评内容:永远的经典,短评人:Luke,短评内容:中国动画史上的一块金字招牌，当之无愧。"
两杆大烟枪,9.1,416276人评价,"短评人:大头绿豆,短评内容:结构很精细。艾德输光了钱的时候，恍惚出门，扶着墙吐，很真实。一贯老实的厨子打劫前突然说，带把刀好：Guns for show,knives for a pro.——你是不是有什么不为人知的过去？我不知道是马上要打劫可怕还是你的过去可怕。,短评人:唐小糖·,短评内容:克里斯说:""整个过程让我感动!"",短评人:Soblue,短评内容:我觉得这片儿里的小混混们都挺有型的.,短评人:影志,短评内容:犯罪都那么的英伦范，盖·里奇构造了一出无巧不成书的黑色喜剧，调侃、刺激，别有一番滋味。“四个臭皮匠顶个诸葛亮，盖·里奇果然不是盖的。”,短评人:老阿飞—故园,短评内容:此类多线杂糅叙事的代表作"
指环王1：魔戒再现,9.0,524674人评价,"短评人:sherry Q,短评内容:于我，魔戒永远是不可逾越的史诗。,短评人:影志,短评内容:甘道夫掉下桥的那一刻，我真的落泪了……,短评人:艾小柯,短评内容:All time favorite!,短评人:死鬼,短评内容:无限的生命并不能给精灵带来永恒的快乐 更残酷的是 让他们眼睁睁看着身边的美好一点点消逝 或许有限的生命才是命运之神对人类最大的眷顾
我宁愿和你度过凡人短暂的一生 也不愿一个人看尽这世界的沧海桑田,短评人:米粒,短评内容:原来某人ID是这里来的，不过据称其实是前传《霍比特人》里的。果然是很像西方版的西游记，人物多了一些所以可以分成若干支线，风景和精灵们确实相当迷人，奥兰多布鲁姆在这里面太好看了啊。但也没有想象的那么好。二三集待续。看的加长版，最后字幕长达二十分钟⋯⋯"
飞越疯人院,9.1,416620人评价,"短评人:锡罐头,短评内容:R.P.McMurphy对体制的挑战以脑叶被切除告终，他对自由的追求失败了吗？他所有的尝试都改变了——哪怕一丁点——“疯子们”的生活环境和心灵禁锢。关于受到争议的死亡，则是酋长对完整人格的高度尊重，代表另一个层面的自由。,短评人:littletwo,短评内容:最后实在看不过去了。无法忍受赤裸裸的残酷……,短评人:方枪枪,短评内容:一群人的狂欢，一个人的疯人院。在电影中，疯人院是有着极强隐喻的地方，专制横行，自由和个性遭到极度的压制和剥夺，是一个模型化一般的专制社会，打着冠冕堂皇的旗号到处招摇撞骗，剥夺人们的个性。疯子是一个相对话的定义，需要一定的评价标准，在疯子眼中，那些所谓正常的人又何尝不是疯子。,短评人:BOSS米我要,短评内容:精神病们都是好孩子~,短评人:小二,短评内容:哲学家只说不做，人权卫士有心无力，普通人像傻瓜一样只知道看热闹。未觉醒的力量需要人去唤醒。那个人就是“飞过杜鹃巢的人”。他牺牲了，唤醒了原力。大众的愚蠢已经不止一次被吐槽了。电影结局的美好，和当下现实的残酷，即使过了40年都未曾改变，要不然也不会有《鸟人》。你永远都飞不出疯人院。"
美丽心灵,9.0,515992人评价,"短评人:小白的山,短评内容:我觉得你很有魅力, 你对我的主动性说明你对我有同感。尽管如此，传统的信任仍然需要我们在做爱之前进行数多次柏拉图式恋爱。我正在往这方面发展，但事实说来，我真正想做的只是尽快和你XXXX。,短评人:曲非烟,短评内容:什么都好，除了《A Beautiful Mind》这个名字。
,短评人:影志,短评内容:有你终生美丽,短评人:大島,短评内容:用精神治好了自己的精神病,短评人:simpleplan,短评内容:刚看到新闻说John Nash出车祸死了。。。"
饮食男女,9.1,381550人评价,"短评人:5只小熊,短评内容:我会告诉你我反复看了五遍开头？口水留成海,短评人:匡匡,短评内容:李安最好的作品。太流畅了，调遣得宜，全无废句。,短评人:坪山一姐小渡边,短评内容:你个杀千刀滴老朱，我以为你要勾引我，原来你是要拐走我滴女儿！,短评人:黄青蕉,短评内容:中国人的闷骚拍得好到位，以及，我说归亚蕾哪来的一口标准长沙话，居然真的是长沙人啊哈哈哈,短评人:大島,短评内容:大导演拍小琐事，像庖丁一样，每一刀都恰到好处，这刀在故事里游刃有余，不见一丝烟火气，故事戛然而止时会觉得这故事仍然在这世上某个地方继续流淌。"
V字仇杀队,8.9,730319人评价,"短评人:苏比,短评内容:观此片，有种身临其境的奇妙。,短评人:风向未来吹去,短评内容:居然是美国的……哎呀呀，感触挺深的，力荐！你知道，在中国，这片子值得放一百遍,短评人:咱说,短评内容:一个无政府主义者的非意外死亡,短评人:赫克托尔,短评内容:超好看！超感动！很有1984的味道~~~！,短评人:凌睿,短评内容:艺术家用谎言道出真相，政客用谎言掩盖事实。
他们自己制造病毒，又自己制造解药，从而赢得大选。
他们将美国描述得水深火热，将自己的国家描述得太平盛世，从而对人们洗脑。
他们党同伐异，不允许有不同的意见，从而操控人们的思想……
但是纸包不住火，人们迟早会知道真相。
如果只允许一种声音存在，那么这种声音一定是谎言。
被囚禁终究会打破镣铐，被打倒终究会站起来，被奴役也终究会觉醒。
于是，他在熊熊烈火中重获..."
黑客帝国,9.0,524426人评价,"短评人:战国客,短评内容:一部蕴含丰富哲理的科幻巨制，袁和平的动作指导将东方武学艺术推向全世界，尼奥躲子弹的镜头成为经典~~,短评人:艾小柯,短评内容:新的哲学，开创动作片之先河,短评人:影志,短评内容:当时我就黑客帝国了。,短评人:莫呼洛迦-屁股上的青春在歌唱,短评内容:我都一直分不清真是和虚拟了，感觉像从一个梦掉进另一个梦里。,短评人:原来是西门大嫂,短评内容:Matrix的母体概念比盗梦牛逼啊，只不过变性兄弟在庞大的逻辑面前没有诺兰熟练的驾驭能力唉。"
猫鼠游戏,9.0,524287人评价,"短评人:乐平桑,短评内容:能让巨骗进FBI，这份惜才的胸襟才是一个民族强大的原因。,短评人:深海的心,短评内容:事实证明，聪明的头脑永远可以赚钱。,短评人:桃桃林林,短评内容:艾米·亚当斯演了一个牙套妹,短评人:周冲,短评内容:那个单纯的可怜的女孩呢？她怎么办呢？,短评人:竹叶卷心,短评内容:非常好看，里面有很多有意思的经典桥段，看到小李子装同行骗过汤姆非常刺激，李子的美貌在这部电影中还是表现的挺淋漓尽致的，尤其是穿机长服时，简直帅爆"
钢琴家,9.1,344641人评价,"短评人:[已注销],短评内容:“我有件更暖的。”----Wilm Hosenfeld,短评人:MJØLK,短评内容:爲何我會很憐憫那個納粹士官，至少他是鋼琴家的知音。,短评人:mado1983,短评内容:如今这个民族仍然在继续受苦，苍天无眼,短评人:寂地,短评内容:可能因为刚看了拯救大兵，所以难免的觉得这里描述的世界太干净了．是的，即使你已经觉得很残忍了，它还是太干净漂亮了一点．但是我还是非常喜欢这部电影，．只要那些温暖的东西在，就好了，尽管战争的事实，实际上是要残酷得多的．,短评人:米粒,短评内容:在影院看，恐惧和难受真是无孔不入。波兰斯基以一个观察者的角度展现了波兰的二战场景，看似冷静却又是最可惧的。而人活下去的信念到底能有多强大，恐怕不到死神擦肩而过的关头是无法预料的。如果说一部电影能给人信念，那《钢琴家》就是这样。"
本杰明·巴顿奇事,8.9,675240人评价,"短评人:Ridden,短评内容:你可以像疯狗那样对周围的一切愤愤不平， 你可以诅咒命运，但是等到最后一刻到来之时， 你还得平静的放手而去。每个人在某种程度上都对自己有不同的认识，但是我们最后都会去往同一个地方。只是走的路不同罢了。你也有属于你的道路。,短评人:莫沂,短评内容:阿甘正传+大鱼+摩托日记+罗拉快跑+千岁情人+第六感生死恋,短评人:眠去,短评内容:当他变成一个孩子，他开始迷惑，“我好似已经经历了一生。”他曾经的衰老，曾经的爱恋，曾经的年华，到了某一刻，只能轻轻放手，顺服地走向死亡。,短评人:熊阿姨,短评内容:“于时间的长廊上你再也不等我”,短评人:莫呼洛迦-屁股上的青春在歌唱,短评内容:其实也是有感动，感动的点很奇妙。"
看不见的客人,8.8,780348人评价,"短评人:GO,短评内容:跟媳妇一起看的。看到一半的时候说了句最毒妇人心，指的那个情妇。后来看完，我媳妇特别藐视我，说了句男人都不是个好东西后睡了~。。我一脸尴尬~。。。总之。。。这是个好电影。,短评人:frozenmoon,短评内容:律师是假扮的这个梗其实倒是不难猜。不过这不是重点。重点在于“叙述”和“真相”的关系。在缺乏物证链条的基础上，男主的每一次叙述其实都是自洽且成立的，但或许也都不是真的。这一点才真的引人深思。我们所认定和掌握的真相，又有多少是被叙述掌控的呢？,短评人:大島,短评内容:西班牙人太热情了 在我们这房间里叫破喉咙都没人理的,短评人:子酉,短评内容:一部片检验脸盲症发病率。,短评人:Panda的阴影,短评内容:2015年看的《罪恶之家》，2016年看的《完美陌生人》，2017年看的《看不见的客人》，共通之处就是利用剧作上的巧合和人性的叵测，将一个充满黑色悬疑的精彩故事有条不紊地讲述出来，虽然过程中猜测出女律师古德曼的身份，但劳拉却并非我预测地来个《大卫·戈尔的一生》的自我救赎……人言可畏亦难信？！"
让子弹飞,8.8,1096888人评价,"短评人:张小北,短评内容:叉着腰！牛着屄！嗨起来！,短评人:弗朗索瓦张。,短评内容:说姜文用力过猛的  那只能说明您受功不够 受用不起！影志老师在各方压力下更新短评 缓和了语气“姜文导演作品里最差的，远不如《阳光灿烂》和《鬼子来了》。”  难道这也是打一星的理由？您明知道阳光灿烂和鬼子来了都是中国影史经典  难道在您看来不如经典就是一星？！牛掰就别改短评！,短评人:我爱阳光,短评内容:如果说电影是个男人，冯小刚不中看，张艺谋中看不给力，陈凯歌早泄，姜文纯爷们！,短评人:于少,短评内容:牛着逼！,短评人:大奇特(Grinch),短评内容:开篇大四喜，尾声单钓将；麻筒子连七对，汤混子全不靠，四万字无番和；大三元影帝，清一色男配，花牌周韵，自摸姜文。"
海豚湾,9.3,275406人评价,"短评人:点点,短评内容:我觉得大部分看本片会有感的人，都不知道，中国的白暨豚已经灭绝8年了，也不会知道，长江里的江豚也仅剩1000左右了。与其感慨，咒骂日本人如何捕杀海豚，不如做些实际的事情，保护一下长江里的江豚吧，没几年，也将绝迹了。中国人做出来的事情，也不会比小日本好到哪儿去。,短评人:Triangleye,短评内容:看完确实很难受 但是其它被食用残杀的动物就因为比海豚低贱么...我也没办法真的素食主义..更别扭,短评人:猕猴桃,短评内容:海豚湾的鲜血让人心痛。志愿者们的勇敢无畏令人动容。,短评人:Orchid,短评内容:“必须屠杀海豚，因为他们吃了太多（我们的）鱼；必须屠杀海豚，因为要维护昔日大日本帝国的尊严！”  丑陋的真相背后总是有政府和利益集团的勾结。,短评人:独角兽童书,短评内容:自己在家里看都能鼓掌"
西西里的美丽传说,8.9,659267人评价,"短评人:熊阿姨,短评内容:原来男孩子青春期是这个样子地，原来女人美丽起来是这个样子地，原来登徒子的沉默和中年妇女的疯狂是这个样子地……,短评人:雷鬼膠囊套子啊,短评内容:最喜欢一段：之前走路眼目躲闪低垂的她，在那一夜后将蓬松凌乱的头发染红，低胸黑色连衣裙，眼里全是看破之后的凌厉无畏，姿态轻佻却强韧无比，翘腿，叼一根烟于唇间，四下便倏忽忽如游鱼抢食般凑来十几只握着打火机的手。從頭到尾沒有一句臺詞。,短评人:默默的蘑菇,短评内容:当相貌远远高于一个人的社会地位时，所带来的伤害也会远远高于一般人。,短评人:老脸,短评内容:@贺炜：一个出色的女人，她的全部罪恶在于她过于出众，庸众总是想亲近她的，可是发现她高不可攀，于是流言四起，每个人都不遗余力，直到她被流言所伤，被生活击溃，被拉回庸众的行列，终于学会对周围人道声早安，大家才心安理得起来。于是，平庸又杀死了一个人。,短评人:快乐人生,短评内容:从13岁男孩眼里看到了人性的丑陋不堪，对特别美丽，又无所依傍的玛莲娜任意伤害，把她逼到绝境，不得已成为妓女，战后更是残酷暴虐把她逼离小镇，讽刺的是当一朵鲜花零落成泥后，她再一次和丈夫回到小镇时又用友善的一面对待。她终于不再美丽，不是异类，对她们没有威胁，沦为和她们同样普通。"
情书,8.9,621740人评价,"短评人:战国客,短评内容:暗恋的极致,短评人:嘉沐難再續.K,短评内容:总是点到为止的岩井俊二.,短评人:巴乌,短评内容:也许每人都有似曾相似的故事，逝去了才追悔莫及。,短评人:[已注销],短评内容:很久很久以前，电视上放了一个电影，我只看到一个镜头，是一个男生站在窗边读书。后来又过了很久，数字电视出现了，点播里有一个叫情书的电影，打开来，很巧的是，又是那个记忆里的男生在窗边读书。我听了这部电影很多年却没有看，今天看完了，又看到熟悉的那个场景，哦，原来那就是藤井树阿。,短评人:清歌墨苒,短评内容:永远忘不了柏原崇倚在窗口的样子，他拿着一本书，低着头看，窗帘在他身后轻轻飘荡，抬起头，我看到了这个世纪末的美少年的干净美好。《情书》的就是经典的岩井俊二摄影风格，此后很多爱情片都有借鉴他的取景和摄影风格。"
拯救大兵瑞恩,9.0,435555人评价,"短评人:Yanisk,短评内容:如果没有办法想起他什么样子，就试着想想和他共渡的时光。,短评人:.Aмаиdα.,短评内容:我心目中的永恒经典。不知道集结号借用了他多少情节。反正不少。,短评人:Obtson,短评内容:真正意义的大导大片，开场的抢滩和结尾的瑞梅尔血战机位控制臻入神技，牛逼的主次特写像一位幸存的二战联盟老兵啐着唾沫在回忆戎马。瑞梅尔的残破桥头，米勒上尉的身后是无尽残阳，他的面前是这个略显荒谬任务的完结，他的面前也是詹姆斯瑞恩的明天。,短评人:影志,短评内容:看到结尾Hanks无力地对着迎面驶来的坦克，内奔……,短评人:时间之葬,短评内容:瑞恩不需要小金人"
小鞋子,9.2,267302人评价,"短评人:舒葵,短评内容:没钱不要养孩子,短评人:亚比煞,短评内容:去年从以色列乘车去巴勒斯坦，一过国界线简直是两个世界。犹太人的地方干净富裕，阿拉伯城市就垃圾满地，乌鸦乱飞。很多小孩子拿着矿泉水和粗糙的纪念品追着我们叫卖，都是长睫毛大眼睛很漂亮的孩子。晚上看新闻，巴勒斯坦又被战机轰炸死了70多个人，真他妈难受的什么也不想说了。,短评人:LITTLE‖ 鬼话,短评内容:一点儿都不造作的那种 ,短评人:芦哲峰,短评内容:孩子的眼神动人；朴素的煽情极富感染力。结尾好，戛然而止，干干净净。,短评人:战国客,短评内容:很少接触伊朗电影，这个是在CCTV-6看的。拍得很纯真，很感人~~"
音乐之声,9.0,402591人评价,"短评人:快乐人生,短评内容:经典之作，其中反纳粹，追求自由，积极乐观的生活态度，至今仍打到人心，激励和鼓舞一代又一代的人。,短评人:世界尽头,短评内容:主题的音乐很好听，但可能是距离现在太久了，不太符合现在人的审美，感觉还好吧。,短评人:偏要勉强,短评内容:音乐剧中最经典的了吧，难以超越，里面的音乐至今仍广为流传。,短评人:挽梦忆笙歌,短评内容:雪绒花这首歌太熟悉了，玛利亚老师真的是一个与众不同的家教老师，她用她的爱她的音乐感染了上校一家，让原本枯燥无味的家变的活泼充满音乐和欢笑的家，真的是一部很经典的片子,短评人:染黛如诗🌸倾心,短评内容:我是先喜欢里面的一首歌才来看这个电影的。里面的歌舞不错，故事也挺正能量的，如果老师都用爱来教育培养孩子，那孩子们就太幸福了。"
美国往事,9.2,287543人评价,"短评人:罗弘霉素,短评内容:少年子弟江湖老，红粉佳人两鬓斑,短评人:Q。,短评内容:以前看的时候并不能完全理解这部电影，电影里太多的内容让自己并不能一下子就可以消化得了。重看这部近四个小时的电影，没有觉得半点枯燥沉闷，好似在翻阅一本浑厚的小说，一生中所有最重要的东西都在里面，值得慢慢回味……★★★★★,短评人:破落户·天棚鱼缸石榴树,短评内容:当年姜文拍阳光灿烂的日子前拉美国往事拉了五十多遍，今次看来，果然颇多神似,短评人:寂地,短评内容:一定要有耐心去看完的电影.又是时间,又是时间里丢失的东西.有一些伤感.,短评人:Soblue,短评内容:闷得我喘不过气来。
价值与时间，成长与背叛。
还是难得这么有力量的片子。"
穿条纹睡衣的男孩,9.1,328338人评价,"短评人:junepig,短评内容:这大概是对纳粹反犹最狠毒的嘲讽了吧，通过欺骗，杀害的不仅是“敌人”，还有自己的孩子。,短评人:不流ᝰ雾岛夜随,短评内容:感动我的是孩子的勇气，强大的勇气。,短评人:凌睿,短评内容:小孩总是交友，大人总是树敌。,短评人:了了,短评内容:孩子的世界大人永远不懂,短评人:nikki,短评内容:我觉得它并不比[辛]差，不是只有透过大社会看战争才是正统的片子。父亲就算是纳粹也爱自己的妻子小孩，母亲做为女性心软，青少年容易被骟动，而什么都不知道的小孩只能接受大人给他灌输的知识。我觉得这些都是可以理解的，并不是“刻板”“形像化”的。最后的长镜头看了几遍"
致命魔术,8.9,577477人评价,"短评人:咱说,短评内容:本片最大的看点其实是用Angier和Borden的幻术竞争来影射历史上Edison和Tesla的直流电与交流电之争。《记忆碎片》、《致命魔术》和《盗梦空间》基本上一个套路嘛。如果Nolan拍片子总是用这种捣蒜的方式讲故事的话，看多了真觉得没啥意思了。,短评人:束,短评内容:这个片子有两个败点，其一：模式天才的胞弟出现太过唐突，显得有些老套；其二：用科幻成分作为支点，略显编剧底气不足。不过整体看来，属于上乘之作。,短评人:薇羅尼卡,短评内容:说穿了不管是孪生兄弟还是复制人，让他们对舞台上的成功如此痴迷的不过是观众脸上惊奇的表情和如雷的掌声。当我们一直生活在需要别人给予肯定的怪圈之下，我们就迷失了当初的自己。,短评人:王大根,短评内容:克隆出来的Hugh Jackman别杀啊，给咱一人派一个啊……,短评人:胡子大王,短评内容:诺兰牛比阿"
七宗罪,8.8,674460人评价,"短评人:某猪·坑坑洼洼,短评内容:没觉得有多经典。一来因为没有读圣经信基督的文化背景，二来就像那篇最热门的影评说的，它展示了一些很糟糕的东西，却没有给出解答。这没有什么意义。,短评人:Lan~die,短评内容:阴沉而绝望。基督教用撒旦的七个恶魔形象来代表七种罪恶：傲慢，嫉妒，暴怒，懒惰，贪婪，暴食，以及淫欲。一个变态的宗教杀手，平时连一只鸡也不杀，但他找到了依据来实施对人的毛骨悚然的谋杀。有什么能比一个人做魔鬼的行径更为恐怖的吗？台词：“这是个美好的世界，值得我们为之奋斗。我同意后半句,短评人:赫克托尔,短评内容:结局真的很惊人。惨绝人寰……,短评人:老鸡｜扶立,短评内容:从它开始喜欢上摩根弗里曼,短评人:哈,短评内容:色调太深沉，纽约的雨一直下，混乱的街区，血腥的现场。
有些画面好恶心，分2天看完的，特别喜欢老警察，演技台词都是一流的。
还有万万没想到的结局。
"
低俗小说,8.8,574348人评价,"短评人:lisa|离,短评内容:太正点了，那妞。。。
,短评人:JulyChan,短评内容:忘不了Uma Thurman和John Travolta的狐步舞,短评人:小波福娃,短评内容:怎么会有人说这部电影不好？五年间我看了至少六七遍，它是这么好玩而且嚼劲十足，开心得让人觉得在读一本好小说，昆丁是个很赞的story teller，这不就够了吗。,短评人:老鸡｜扶立,短评内容:剑走偏锋，成就鬼才,短评人:[已注销],短评内容:昆汀有三宝，恋足，逼叨，配乐屌。"
绿皮书,8.9,998109人评价,"短评人:Rocrw,短评内容:绝对是今年tiff我看过的最有意思的一部电影，全场笑声掌声就没停过。节奏欢快，情节有趣又不失深度。V叔扮演的来自Bronx街头的意大利裔司机和Ali扮演的受高等教育的黑人音乐家碰撞出令人惊喜的火花，二人从纽约一路向南巡演，然而越向南种族歧视也越来越严重。导演用一种巧妙的角度向观众展示了当时的不公以及音乐家内心的纠葛。尽管他从小就在不同的重要场合表演，然而最尽兴的一次却是在圣诞前夕的一个黑人小酒吧。...,短评人:同志亦凡人中文站,短评内容:肤色、阶层、性格和性取向天差地远的两个男人，因为音乐而结缘，因为公路旅行而成为一生朋友。有时候才华并不够，还需要勇敢，推倒心中那面墙才能开门见山。电影就像一颗绿色小石子，投入黑白分明的美国社会，激起轻小而美丽的涟漪。虽然有刻意营造的温暖感，但我就是愿意买单~！,短评人:饮歌,短评内容:今年看过最好的剧情片之一。剧本扎实，细节充实，表演到位。颇有《为黛西小姐开车》和《触不可及》的意味，但又因为主角角色的互换，在特定的时代和地域里散发出更强的乐趣。,短评人:非虚构,短评内容:#剧作#第1点：让妻子接电话，电话内容全部隐掉，呈现妻子的表演，并描写夫妻间的感情。第2点：24分钟才出现核心道具“绿皮书”。第3点：公路片类型。第4点：到35分钟，音乐起，镜头从欢笑的人们摇到孤寂的一人。第5点：多来一条书信的线，也是一条情感变化线。第6点：43分钟，小人物开始反击，第7点：46分钟，黑人扳回一局，第8点：48分钟。意大利人解决问题独特的方式。第9点：50分钟，开始敞开心扉。第1...,短评人:内陆飞鱼,短评内容:四平八稳的片子，精致的套路，一路都是能想到的通俗剧情，基本没有什么大的起伏，主要看演员，明知道是屡试不爽的美式套路，你还会微微感动，也许这就是好莱坞厉害的地方之一。"
沉默的羔羊,8.8,571164人评价,"短评人:阿让,短评内容:正是因为米国没有卤煮火烧和烩羊杂，就连爆肚、溜肥肠，酱爆肝尖，火爆腰花什么的都没有，所以作为美食家的汉尼拔很尴尬，常常为了一份食材而绞尽脑汁，大费周章，其实。北京欢迎你，大可满足你顿顿吃卤煮的愿望。,短评人:牧风,短评内容:最后一个镜头与T-Bag神似!电影一般,不过汉尼拔越狱那段非常精彩!看评论有人自作聪明的评论这段屋子里怎么没有监视器?是电影一个致命BUG.明显故事背景时间没搞清楚,还不如说在汉尼拔身上植入一个GPS呢.,短评人:这位小孔同学,短评内容:为啥我觉得挺一般的啊。。。,短评人:A L E X,短评内容:手指触碰的镜头好美！,短评人:小耳朵图吗,短评内容:一点也不恐怖"
蝴蝶效应,8.8,634795人评价,"短评人:岛,短评内容:或许，我也应该用脐带勒死自己,短评人:Lan~die,短评内容:我们每个人，都会幻想能够改变过去使目前的状态更好些，或者希望过另一种生活成为另一个人，这部电影反映的就是这种想法以及假如我们真这样做的结果。埃文不停的改变过去的选择，希望能够找到一个完美的未来。可事与愿违，往往导致更加悲剧化的结尾。人类对自己的认识一度忘乎所以，以为自己就是上帝，而最终仍将认识到自然的种种限制，但正是这种限制，体现了生命的意义、抉择和努力的意义。当我们回首往事，自然会对以往的错误感...,短评人:蹦挪挪,短评内容:从他第一次的人生来看，其实他并没有那么喜欢Kelly阿,短评人:""eMily""┆rehab,短评内容:你本不屬于這個世界,短评人:影志,短评内容:命中注定的事情，释然去面对吧，放下过去，才有未来…即便你握着人生遥控器，也未必能遥出一个完美的人生。"
被嫌弃的松子的一生,8.9,513689人评价,"短评人:还是那个镜镜,短评内容:是嘲讽吧——你以为人生要完了的时候它还在继续，你以为人生可以重新开始的时候，人生已完。 ,短评人:Plauto,短评内容:　　""小时候,谁都觉得自己的未来闪闪发光,不是吗 　　但是一旦长大,没有一件事会遂自己心愿"" 　　 　　她总是想着办法，即便是些常人看起来怪异可笑的办法来面对不太公平的生活遭遇． 　　 　　看得我真他妈压抑. 　　我就是无比恐惧自己的生活会变成这个样子 　　导演和编剧把我对我生活的梦魇般的臆想变成了胶片,短评人:寂地,短评内容:这个故事是对“少女情怀”赤裸裸的嘲讽！,短评人:Doublebitch,短评内容:【就算被打，也比孤独一人好】如果单拎出一段来看，一定会被浓烈的色彩、童话般的氛围和OST给骗了，其实这是一个在讲述“破碎”的故事，为了取悦别人松子不断的付出着钱财肉体灵魂乃至一切，可生活的变故却让她不断的破灭破灭再破灭，但她还是一次次站起来了，为松子鼓掌，操他妈的生活。,短评人:战国客,短评内容:她只是怕寂寞……"
春光乍泄,8.9,426599人评价,"短评人:同志亦凡人中文站,短评内容:何宝荣。黎耀辉。如果你对一个人有特别的感情，你会更喜欢叫他的全名。,短评人:色狼猫,短评内容:光棍节给自己准备的电影《春光乍泄》，根本就是找虐。。。。黎耀辉简直是八心八箭4个9的纯GAY，极品中的极品，GAY中的爱马仕，GAY中的劳力士，GAY中的劳斯莱斯，上下5000年不可多得的尤物！！！我想变男人要这样的男朋友啊啊啊啊,短评人:瓜。相信这个世界很变态。,短评内容:总是觉得，站在瀑布下的应该是两个人。,短评人:Connie,短评内容:从来只有半部的《春光乍泻》,短评人:文泽尔,短评内容:谁是何宝荣？谁愿在一个转灯里看出真瀑布来？谁在意楼道里的声音？谁藏起了护照，谁抱着你吻着你只穿四角裤醉倒在布宜诺斯艾利斯的天台上？而直到最后，又是谁被瀑布的激流打得浑身透湿，分不清是否有落下一滴眼泪了呢？当然，也极爱乌龟的happytogether..离苦，同乐"
禁闭岛,8.8,632367人评价,"短评人:冬天,短评内容:我打4.5星，不能得5星的原因是，电影有些长…… 故事很好，每个转折点都很清晰，故事就像《本能》一样，到最后一分钟揭晓大结局给人惊喜。说不好看的同学，大概没有注意结尾。因为谜题的揭晓，是在影片结尾莱昂纳多说的一句话里。,短评人:偏心50块,短评内容:为什么俺觉得男主被忽悠了呢,短评人:卷心笋,短评内容:结局是开放式的，随便你怎么演绎都有理。所以大概不能断定说看到一半就猜到吧。,短评人:桃桃林林,短评内容:怀旧也罢，暗示也罢，马丁和莱昂纳多的又一次出发，看到很多评论，无论是精神分析还是二战启示。各执一词，滔滔不绝，其实，跟影片里说的一样，真相并不是最重要的，重要的是这个电影值得一看，这是一部很精彩的悬疑惊悚片，这就够了。,短评人:Doublebitch,短评内容:他到底会像怪物一样活着，还是会像好人一样死去呢？"
心灵捕手,8.9,473233人评价,"短评人:你爸,短评内容:比起心灵捕手更让我触动的是男人的友情。“我每天到你家接你，我们出去喝酒笑闹，那很棒。但我一天中最棒的时刻，只有十秒，从停车到你家门口，每次我敲门，都希望你不在了，不说再见，什么都没有，你就走了，我懂得不多，但我很清楚。”,短评人:桑娃儿,短评内容:人生中应该拥有这样的一段豁然开朗。,短评人:ζωήιδ,短评内容:心理学教授明显的INFP，数学教授则有些INTJ。至于天才少年大概是INTP。有些人天生就幸运，拿了一手好牌。而大部分的我们却只能努力把自己的烂牌打好。如果你可以自由选择做任何事，你会做什么？也许那才是你真正想做的——如果说天才类题材有其现实意义的话,短评人:BOSS米我要,短评内容:当他作为清洁工演算全世界只有两人懂解答的方程式，当他在酒吧用丰富历史知识与清晰逻辑思维对敌哈佛学子，当他恋爱与女主角吃饭时接吻，被子里缠绵，当他坚定地说我不爱你，当他遇到心理学教授，当他口出狂言，当他说起飞机趣事，当他痛哭，当他大笑。这是个没法让人不着迷的男人。,短评人:璀璨,短评内容:我對天才的選擇沒有太多興趣，因為這個世界上大多數的普通人無法決定自己的人生。但臺詞還是好的，“你不了解真正的失去，唯有爱别人胜于爱自己才能体会。”"
布达佩斯大饭店,8.8,598202人评价,"短评人:玑衡,短评内容:非常好。像一杯温暖的热可可，做得如此甜蜜却又不轻佻，好多台词和段子都有所指涉，却又浑然天成，不像在掉书袋。片尾看到对茨威格的致敬，眼泪都掉下来了。自从好多年前看了Visconti的《豹》之后，这是第二部让我对“昨日的世界”充满向往的电影。,短评人:唐小万,短评内容:依然还是韦斯-安德森标志性的复古色调、悦耳配乐，神经兮兮的冷幽默。不像前作那么随意松散，《大饭店》故事紧凑、层层剥茧，而且居然有点“重口味”。也许只有韦斯-安德森才能把一个混合谋杀、越狱、械斗的故事拍得那么喜感。,短评人:牛腩羊耳朵,短评内容:四重时空与讲述方式以及画幅的迷人结构【越靠近现在越狭窄间接】，主体故事全景描绘了欧洲战前文化褪色的最后辉煌【礼数，名画，家族】，作为见证者的Zero【移民】对依然消失的“精神家园欧洲”的怀旧感，以及对老电影的表演方式和镜头运用的模仿致敬，加上费因斯的精妙表演与卡司，安德森迈入大师门槛,短评人:文文周,短评内容:刺激的色彩，独特的人物，湍急的镜头运动起飞的节奏，停不下来的爽与赞。对于这样的导演，不论多么细微的角色，演员都会愿意接受，因为最细微的角色，也有足够的个性，让观众记住。,短评人:艾小柯,短评内容:一张寄往旧时欧洲的精致明信片，L’Air de Panache的味道充斥整个屏幕，冷幽默和由慢至快的节奏依旧，尾声的高潮之后迷漫着令人惆怅的尾香。逝去的终将逝去，这童话式的一瞥令人难忘。"
海蒂和爷爷,9.2,226118人评价,"短评人:Panda的阴影,短评内容:难怪看到片名有种莫名的熟悉感，看正片后才知道这与高畑勲导演、宫崎骏担任场面设定的动画片《阿尔卑斯山的少女》改编自同小说《海蒂》，简直惊喜到不行。……故事温情脉脉，风景怡情养目，一段醉我心脾的观影历程。……有时，我以为看过几千部电影，会审美疲劳，可当碰到心仪之作依然能看得身心愉悦。,短评人:左佐,短评内容:成功之处在于每个角色都很立体，都有优点缺点，海蒂不守规矩却天真可爱，克劳拉自私骄纵却优雅美丽，皮特淘气却耿直，爷爷脾气古怪却默默付出，女管家严厉却谨慎。山里的人没有那么朴实无华，“宫殿”里的人也没那么惟利是图。,短评人:fire,短评内容:今年第一个惊喜！可能有点偏儿童，但绝对老少皆宜。小姑娘呀，你可千万别长残了,短评人:许多许光汉,短评内容:喜欢 很温馨 我泪点有点低,短评人:万物静默如初,短评内容:想说的是：这才是人生中最美好的童年时光。"
勇敢的心,8.9,430681人评价,"短评人:老阿飞—故园,短评内容:一句“freedom”煽的我眼泪哗哗的,短评人:影志,短评内容:那时候的史诗片拍的多好，90年代的大片就应该是这样的。,短评人:托尼·王大拿,短评内容:结局华莱士被砍头的瞬间，我仿佛看到了屏幕上打出了""(此处有眼泪)""的大字，犹如一场精心编排的真人秀；使这片子不落于平庸的其实是几场清晰明了而又荡气回肠的战役，冷兵器的对决看上去永远热兵器更加震撼而血腥。,短评人:林愈静,短评内容:看了三遍，很好看。Freedom！！时间：2003,短评人:伊卡洛斯,短评内容:自由就是这么来的，可奴隶也是这么来的。"
剪刀手爱德华,8.7,770962人评价,"短评人:杜扬Seatory,短评内容:童话真美好 现实太聒噪,短评人:大头绿豆,短评内容:感觉情绪还没酝酿好就结束了。失望。,短评人:幸运遇见你,短评内容:         如果我没有刀，我就不能保护你。如果我有刀，我就不能拥抱你。
         这个城市看不到雪，我为你降一场雪，每一片雪花落地那都是在说，我爱你。
        我现在已经是个老妇人了。我只愿他记得我当初的样子。 
,短评人:[已注销],短评内容:爱德华是每个人初恋时候的样子。,短评人:凯拉奈特莉,短评内容:佩格居住的小镇是画笔般彩色的，这里的人们好奇热情也多疑。爱德华获得明星般的关注，也在人类的世界遭遇讨伐。金对于他，永远只能是剪刀下冰雕的女神像，无法拥抱，无法守护。完美的悲剧童话，如同后来每年的雪。 "
阿凡达,8.7,911945人评价,"短评人:皮革业,短评内容: James Cameron闭上眼，全是电影的明天。,短评人:[已注销],短评内容:阿凡达同时也揭示了女人的悲惨命运，主角与他的空中坐骑即是说明这个问题：选择她，她挣扎，插入她，她被俘获，甘心被他骑一辈子，众叛亲离之时，只有她在身边，魅影出现以后，她消失无踪，他再也没有寻找与过问。,短评人:Elio,短评内容:这电影的特效是自指环王以后见过的最令人惊艳的。我觉得可以打6星！去看的时候一定要去看3D版的。,短评人:Mars,短评内容:全宇宙也就天朝的钉子户最弱势了。
潘多拉版风中奇缘。另外我buy所有生物都是生态网络中相互连接的神经元这个idea。,短评人:[已注销],短评内容:所有3D片给我的感受都是一个样：戴两副眼镜真累，剧情真EASY，随随便便就完了。"
天使爱美丽,8.7,740406人评价,"短评人:流浪忧伤,短评内容:有没有人觉得和重庆深林里的王菲有点相似？,短评人:亂馬2/1,短评内容:他買來她要的酵母淘氣的躲在門背後，撩動簾子，一轉身，結果是那只可恶的黑貓，於是，她哭了。,短评人:碎瓦,短评内容:洋溢着法国人的性格风情,短评人:Ex,短评内容:也许女生很喜欢,但我怎么也喜欢不起来...漫长的婚约比这个好看多了.,短评人:小痕呀,短评内容:浪漫到骨子里，忧郁，神经质，跳跃，文艺是很典型的法国电影啊！喜欢的人为它如痴如醉，不喜欢的人看的昏昏欲睡，两种极端。我只能说非常好，非常适合一遍一遍地欣赏。艾米丽是天使，拥抱世人，容纳那些不美好。"
摩登时代,9.3,185756人评价,"短评人:思阳,短评内容:惭愧死了，这才是我第一次真正看卓别林的电影。在放映之前我还想，为什么人们要叫他“大师”？不就是一个演员么。结果几秒以后，字幕上映，导演，编剧，主演，甚至音乐配乐都是卓别林创作的。我完全被震撼，真的是大师啊……

这是一部又辛酸又喜剧的片子，对当时的社会不论是在工业，政治，还是生活,短评人:大头绿豆,短评内容:靠，看了才知道，星爷有那么多东西是从这里学来的。,短评人:同志亦凡人中文站,短评内容:如果电影不曾有过卓别林，该会是一个多么无趣的世界。光前30分钟就让我几度笑岔了气。荒谬有理，喜谑至极！,短评人:陆支羽,短评内容:世影史：本片是卓别林最后一部无声影片，片中喜剧手法和视觉手段都有着卓别林独特匠心的痕迹。而其主题则更为突出，围绕美国当年工业起步时期美国劳苦人民的生活悲剧展开了辛辣诙谐的讽刺，进而揭示出工人遭受资本家欺压，榨尽他们最后血汗的严酷现实。影片结尾则是常见的“黎明曙光”。,短评人:斑斑点点,短评内容:卓别林无疑是上个世纪最伟大的电影大师之一，他的作品深深的影响了一代又一代的人。
《摩登时代》是卓别林的代表作。"
加勒比海盗,8.7,603501人评价,"短评人:渣渣,短评内容:船长还能再帅一点么－。－  放荡不羁 霸气外露 豪情四溢 男人的极致啊,短评人:雨果,短评内容:所以海盗不只是有凶神恶煞那类的，还有阴柔如德普型，角色凌驾于故事就是这片了。,短评人:毛利,短评内容:在海岛的时候连看了三部，就记得第一部的剧情，2，3都忘记了,短评人:长颈鹿和花枝丸,短评内容:蜀黍！！！！！妖娆的我想shi！！！,短评人:影志,短评内容:船长登陆那一段，有点创意。"
致命ID,8.8,529895人评价,"短评人:Plauto,短评内容:结局好狗血。俺还以为信橘子得永生呢。,短评人:荔枝超人,短评内容:果然是青少年选择奖入围片，用来骗小孩还是很高明的。,短评人:苏比,短评内容:没办法不打五星啊，虽然不到一半就猜到了结局。,短评人:Η²,短评内容:本以为是娱乐片，却是一部精彩的悬疑片，和《记忆碎片》一样，不到结尾不见真相。前段或许有些老套，但进行到中段的解谜阶段就很紧张了，后面的真相揭开后，又将剧情推向一个让人瞠目结舌的高潮，难得的是在结尾，居然再次给了观众心灵一记刺痛。善与恶，原本就是一体的。 PS:1.以罪犯幻想之情节名义给剧本许多地方逻辑推理不足找到了借口2.Mhotel又有何寓意呢3.对影片营造的黑夜，阴冷，潮湿氛围很中意last....,短评人:亚比煞,短评内容:又一部向阿婆《无人生还》致敬的电影，但是这种精神病题材很好写，就是怎么玄乎怎么来，根本不需要有逻辑，不需要交代凶手怎么装炸弹怎么把尸体弄没了的。不像阿婆写侦探小说就一定得把场给圆清楚，这样看来编剧的水平就高下立现了。"
喜剧之王,8.7,626749人评价,"短评人:老鸡｜扶立,短评内容:周星星电影中最喜欢的一部,短评人:missfaye,短评内容:“我是一个演员”，我最爱的周星驰作品，笑得流泪,短评人:明珠一颗孙小美,短评内容:你负责美丽妖艳，我负责努力赚钱,短评人:♣lùlu♣,短评内容:我不是真的要你有钱才能养我，我只需要你为了我放弃声名的勇气,短评人:战国客,短评内容:戏梦人生，笑中带泪，好作品"
断背山,8.8,512841人评价,"短评人:瑾颜,短评内容:老公哭的稀里哗啦，我怀疑他有隐情，所以我都没看进去……,短评人:艾小柯,短评内容:李安将一个动人的爱情故事讲述到了完美。导演天衣无缝。,短评人:大島,短评内容:看来我没有弯的潜质，一上来我就把攻受猜反了,短评人:2013,短评内容:深邃的大山和静谧的流水，一段如歌的爱情与疼痛的秘密。,短评人:細細陳,短评内容:原来男人与男人之间，也可以爱得这么唯美"
幽灵公主,8.9,376587人评价,"短评人:A-sun*,短评内容:宫骑骏就是个生态环保大师啊。,短评人:安德烈大叔,短评内容:飞鸟的一句你好美，把我心都化了。还有六部宫崎骏的动画片没看，这样算来岂不是比诸位都幸福多了？,短评人:冰红深蓝,短评内容:宫崎骏最好的作品，在内涵的深刻性、复杂性及广度上都超越《千与千寻》。久石让的交响乐恢弘苍凉，宛如天籁。片中角色都不是善恶分明的脸谱化形象。血肉横飞的黑暗场景与单纯可爱的小精灵形成鲜明对比。关于仇恨与宽恕，关于无尽的冲突，关于人与自然循环往复的角力，没有出路也要活下去。（9.5/10）,短评人:单线程青年,短评内容:大家来保护环境吧……,短评人:掉线,短评内容:所看过最有深度的动画了，居然有几分史诗的感觉。分镜头比许多真人电影还好，好棒，五星力荐"
杀人回忆,8.8,434227人评价,"短评人:南笙,短评内容:想到真凶可能会若无其事坐在电影院里面，与电影最后一个镜头里宋康昊含泪的双眼四目相对就觉得好惊悚,短评人:悪之花,短评内容:配乐用绝了~
现实中不了了之的案子实在太多，可电影中几乎很少看到。,短评人:一刀切,短评内容:又看了一遍，想当年第一次看这片时，我还恍惚觉得案子都没破就结束，什么玩意儿？！可多年过去，每一次重看，都更坚定地确定它的完美。一个没有找到凶手的故事，编导把它拍得悬疑跌宕而富有深意，看似普通实则卓尔不群，作为热爱电影的人，从这片里会深感电影的魅力,短评人:同志亦凡人中文站,短评内容:当整个警察局为扣押的是否是嫌犯而陷入一片争吵，那首每次杀人前都会被点播的情歌轻柔的响起，原来外面又开始下雨了——那一刻真是惊悚到无形。,短评人:托尼·王大拿,短评内容:无懈可击！影片的焦点从不在连环杀人案本身，主线是每个人深陷泥潭的不能自拔，副线则是当时整个韩国社会的动荡不安，时间的推移不能洗刷罪恶，宋康昊结尾处的眼神映射出无限的沧桑；第一次犯罪现场的长镜头和追捕手淫者的快速剪辑这两段都快要让我哭出来了。"
入殓师,8.8,437406人评价,"短评人:眠去,短评内容:日本人的表演还是太做作,短评人:绝缘儿,短评内容:孝，最不能等,短评人:boks,短评内容:迷恋死亡仪式的日本人,短评人:StarKnight,短评内容:唯一缺憾：广末凉子太漂亮了……,短评人:赫恩曼尼,短评内容:既然死是每个人终须面对的，何苦还挣扎于那些无谓的事情上？喝过的酒、爱过的人、浪费过的力气、余留下的残念、望不见的未来……凡此种种，终有一天烟消云散。我仿佛看见玫瑰落在眼睑上，作无人之眠。那里是我们曾眷恋和执着过的生命，还有无法逃离的死亡。"
狩猎,9.1,233144人评价,"短评人:文西,短评内容:其实小孩子最邪恶，因为他们完全不知道行动的后果。  ,短评人:柏林苍穹下,短评内容:占据道德的制高点猎杀他者，你手上可有血污！？,短评人:安非,短评内容:天真无邪才是最大的邪，童言无忌才是最大的忌，天使有时候才是恶魔。能说出口的委屈都不叫委屈，最大的委屈是承受不白之冤还百口莫辩。,短评人:影歌@Germany,短评内容:即使整个社会抛弃了你，也要活得有尊严。叔顶着满头鲜血回到超市去要回属于自己的东西真是帅爆了=口=卢卡斯从没有抱怨过我什么都没有做你们却要这样对待我之类弱爆的怨言，而是咬牙挺胸堂堂正正的挺过去。如果恶意无法避免，至少要活得坚强。顺说我总觉得下一幕叔就会化身汉尼拔把全镇下饭…,短评人:大奇特(Grinch),短评内容:童言无忌的威慑力足以将成人置于死地，但更怕的是人言可畏的成人世界，一味愚蠢、盲从、暴力，善良的猎人最终变成众人眼中的猎物。"
阳光灿烂的日子,8.8,432908人评价,"短评人:影志,短评内容:“我的故事总是发生在夏天。炎热的气候使人们裸露得更多，也更能掩饰心中的欲望。那时侯，好像永远是夏天，太阳总是有空出来伴随着我，阳光充足，太亮，使得眼前一阵阵发黑”——电影《阳光灿烂的日子》开场对白,短评人:锐利修蕊,短评内容:再也没有这样的时候了。被禁锢的青春里面溶着化不开的酸涩。年轻的时候爱一个姑娘，就可以奋不顾身的把所有逞能的事情都做完。长大了以后就不会了。不是不爱姑娘了，而是理智的弦告诫你自己再这样做是多么蠢的一件事情。,短评人:Cherry,短评内容:别人说这部片子很绝望，我看到的只是与我无关的，男生的青春期,短评人:Q。,短评内容:重看了一次未删减版，评分未曾改变。依旧是那段不属于我们的青春，可我们同样也走过那么一段阳光灿烂的日子。即便曾经执着的傻子已把“欧巴”换成了“傻逼”，但那曾经的回忆依旧值得珍藏。★★★★,短评人:米粒,短评内容:啥都不说啊，经典啊。。。最爱的大陆片之一啊。宁静这身材才激发少男欲望啊！"
重庆森林,8.7,543368人评价,"短评人:米粒,短评内容:唉！装逼文艺青年必看，从台词到镜头，掉帧什么的，哎哟~~~骚！托尼梁制服诱惑受不了啊，原来那么多文艺青年的台词都是这里来的，连周星驰那句都是。。。。- - 那个时候的王菲（还叫王靖雯）和金城武都像虾饺一样白嫩可爱。音乐好听呀。,短评人:寂地,短评内容:最喜欢王菲一边开着水龙头一边说因为下雨没有办法交电费.还有那个 加洲梦的音乐.,短评人:乐安蓝,短评内容:最喜欢的一部王家卫片子。喜欢王菲的那种“我爱你与你无关”的单纯，喜欢她把唱碟机开到最大，摇头晃脑地听着mamas&papas的《california dreaming》的样子~~,短评人:穆玉修,短评内容:只有寂寞没有期限,短评人:一刀切,短评内容:对于失恋的人，看这片再合适不过。无数遍了，每年都会重看，历久弥新，总会在片里有新的细节可以发现。没想到这次是在失恋中。如果热爱重庆森林也需要一个期限，我希望是一万年。"
第六感,8.9,372317人评价,"短评人:Doublebitch,短评内容:爱竟然成了本片最大的悬念,短评人:影志,短评内容:他们无处不在，就像正常人一样到处行走，他们彼此看不到对方，只能看到他们想看到的东西。-“你想要什么？”-“我想要不再害怕……”,短评人:李九弟Jody,短评内容:四次情节升华：第一次是Cole帮助死去的小女孩如愿，代表与自己和解；第二次是Cole拔出石中剑，代表与同龄人和解；第三次是告诉妈妈真相，代表与家人和解，而妈妈也与自己的妈妈和解。第四次，也就是全篇最精彩的一笔，即Mike与妻子以及自己的和解。那些正常世界无法言语的，只能透过非正常的世界告知。,短评人:文泽尔,短评内容:最意外的结局，只有电影能够很好地表达。其中较恐怖的镜头大概是床下看到鬼娃...最悲的画面是布鲁斯威利斯发现自己背上都是血，原来是只看到了自己想看到的，在无意中反而帮助了那个有鬼眼的孩子。个人觉得比《小岛惊魂》要好，但是那是基德曼演的，也有加分了。算一个类型吧,短评人:Brasidas,短评内容:一开始看以为是心理片，看了一半失望的发现是老套的鬼片，看到最后惊奇的发现原来是鬼心理片，晕~~"
请以你的名字呼唤我,8.9,411765人评价,"短评人:-,短评内容:后劲太大，沉醉在电影的情感和视听氛围中无法自拔。雕像下的长镜头，午夜约会时的触碰，深夜教堂外和陌生人的尬舞。最终所有乌托邦似的美好都凝固在了80年代初那个夏天的意大利小镇，就像父亲说的那些炽热纯粹又隐秘的欲望和情感，以及用尽全力去探索、去爱、去失去、去心碎的那个自己，再也没有了。,短评人:同志亦凡人中文站,短评内容:细腻、唯美、慵懒，带着浮生若梦的气息。我们大多数要等到青年时才能将蒙昧的性觉醒付诸实践，而CMBYN呈现了同志电影绝无仅有的“少年时代”。这个叫Timothée Chalamet的男孩是世间最美的珍宝，他的一颦一笑、从脚趾到发梢都让人疯狂。请以你的名字呼唤我，因为在这一刻You're MINE,短评人:影志,短评内容:“我无法忍受沉默，而与你交谈恰是良药”两个人最好的状态是，你会啃我下手过的桃而我心里只有你将离别的悲伤，原来很早之前就在球场上暗示过喜欢你。“每开始一段新的感情，我们能给予的便越少，但为了让自己没有感觉而不去感觉，多么浪费…别让这些痛苦消失，也别丧失你感受到的快乐”2017最佳！,短评人:浅显,短评内容:1. 骚年，你上辈子积了多少德才能投胎在这样的家庭？2. 家里挂墨索里尼像的老太太二话不说就为过路的陌生人取水。3. 真是一部跨越性向的爱情片。4. 导演相当呆萌。5. 快点通读完古罗马史去呆梨! Laterrr.,短评人:Jario,短评内容:能等到它拍成电影 活着真好"
小森林 夏秋篇,9.0,276667人评价,"短评人:南笙,短评内容:那些静得只能听见呼吸的日子里，你明白孤独即生活。,短评人:豆丁,短评内容:吃货少女的自我修养，这种文艺腔调的东西看看就好，离农村的现实生活差距太大，真的要去农村干几天农活，我看没有几个能撑下来的。,短评人:榜上有名猫,短评内容:（桥本爱 × 村妹纸 × 天然呆 × 心独白 × 野食谱 × 闲生活 × 农家乐 + 万变云 + 清爽风 + 绿油油 + 湿淋淋 + 小动物）/ 无剧情 = 抗抑郁特效治愈片,短评人:黄青蕉,短评内容:桥本哥演出了吃货的本心，一边捧着小鸭子说好可爱下一秒就开始平心静气的磨刀嘴角含笑的杀鸭肢解，大写的帅。,短评人:朴不程,短评内容:世外桃源啊！单单一个人洗衣做饭在乡村过归隐生活，这浮躁如我，定是守不住，那寂寞空虚冷。不过这里的乡间，实在是太清新了！单单这一片绿色，就在心里变的十足清澈。还有这美食美景美女，一脸天然呆、内心白，悠闲自然的状态，还有农家乐、草木青，哎哟，真心是奢望啊！8.7"
哈利·波特与死亡圣器(下),8.8,496164人评价,"短评人:🍉,短评内容:电影的质量不重要了。每一个打五星的人，都是在谢幕前向自己过去的十年致敬。十年，足够让它长成你的血肉呼吸。Like never before. Like never again.,短评人:关节炎,短评内容:前戏了十年，终于高潮了。,短评人:愚人者,短评内容:不管爱与不爱都已到尽头，即使有以后又新的哈利波特电影，也已经是另外一个世界，与我们的哈利无关。五颗星是必须的，泪流满面。,短评人:澈黑,短评内容:哈利波特最好看一部！斯内普那一段，全场寂静一点声音都没有,短评人:一朵潛水云,短评内容:3.5★ 不談感情，這是我看完HP7.2的感受。如果你睡得朦朦朧朧的去看早場，也許會冷靜幾倍。HP7.2給我的感覺是結構很鬆散，簡略帶過、細節位少、3D失敗、配樂還算可以，有炫酷的特技、奈威和露娜的出場成亮點，說到笑位應該屬於最後成老爸、老媽那一段了。最後只能說：我們長大了，電影沒一起長大。"
消失的爱人,8.7,612246人评价,"短评人:朝阳区陆依萍,短评内容:相信我...其实，这就是马伊琍和文章的故事...,短评人:二千,短评内容:男：我们互相折磨，互相控制，这样有什么意义呢？
女：这就是婚姻。,短评人:Wilkins,短评内容:I love David Fincher! P.S.: 开始前，旁边坐在一群couples中的单身小哥无聊郁闷地喝咖啡；结束后，他幸灾乐祸地跟我说，Now every couple feels no good...,短评人:RKO,短评内容:人渣大战,短评人:kidpt,短评内容:最近看了太多不温不火的文艺片 芬奇叔一出手直接被震得回不到现实世界 原作者执笔很棒 跳切这么多叙事一点都不乱! 女主是一朵最高等级的白莲花! 人美心狠手辣 专注高层次人格扭曲数十年! 自打中段揭露是自导自演以后 我胃部搅动和后脑发麻的感觉就没停过啊! 层层转折后的结局那真是让人倒吸一口凉气!"
7号房的礼物,8.9,342204人评价,"短评人:桃桃林林,短评内容:又一颗韩式催泪弹，亲情总是泪点，让你无法躲开。影片套用的是《我是山姆》那样的人物关系，而在情节上则更有戏剧性。冤案加亲情的双重催泪保障。监狱里的温情更感人是因为，相比善人做好事，人们更喜欢浪子回头，恶人行善的故事。无论我们怎么吐槽韩式催泪片的套路，但是真的很有效，也确实很感人。,短评人:白发生,短评内容:电影本身还不错，但分数严重虚高。从外壳到内核依然是韩式煽情大餐不变的套路，然而有趣之处在于，尽管影片始终在讲述一个完全不切实际的故事，但其中很多地方却又让人感觉无比现实。,短评人:影志,短评内容:《我是山姆》的《美丽人生》,短评人:白白的小尾巴,短评内容:我发现我还真的听喜欢看韩国电影的，节奏快故事清晰，柳成龙真是太厉害了神演技，父女情把我虐得眼泪汪汪。特别是行刑前的那一段对不起真是把我虐死了！,短评人:桃竹女孩不服输,短评内容:从头哭到了尾 即使是很喜剧很温馨的地方也因为其沉重的故事而产生极大反差 更是戳泪点"
玛丽和马克思,8.9,320238人评价,"短评人:阿北,短评内容:伤心电影，好电影。结尾告诉我们，网友见面要早。,短评人:木卫二,短评内容:loser片。只是相比评价电影，现实中的人们会有如此多的宽容与同情？不可能嘛,短评人:披着人皮的鬼,短评内容:拍电影是不是和做爱一样 只有技术做不出感情,短评人:lxm,短评内容:在永恒的孤独之中，凡人皆有所寄托。,短评人:jumbu,短评内容:玛丽是场灾难湿漉漉的鸡味亨利八号把孩子放在啤酒瓶底马克思讨厌星期四健康的身体等同于健康的思想孩子是孵出来的我脸上不笑但不代表我脑里不笑绵羊会缩水吗如果出租车倒着开那么司机是不是该给我们钱呢为什么老头把裤子提得很高使世界青春焕发的魔力雪花膏"
红辣椒,9.0,258034人评价,"短评人:弗朗索瓦张。,短评内容:居然有不是很明显的gay支线。。。,短评人:Bigteeth,短评内容:相对于深远的梦境来说，科学可能不过是一堆垃圾而已。,短评人:A-sun*,短评内容:游行时的画面和音乐太赞了太赞了太赞了,短评人:晚安小姐,短评内容:梦的勾结，胖子也有爱情,短评人:王大根,短评内容:不行，那个胖子太恶心了……没法理解那个大大大大大大胖子也会被爱上的事情……"
爱在黎明破晓前,8.8,394436人评价,"短评人:大头绿豆,短评内容:两个人在试听间里听爱情歌曲的那一段，局促的空间里，想看对方，又有些矜持，目光刚一接触就赶紧离开，那么一段长长的时间，很好。餐厅里互打电话。对话总是很聪明。“很多人结婚的理由比这还少。”,短评人:王大根,短评内容:我觉得一个更可能的故事是：同一列火车上长相平庸的男女，也许真的能聊得非常非常投契，他们看过一样的书，喜欢同一部电影，讲的笑话能让对方哈哈大笑，甚至能理解彼此的某些小怪癖。但他们的面目是如此模糊啊，两个人的目光都没有在对方的身上停留过，下车的时候，大家也就这样擦过肩去了。,短评人:7酱™,短评内容:成就了男人的幻想：遇见一个陌生的美貌女人，靠魅力跟她上床。成就了女人的幻想：遇见了一个陌生的帅气男人，拉着他的手叨逼叨一整天。,短评人:susu/苏酱,短评内容:看了以后，发现爱情的无辜。发现感情的突然。,短评人:Plauto,短评内容:倆主角都太加分了！！黑胶碟店里那一幕真逗。。"
告白,8.7,519353人评价,"短评人:桃桃林林,短评内容:等本片有下载的时候一定会有不少恶评，与以往的中岛哲也完全不同，大量的特写与高速慢镜的运用，全片好似分段式MV，情节上各种意识流似的拼贴。导演视乎在还原一种心理动作。谈不上非常喜欢，但却仍想赞一下。,短评人:舒葵,短评内容:一个母亲的复仇，一个畸形的社会。|一星党，我看你们才是这各种装逼。,短评人:Dulcixote,短评内容:这片告诉我们，正太与萝莉都是斗不过御姐的……,短评人:TM,短评内容:一个打碎的瓶子粘合起来没有痕迹/
散发了的香气又钻回密封的瓶里/
撑开的伞合起来走失的人回到原地/
一场大雨往上逆向卷起云层大气/
旋转木马倒着旋转时针它走往童年方向/
我们回到无数个开始那些个年轻激烈的早上 ,短评人:rockets912,短评内容:好久没有看到过这么震撼的剧了，喜欢这部剧的导演，处理的非常好～～～"
一一,9.0,238855人评价,"短评人:萨嘎摩多熊猫桑,短评内容:从一个婚礼开始，到一个葬礼结束。 ,短评人:影志,短评内容:“自从电影发明以后，人类的生命就至少延长了三倍” “本来以为，我再活一次的话，也许会有什么不一样。结果还是差不多，没什么不同。只是突然觉得，再活一次的话，好像，真的没那个必要。” “你自己看不到，所以我拍给你看。” “没有一朵云，没有一棵树，是不美丽的。” “我觉得，我也老了…”,短评人:战国客,短评内容:杨德昌获嘎纳最佳导演奖的影片，近三个小时的影像细腻而漫长，其间没有大起大落，只是一直温和的诉说，可看这平淡的真实，却叫人沉重起来,短评人:王大根,短评内容:“电影发明以后，人类的生命至少比以前延长了三倍”，当我觉得自己已经看了两个小时，一拉进度条发现才过了三十几分钟的时候，我深刻地理解到了这句话,短评人:kingfish,短评内容:看似平淡无奇,其实蕴含深意"
小森林 冬春篇,9.0,243186人评价,"短评人:荞麦,短评内容:“她这么辛苦种田就是为了每天这么吃啊？”“对啊，人生不就是这样吗！”,短评人:匡匡,短评内容:完全抹去了互联网时代的痕迹，联络仅靠寥寥书信，甚至电视机的画面都不易见。人物们不玩手机不发短信、不上推特晒图朋友圈发吃，只自己默默耕种、收获、烹饪、享用。抱着电脑手机看了部片子就说日本农民很优雅？先别忙着叶公好龙、去浪漫化乡村生活。抱着审美心态，在任何地方都无法承受生活的真面目。,短评人:乱子,短评内容:故事的最后貌似告诉我们一个道理：宅在家里是找不到老公的。。（误）,短评人:张苑希,短评内容:四季更替，万物轮回，小森的美不仅仅是体现在美食上。人与自然，相互给予，相互奉献。食物、耕作、生活，循环往复，生生不息，最妙的奥义尽在这小森之中了。,短评人:Estelle,短评内容:感谢猪猪字幕组~这片子太治愈了，结尾很好，配乐也好听"
侧耳倾听,8.9,305409人评价,"短评人:昏金暗玉,短评内容:最动人的一幕出现在爷爷拿着月岛刚完成的稚嫩的小说，对她说：太棒了，真是太棒了。在才华刚刚起步的日子里，有一个人能完全诚挚地赞美，比什么都好，它不会令人骄傲，相反会让人更看清自己。,短评人:大头绿豆,短评内容:情窦初开的感脚，学生情怀的感脚，都异常生动。月岛雯的性格许多地方就像小白一样，我太喜欢了。肥猫很酷。配乐很好。,短评人:有心打扰,短评内容:我我...我，被两人青涩的爱情感动啦...在自己的生命里，会有那么一个激励自己想要走得快一点的人，为了能够赶上去，牵住他的手，不成为他的累赘，在背后支持着他，与他相爱，与她携手到老，实在是太美好了。,短评人:阿德,短评内容:阿雯：我还是下来吧  圣司：我没问题...我早就决定...要这样载着你翻山越岭...   阿雯：我不要变成你的包袱...我也早就想好了，要在背后支持你...  圣司：知道了，拜托你了——哥觉得这就是伟大的爱情！,短评人:蛇,短评内容:我们终于来到以前憧憬的年纪，却发现已经有人订婚、有人结婚、有人出国、有人生活顺利、有人坚持梦想、有人碌碌无为..就像是一个分水岭，毕业时的那个蓝天早已消失不见，那个和你在操场边说着要一起走到未来的人，也早就不知道去了哪里。看着窗外的天，突然就黑了，感觉像我们的青春，突然就没了。

"
大鱼,8.8,400481人评价,"短评人:病気君,短评内容:这个叫蒂姆·波顿的人，身体里住着大鱼爸爸(Big Fish)、剪刀手爱德华(Edward Scissorhand)、威利·旺卡(Willy Wonka)和疯帽子先生们的灵魂。,短评人:大头绿豆,短评内容:你会因此想念父亲,短评人:陈宥维的女朋友,短评内容:他只来过两次，第一次，他来早了 第二次 他来晚了,短评人:暖鱼,短评内容:感觉挺好，只是不大明白,短评人:江寒园,短评内容:出乎意料的感动。超五星。正如小波所说：“我呀，坚信每一个人看到的世界都不该是眼前的世界。眼前的世界无非是些吃喝拉撒睡，难道这就够了吗？”这不够，这远远不够。一个人只拥有此生此世是不够的,他还应该拥有诗意的世界、奇幻的世界、童话的世界、他自己的世界。"
阳光姐妹淘,8.8,435826人评价,"短评人:五摆五折,短评内容:再多各自牛逼的时光，也比不上一起傻逼的岁月。,短评人:詩優_shuu,短评内容:再多分开牛逼的岁月，也比不上一起傻逼的时光。这个电影必须要看。。。,短评人:沉歌,短评内容:“你好，未来的XX。我是高中生XX，很高兴见到你，你以后会成为……”，当梦想最终照进现实，高中生的我，也希望你不要太过失望。,短评人:Tiffany♥,短评内容:泪水和欢笑可以同时绽放。2011最爱韩国电影。无悔的青春就是和你们一起范2傻笑打闹。我们是永远的好朋友好姐妹。,短评人:阿咪老师AMI,短评内容:我以为那个最漂亮的姑娘长大以后会很惊艳什么的。"
蝙蝠侠：黑暗骑士崛起,8.7,487810人评价,"短评人:无殇,短评内容:超过TDK不敢说,但永垂影史是扛扛的.,短评人:斯齊佐飛力尼克,短评内容:失望到爆！反派为什么反的设定，最后反转的设定，最后拯救的设定，都是那么的普通乃至无趣，甚至连打斗都毫无新意，那些反派配角就是一个个等着轮流给蝙蝠侠打。诺兰导演水准没差，只是这次的编剧编得真的弱到爆炸!,短评人:Doublebitch,短评内容:疯，诺兰究竟把蝙蝠侠系列拍到了怎样一个高度啊，弥漫始终的黑暗感几乎将人吞没，我甚至觉得其它英雄电影可以不要再拍下去了，复仇者联盟二剧组也赶紧解散吧，即使你搞来一万个超级英雄乱斗，也不比高谭市大楼顶上熊熊燃烧着的巨型蝙蝠那般凄美孤傲。四年的等待值了。,短评人:艾小柯,短评内容:拍出了黑暗英雄的铁血丹心，但没能超越《黑暗骑士》。配乐超赞！,短评人:叉叉,短评内容:我绝逼无法忍受四十天的剧透所以果断去小破岛看掉了！OH MY GOD！Kneel before the Nolans！之前不看trailer采访TV花絮什么的果然是对的，不然惊喜都没了！I just can't find even one appropriate word to describe it. The epic ending of the Batman trilogy！！！这么一比较妇联..."
射雕英雄传之东成西就,8.7,445406人评价,"短评人:掀桌超人｜2U4U,短评内容:张学友让梁朝伟杀他那段，笑翻了,短评人:Connie,短评内容:这样的parody电影，如今已经不可得.......梁家辉叫人吐血那场唱段戏，竟是众人乐得不支之下张哥哥一手编词、导演的，10几年后我才知情......,短评人:BOSS米我要,短评内容:向90年代的香港喜剧片儿致敬!多少年后,他们仍是挂在嘴边最活络气氛的谈资!,短评人:宋阿慕,短评内容:当年看得我笑至浑身酥软的一部好电影.,短评人:tavico,短评内容:跟同学一起又看了一遍，最喜欢刘嘉玲"
唐伯虎点秋香,8.6,675820人评价,"短评人:趙小漁,短评内容:可以忽略秋香……,短评人:♣lùlu♣,短评内容:巩俐真难看,短评人:missfaye,短评内容:小时候看一次笑崩一次,短评人:世界尽头,短评内容:风华绝代的石榴姐，印象深刻。这种喜剧不适合巩皇，感觉变成花瓶了。,短评人:老鸡｜扶立,短评内容:就是搞笑"
超脱,8.9,307469人评价,"短评人:亵渎电影,短评内容:电影最后只留下冷漠与残酷，你根本无法从这一切中超脱，过去和现在，精神和肉体，理想和现实，教育和未来，与现实对抗相比选择冷漠并无视一切显然更简单。拿自暴自弃当成个性标榜，就像把自己搞得越叛逆越惨烈就比其他人更强大一样。这部电影的杀伤力太大了，没有给你一丝缓和情绪的机会！★★★★★,短评人:李卡,短评内容:当电影全部播放完时，影院灯光亮起，那一刻我甚至觉得这个坐着千人的场子里的空气是凝结着的，每个人都很小心地呼吸着，被那绝望深深所震撼。,短评人:LORENZO 洛伦佐,短评内容:每个人的内心都是一座孤岛，人的心有多深，深到让别人无法试探的地步？教育和生活其实一样，教育者既可以超然物外，也可以放下防备与被教育者心灵交互。讽刺的却是，超脱既可以赢来尊敬，也一样能扼杀心灵。Adrien Brody终于跳出了烂片的泥潭，用忧郁气质和演技，再次将人性的考量重重甩在了观众脸上。,短评人:小斑,短评内容:这部电影撩死了姐久违的厌世情绪（从值得褒奖的角度说的）。萝莉大叔之间的救赎之爱又很治愈，搞得姐要死不活（仍然是in good way）。个人风格非常强烈，影像形式非常自由，但信息传递得十分清晰。这很难得。姐真心觉得AB很帅的（好吧，我是马脸大叔爱好者），就是这长相注定演不了让人开心的电影,短评人:CharlesChou,短评内容:AB沉默多年，终于重新发威给出有超越《钢琴家》势头的影帝级表演。加上Tony Keye以擅长的纪录片手法给观众挖了一个美国教育灰色地带的大坑，题材不新但叙述角度和震撼力足够击穿经历过类似长短不一的时期的我们的心脏。"
倩女幽魂,8.7,479059人评价,"短评人:趙小漁,短评内容:這個聶小倩，爾等休想再超越！,短评人:辣辣的皮特,短评内容:宁采臣只是张国荣的。,短评人:missfaye,短评内容:小贤之眉宇，没有再漂亮的,短评人:之仔想要间隔年,短评内容:刚刚看完。电影一开始，旁边的一个女生就哭了。,短评人:伊豆,短评内容:看过哥哥扮演的宁采臣后，之后谁演，都觉得那不是宁采臣。"
甜蜜蜜,8.8,350760人评价,"短评人:小儿勾,短评内容:其实我是被米老鼠感动的,短评人:Megan,短评内容:你们看到了爱情，我看到了背叛。,短评人:郁殷,短评内容:曾经的香港电影多么令人激动与感动。,短评人:叶枕,短评内容:朋友说张曼玉又不好看，我说她在电影里优先级是最高的——任何影片里任何男神都会必定优先爱上她，即使她兔宝宝牙颧骨高耸又圆又短。每一次电影特写到她的脸上，快乐、悲伤、痛苦、期待都互相纠缠着从那张脸后面生长起来，这是最优先的电影语法。而如今的女演员有什么？假山根鼻子下巴浓妆和美瞳？,短评人:扭腰客,短评内容:米老鼠。。。泪奔"
驯龙高手,8.7,516424人评价,"短评人:THE M,短评内容:哇哇哇好看 那龙的原型绝对是一猫,短评人:Doublebitch,短评内容:“没牙”真可爱呀真可爱~,短评人:spencer,短评内容:酷酷的小龙外表下，是一只大型宠物犬的个性。,短评人:张小北,短评内容:自《阿凡达》之后最愉快的3D电影观影体验。,短评人:柴斯卡,短评内容:尽管对人与龙关系的描写未免逼格过低，但小嗝嗝和没牙间的互动着实非常挑逗，有着浓厚的情色意味，堪称是对反抗与驯服的银幕经典描述，美中不足的是小嗝嗝没能战胜直男的劣根性，把女朋友也带去骑龙，上演了一出小三上位的戏码，大大降低了后半段的观赏性，令人扼腕。"
萤火之森,8.9,324861人评价,"短评人:和也也也也也n,短评内容:妖怪有颜就是治愈片 妖怪没有颜就是恐怖片,短评人:一枝花奶糖子,短评内容:动画表现平平，算是很平庸的还原了原作，而且……好你妈的短！！,短评人:之弦,短评内容:一点都没失望( >﹏<。) 真是发自内心的喜欢又痛恨这个故事！,短评人:aluuuuuuuuuuuu,短评内容:“总有一天，时间会把你我拆散吧，可是，即便如此，在那个时间到来之前，我们一直在一起吧”,短评人:工口工口小黃門,短评内容:银发的狐面少年 夏日 花火 浴衣 隔着面具的那个吻 终于能够拥抱到你了阿金TAT 内山的声音好温柔 从开始就等着虐心的结局呜呜呜我又得内伤一天了 "
恐怖直播,8.8,422098人评价,"短评人:乌鸦火堂,短评内容:这种题材的电影有漏洞在所难免，但韩国电影能做到这一步值得称赞，几乎是一间房子中的故事，格局却相当大，节奏紧张，剧情张力太强，舆论、媒体与政治的黑洞令人反思，结尾比搏击俱乐部还激进，美国估计都不敢拍，但韩国敢拍能拍。河正宇的独角戏太强大，五星。,短评人:zhang 2nd,短评内容:河正宇的个人秀，他一个人撑起了这部低成本封闭空间，对媒体政客等各种讽刺黑出翔,短评人:内陆飞鱼,短评内容:今年最好的韩国电影出现了，《恐怖直播》恐怖直播，绝对五星。韩国人再次一人之力对抗政府，在几十平方的演播室内，闪展腾挪，河正宇一个人撑起一部戏，身临其境的现场感宛如911直播，悬念绷紧紧张到手心捏汗。韩国电影人用小成本好故事，再次告诉我们故事为王，其余是浮云，好莱坞快去买改编权吧！,短评人:普通狗,短评内容:放中国肯定是犯罪分子被感化自首了，不对，中国压根就没有恐怖袭击。,短评人:[已注销],短评内容:我已经把拿这个片和搏击俱乐部瞎比的人全都拉黑了"
菊次郎的夏天,8.8,342526人评价,"短评人:Zia,短评内容:充满爱的北野武 有点木讷总是低着头的小男孩正男 细节总是让人感动和莞尔 在久石让美好的配乐中最后才恍然大悟 原来他才是是菊次郎呀,短评人:你大立,短评内容:奇怪，明明夏天总会有能烧焦皮肤的太阳，讨人厌的蚊虫，闷热的空气。但只要有一阵风吹过来，夏天就是一年中最好的季节。,短评人:安东,短评内容:而我只看到了深深的孤独，两个孩子的孤独。,短评人:杜边生,短评内容:其实我叫菊花次郎,短评人:艾小柯,短评内容:过强的风格化有损叙事部分的流畅度，但反而造就出一种非常奇特的空白效应，与人物的怪诞乖张相得益彰。久石让的配乐为影片增色不少，是一部非常有趣而诚挚的作品。"
幸福终点站,8.8,364243人评价,"短评人:BOSS米我要,短评内容:能让你笑着感动的片儿。很励志。,短评人:冬贝与9-13刺青,短评内容:这片子和阿甘正传一样经典 人性的美丽啊,短评人:彪悍素人,短评内容:有点过于戏剧化了，像童话故事。夸张了些。男主角明摆着是被塑造成一个聪明的人，可是影片中感觉就像阿甘啊。傻B又不傻。大智若愚的夸张。为了一个承诺，故事很美，很激励人。PS:男女主角最终没有挣脱世俗在一起啊。电影名可以改为幸福等待吧,短评人:二月飞雪,短评内容:那个快餐店小伙的热情与多情、办理签证的女工作人员的一丝不苟、印度老清洁工的唠叨与古怪，都在影片设置的细节中展现了丰满的情节，给人留下很深的印象，皮尔伯格在电影中对塑造群体人物的功力还是显而易见的。,短评人:小鹿斑比,短评内容:hanks真棒。。。一個人在機場如何度過一年，還是爲了家人"
爱在日落黄昏时,8.8,337627人评价,"短评人:Zephyrance,短评内容:操！！泪流满面！！操！！！,短评人:susu/苏酱,短评内容:这个导演太牛了。我喜欢他们３个人一气写的台词。,短评人:陌聆,短评内容:这大概是最好的结局了 （剧本真不赖…,短评人:同志亦凡人中文站,短评内容:两人都经历了很多事，可心灵时间仿佛只是一个弹指。那已经不是虚无缥缈的年少浪漫了，而是在被社会分别抛光打磨、改头换面后依然一眼能认出对方来的长相知。日落比日出更让我喜欢，六星，可以吗？！,短评人:欢乐分裂,短评内容:2018年5月12日第三次重温。面容略憔悴的他们大谈政治经济以掩饰慌乱，说着无关紧要暗暗焦虑时间的流逝；可是车内的哭诉和家门前拥抱，还有那首歌，真的那么痛，那么无法抹去，“你”只不过已成为“爱”的抽象名词，终生和记忆捆绑。在语无伦次的的玩笑里，现实的冷峻逐渐渗透，眼神确认爱情的存在。"
超能陆战队,8.7,666115人评价,"短评人:影志,短评内容:故事不新鲜，但角色有新意。几处萌点和泪点全部来自大白，大白的陪伴，让人想起的不仅仅是：大熊身边的哆啦A梦、教授帕克的忠犬八公、坚守地球的WALL·E、邻家的多多龙、维克多的科学怪狗、小嗝嗝身边的无牙、库珀身边的机器人Case、山姆身边的Gerty、Wallace身边的Gromit...,短评人:岚枫十字,短评内容:迪士尼最新的Hyperion渲染器，渲染旧金山全景，几千个光源，无数的precedural shading...碉堡... 剧情的话Hero's journy，感情带动很好。动画感觉比Dragon2有看头~ 忘了说一句，记得看彩蛋~ Stan Lee的哏儿~,短评人:Sigmund Fraud,短评内容:三番和东京，动画和机器人，樱花和Caltech，我们的城市我们的大学我们的专业，这部片子对我的意义不一样，我真的惊。呆。了。对最近在想皮肤材质和场景建模和粒子特效的我也格外有教科书的意义。再见Monster Co，你现在排第二了！（DC在这个我所看过的最彩的彩蛋里被Marvel黑出翔~~~！！！！,短评人:方枪枪,短评内容:【大白，卖的一手好萌】一波三折，妙趣横生。悬疑和温情，搞笑与动作，即使拍成真人版也绝对是一部好题材和好故事。大白呆萌可爱一逗比，细节刻画真实有趣，放气如放屁，警察局撕扯胶带还有低电量时如同宿醉一样。最后，“I will always with you ！”绝对催泪。开年最佳动画！,短评人:艾小柯,短评内容:美国动画的一贯特色--强头弱尾，越到后面越无细节，只走套路。尽管如此，气球人依然是个相当出彩的新人物，是影片的最大（甚至唯一）亮点。旧金山的街景设置很逼真，各条路都令人熟悉而亲切。"
无人知晓,9.1,175310人评价,"短评人:暗中清醒,短评内容:我的平常生活就是他人的幸福,短评人:城南草木生,短评内容:艾小柯写的：两个十几岁的孩子，白衣服上沾了泥巴，迎着微曦的曙光，在空旷的早晨一语不发的从黑暗走向黎明，耳边响起的是《珍宝》的歌声：“姗姗来迟的春光，让人深吸一口气……我逐渐成长，没有人可以亲近……”——这段情节最美了 
,短评人:Mia,短评内容:意识到yuki已经死掉的那一刻，我一连说了十几个shit。难过却哭不出，像是被谁狠狠打懵了，完全不知该如何反应。,短评人:缅怀树,短评内容:年度压抑电影第一名,短评人:愛永,短评内容:明明有光，光裡卻有無盡的暗。無語卻哀傷，是結束那一刻最真實的感覺。"
借东西的小人阿莉埃蒂,8.8,362385人评价,"短评人:夏奈,短评内容:能赠予你的临别礼物，不过是一块小小的方糖。,短评人:Q。,短评内容:“你永远在我心中，我永远都不会忘记你。”这是一部难得一见的富含诗意和伤感的动画片。细节和人设很棒，赏心悦目；配乐尤其出色，但叙事太过苍白匆忙。最后的轻轻告别，两人往后都会有自己人生，走自己的路，但曾经那段美好依旧会沉淀为一辈子的记忆。★★★★,短评人:五色全味,短评内容:“我們要努力活下去！”但願你不要隨便放棄,短评人:Tiffany♥,短评内容:正好赶上跟朋友们say goodbye,各自回国的时期，哭的一塌糊涂。尤其是最后那句，“你是我心里的一部分”和“不要忘记我”，那么悲催。,短评人:更 夜,短评内容:还是那个最纯粹的宫崎骏。"
神偷奶爸,8.6,668719人评价,"短评人:猪大腿,短评内容:90/100。就冲着那个过山车你也得进一次电影院！小猫咪的睡前故事太萌了啊啊啊！！！,短评人:九尾黑猫,短评内容:这个动画片再次证明了，不怕讲老故事，只需要有颗不老的心。打动人的是里面的小情趣，小可爱，小孤独，坚硬外表下谁都渴望一颗被温暖的心。真的远比toy3得我的心。,短评人:番茄凊,短评内容:不行了不行了萌死我了>//////////<,短评人:貳號,短评内容:密集物恐惧症也不恐惧了 太可爱鸟！,短评人:梦龙胧,短评内容:看到短短胖胖的小药丸， 就觉得好可爱，戈玛幼稚又充满希望的成熟让我心生怜爱。
^_^"
怪兽电力公司,8.7,433270人评价,"短评人:薇羅尼卡,短评内容:不要以外表来判断一个人的心，宝贝，永远都不要。,短评人:一米道长,短评内容:kitty长得有点像姜文~,短评人:宇宙小姐,短评内容:很容易被错过的精彩故事，感动了被，狠狠的,短评人:伍德与夏洛蒂,短评内容:口碑巨好但我一直都特无感的一部。。。。。。可能是因为我特烦小孩吧。。。看到片子里那个孩子一直闹闹闹，我都快疯了。。。这里面最喜欢的就是布西密配的兰道~~~~~~~大眼怪也萌死了~不过放在2001年确实不错~~~,短评人:godzilla,短评内容:在怪兽的世界，有一家最大的电力公司，依靠吓唬甜睡的宝宝，取得孩子的惊叫声做成发电的能量。惊叹于他们天马行空的想像能力。"
风之谷,8.9,270979人评价,"短评人:恶猫的步调,短评内容:在此我们可以见到比卡丘的渊源，可以看到Spike飞船的渊源，可以看到虫师的渊源，也可以看到诸多动画人因此崛起的渊源。,短评人:陳七歲會快樂,短评内容:“火在一天之内把森林烧成灰烬，水和风却需要一百年以上的时间来造林。”环保题材的一部动漫，宫崎骏的作品值得看。,短评人:星尘战场,短评内容:宫崎骏最爱。动画片的圣经,短评人:-,短评内容:对于虫子恐惧症来说，这就是恐怖片。,短评人:赫捍森,短评内容:大师的第一部作品总是这样惊艳。虽然结尾有点俗而且女主太白莲花，但是最爱宫崎骏片子里勇敢坚强善良的女性形象，让现在的商业大片都感到羞愧。“反派”都是有自己信仰的立体的人，而不是为了坏而坏。真正作恶的还是人类自己。"
玩具总动员3,8.8,336513人评价,"短评人:荔枝超人,短评内容:闪耀着万丈光芒的又一动画杰作。每一处笑点都能轻易抓到，让我就像是回到了15年前，开心到得意忘形。最后一场戏动人程度堪比UP的""married life""!,短评人:郭朋克,短评内容:跨度十五年的欢乐与泪水,短评人:Q。,短评内容:它对于我已经不仅仅是一部电影那么简单，而是代表了对于童年时代的记忆与怀念，整个电影院从头到尾笑声不断，但我相信，更多人会被影片的后半段打动，相信看过前两部的人都会很感慨。★★★★☆,短评人:朱林昭,短评内容:最有爱的搞笑+最真挚的感情=完美,短评人:桃桃林林,短评内容:还记得你的那些玩伴么？"
完美的世界,9.1,163090人评价,"短评人:战国客,短评内容:标准的好莱坞煽情之作，坏人的好总是比好人的好来得更感人~~,短评人:裸踝,短评内容:他看见他，他带走他，就像带走童年的自己。他终于相信这个世界有鬼了，眼前这个开枪打伤他的小鬼就是童年自己的鬼魅。“再见，这是完美之旅。”再见，布奇。,短评人:豆腐脑敢死队,短评内容:斯德哥尔摩综合症-Phillip 'Buzz' Perry ,短评人:竹嬾,短评内容:喜欢凯文.科思特勒,短评人:abby,短评内容:我童年时期最刻骨铭心的电影,今天终于找到了"
血战钢锯岭,8.7,552885人评价,"短评人:咸菜帮老大,短评内容:以我有限的观影经验，优秀的战争片不会美化战场，不会粉饰死亡，不会矮化敌人，不会无视常识，最重要的，不会宣扬战争。这个片子基本都做到了。,短评人:失控的小跳蛋！,短评内容:队伍配置中奶妈的重要性,短评人:桃桃林林,短评内容:特别老派的热血直男片，甚至觉得叙事目的性强烈到有些直白。然而，就是好看。前半部分就是压制观众情绪，后面的战争就是帮主角和观者释放，去证明主角。战争场面太硬了，血腥可怕，看到紧张，如炼狱一般。我认同他的那些信仰？胡开尔啊！真正让人激动的，还是见证普通人创造的奇迹，因为这是真的。,短评人:davekozg,短评内容:看完觉得吹牛啊，结果片尾出现正主时震惊了，再一查历史，真实道哥居然比电影里还开挂，真死人堆里爬出来的。当下好莱坞难得一见的右派电影，梅尔吉布森甩掉了神神叨叨，拿出宗教信仰和残酷战场，战争场景真实血腥，令人发指的牛逼 #这战争场景要是3D高清估计得看吐了#,短评人:李小丢,短评内容:李安想告诉我们英雄是会软弱会迷茫的平凡人，梅尔吉布森告诉我们英雄都是神一样的人。但是这部片的好处是，同样是展现人的神化，它可比手撕鬼子的剧真实多了。大概是因为真正的神从来不觉得自己所做的一切常人难以企及，他只是谦卑地认为自己做的还不够。克制是最大的美德。"
上帝之城,8.9,221677人评价,"短评人:Bigteeth,短评内容:评论这部电影是可耻的,短评人:Q。,短评内容:“被上帝抛弃了的上帝之城”一个除了偷窃，强奸、走私、贩毒、杀人、抢劫无处不在的城市，因为这里无需偷窃，而犯罪的几乎都是未成年的孩子，这里是真正的地狱和人性泯灭的地方。高超的剪辑、丰富的剧情、合适的配乐组成一部十分优秀的影片，更加让人震撼的是这部影片是根据真实故事改编。★★★★★,短评人:RIVERSDIARY,短评内容:枪杆子里出政权《毛主席思想》,短评人:Mignon,短评内容:出色！奥斯卡总算做对了一件事！,短评人:文泽尔,短评内容:再凶残的成长和再迷茫的反思最后还不是一场警匪勾结得救之后却扑街了事。一切都是轮回，还是作为乱世摄影师的正当职业好啊。"
傲慢与偏见,8.6,509989人评价,"短评人:露娜peace,短评内容:最爱~~~伊丽莎白在大雾中看到渐渐清晰向自己走来的达西先生，我眼睛都湿润了……,短评人:kingfish,短评内容:拍得挺美的,拍名著只要不把它拍砸了就是胜利,短评人:TT,短评内容:那个傲慢的人在溢满雾气的晨曦中走来，用最卑微的姿态求你爱他，甚是美好,短评人:-,短评内容:这一版的每一刻都美得让我心醉。特别是片尾达西从田野的晨雾中向伊丽莎白走来的镜头~,短评人:𝑹𝒆𝒓,短评内容:特別喜歡 看很多次了"
时空恋旅人,8.7,367209人评价,"短评人:二道贩子,短评内容:可能是为了卖片，包装成穿越爱情故事，为此差点错过此片。谢谢贤妻的死拉硬拽。虽然中间说了几句这不合理，但真的很好，上了年纪的人，给我们上了一课，关于时间，关于人生，好像还关于电影，那个黑暗的小屋，何尝不可以是电影院。,短评人:彭萦,短评内容:你们有没有发现，所有的时空穿越的电影和书到了最后都在告诉我们，要living in the moment...最朴实庸常的时刻也是美好的,短评人:木卫二,短评内容:以为它是软科幻片，结果一开始的感觉，它是个喜剧片，紧接着你发现它是个爱情片，然后你发现它个伦理片，最终，你发现它是鸡汤片。不可否认，这鸡汤还是挺美味的。,短评人:办公室甜心,短评内容:选角美，配乐美，造型美，镜头美，剧情美，台词美，这样一部让人心情好的电影，我都快忘了爱情事件多美的事儿了，可电影不仅仅只描述了爱情，还有温馨的家人，给一百颗星都不够！Rachel这样可人的女孩，要遇到了我一定会去追 ❤,短评人:荔枝超人,短评内容:关于时空穿越的“技术流”问题不少，但是作为一部有笑有泪又有爱的心灵鸡汤片该做的也都基本表现到位，尤其泪点深得Eternal Sunshine of the Spotless Mind和The Curious Case of Benjamin Button之精髓。"
电锯惊魂,8.7,339427人评价,"短评人:毛,短评内容:可是跟电锯有毛线关系啊 明明是手动的,短评人:Ridden,短评内容:最后五分钟让我全身发抖！,短评人:菲小猫@熊仔王国国王,短评内容:这其实是个励志片好不好，杀手先生告诉俺们即使在生命的尽头还是能干成很多事情滴~,短评人:艾小柯,短评内容:悬疑多过恐怖，结局很出人意料，非常值得一看。,短评人:范小奚,短评内容:看第一部的时候着实被他的情节设计给惊讶到了。"
喜宴,8.9,229003人评价,"短评人:ryanking1219,短评内容:这片在20年前是多么得前卫出格阿！！,短评人:艾小柯,短评内容:作为导演，李安在《喜宴》中的表现还略嫌稚嫩，电影中粗糙的细节比比皆是，远不及《卧虎藏龙》之后的精雕细琢；但从内容与情节上来说，这部我感觉却是李安最精品的几部电影之一：放了很多心血心思上去啊，对文化差异的刻画准确犀利而生动活泼。这部电影李安作为编剧比作为导演更成功。,短评人:小M,短评内容:爸爸肯定也是gay的嘛，多明显啊~Simon是多么理想化的同性伴侣啊！金素梅太像叶童了~我喜欢李安这个系列的电影，很回味~还有赵文瑄实在是太帅了！噢，薛绍~,短评人:劳永逸,短评内容:父亲在片尾过安检的时候最终还是举起了双手。,短评人:玛奇朵,短评内容:所以说，结婚的时候一定要搞清楚伴郎和新郎的关系。微虐慎入。"
教父3,8.9,232001人评价,"短评人:Paco,短评内容:维多·柯里昂死于极乐，旁边是一个机灵的毛孩；麦克·柯里昂死于极悲，旁边是一只棕色的小狗。,短评人:艾小柯,短评内容:对政治的结露辛辣精确，对Michael的刻画终于成熟，影片氛围观感均保持一致，但韵味上留白欠缺。帕西诺的表演令人难忘。,短评人:郭连凯,短评内容:140 我发现我一看这种有人到末年情节的电影就控制不住自己的情绪，这部从Machiel中风开始我就止不住流泪，直到最后无声地倒下。我很幸运，整个教父系列都是首次在大银幕上看的，这是多少钱也买不来的经历。,短评人:熊猫宝宝爱电影,短评内容:除了艾尔帕西诺谁也演不了教父！,短评人:米粒,短评内容:牛逼人物的特质是枪都开不死。帕西诺。"
谍影重重3,8.8,295355人评价,"短评人:viennavirus,短评内容:车站和小镇两段，绝对的经典。,短评人:开府仪同三尸,短评内容:谍影重重三部曲，一部比一部好看，有“倒食甘蔗，渐入佳境”之感。难得。,短评人:roxanneX,短评内容:Matt各种有型,短评人:Q。,短评内容:作为经典系列的完结篇，依旧成功延续着这系列出色的风格。精练的对白、扎实可靠的表演、华丽的剪辑和原声。无论是过程还是结尾，始终扣人心弦★★★★☆,短评人:大时代.歌姬,短评内容:一夫当关万夫莫开。虽然有点神化，但伯恩真是这一行的大师啊~"
岁月神偷,8.7,439674人评价,"短评人:Doublebitch,短评内容:弟弟偷了能偷的一切给哥哥，可哥哥被偷走的却是生命。,短评人:艾小柯,短评内容:老演员表现非常精彩，新生代与小演员则一塌糊涂；布景与摄影都很粗糙；台词过分直白外露，细节安排不周到，刻意煽情；太情节缺乏深度，除了亲情尚有力度，其余都是苍白的怀旧。,短评人:昏金暗玉,短评内容:它讲述了一个前途光明的年轻人死于绝症的故事……煽情处是编剧精准计算的，但小孩子的演绎天然发挥让煽情真实好多。黄金一样的色调和过去情怀，其实不需要死亡也可以表现出岁月流逝的伤感和来日可追的信心。,短评人:木卫二,短评内容:哥哥倒下到弟弟接力的精英回首，父亲的道别和母亲的无奈，隔一层玻璃观看的热带鱼和上世纪60年代的深水埗,短评人:あおい,短评内容:全放映室的大叔大哥都在抹眼泪，更别说女生了，这电影点了香港人的泪穴"
英雄本色,8.7,334150人评价,"短评人:Lan~die,短评内容:警匪片里难得的作者电影。“你没有欠什么，我从来不会逼朋友去做不想做的事，我有我自己的原则，我不想一辈子被人踩在脚下，你以为我是臭要饭的，我等了三年，就是要等一个机会，我要争一口气，不是想证明我了不起；我是要告诉人家，我失去的东西一定要拿回来！”
“我警告你，不要用枪指着我的头！”,短评人:斯齊佐飛力尼克,短评内容:“杰仔，你冇错到，我地大家行嘅路唔同，你行嘅路系啱架，以前我行错咗，宜家行翻啱，都唔算太迟。”这句真感动。如果把兄弟情都看成基情，这真的挺可悲的。,短评人:Antigravitism,短评内容:有几个镜头里，龙哥会发光,短评人:H,短评内容:小时候还看不懂这片的情怀和意义 只看枪战精彩程度 更爱第二部 如今长大 回头看 浓浓的江湖兄弟情 讲义气 在那个年代盛行 如今 这世道变了~ ,短评人:mecca,短评内容:早年录像厅模糊印象 夜里被和某人重温了下 大叹原来当年主流片也这么恶心啊！ 张国荣还略显稚嫩 当然这也和面具化的人设不无关系 和十三少 风月 阿飞还远不能相提并论。兄弟情义的问题么，这叫人心慌，这叫人心慌。一向不怎么待见吴宇森的，“我已经倒霉了好多年”令人笑场。"
七武士,9.2,127045人评价,"短评人:托尼·王大拿,短评内容:我只能用”高山仰止”四字来形容我对黑泽天皇这部旷世杰作的仰慕之情；纷繁庞杂却又条理清晰的史诗，严苛而精准的镜头和构图，七个武士和若干农民的性格都被描绘得入木三分， “休憩”后的大决战无比恢弘，叹为观止。,短评人:鸳鸯,短评内容:赢的是那些农民，不是我们。,短评人:沉歌,短评内容:完成度之高啊！三个半小时下来连个低潮都没有，后来的《影武者》、《乱》都比不过这部。每个人物性格都非常鲜明，志村乔仿佛一灯大师，三船敏郎似韦小宝，久葬是独孤求败，胜四郎像段誉……唯一的问题是志村乔剃完头怎么这么像张丰毅呀？！,短评人:有心打扰,短评内容:农民寻贤求武士；武士精心部署之；部署完备等山贼；双方对战各损失；是赢是败难界定；农民欣喜武士伤。长叹息以掩涕兮，哀民生之多艰，以哀其农民之拙劣的本性——懦弱、猜疑、自私、松散、缺乏主见、固守成规；然而，哀而不怪，历史索然，形势所趋，只能寄望于未来，农民阶层可以雄起！,短评人:阿树,短评内容:劇本的言外之意在結尾已經很明顯。農民獲勝就無視武士的付出。他們既可以殺害落魄武士搶奪他們的物品，也可以把弱小當作自己的武器吸引落魄武士的同情，利用他們保護自己，所以菊千代說農民是自私醜陋的。但武士終究貫徹自己的道義為民守城，這是寫給武士的讚歌，但也是武士的悲歌。結尾的對白太心酸"
被解救的姜戈,8.7,418152人评价,"短评人:cao,短评内容:本片很好的说明了什么叫做“躺枪”,短评人:Doublebitch,短评内容:昆丁稍微一用心，就足以窃笑着俯瞰众生。我觉得他最牛逼的一点是可以让所有大牌演员在他的电影里集体迷失自我，并被注入昆式狡黠腔调。当然，这种腔调不仅仅是表现在角色身上，配乐、运镜和台词通通昆丁范儿，乖、贱、粗暴、不可复制。Who's the nigger? D-j-a-n-g-o,D不发音。,短评人:Kreuzberg,短评内容:故事核心其实老土得很，就是男的历尽千辛万苦去救他心爱的人。但是故事人物设定实在太棒，花165分钟在这部电影上是绝对不会后悔。,短评人:zephyrus,短评内容:感觉比《无耻混蛋》都要好看啊！,短评人:陆支羽,短评内容:4.5。1.痞子昆就是这样，见你犯困了，他就来场重口味强心剂，于是，你又屁颠颠精神百倍。2.头套突袭那场笑喷了，炸平糖果庄园后的示爱也超浪漫。3.遗憾，姜戈痞气不足，沉默期与着魔期的跨度可以更夸张些。4.配乐及部分诗意输出不如[无耻混蛋]讲究，但台词更见功力了。5.同以解放黑奴，与[林肯]暗合。"
功夫,8.5,617049人评价,"短评人:Bono,短评内容:超级耐看和严重被低估的电影，看十来遍了越看越好看，我想100年后还是有很多人爱看它。,短评人:芥末小馒头,短评内容:不要说烂，其实很卡通很cult,短评人:bobobolao,短评内容:星爷21世纪最好的电影，甚至比之前的一些电影都好，我起码看过5遍我会乱说？那些经典台词都倒背如流了,短评人:papi,短评内容:个人认为这是星爷作为导演拍的最好的一部片子。,短评人:大江,短评内容:不知道为什么这部电影的评分这么低"
疯狂原始人,8.7,593335人评价,"短评人:玖萬,短评内容:绚丽的3D效果+随机乱入的萌物+搞笑亲情大套路+点睛式的人生说教，人见人爱的作品，想象力和娱乐性爆棚；但捧为神作有些过了，它既没有Pixar经典作品的原创性和灵动感，也缺少梦工厂传统大作的独特个性和贱趣味！,短评人:等一个人,短评内容:看的时候莫名的期待结局是一场空...,短评人:齊一旸,短评内容:全程萌翻  小树懒 ""Da da daaaaaaaaa"" 激萌！,短评人:阿德,短评内容:基本上每分钟都是笑点，笑惨了好吗！绝对是今年大银幕上最搞笑的电影，且很可能没有之一！3D效果也超赞，色彩绚丽程度不亚于《里约大冒险》。我估计带我三岁儿子一起看，也会乐得屁巅屁巅，因为实在太老少皆宜了，这就是好莱坞动画的魅力。,短评人:jj73浅之,短评内容:全程都在大笑无尿点，已经预定下届奥斯卡最佳动画一个提名了"
哪吒闹海,9.1,162993人评价,"短评人:丁一,短评内容:~~想你时你在闹海~~,短评人:冰山的阴影,短评内容:蒋勋在孤独六讲里写哪吒，他说，我记得年少时，读到哪吒把肉身还给父母，变成幽魂，最后找了与父母不相干的东西作为肉体的寄托，隐约感觉到那是当时的我最想做的背叛，我不希望有血缘，血缘是我巨大的负担和束缚。父母是我们最大的原罪，是一辈子还不了的亏欠，就是欠他骨肉，欠他血脉，所以当小说描述到哪吒削骨还父，割肉还母时，会给读者带来那么大的震撼。可是，这个角色在过去饱受争议，大家不敢讨论他，因为在百善孝为先的前...,短评人:沉歌,短评内容:没想到长大后重看居然这么震撼，尤其是销骨割肉的场面。,短评人:恶魔奶爸Sam,短评内容:《哪吒闹海》还是有非常不常见的地方，那便是清清楚楚告诉我们：父亲是可以杀的。,短评人:咱说,短评内容:形式上没能超越《大闹天宫》，却带上了过重的政治隐喻。还是该轻松点儿好。"
天书奇谭,9.2,130404人评价,"短评人:润物,短评内容:这是中国动画中的又一部里程碑似的、绝对顶级的、足以彪炳史册的伟大作品，从故事情节的编排到人物造型与性格的设计再到动画技术的运用都堪称无以伦比，它虽然没有《大闹天宫》《哪吒闹海》在国际上那么知名，但我相信不少人还是会在自己心中将其列为中国动画的第一，因为《天书奇谭》绝对有这个实力。,短评人:离香,短评内容:可以打10星,短评人:同志亦凡人中文站,短评内容:普罗米修斯,短评人:徐若风,短评内容:中国动画的巅峰。,短评人:阿厨厨,短评内容:虐片。师父死的时候老子哭得肝肠寸断"
心迷宫,8.7,330113人评价,"短评人:阿茶,短评内容:国产犯罪片越来越好。「烈日灼心」力道够了，然剧本硬伤太重。「心迷宫」的剧本真是惊喜。如此群戏能这样流畅地自圆，已实属不易；时间线打散却又让观众能轻易缕清而不显杂乱无章，确是匠心别具地精巧。开场即惊艳；结尾父子对峙戏太棒。当然，为过审加上的那行字幕让人出戏，不过相信以后会更好。,短评人:亵渎电影,短评内容:如果你认同电影就是好好讲故事，那这部电影在讲故事的层面上非常出色，故结构编排，细节铺垫，剪辑与主题都打磨的足够精致，这些方面甚至可以说没什么瑕疵，虽然它的结构也不新鲜，但这年头能遇到这种带着脑子的导演处女作简直就是一种幸运，但愿忻钰坤不会立马下海拍什么卖IP的商业大片。★★★☆,短评人:谋杀游戏机,短评内容:FIRST首部，威尼斯影评人周，锋芒毕露。类低俗小说结构常见，本片运用到本土化题材上，不止讲了个结构花哨的故事，还反映了农村现实问题（劳动力流失等）。导演混过片场，编剧、剪辑都过硬，毫无拖泥带水，细节精打细磨。全职业演员群像出彩，成本200万处女作，相当不错了。导演是诺兰科恩奉俊昊粉,短评人:时间之葬,短评内容:平顶山版科恩兄弟，作为处女作，看到了新一代年轻人的追求,短评人:九只苍蝇撞墙,短评内容:挺惊艳。有点感觉是下一个“宁浩”诞生了，但比宁浩更有电影意识。开头一个镜头带四个不同人物关系出场，挺拽。演员尤其是女演员选的到位，和角色特别匹配。最关键的是我几乎从头笑到尾。在这个中国商业电影如同屎一般的年代里，这么精巧聪明又大智若愚的片子像金子一样珍贵。力挺！"
真爱至上,8.6,501586人评价,"短评人:大头绿豆,短评内容:1、每当我对世局倍感忧虑时，就会想到希思罗机场的入境闸口。人们认为世界充满仇恨与贪婪，但我却不同意。在我看来爱无处不在，虽然未必来的轰轰烈烈，但是爱永远存在。父子，母女，夫妻，男朋友，女朋友，老朋友，当飞机撞上世贸大厦时，临终打出的电话，谈的不是报复，而都是爱。如果你肯留意，你会发现爱其实无处不在。love actually is all around.,短评人:大灰狼,短评内容:至少能干掉几十部《全城热恋》吧,短评人:影志,短评内容:“这是我一天当中最喜欢的时光，载着你；这是我一天中最痛苦的时候，离开你…” 圣诞节必备佳片。,短评人:Chris Tang,短评内容:我不明白,如果导演早就决定给个皆大欢喜的结局,为什么又不给得彻底点呢?,短评人:蒜 | BOY A✎,短评内容:这才是真正意义上的“全明星贺岁片”，哪怕人家整了十段故事，都觉得是诚意十足洋溢着温暖和幸福的，可以相信如果是在当年英国影院里看一定会是从头笑到尾。各种爱，各种欢乐，各种感动，圣诞节必看！2010.2.26真爱全在你我的生活中。"
萤火虫之墓,8.7,307730人评价,"短评人:张天师,短评内容:又精致又催人泪下。可是二战时期的日本一点也不值得让人那么同情,短评人:露娜peace,短评内容:我发誓我再不敢看第二遍,短评人:大头绿豆,短评内容:“我们做错了什么？”这话应该由日本人说么，即使是平民？妹妹的神态、动作、配音都绝了。,短评人:大兒童,短评内容:日本人博取同情的功利 是中国的N倍。,短评人:崇子,短评内容:不敢看第二遍的片子，小妹妹把弹珠当糖的那段，实在让我寒透了心，悲伤的都绝望了~"
三块广告牌,8.7,579697人评价,"短评人:Claudia,短评内容:當你完全站在喪女心痛的母親這邊時，你才發現她也可以是一個加害者；當你以為警長就是如廣告牌說的懦弱無用，你才發現他也正在自己的生命旅程面對死亡；當你以為種族歧視的白癡警察已經沒救了，又發現他竟因為一封信而完全改變。沒有誰是絕對正義，沒有誰是絕對邪惡，奉愛之名，可以善也可能是惡。,短评人:豆瓣唯一机器人,短评内容:胖牙医十分可疑,短评人:谢飞导演,短评内容:老套的寻凶复仇故事讲述得如此生动，编剧值一颗星；情节似层层剥笋，露出的是七八个清晰、独特、复杂的人物，两个星给予出色的女主演及男配角；将视觉场面、音乐服化等手段与叙事有节奏的、完整地掌控融合起来，应是导演获得的一颗星；结尾高明的情节逆转和开放式，为这部电影赢得了最后一颗星。满分！,短评人:大島,短评内容:我的情绪和观点在这100分钟里面不停地翻转和颠覆,短评人:胤祥,短评内容:#Venice2017# 影后已出。真是教科书一般的好剧本，破了不少套路，人物塑造十分生动。再加上导演控制力很强，不乏幽默感，也有不错的社会观察。对仇恨与愤怒的探讨颇有与当下社会状况的契合点。"
纵横四海,8.8,271635人评价,"短评人:战国客,短评内容:香港浪漫主义警匪动作片的巅峰之作！那段发哥和红姑的轮椅舞堪称香港电影史上的经典镜头~~,短评人:Lan~die,短评内容:有新武侠的潇洒。        “其实爱一个人并不是要跟她一辈子的。我喜欢花，难道你摘下来让我闻；我喜欢风，难道你让风停下来；我喜欢云，难道你就让云罩着我；我喜欢海，难道我就去跳海？”,短评人:伊卡洛斯,短评内容:你们都知道我的性格，我喜欢西逛逛，东逛逛，我喜欢流浪，其实爱一个人并不是要跟她一辈子的，我喜欢花， 难道我摘下来你让我闻闻，我喜欢风，难道你让风停下来，我喜欢云，难道你就让云罩着我，我喜欢海，难道我去跳海？,短评人:迈子,短评内容:发哥在轮椅上和红姑共舞，忘不了啊……,短评人:鸿音,短评内容:因为去过巴黎，就更能感到张国荣站在塞纳河上吹风然后潇洒远去的风流，那种气质真是让人倾倒。发哥很多表演细节很风骚，太搞笑了。红姑还是那么美，绝代风华。"
我是山姆,8.9,197893人评价,"短评人:高冷的鸡蛋仔,短评内容:智障人给所谓的精明人上了一课，让他们明白什么才是生活中最重要的东西。,短评人:草威,短评内容:幸亏没让汤姆汉克斯来演。,短评人:薇羅尼卡,短评内容:好片子，西恩·潘不得不赞！,短评人:陈宥维的女朋友,短评内容:人与人的爱，不是被任何一个条件所限制的 而是出于本能。,短评人:大奇特(Grinch),短评内容:雨人版的克莱默夫妇，编剧对山姆的角色塑造并不成功，山姆成了一个行为上有缺陷的正常人，他的处事和思维看起来其实挺正常。西恩.潘对角色的演绎是完美的，范宁的表现也非常成熟。部分剪辑和镜头感有点晕。但是还是打动了我"
达拉斯买家俱乐部,8.8,308649人评价,"短评人:匡匡,短评内容:男主、男配演技都破表了。上次见马修.麦康纳还是<林肯律师>里那个拉轰的帅叔，又屌又骚包，这部就眼窝眍䁖、腮帮塌陷、瘦到脱形的战艾斗士了。最诗意，是万千黄蝶绕身飞舞那一幕，如幻似真。对有些人来说，活着就是紧紧攥住意志力的缰绳，制服那头蹦跶公牛，尽量不从牛背颠下，能待多久，就待多久。,短评人:同志亦凡人中文站,短评内容:用最轻松的态度拍出了最沉重的题材，完全不加煽情的感染人心。男演员们演技都大发了，今年Jared Leto不拿最佳男配我特么就撕逼！！！！,短评人:艾小柯,短评内容:一流的表演，除口音尚可辨识，麦康纳已经完全成为了剧中人，Leto的表现也非常惊人，值得敬佩。平凡人在不平凡的状态下做出了超凡的选择，一个混混到民权斗士的转变之路，人终于超越了疾病。,短评人:米粒,短评内容:“药贩子的故事”只是个吸引人的题材，其实这部电影和去年的《瘟疫求生指南》一样，描绘了80年代的美国，多数治疗艾滋病的药品还未合法的时候，病人的生存状态，尤其是，LGBT群体的状态（还是用一个非常直的直男的故事来说的）。电影的开头非常好（后面再主次分明点就更好了），演员们非常勇敢。,短评人:九只苍蝇撞墙,短评内容:三个主要演员都超好。我甚至觉得变形异装癖Rayon演的更出色。詹妮弗·加纳也超好看在这片里。能把一个本来沉重的故事拍的苦中作乐既有重量又举重若轻，导演和演员都展现了很高的才华。让-马克·瓦雷把一个美国南方的故事拍出了魁北克电影的味道，不容易。"
东邪西毒,8.6,415552人评价,"短评人:影志,短评内容:“当你爱的人离你而去，你唯一能做的，就是不让自己忘记。” “如果有一天我忍不住问你，你一定要骗我。就算你心里多不情愿，也不要告诉我你最爱的人不是我。”,短评人:暖鱼,短评内容:090331美嘉——这样的片子还是不适合在电影院看——人多的时候看这样的电影，就是一个旁观者。,短评人:狮子人,短评内容:风继续吹 哥哥继续型,短评人:24伪学术女壮士,短评内容:真不知道是王家卫完整了文青的矫情，还是文青的矫情毁了王家卫。,短评人:凌睿,短评内容:张国荣、林青霞、梁朝伟、张学友、张曼玉、刘嘉玲、梁家辉……再加上王家卫，这阵容无敌了。"
爆裂鼓手,8.7,377880人评价,"短评人:荞麦,短评内容:清晰果断。……另外这部电影真是不错的试金石，看看短评就知道了。只从中看到痛苦，而看不到痛苦之中挟裹着快乐的人，大概从没认真追求过什么。,短评人:陆支羽,短评内容:4.5。1.极速黑暗励志，不偏执不疯狂永远难成大师。2.节奏太燃，入戏太疯，逼功一流，捏着把汗直到落定最后一个鼓点。3.每场演奏都仿佛冒着伟大的硝烟，令我对弗莱彻背后的神秘暗流充满好奇心。4.爵士酒吧夜谈戏：英语里再没有哪两个字比“不错”更害人的了。5.少壮不努力，长大玩摇滚，哈哈哈哈！,短评人:亵渎电影,短评内容:J.k.西蒙斯应该能拿下男配！这片子的节奏感实在太棒了，爵士乐和剪辑简直融为一体了，还有西蒙斯机关枪版恶毒的台词，脏字就像鼓点一样密集且激烈，几场打鼓的重头戏在镜头上都是细碎古怪，靠剪辑重新赋予整体戏一气呵成且不断加速的节奏，可惜整部电影还是碎的，否则就真成大卫·芬奇了。★★★★,短评人:柏林苍穹下,短评内容:他得到了世界，他失去了灵魂。,短评人:SingLesinger,短评内容:看完许久心跳还在加速，并觉得绳命的心跳从此都会加速下去。Simmons脸上的皱纹变化比鲜血四溅还有戏。各方面都水准极高的处女座（导演真是nice到爆，聊天聊的老开心，祝福前途满满<3"
记忆碎片,8.6,422641人评价,"短评人:高源,短评内容:那个不到半秒的画面。。。另外请问一下楼上那个“短”评是怎么做到的！！？,短评人:袁牧,短评内容:神奇的剪辑让故事内容呈现出了光怪陆离的多种路径，在记忆的初期，只需要烧掉两张照片，多加一个注脚，命运就会像一俩失去了刹车的悍马一样在历史的胡同里横冲直撞，莱纳在片刻清醒时的自问自答讨论存在感，需要多看几遍才理解,短评人:苏比,短评内容:如果还没看过，那么现在最该做的是千万别看任何有关的评论，立刻飞奔到影碟店，买张带导演评论的D版，然后开始失忆之旅。,短评人:xiaomiao,短评内容:说句不客气的话，这里的诺兰和盗梦空间中的诺兰对剧情的掌控差了无数条街。,短评人:暖鱼,短评内容:在六月五日的前一天特意看这部电影的，想了解一个没有记忆的组织，是如何确认自我的，在开头的时候还真以为没有记忆也是能确认自我的，然随着电影延伸，最终仍旧证明一个没有记忆的组织是没有自我的。一个没有自我的组织，在这世界做什么呢？复仇，杀人？"
荒蛮故事,8.8,277352人评价,"短评人:匡匡,短评内容:年度撕逼大戏，颁奖季最好也最好看的外语片之一。丛林心态下，所有的人都是animal，所有的故事都是蛮荒故事。精彩翻转，虽癫狂，细思却并不意外，生活实际的样子，远比这荒谬得多。某种意义上，<消失的爱人>是喜剧，<蛮荒故事>却是悲剧。因为前者是刻意的虚无，后者是真实残酷的白描。,短评人:姜纪存,短评内容:客机坠毁背后有何惊天秘密？厨娘为何对顾客起了杀机？荒郊野外两车爆炸烧焦尸体怎会纠缠一起？爆破工程师炸毁拖车公司是有预谋还是耍脾气？顶包案背后是何种金钱利益？新郎新娘婚礼现场反目成仇与神秘女子又有何关系？请收看人间自保指南：《别刻薄 别冲动 别装逼 别较真 别贪婪 别约炮》,短评人:朴不程,短评内容:人生的大喜大悲实在是太TM刺激了。8.7,短评人:谋杀游戏机,短评内容:主竞赛黑马，阿根廷天注定，看过的都叫好。六个因仇生暴的小故事，每个都张力十足，戛纳巴赞厅里大笑不断。除了天注定，还有拉美版无人区、全民目击等等，差不多的故事，明显人家拍得更劲道。经典配乐、独特角度的运镜也很风格化。不知评委之一的贾樟柯看了作何感想？,短评人:木卫二,短评内容:碎片化的形式，有点像之前罗马尼亚一堆人鼓捣的《黄金时代的故事》，只不过这边是一个人拍的。观感挺不错，但说“经典”，还远远称不上。即便有的碎片很完整很精彩，像公路恶斗。也有作到死的相爱相杀，文青们的最爱。可是，终究缺乏一个形式上的统一，并且太容易分出高下。"
贫民窟的百万富翁,8.6,547888人评价,"短评人:掉线,短评内容:【B+】本片又名《阿三屌丝的逆袭之开心辞典背后的故事：论如何炮灰掉自己的兄弟虏获黑穷美》不觉得是最弱奥斯卡，剧情，叙事结构，剪辑都很棒，配乐更是大赞。对比人家节目一弄就是两千万，咱就送个液晶电视马尔代夫双人游啥的，抠死了。,短评人:艾小柯,短评内容:一歌到底，谁解我心,短评人:Q。,短评内容:钱、女人，印度的一个社会剖面。 ★★★★,短评人:橘猫爱吃鱼,短评内容:在这样一个现实社会之中，杰玛赢走的不仅仅只是金钱！而是生活在水生火热的底层社会中的每一个民众试图改变自身命运的梦想。,短评人:苹果派甜,短评内容:严格意义上说这并不是一部真正的印度电影，印度只是个背景而已，西方人眼中的印度。"
头号玩家,8.7,967691人评价,"短评人:凌睿,短评内容:请不要在彩蛋期间插播电影！（普通导演是在电影期间插播广告，二逼导演是在广告期间插播电影，文艺导演是在电影期间插播彩蛋，牛逼导演是在彩蛋期间插播电影） 层出不穷的惊喜和反转，无处不在的彩蛋和致敬。这是导演送给影迷的最好礼物，也是他写给电影的一封情书。片尾无彩蛋，因为电影本身就是彩蛋,短评人:杨欢喜Metiche,短评内容:全场喊牛逼！没啥是斯皮尔伯格做不到的了，在一个商业片中把所有的特效情怀和爱结合得完整而彻底，让影迷乐迷游戏迷接二连三地高潮，即使都不是也能看得花枝乱颤，这样应该算是完美了吧。而最后也竟然默默抹了把眼泪…Reality is the only thing that is real.,短评人:桃桃林林,短评内容:9。我爱这部电影，就好像我的梦想是能进入马丁·斯科塞斯的《出租车司机》，看罗伯特德尼罗枪杀嫖客和鸡头，营救朱迪·福斯特。所以，我爱这部电影。,短评人:谢飞导演,短评内容:     大开眼界！对我这个只玩过斗地主的电脑游戏盲来说，《头号玩家》的内容确是匪夷所思。年轻观众欢呼雀跃的无数“彩蛋”我常常无从辨识，一头雾水，但是观影体验仍然痛快、满足。比我小四岁的老导演斯皮尔伯格，如此旺盛的艺术想象力和娴熟才华，让人佩服不已。后半部渐显落套，也无可苛求。,短评人:时间之葬,短评内容:老男孩斯皮尔伯格或许借此片宣告了未来电影的走向，电影不再是用来看的，而是用来玩的"
黑天鹅,8.6,613103人评价,"短评人:Lou Lou,短评内容:那一颗星星是被吓掉的,短评人:Q。,短评内容:“我感受到了，感到了……完美。”一段用走火入魔来成就的完美，亦真亦假、亦实亦幻。影片从始至终都弥漫着黑暗的色调，很惊悚，很压抑，无论配乐还是摄影都极其吸引观众。娜塔莉·波特曼颠覆以往，奉献了一场精彩的演出。★★★★★,短评人:Doublebitch,短评内容:其实没想象中精彩，精神分裂的表现力度不太够，手法也比较陈旧，差出fight club几个档次，大半夜的愣是没让我有一丁点紧张或局促的感官反应。反倒是配乐和Natalie的精彩表演收服了我，整部电影在交响乐的烘托下活像一出慷慨悲壮的天鹅舞剧，Natalie美翻了,短评人:城南草木生,短评内容:好看到呛着人，波特曼就是一直被过于标致的容貌给拖累的公主，这是要飞起来了，看到干巴成那样五官依然标致的前公主薇诺娜赖德又出来跑龙套好心酸,短评人:不流ᝰ雾岛夜随,短评内容:娜塔莉·波特曼的演技啊！达伦·阿罗诺夫斯基的黑暗啊！"
人生果实,9.5,77743人评价,"短评人:秀二,短评内容:“老头子 之后的事我会努力活下去 放心吧 那个 你等我 等我生命到尽头变成骨灰的时候 我们一起周游南太平洋 等我到那个时候 说好了哦 一个人会很寂寞 但要好好的等着我 我很期待再见到你 我会好好活下去的”,短评人:小薛,短评内容:爱其实很小，它可以穿过针眼。,短评人:欢乐分裂,短评内容:现实版的《小森林》，脚踏实地的烟火日子，相濡以沫的长情陪伴，从土地收获果实，一座自给自足的庭院，无言与子偕老，坐看云卷云舒，喜闻鸟鸣雨声，简直是终极人生理想了；人生苦短，什么事都要尽力去做好，不让遗憾留身后，那么即使死亡来临，也是异常平静平和，活得越久越通透。,短评人:舒行,短评内容:非常朴实，美丽，有让人不畏惧衰老的力量。不仅是晚年生活榜样，对于年轻人的生活也是人生榜样。生活技能也是考量人生是否完满的标准之一。有一位百般武艺的建筑家伴侣是多么重要啊，当然，能有一位把家变成生活百宝箱的妻子也很厉害，即使到了八十多岁，还得勤换桌布，会做料理烤蛋糕，还会耕作……,短评人:空空,短评内容:这样活着，才会越老越觉得人生美丽。修一先生睡梦中逝去，是喜丧，又是高寿，而且死在妻子前面，夫人再也不用担心自己先死的话丈夫怎么办了。夫妻俩那么大年纪，却那么灵活，也没糊涂，丝毫没有暮气霭霭的感觉，真难得。老太太说女生一定不能没有笑容，除了睡觉时候不能躺着，真是让我惭愧。"
花样年华,8.6,386585人评价,"短评人:办公室甜心,短评内容:张曼玉最致命的武器便是她的各种旗袍。,短评人:Yancey,短评内容:深夜，雨巷，慢镜头；暧昧，寡欢，语还休。与君淡如水，千杯亦不醉。,短评人:沉歌,短评内容:这些年来我一直想问你，如果有多一张船票，你会不会跟他走？,短评人:劳永逸,短评内容:一对处处隐忍憋炮的男女，一场原本毫无压力的换妻，一段彼此错过的爱情，一张留在电话声里的船票。再也回不去的时代，再也晾不干的记忆。空余怀念过去的情绪，积满灰尘的玻璃。,短评人:亂馬2/1,短评内容:【從明天開始我不能再見你了。】【真的麼？】【是。】於是蘇麗珍伏在周慕雲的肩頭從未有過的傷心。"
你的名字。,8.4,922402人评价,"短评人:库索,短评内容:这一次要给新海诚打200分，在我鄙视他不过只是纯情小清新的10年前，没料到有朝一日会在电影院里哭到断气。恍惚看到了穿越时空少女时期的细田守。为所有的少女心和中二病鼓掌，青春不死就能相遇，就能拯救地球。现在我抹着眼泪走出影厅，看到后排的少年摘下眼镜，嚎啕大哭起来。。。,短评人:空気嫁,短评内容:错过和努力才是爱和青春的墓志铭,短评人:同志亦凡人中文站,短评内容:新海诚终于会讲一个复杂故事了，真不容易啊！当年那部搔首弄姿、无病呻吟的“言叶之庭”差点让我转成终身黑，“君之名”却轰出了我睽违已久的少女心。彗星降临的末世情怀，穿越时空的灵之绳结，只有7秒钟记忆的鱼...星空、爱情以及所有遇见都是注定。,短评人:哪吒男,短评内容:你我相逢在黑夜的空中，你有你的我有我的方向，你记得也好，最好你忘掉，在这交会时互放的光亮。,短评人:koukou.VS.靠靠,短评内容:可以给8颗星吗？跟看完预告片想象的剧情完全不一样好吗？！必须超级安利的片子。除了神木弟弟，上白石妹妹的声音也好好哦。
难得看到late show满席的片子了。预计票房会超级好。
"
卢旺达饭店,8.9,194137人评价,"短评人:米米无,短评内容:我们看了那些屠杀的镜头 然后继续吃大餐,短评人:蜜蜂,短评内容:我不再抱怨我生在中国，我不再抱怨我生在80年代。只希望人类自毁灭亡的那天能来得再晚些。任何敢凌驾于生命之上的东西都是狗屎。,短评人:Q。,短评内容:电影没有什么花哨精巧的剪辑，有的只是质朴之中最撼动人心的真实。一个真实的故事一个真正的人间炼狱。当世界遗忘他们，国家陷入疯狂的时候，一个比辛德勒更加艰辛的男人在一个人人力求自保的环境下敞开了他的双臂。记住他的名字——保罗·卢斯萨巴基纳。★★★★☆,短评人:Lan~die,短评内容:一部会让我们灵魂受到强烈震颤的电影。通过饭店经理保罗在大屠杀中的经历，来纪念和反思人性中永恒的东西。虽然没有对大屠杀全景式的再现，却用深刻的心理描画使得观众的心灵受到同等的冲击。电影并非单纯的赞扬保罗，而是深沉的纪念普通人在灭绝人性的灾难中散发出的光辉，不仅仅是保罗。电影成功的做到了不忘记历史的目的.但这十年里，发生在非洲大陆上的、视生命如草芥的屠杀，从来便没有停歇过--谁又将见证，新的苦难与创伤...,短评人:润物,短评内容:这种历史不应该被遗忘，在欧洲人用辛特勒名单纪念犹太屠杀的时候，非洲也同样有卢旺达饭店记录着感人的大救援。没有惨烈的屠杀与交火镜头，然而带给人的感动是那么真实，那种真实的生的欲望与善的本性。男主角在这部电影中的表演非常精湛，完全投入，彻底地让人记住了这样一位英雄。至于里面杀人工具砍刀来自中国的场景，也只有对于中国制造的一种无奈。"
釜山行,8.5,742315人评价,"短评人:安东,短评内容:明知山有釜，偏向釜山行。听名字像福建人拍的。,短评人:同志亦凡人中文站,短评内容:妈呀韩国这丧尸片一来就全民皆丧而且个个跑得飞快！套路齐全、概念明确的商业电影，有阴谋有人性有牺牲，最后剩谁一目了然。看别人都从好莱坞毕业了我们还在比妖塔盗墓谁更烂，我心塞...,短评人:饮歌,短评内容:丧尸再也不是西方的专利了！韩国影人再一次向世人证明了他们非凡的叙事能力和精巧的借鉴本事。没有好莱坞式拯救人类的大英雄主义，多了的是人性的反思与情感的刻画。无论怎么看，这部电影都是亚洲影界的头一遭，五星鼓励！,短评人:暹罗copen,短评内容:同在亞洲，差距好大，越看越沮喪。,短评人:Reduex,短评内容:气死我了，你们为什么不等天黑再出来?为什么?!?!?!"
忠犬八公物语,9.2,122656人评价,"短评人:混凝土小次蛙,短评内容:看過才感受到美國版跟日本版的極大區別，除去整個情緒上的控制度，看過日本版才能理解為什麼阿八會用牠的餘生去等待主人，因為教授實在太愛牠了啊！教授對牠的那種愛和呵護是美國版完全沒有表現出來的，如果先看美國版會認為這是一隻神犬，跟主人之間的情感是冥冥中的，但日本版告訴我愛絕對是相互的。,短评人:乐在其中,短评内容:阿八，为何要等一个永不回来的人呢？？

,短评人:影志,短评内容:“为什么要等一个永远不会来的人了？” 比美版更平实、简单，没有煽情和太戏剧化的情节，但美版先入为主，还是更喜欢美版。,短评人:罗四夕,短评内容:美国版的更偏童话一点，日版更贴近事实,短评人:天然呆,短评内容:因为也喜欢小狗狗，所以这部电影让我很感动，爱与责任，一旦选择，终身负责"
头脑特工队,8.7,397443人评价,"短评人:桃桃林林,短评内容:好看，想不到一个动画片竟然看得我老泪纵横，从头到尾多处泪点。并不是说有多悲，而是从心底的感动。它会唤起你诸多的回忆，那些亲情与爱，难忘（或已经忘记的）回忆瞬间，一切都是这么真实又细腻，又是在这么一个充满想象力的故事基础上呈现。最终仍是成长与告别。真是服气。,短评人:光影迷失,短评内容:不怕货比货，就怕片比片。皮克斯再一次证明了动画片是可以给所有年龄段看的。以为皮克斯被迪斯尼收购后，它的想象力和创造力就再也回不去了，看来这次我被狠狠的打了一记耳光。脑洞无限大，有创意有逻辑，有欢笑有温情，所有都拿捏的恰到好处，被这样的动画片感动到流泪，一点都不丢脸。👼🏻,短评人:鼓鼓,短评内容:为嘛我觉得不怎么好看，有点无聊,短评人:跳核桃！,短评内容:愿我们都不用长大 每一座城堡都能永远存在,短评人:钾碳铀氟,短评内容:这部探索“脑洞”的动画新意十足，重回最高水准的皮克斯用它成熟而独特的叙事节奏牵引观众的内心，成长道路上的阵痛与迷茫最终迸发"
雨人,8.7,298026人评价,"短评人:孔小洞,短评内容:我可不可以把它看成一部公路片，某种程度。,短评人:Alkis_Tangelis,短评内容:生活在自己的世界里，也可以让周围的人显得可笑和渺小。赞。另外达斯丁霍夫曼演的太赞。,短评人:Cherry,短评内容:演技派与偶像派的完美结合，感人,短评人:走马,短评内容:任性是缺点，坚持任性就是自闭症，我不过是病的稍微重一点儿而已，就已经很难被世界容忍了,短评人:熊猫宝宝爱电影,短评内容:这部片子真是经典！即使过去了三十年，现在看来仍觉得不过时，对自闭症患者的了解，以及少数患者具有的特殊能力都有了一定了解。但是最打动人的还是兄弟手足之情。"
模仿游戏,8.7,411828人评价,"短评人:同志亦凡人中文站,短评内容:他给机器起名“克里斯托弗”，因为这是他初恋的名字；他同意接受化学阉割，因为这样政府才不会把它带走：这大概是今年大银幕上最含蓄和悲伤的一段同性恋情了。全世界的恐同者都该知道，他们用来敲出每个仇恨字眼的电脑在很多年前曾有一个名字——“克里斯托弗”。,短评人:对方正在输入.,短评内容:看完之后才理解为什么学校的数学楼叫alan turing building，为什么工程学院的咖啡馆叫enigma cafe,短评人:napleo,短评内容:我现在看我家电脑眼神满含深情，别问我为啥,短评人:隐身的少女若,短评内容:1最佳soul mate是去掉性吸引力 你仍是完美伴侣  2唯一爱你的方式，是建造一部解决人类所有问题的机器，冠以你名。 卷福又上升了一个新高度，演绎淋漓尽致  结巴天才四星半,短评人:不良生,短评内容:最后她去看望他，拥抱他。他孤独地站在那一排为之奉献一生并恩泽全人类的庞大机器面前说，I’m not alone，never have been。然后伸手抚摸那些柔软的冰冷。它是他的恋人。而谁记得，孤独的孩子，你是造物的恩宠。"
黑客帝国3：矩阵革命,8.7,278927人评价,"短评人:Mr.5,短评内容:见过太多的才子，才发现都是膜拜的傻子。
到底有多少的电影有你的影子。,短评人:Q。,短评内容:相对于第一部与第二部，这次的完结篇动作场面和特技场面大幅增加。以表达“和平”为战争的主要目的，并且还有几条感情分支为辅助，以大规模机器人作战和最终一战都堪称完美，也让这个经典的科幻作品画上了完美的休止符。★★★★,短评人:苏多多,短评内容:看完之后觉得没看懂于是看别人的剧评，感觉自己好像懂了，但是再看一遍又发现好像有解释不通的地方，于是又找搜索剧评，如此循环往复，还是觉得似懂非懂的一部电影。算了还是欣赏帅帅的基努里维斯就好啦,短评人:Country Mile,短评内容:第三部主题升华了，华丽丽的锡安大决战,短评人:大耳朵_,短评内容:以前科幻看得少，不太能理解，现在再捋一捋剧情发现简直是神作！ 可惜了这俩导演后来再没拍过有点口碑的片子了"
一个叫欧维的男人决定去死,8.8,242260人评价,"短评人:宇小敏,短评内容:气哼哼的人要是爱起这个世界来，真是一把鼻涕一把泪啊。,短评人:BLUE,短评内容:越多白痴的声音议论她，我对她仅存的回忆就越少。,短评人:饱肚师叔,短评内容:笑了哭哭了笑。人老了真的很容易变得“讨人嫌”：我奶奶八十多岁有一次不小心滑倒骨折，之后她每天都在说，我为什么还不死，活着简直就在给大家添麻烦。那时候我回去看她，被她念得头疼。现在她九十好几，以为我还只有十五六岁，她好像记不太清年月，但有时候我又觉得，她其实什么都清楚。,短评人:华盛顿樱桃树,短评内容:命运的残酷给了他最坚硬倔强的保护色，其实内心却又无尽的暖意和柔软。跌宕的一生谈何容易，情感令人泪目。我一直觉得平稳踏实以情动人，是好电影的标准之一。,短评人:凌睿,短评内容:你身边每一个不讲道理的大爷，都可能是一个有故事的男人，他曾经拥有一段浪漫的爱情故事。"
你看起来好像很好吃,8.9,235120人评价,"短评人:影志,短评内容:“感情不分草食肉食” 豆瓣评分加分法则：小清新加分，成长加分，治愈加分，卖萌加分，卖腐加分，又是日本的，加分，还是动画，再加分，这么七加八加就加成了一部豆瓣8.9分电影。★★★☆,短评人:扌,短评内容:这个故事告诉我们霸王龙也是可以过肩摔的！！！！！！（小甲龙的声音怎么可以这么萌T▽T（话说这片是天然腐啊兄弟爱父子情敌友CP啥的,短评人:牙3牙,短评内容:童年时彩色的果子和森林，迷路时被莫名其妙的青色包围，可以开心吃肉的平原是一片金黄，小甲龙的盔甲粉橙搭配得真奇怪，面对父亲的时刻不知为啥周围变得灰暗，遇见情人日子天空澄净如许，和妈妈告别时下着白茫茫的雪……嗯，感谢妈妈你让我来到这个七彩斑斓的世界。,短评人:peggie,短评内容:无论你去往何方，不管何时何地，我都会永远永远的爱着你。,短评人:张天翼,短评内容:从听到山口声音的一刻，就完全代入犬夜叉了。长颈龙们跺脚迎敌，然后全体晕掉——赵大叔说什么来着：你跺你也晕"
无敌破坏王,8.7,361360人评价,"短评人:影志,短评内容:突破的迪士尼，有回忆却无情怀，有佳句无佳章，设定、创意不错，但讲述方式一路下滑。开篇惊喜以为会是游戏世界的《超人特工队》/《超级大坏蛋》+《怪兽电力公司》，没想看完感觉是动画版的《极速赛车手》…无个性，满满都是其他动画片的影子。 “如果那个孩子喜欢我，我还能坏到哪里去呢？”,短评人:毛豆豆,短评内容:OMG 在学校看的试映 一定要正式上映的时候再去看一次！！！ 从头到尾满满的都是彩蛋啊啊啊！！！  看到那么多游戏人物都聚在一起就觉得好有爱！！！ 啊各种好有爱！！！ 有机会一定列个Reference的列表出来 UUDDLRLRBA,短评人:桃桃林林,短评内容:如别人说的，确实有点皮克斯乱入迪士尼的意思。靠回忆赚分数的电影。像素游戏、街机回忆，尤其是“上上下下左右左右BA”这种，让我这种长泡游戏厅的人实在无法防御。故事简单有趣还带些温馨感动。角色也可爱，特别是那个小女孩，又萌又坏，萨拉·丝沃曼的配音也棒。今年在影院看过的最喜欢的一部动画。,短评人:一零,短评内容:蛮赞的哦！当然还是有故事上的不足，但会因为突然地搞笑部分而不会太在意故事。特别喜欢这个‘世界’的处理。比我想象中的好多了。适合80后90后？连我这个不是玩很多游戏的基本上都懂啦所以也无所谓。看完后……牙齿有点疼就是了，不喜欢过分甜和可爱东西的人不一定适宜~,短评人:小V,短评内容:一个反派从自我否定到自我认可、从被别人轻视到被别人需要的叛逆冒险之旅。但其实画面、配乐、字幕已经足够让感官享受很久了。中途睡着后再醒过来也一样可以看哭，又破涕而笑。"
未麻的部屋,8.9,176675人评价,"短评人:托尼·王大拿,短评内容:达伦，你到底从今敏那里偷了多少灵感，这和《黑天鹅》的设定有很多相似之处啊！镜子的割裂，心理暗示，散碎的剪辑，真他妈牛逼。,短评人:如花就是小妖,短评内容:好的剧本就是就算你猜到了结局也猜不到全部,短评人:易老邪,短评内容:片子结尾将一切坐实为留美所为不能不说有丝遗憾，其实我个人更赞赏影片60多分钟时的那个剧情构思和说法，即，之前所发生的一切只是一个名叫高仓阳子的平凡女子的人格分裂，把自己幻想为偶像歌女雾越未麻，把自己不堪回首的遭遇幻想成在演戏，藉此得以解脱。,短评人:Doublebitch,短评内容:这绝逼不是给小孩子看的动画,短评人:JOJOORC/Z,短评内容:边看边起鸡皮疙瘩，但看到结尾为什么觉得很励志……电影海报是神作"
恋恋笔记本,8.5,448305人评价,"短评人:BOSS米我要,短评内容:1.先入为主是王道。2.等人不要等過7年。,短评人:林||我们谈什么都像谈死！,短评内容:看的时候泪流满面,不是为它,而是为自己.一想到自己有可能余生都陷在对你的这种情感里面,我就不住的流泪.,短评人:pinking。墨白,短评内容:为了那一池子的天鹅 ,短评人:曾良君,短评内容:不是，我没有懂，他们为什么爱得死去活来。,短评人:Tofu,短评内容:所以, Ryan Gosling你那么多年没换过内裤是吗?"
冰川时代,8.6,435982人评价,"短评人:深海的心,短评内容:非常温暖，非常感动。我们一起去南方，不离不弃。,短评人:影志,短评内容:成年后再次接触动画片的最初几部，当年刚上大一，跟《怪物史瑞克》一样刷新了我们整个宿舍的眼界，动画片可以这样精彩和不分年龄。,短评人:X,短评内容:啊啊啊，我能为那只松鼠打十分！！！,短评人:美好时光只为你,短评内容:哈哈，那只贱贱的松鼠实在是太令人想搓拉几下啦。,短评人:齐木楠雄,短评内容:非常搞笑，脑洞很大，松鼠太逗了"
哈利·波特与阿兹卡班的囚徒,8.6,356304人评价,"短评人:sukida,短评内容:整套哈利波特。我最爱这一部。最爱的场景是。哈利對赫敏說。你知道嗎。小天狼星剛才給我說叫我搬去和他一起住。這樣我就不用和德克思一家住了。或許我們可以住到鄉下去。那種可以看見天空的地方。我想他在經歷這麼多后會喜歡鄉下的。後來看到小天狼星死的時候。我特別的覺得絕望。 很多的時候我們覺得鄧布利多是最保護哈利。......

,短评人:流空破刃,短评内容:比前两作进步多了，hp系列电影第一次走出了平铺直叙。并且居然还有了点儿dark的风格。,短评人:A-sun*,短评内容:节奏总算快了一点了...早该换导演了,短评人:木西muxi,短评内容:哪头森林里跑出来得发光得鹿！,短评人:独行侠杀手阿何,短评内容:风格诡异，赏心悦目，最魔幻的一部HP！片尾的活点地图效果更是棒得无法弹，整部的摄影效果也超级绝美，大导Alfonso Cuarón，感谢您！！！！！❤[2004年9月初看的]"
海边的曼彻斯特,8.6,338059人评价,"短评人:11km,短评内容:那些劝我们向前看的朋友，“不是所有人都可以和过去和解”,短评人:CharlesChou,短评内容:葬礼进行的时候，他听着宝宝的哭声，与那个试图安抚婴儿的男人共享着眼底羞为人察觉的一丝焦虑。他想伸手接过孩子，用他或许尚未消散的那种魔力让宝宝平静下来，又旋即意识到自己不能，也没有理由去为旁人阻止这种连锁的消耗。他累了也尽力了，相信所有人都是一样。,短评人:-,短评内容:又名《回忆杀》。有遗憾和失望，二刷后感觉对角色的好感甚于电影，卡西的角色写得演得太饱满了，让我对这个角色产生了依恋感。,短评人:牧风,短评内容:如今的影评人动辄靠骂“中产阶级”来博人眼球，只要喊“中产阶级”去死就有SB点赞，这我忍了，可是！人家一水管工也要被讲成是中产阶级，实在替凯西咽不下这口气！看电影只看到“阶级地位”、“政治目的”，人电影没你想的这么黑暗！而且我天C也已有25%的人是中产阶级了， 各位中产请不要自己打脸！,短评人:王大根,短评内容:人生的伤口，二十五岁之前怪父母，二十五岁之后怪社会，最惨就是巨大伤口摊开在那里，腐臭流脓永不愈合，然而，无人可怪"
海街日记,8.8,260495人评价,"短评人:LeungChanXXX,短评内容:是枝裕和依旧干净细腻的日常化风格。仲夏，烟火，梅子酒，沙丁鱼，贴窗花的推拉门，四人的暖炉桌，樱花汇成的隧道，火车经过的小镇，梅雨时节走过的阶梯，沙滩上的脚印，最后所有温柔隽永的情感都堆积成随着海风轻轻拍打过来的海浪。真想也这样过好自己的生活。,短评人:桃桃林林,短评内容:简单、干净、温暖、治愈，海边的风与阳光，又一部是枝裕和亲情剧。难得的大牌云集，虽然在导演最近几部作品里，算平庸的，却也足够感人与回味，何况，还有一群养眼的妹子,短评人:伍德与夏洛蒂,短评内容:是枝裕和永远我的菜啊，暖暖慢慢的，有点悲伤有点小高潮却不会改变太多，摄影台词配乐节奏都扎实的要命，没见过写异母姐妹写的这么棒的，夏帆的咖喱，MA酱的长腿啤酒，奶遥的情妇轮回与母性逆转，当然还有小妹，那个最像成人的人，看得人数次落泪。#戛纳电影节#,短评人:陆支羽,短评内容:5.0。1.一部让人想努力活着的电影。2.六月的镰仓满是海街的水汽，才回新宿便开始万分想念，也终于有幸在东京看了场是枝的电影，我想，那样的美好恐怕以后都很难再有。电影里并没有紫阳花大片盛放的空镜，但四姐妹的和服烟花戏真的好美，我想，那是一个梦一样的乌托邦才对。,短评人:文森特九六,短评内容:平庸？！远了的先不说，就是和被捧上天的上一部《如父如子》比，这部也明明更有味道，根本舍不得它结束。年度十佳"
二十二,8.7,202753人评价,"短评人:草乙,短评内容:可能成为这些老人最后的影像了。不谈技术，这部纪录片本身的意义值得五星。,短评人:在你身体里冲刺,短评内容:那些说导演不行故事没讲好给低分的人是有多懂？这电影不是让你看技术，也不是在给你讲故事，这是赤裸裸的历史。这历史只陈述就足够震撼和深刻，还给你来个铺垫高潮跌宕起伏是怎么着？历史的伤痛和这部电影记录的那群人的伤痛你够什么资格给评分，这时候就别摆什么高姿态了，装给谁看。,短评人:影志,短评内容:一生的苦难都过来了，到最后也只有一座卑微的坟头。2017观影最佳。,短评人:栞,短评内容:她们越笑我越难过 她们不是慰安妇 是被称之为慰安妇的受害者,短评人:ΑΛΗΘΕΙΑ,短评内容:我不认为影片的哪一帧是浪费的。愤怒是一个点动的情绪，没有人能持续愤怒70年，最终一切的情绪都要归于生活，归于平淡的一分一秒。被迫成为“慰安妇”，愤怒过后沉淀下来的是什么。我很欣赏郭柯的镜头语言，因为那才是生活。太多的事都太难，而她们很美。《阿里郎》很美，知足很美，友好很美。谢谢。"
虎口脱险,8.9,161507人评价,"短评人:考拉,短评内容:虽然不合理，但能够娱乐。,短评人:蓝色啄木鸟,短评内容:很喜欢的一部法式幽默喜剧片，里面有很多梗，“鸳鸯茶""""鸳鸯茶""。重温仍然让人捧腹不止，也很怀念上译的配音！,短评人:二十二岛主,短评内容:法国喜剧展。终于在大银幕上领略了这部经典喜剧的风采，其实称得上是战争意淫剧的始祖，只不过咱们中国的《举起手来》学的太低劣，人家很高级罢了。里面的剧情bug很多，但是笑点设计的很高级，过去几十年仍能给人们带来欢乐，这就是经典喜剧的魅力。菲耐斯真的是喜剧天才，他的名字值得被更多人记住,短评人:斑斑点点,短评内容:经典喜剧，看过很多遍，鸳鸯茶鸳鸯茶，哈哈,短评人:影志,短评内容:“胜利属于我们” 没想到60年代就能产出如此纯粹的喜剧。"
新世界,8.8,210604人评价,"短评人:木卫二,短评内容:哈哈，延边刀客，中国黑客,短评人:程广宇,短评内容:md，太好看了，害怕她一点点演完。虽然一开始就猜到了结局，但是拍的真带感啊，尤其是戏骨黄的车库突围戏，那叫一个悲壮。棒子又一次感动了我，好电影,短评人:恶魔奶爸Sam,短评内容:最后还是华侨统一了南棒黑社会，中国人最狠啊。。。,短评人:记不住密码,短评内容:为了最后的回忆杀多给一颗星……,短评人:souvent,短评内容:《丽水爱情故事》。"
房间,8.8,269964人评价,"短评人:亵渎电影,短评内容:小男孩才是真正的主角，故事站在受害者的视角上，讲心理自救，母亲努力让儿子和同龄的孩子一样，故事选择了一个非常有趣的切入点，环境改变到内心改变，一切都以小男孩的情绪展开，很有难度，所幸小男孩的演技是奥斯卡级别的，剧本是模式化的类型片写法，前一个小时非常完美，拍的工工整整。★★★★,短评人:帕拉,短评内容:用孩子视觉掩盖一个冰冷世界，第二次走出“房间”说byebye才真正的走出了房间。“我是个坏妈妈”“但你是妈妈”。世界险恶，但还是很美好的。故事不煽，依然感动。,短评人:Pirouette,短评内容:女警察询问那段。。热血沸腾,短评人:davekozg,短评内容:终于明白为什么纵然逆天如卡罗尔里面的女王大人，今年影后的赔率还是不如 Brie Larson了，演得真好。虽然后半段节奏有瑕疵，但故事说得挺完整 #向过去告别才能拥抱新生活的开始，否则就永远是个阴影#,短评人:偏时差,短评内容:小孩完爆小李子"
雨中曲,9.0,141506人评价,"短评人:老阿飞—故园,短评内容:经典到无话可说,短评人:芦哲峰,短评内容:无声电影向有声电影过渡时期，着实废了一批无声电影明星，一部分是因为嗓音，一部分是因为表演，无声电影演员的表演，效果夸张，类似戏剧，而在有声电影里，这种浮夸的表演显得十分的刻意和做作；这部雨中曲，一直都是影史的经典，搁在今天来看，也只剩下精彩的歌舞了。,短评人:[已注销],短评内容:太美好了，美好的歌舞时代。,短评人:流空破刃,短评内容:几乎是最早的一批使用彩色胶片而非后期染色但又能有良好质感的彩色片。所谓的歌舞片之王，也……就那样了。,短评人:掉线,短评内容:【A】出乎意料的超精彩，作为一部1952年的电影娱乐性居然超越了大部分现代电影，在火车上笑喷了好几次，后世多少歌舞片和喜剧片是参考了它，当之无愧的经典。"
哈利·波特与密室,8.6,375169人评价,"短评人:Nakedself,短评内容:再没有什么比一封吼叫信更叫人晕菜了！,短评人:友邻广播,短评内容:snape越看越可爱。这部好多梗哈哈。,短评人:王大根,短评内容:相比于小说中哈利很干净利落地干掉了大蛇，电影里这一场仗可干得很长。,短评人:差一楼的小学生,短评内容:3星半，比哈1加半星，我最不满意就是电影根本都没把要讲的事情讲清楚。如果时间不够的话，变身高尔那对胖子不知道有什么必要描述那么详细，完全是主次不分。金妮的事情根本就没有讲，完全是最后一句话交待，太无语了。,短评人:木由,短评内容:重温有个好处，就是能发现很多从前没注意到的小细节。例如金妮见到哈利一声尖叫，例如弱鸡的罗恩二话不说掏出魔法棒攻击对赫敏出言不逊的马尔福，例如哭泣的桃金娘的回忆。坏处就是以现在的眼光看总觉得伏地魔输得憋屈，最后的决斗也打得像过家家。"
恐怖游轮,8.5,537302人评价,"短评人:天狼星,短评内容:我看过的最好的悬疑片，为了严谨，加上之一。。。
一个循环的世界，西西弗斯的世界。。。
看完给人以警醒，我们总是在说，如果给我再来一次的机会，我一定会怎么怎么样，但是真的是这样么，电影给了我们一个很好的答案。。。
最后再说一句，看懂了这部电影的人，会毫不犹豫的给5星。。。,短评人:strongman,短评内容:知道自己命运的人最恐怖,短评人:小明大明大小明,短评内容:有小聪明，少大智慧~详细一点说：导演有一定匠心，但是全片看太注重一些边边角角部分，整体结构上显欠缺，解释不合理，主线力不从心，细节再装扮的故弄玄虚也算不上上佳之作，姑且三星,短评人:匡匡,短评内容:所谓心魔往往就是一念之迷。其实只需在任一环节小小改变，循环即可终止。有话说：人生大部分痛苦，都來自于该离场时，不愿离场的执著。不过，西西弗斯式的轮回，看似一个惩罚，一个永远沉沦、万劫不复的诅咒，同时却也是我们籍由“一再面对相同的境况”，而学会和弄懂生命课题，并由之毕业的唯一方式。,短评人:boxfish.,短评内容:stay+穆赫兰道+希腊神话+蝴蝶效应"
人工智能,8.6,298549人评价,"短评人:它它爱妮鸡,短评内容:那只熊在自己缝自己！！,短评人:老阿飞—故园,短评内容:看到片尾的时候，始终不能忍住眼泪。
我存在，曾经。,短评人:赫克托尔,短评内容:天才儿童演员.,短评人:亚比煞,短评内容:有些电影，是你在当下觉得了了，而今后偶然回想起某个片段，才会为它痛哭一场的，比如，戴维从残破的大厦上落入水中的那一幕。my love is real，but I‘m not。,短评人:Asuraa😄,短评内容:这孩子真拧啊！！！话说JUDE怎么能帅得象假的一样。"
魔女宅急便,8.6,319516人评价,"短评人:水湄物语,短评内容:我喜欢她头顶的大红蝴蝶结，还有狠狠白那个小男生的一眼,短评人:宅蘑菇Moku,短评内容:虽然设定都♥♥♥♥♥满点可是结局是怎么回事儿好突然……突……然……………………,短评人:A-sun*,短评内容:于是。扫把魔女就变成刷子魔女了啊。。。,短评人:九尾黑猫,短评内容:一直很喜欢这个可爱的故事,短评人:玛那 Mana ：）,短评内容:我也想当这样的魔女～"
惊魂记,8.9,153663人评价,"短评人:[已注销],短评内容:且看诺曼的last smile  毛骨悚然！,短评人:杂技演员,短评内容:""伪""的就是""娘""！,短评人:孙此方,短评内容:最后那一抹笑容堪称经典。,短评人:米粒,短评内容:太棒了。没有色彩的胶片照样充满着喷射而出的血和惊恐。即便是几十年前的片，精神分析的段落也不输。有个bug就是Marion死掉以后脖子上的脉搏还在抽搐。。然后安东尼博金斯果然娘炮。。。再然后，这是不是Howard老妈这个角色的灵感。。囧,短评人:Lane,短评内容:完美的黑白电影，女主角开场不到1/3猝然死去就先让人小shock一下，后面Perkins的表演几乎是完美无缺，有点神经质但又那么惹人怜爱"
海洋,9.1,126202人评价,"短评人:夏小初,短评内容:从此更加讨厌人类了，世界末日果然是有用的...,短评人:九尾黑猫,短评内容:大自然孕育生命也播散死亡。你见过它壮阔的美景，也会见识它怒吼的巨浪。但它从来都给你希望，讲给你听生命的礼赞。就像有日落，就会有日出。那唯一逃过捕食的小海龟，代表着生的喜悦，它仍会勇敢前行。那被割掉鱼鳍绝望而死的鲨鱼，代表着人类的残忍，这超越生命与自然的限度。看看吧趁一切还来得及。,短评人:[已注销],短评内容:有些中国观众的素质和耐心，真是不配看这部杰作，我都想给他们倒贴电影票钱，让他们滚蛋。,短评人:将死之人,短评内容:觉得阿凡达很壮丽？你得看看这个。,短评人:方方土君,短评内容:如果可以给更多的星星，我全部送给这部如诗一般的电影。一个法国老头和他的团队，花了５年时间，耗资５０００万欧元，１２个摄制组，采用蹲点拍摄的“笨”办法，只为你我能够感受到梦一样、诗一般的海洋。７年后，这部电影来到中国，还亏损９００万，我想我们能做点什么，比如一份尊敬。"
疯狂的石头,8.4,543112人评价,"短评人:文泽尔,短评内容:学大烟枪学Snatch学得很足嘛..套了国风的外壳，很多内容（比如杀手的山寨货等等）也符合国情，就是画面欠点火候.黄渤为本片中最亮眼的配角.,短评人:老鸡｜扶立,短评内容:聪明的宁浩，能走多远？,短评人:易老邪,短评内容:重温。别说，这片还真能经得住考验，也不是简单一句模仿盖里奇或多线叙事就能概括的。特别里面几组的人物都不仅仅是作为结构故事制造笑点等功能性的存在，而是几乎每位出场人物塑造的有头有尾性格鲜明紧扣主线笑果突出，还贴近生活反映现实，这就很难得了，在这方面石头其实做的比烟枪还要好点。,短评人:碎瓦,短评内容:中国的盖里奇风格,短评人:幕天席地,短评内容:算比较经典的黑色喜剧片了，影帝真不是盖的"
奇迹男孩,8.6,391657人评价,"短评人:王大根,短评内容:在这种家庭里做一条狗都好啊,短评人:光明小卖部🐵,短评内容:所有人都知道是化妆只有我一个人以为请的真实病人出演吗。。。,短评人:同志亦凡人中文站,短评内容:有种糖放多了的感觉，精华基本都在预告里了。但对孩子们的纯真友情毫无抵抗力啊，就像被温柔的抚摸了一下软肋。Jacob Tremblay涂着厚厚化妆都能感受到演技，小李子真好意思把奥斯卡摆在家里吗...,短评人:木卫二,短评内容:把“生而为人，很抱歉”，变成了“是个人，都应该与人为善”，多视角还挺有意思的。人与人的孤独重量，都是同一种地心引力。虽然不出意外的，所有人都是自带光芒的nice好人。,短评人:凌睿,短评内容:很久没有一部电影能像《奇迹男孩》那样让我从头哭到尾了。"
罗生门,8.8,206933人评价,"短评人:瞳,短评内容:想起史铁生的一句话：“历史在发生时未被发现，在发现时已被重组”，没有绝对的真实能在叙述中被还原。很赞同看过的一个说法“谎言的对立面是宽容”，听者的理解力与接受度影响着叙述者对真相还原的保留度，你若能对他的懦弱退让和罪恶表示宽容，兴许由着这份信任就能更贴近真相了。,短评人:渍,短评内容:如果不是那一阵风,短评人:Over5,短评内容:谎言是人性的救命稻草,短评人:艾小柯,短评内容:1950年，震撼！,短评人:巴乌,短评内容:再次认真观看时才发现摄影剪辑精妙之处。"
燃情岁月,8.8,207003人评价,"短评人:薄荷茶不凉,短评内容:Tristan非常让人着迷，他是一位真正的自然之子。,短评人:鲸落,短评内容:又臭又长的电影,短评人:孙智正,短评内容:经典“乱伦片”？,短评人:LisaLeung,短评内容:“有些人能清楚听见自己心灵的声音，并按这个声音生活，这样的人，不是疯了，就是成了传说。” ,短评人:影志,短评内容:被大学生念叨最多的两部电影，一部是《肖申克的救赎》（月黑高飞/刺激1995），一部就这是这个《燃情岁月》（秋日传奇/真爱一世情）了。"
终结者2：审判日,8.7,240042人评价,"短评人:小海,短评内容:这是在1991年啊，重复，这是在1991年啊！,短评人:浪味仙,短评内容:I'll be back,短评人:Lane,短评内容:可能看过差不多十遍，为红色头发的furlong着迷，最让我疯狂的不是他那青春美好的面容，而是他眼睛中超越他年龄的沧桑世故。。。他才是我眼中最美的少年,短评人:冰红深蓝,短评内容:詹姆斯卡梅隆的巅峰之作,永远的科幻经典。1.传统模型和化妆特效为主，电脑CG为辅；2.创意十足的最强反派：T-1000；3.施瓦辛格最好的表演；4.兼具动作片的爽快、科幻片的气魄与哲思、喜剧片的爆笑和文艺片的温情；5.机器人学习情感,以机器反思人性,揭示人的自毁倾向；6.""点赞""一幕至为感人。（9.5/10）,短评人:蜉蝣,短评内容:液态机器人的创造者叫戴森，所以脑袋就经常被轰成中空的圆形。（胡扯=="
魂断蓝桥,8.8,188597人评价,"短评人:铎奇,短评内容:真爱不是订婚之后隔天就跑去打仗再无音信，真爱是一起去车站揽活儿。Kitty才是真爱Myra。,短评人:囍夭夭,短评内容:中国式内在的美国电影。。。,短评人:深海的心,短评内容:一对璧人。彩色版的费雯丽美若天仙。,短评人:凌睿,短评内容:身体是你自己的，你不需要为自己失身而感到抱歉。,短评人:超级英雄发骚友,短评内容:难以想象这部美国电影竟是近80年前拍摄出来，水准之高让人咋舌，观影过程非常投入，纯洁的爱情让人心生感慨，结局之悲哀让人无比痛心，估计当年在电影院赚了不知道多少美国人的眼泪。说回故事，故事脉迹非常简单易懂，一个纯真的女人因爱人之死心灰意冷，落魄到需要出卖自己的肉体，电影在处理这一段时非常含蓄克制，由始至终没有出现过多显眼台词去提醒观众女主角的卖肉事实，可是却让懂的人更为着急，重逢一幕让人感动，最终的..."
穿越时空的少女,8.6,283601人评价,"短评人:它它爱妮鸡,短评内容:她有一条神奇的永远不会走光的短裙!,短评人:晚安小姐,短评内容:决定一件事，很多东西不能犹豫，特别是中意某个人的时候,短评人:果酱☮,短评内容:打多少星都不够,短评人:littletwo,短评内容:我在未来等你...,短评人:单线程青年,短评内容:我就奇怪她为什么每次回去都是靠滚的"
爱在午夜降临前,8.8,209000人评价,"短评人:石墙,短评内容:结婚快10年互相之间还有这么多话可讲，还有性生活，这他妈不是真爱是什么？,短评人:张熊熊,短评内容:飞一般的超越，硬生生的被朱莉的嘴炮给弄哭了。。那些随口就能背诵莎士比亚台词的人们是多么的可恶啊！那些吃个下午茶都在谈哲学谈人生的人们是多么可憎啊！那些连夫妻吵架都引经据典的男女是多么可怕啊！对彼此来说我们多么重要，可最终还是过客，我失去你，不是以死亡为界，而是再一次。。再一次。。,短评人:亵渎电影,短评内容:他们的爱情一直让我想到哈利对莎莉最后的表白，“如果你知道自己想和谁一起度过余生，你会希望余生开始得越早越好。”十八年，从相遇相爱到这一部中被生活历练过的爱，柴米油盐和时间没有磨平爱情，反而让爱变成了一种习惯，太了解彼此，于是越来越难戒掉。期待九年后的续集了！★★★★★,短评人:了不起的花轮君,短评内容:第三部反而代入感特别强了，感觉在女主身上看到几十年后那个依然很作的自己，人愿意来哄你就已经很好了，女文青这脾气啊，真是不适合生活的典型，做不到三从四德逆来顺受，给一点爱就受宠若惊，完全以男方为中心就不是贤良淑德了么，反正我也做不到。再过56年我也还是现在这个挑剔，别扭的脾气。,短评人:Obtson,短评内容:作为Before的系列路，我终于在中年危机这里转了粉。Sunrise太甜，Sunset偏酸，只有Midnight酸甜苦辣都入了味。数度被台词戳中，我不得不一再提醒自己：那些只是台词，它们不是真的。"
初恋这件小事,8.4,728462人评价,"短评人:Dululu,短评内容:结局真多余。。。。。。。。,短评人:蘑菇™不开花,短评内容:MLGB，同样是暗恋，哥只能换回“其实你是个好人”,短评人:又又,短评内容:看完了半个小时 心情总算稍微平稳了点 可是现在打字的手还是在不停地抖 沉积了两年半的泪水不听使唤地流 那些本以为已经忘了的疯狂日子一一重现 那一件件死党们陪我做过的渺小疯狂但惊心动魄的蠢事 那个在角落里偷偷看着你的卑微的我 那个我喜欢了三年疯狂地追了三年的你 ……,短评人:犸骐,短评内容:游泳池那段哭得我稀里哗啦 现实生活到那里就结束了,短评人:眠去,短评内容:唯独最后一刻他说，我一直等那个人从美国回来，眼泪真要随女主角一样掉下来。可是我，已经不相信这种王子和丑小鸭的故事了呢。要知道，初恋的美好在于，它没有后来。"
可可西里,8.8,198977人评价,"短评人:徐小花,短评内容:不是路川会做的更好,短评人:兮称,短评内容:带给我的震撼远远超过电影本身,短评人:安蓝·怪伯爵𓆝𓆟𓆜,短评内容:不能承受之重,短评人:Dolores,短评内容:那是一种对那片土地以及生灵的情感。,短评人:冰红深蓝,短评内容:撇开抄袭、媚俗与占据道德制高点的嫌疑，影片本身质量还是没有问题。偏向伪纪录片式的写实主义风格，避免了刻意煽情或戏剧性渲染。摄影极美，表演过硬。流沙段落携带着窒息般的绝望与无言的惊惧；遍地的藏羚羊新鲜骸骨；星空。| 在这里，你留下的每个脚印都有可能是人类留下的第一个脚印。（8.5/10）"
2001太空漫游,8.8,188133人评价,"短评人:彦夕,短评内容:原作作者克拉克：“如果有人觉得完全弄懂了《太空漫游2001》在讲些什么，那一定是我和库布里克弄错了。”,短评人:地富反坏右,短评内容:首先你得忍者看完第一遍,觉得不知道在说什么;看了第二遍,觉得好像有点意思;看第三遍,知道原来这个电影讲述的是多个主题啊,看第四遍,觉得好像看懂了点什么;看了第五遍,啊,真他妈太牛了!这可是1968年的东西!,短评人:思阳,短评内容:这部片子有三个特征：1）看不懂 2）无数的符号 3）必须熟读尼采 4）六十年代能够做出这样的特效真的是惊天动地 ,短评人:同志亦凡人中文站,短评内容:牺牲了部分叙事节奏，但构筑起来的完整世界让人目瞪口呆。我觉得我要暴走了：这怎么可能是1968年的电影！！！这怎么可能是1968年的电影！！！它反科学反伦理啊！！！,短评人:★☆☆☆☆,短评内容:史上最伟大的装逼片，就连作者克拉克和导演斯坦利都看不懂剧情……不过这丝毫不影响它的伟大，首先在视觉上它领先了同一时代数十年不止，很多星际旅行片都没有给我一种“星际旅行”的感觉，但这部有，关键就在于细节处理细致。还有就是，这部讲述星际旅行的片子拍摄于1968年，而美国登月则在1969"
完美陌生人,8.5,384189人评价,"短评人:Shoegazerbaby,短评内容:特别喜欢男主人和胖基佬这俩角色。,短评人:Jeannels,短评内容:扫把星来的那一夜。,短评人:Mumu,短评内容:结局怎么可能是和好，是没有做游戏的平行世界啦，彗星来的那一夜姊妹篇,短评人:oakhui,短评内容:小成本佳作的榜单里又多了一部电影，年度最佳剧本。非常精彩，非常流畅。
最喜欢那位爸爸对十七岁的女儿说的话。
以后如果有女儿，长大了就这样跟她说。
婚姻真的是很难啊，人与人之间的关系也很脆弱。,短评人:九尾黑猫,短评内容:三星半。可怕的不是手机，甚至不是里面的秘密，可怕的是每段关系实际都身患重疾，却没人愿意去医治。他们宁愿在这毫无快乐可言的生活中，违背道德与良知的去让自己好受一点，也不愿意去改变，去努力，直到有一天末日真的到来，他们再说一句：世界真残酷。"
绿里奇迹,8.8,180014人评价,"短评人:林||我们谈什么都像谈死！,短评内容:“我累了，不想活了，真的，我不想再像孤雁一样，我不想再过没有朋友的日子，我希望有人能告诉我该何去何从，我不想再看到丑陋的人性，我不想在每日承担全世界的痛苦。”讲的是耶稣么？十字架变成了电椅。,短评人:蛋蛋,短评内容:带着满脸的眼泪和鼻涕泡儿看完的,短评人:战国客,短评内容:很长，很慢，关键是不好看~~,短评人:Beryl,短评内容:能把悬疑拍的好看我觉得有难度，虽然接近200分钟时长，但却不觉得冗长，值得回味的电影。,短评人:简安,短评内容:虽然很长，但真的好看"
小偷家族,8.7,549916人评价,"短评人:姨妈的鸭,短评内容:比起放下手机，这本电影在观影时需要观众做的第一步是：放下三观。,短评人:frozenmoon,短评内容:这家庭成员的关系如此戏剧又如此恬淡。奶奶一边说，血缘真是挣不破啊，一边看着海边毫无血缘关系的“家人”快乐的玩耍，家庭的意义、基础、决定性的根底到底是什么呢？镜头下没有高楼大厦、流光溢彩，一群人鼠蚁般生活在逼仄的房间里，冬天瑟瑟发抖，夏天汗水岑岑，吃偷来的食物，用偷来的香波。温暖来自于哪里？援交客人的拥抱和眼泪，教孩子叫自己一声爸爸，一家人齐整地在屋檐下仰望烟花，一座座小小孤岛连得成大陆吗？他们一家...,短评人:木卫二,短评内容:相比“小偷家族”，更像“是枝宇宙”。这不是玩笑，一出从《无人知晓》到《第三次杀人》的总结表彰，你可以在任意一个角色（小朋友），一句台词（羁绊or选择成为父亲），一个场景（看烟花与海滩嬉戏），看到其他作品影子。最有趣的体验，大概是不同演员的组合，以及被隐匿的人物过往和秘密。,短评人:陆支羽,短评内容:4.5。1.比血缘更重要的羁绊，是爱。2.听得见烟火的房间，看得见大海的弹球，已然是命运最大的馈赠；娓娓道来、含而不露的认真，是注定看不腻的是枝裕和。 3.谢谢你们了！那些说不出口的话最动人，而伤疤是联结彼此的纽带。4.安藤樱哭戏全场最佳；小演员附体柳乐优弥；树木希林内心藏深海。,短评人:Peter Cat,短评内容:和《无人知晓》对比的话，是枝裕和结构和剧作上控制力衰落还是很明显的。但对类似主题复调式回归中，一个作者内在生命经验在时间中流淌所带来的文本上变化和感触，他对社会和人性经年耐心的观察、等待和摸索，恰恰承托出，与是枝裕和差不多同一时间出道的贾樟柯，还在《江湖儿女》中用符号宇宙空洞地重复自己二十年前生活经验。"
牯岭街少年杀人事件,8.8,174117人评价,"短评人:黑胖砸儿,短评内容:海那边六十年代的生活跟海这边八、九十年代差不太多，但tmd海南边的学生凭什么人手一双converse？凭tm什么？,短评人:Kévin,短评内容:外国人一定觉得中国人长得都差不多。,短评人:时间之葬,短评内容:我怎么都不会想到杀的人是她,短评人:影志,短评内容:那一霎那我什么也没做，只是捅了你一刀。“原来你跟他们一样，对我好就是想改变我。你好可笑啊，你以为你是谁啊？我和这个世界一样是不可改变的…”,短评人:陆钓雪,短评内容:我在台南，无聊的要命，每天可以看几十本武侠小说。后来，我叫他们去帮我租最厚的小说来看。其实以前的人，跟我们现在出来混的人，真的很像。《战争与和平》，其他的武侠书名都不记得了，只记得这一本。妈的，我还真想写本小说咧，干，给以后像我这种人看。太晚了，书又读的不够多。"
阿飞正传,8.5,339633人评价,"短评人:疾走,短评内容:在张国荣面前
所有的大牌都黯然失色,短评人:战国客,短评内容:虽然看不太懂，但片中张国荣实在太让人着迷了~~,短评人:米粒,短评内容:好湿的电影！比花样年华更湿。。。有些人就是没有根的，任谁都无法把他留下。本来有续集所以梁朝伟最后出现了一下，可惜影片因为拍了太多用了太少严重超支把制片人气到进了医院所以续集胎死腹中了 = =,短评人:陌聆,短评内容:你 风华绝代,短评人:nadja,短评内容:愣头青假装小资青年"
无耻混蛋,8.6,338895人评价,"短评人:猫小姐,短评内容:昆汀同学越来越变态了 ，比北野武还杜琪峰。,短评人:Ariza,短评内容:引用某影評人曾說的話：「一些得令的導演，由於創作泉源枯竭，只會從B級或C級垃圾片堆中覓食，美其名說向它們致敬，終究下過是垃圾再造垃圾而已。」,短评人:大头绿豆,短评内容:流畅，看起来毫不费力。除了布拉德皮特显得格格不入，除了地下酒吧那场居然不收拾现场有些BUG，除了绑着TNT居然能混进元首活动场所很无稽，其他都很好，很完整，完成了电影所能给出的最重要的功能：娱乐。,短评人:喵过留影,短评内容:这部电影告诉我们：绝对不能相信美国人！,短评人:Kennn.,短评内容:Quentin是他媽的天才！"
香水,8.5,404845人评价,"短评人:正统文化代言人,短评内容:一个单凭体香达到高潮的男人,短评人:SilentTyler,短评内容:观影过程中如果曾有过那么一丝丝对杀手的憎恶, 那么你便是世俗和不纯洁的.,短评人:光年‖影视歌三栖民工,短评内容:广场上，众人皆醉他独醒，众人皆X他盛装。,短评人:文泽尔,短评内容:这个故事如何不是比嫌疑犯x的献身要好上数百倍的大气故事呢？巴黎、格拉斯，每个城市里为了香味而忘我且凶残的努力——这并非凶残，而是纯粹的追求人生中唯一至高至圣的目标，找到那个生命中最后的味道。而一旦这个味道得到了，他生活的一切也就失去了意义，反而重拾当年全部细节的美好，最终就回归了起点，在鱼市场的臭味里让一切归位了。,短评人:灰土豆,短评内容:胶片群裸就是不一样。。。这种从故事到情节到化妆到道具到一切细节的精致，才能让人丛大银幕上嗅出香味。离这种精致，我们还差多少年呢。"
谍影重重2,8.6,249875人评价,"短评人:Song³,短评内容:拍摄利落。全片大量采用了近景跟随拍摄，追逐逃亡场景用极短的镜头剪接连缀，没有用近几年时髦的慢动作、子弹时间、镜头满天转等特效。但是一样达到了让人屏住呼吸、目瞪口呆的效果。汽车追逐片断中近距离车内拍摄的碰撞场面尤其惊心动魄，远比其他动作片中动辄撞坏十几辆车来的惊险刺激。,短评人:D I D A,短评内容:手提摄影，快速剪辑，身体力行，暗藏杀机。间谍动作片由此洗牌,短评人:叶洲,短评内容:专业谍战片就是不一样，各种细节都非常精彩，悬疑揭秘也扣人心弦，却没有靠复杂的要命的剧情,短评人:文泽尔,短评内容:巴拉克所演败坏间谍三部曲之二,短评人:花落  思量错,短评内容:伯恩可能注定是孤单寂寞冷的，虽然没有华丽的服饰，超酷的装备，美女勾引，但是飙车，搏斗，杀害，也都很精彩。"
新龙门客栈,8.6,302409人评价,"短评人:MaTown,短评内容:当年看到最后把甄子丹的脚剃成骨头的时候我还吓了一跳,短评人:阿北,短评内容:test,短评人:kingfish,短评内容:风情万种的老板娘叫人难忘,短评人:北影厂彪哥,短评内容:张曼玉真是风骚啊,短评人:狐狸小白,短评内容:有眼不识金镶玉，当然不是说这里的老板娘，张曼玉的角色真的很百变，可温婉可风尘可纯真可忧郁，似乎没有她驾驭不了的角色了。"
猜火车,8.5,330822人评价,"短评人:小耳朵图吗,短评内容:那恶心的厕所。,短评人:可可肚子,短评内容:马桶原来里面是海洋呀。。,短评人:[已注销],短评内容:360度旋转的婴儿头颅,短评人:小岩井,短评内容:我有时候想不明白，吸毒的人，到底是因为太不快乐，而是太快乐。,短评人:铁球跑天下第一,短评内容:口音太强大 求循环十遍洗脑 从此用上了最潮款的苏格兰乡下口音"
源代码,8.4,582057人评价,"短评人:爱之深,短评内容:还好结局不是停在最后那一吻上，否则我给不了五颗星。希望在美好时停住，其实是内心脆弱的表现。从美好开始，延续下去，才饱含未来充满的坚强和希望的力量。谁的人生没有遗憾？但你要相信，在另一个世界，那些遗憾会被弥补。,短评人:关节炎,短评内容:8分钟重启一次，不带存档的。,短评人:暹罗copen,短评内容:一部商业片，一部穿越剧，救无辜百姓于水火，顺便谈谈风月，这么老套，这么制式，为什么竟能如此触动人心?,短评人:makzhou,短评内容:不赖，但是看着没什么心潮澎湃的感觉，激动不起来,短评人:等一个人,短评内容:牛B的本子，邓肯·琼斯没有淹没在好莱坞的体制中，继处女作《月球》之后再度奉献出一部精彩绝伦的科幻作品，唯一的遗憾就是在技术层面给出的解释不够充实，结尾稍显多余。"
谍影重重,8.6,298706人评价,"短评人:lomo36,短评内容:简洁有力,短评人:周眠,短评内容:只有动作片，才能如此深沉霸气地表达人类的困境吧！,短评人:赫克托尔,短评内容:伯恩真是帅到爆了！,短评人:大时代.歌姬,短评内容:最后一个杀手内忧郁的眼神呐~~~~,短评人:伍德与夏洛蒂,短评内容:永远记得Jason Bourne靠本能战斗的瞬间，只有马特达蒙有这种演技。"
战争之王,8.6,252360人评价,"短评人:深海的心,短评内容:如果有六星，我会打的,短评人:汽水|不core不得嗨,短评内容:我爱这部电影～它太人文精神了…………
特别是中间能把飞机在一夜拆掉，哎天，太摆了实在是……,短评人:薇羅尼卡,短评内容:真是很不错的片子，这个世界就是这样。无法埋怨任何一个人。,短评人:朴不程,短评内容:做这生意别带文艺青年好吗？！8.4,短评人:文泽尔,短评内容:记起深夜独自观看这部片子，巨大的投影幕前..一个关于俄国移民铤而走险，爱上人，走大运，终于离开心爱的孩子，变得无比冷酷，被抓却又被体制放生的故事——尤里特地将生意和生活分得很开，但无论是弟弟还是妻子、家庭，一次又一次地卷进去.最后不得不丧人性.孩子拿着铁丝弯成的枪射击，暗示颇深远"
青蛇,8.5,347985人评价,"短评人:光年‖影视歌三栖民工,短评内容:作为一个性格被阉割的男人，青蛇那一剑捅得好！,短评人:布宜諾斯,短评内容:赵文卓太帅了太帅了！！！！！,短评人:艾小柯,短评内容:徐克最好的片子。,短评人:游牧人·芳汀,短评内容:张国荣当年若愿意出演许仙的话此片会更美，但曼玉和祖贤姐姐已足够妖冶天仙，赵文卓的法海也更是傲世独立，吴兴国的许仙——猥琐男一个。全片的音乐美不胜收，飘飘欲仙，欲仙欲死，配乐和画面都极为出色。,短评人:范小奚,短评内容:两人的“扭啊扭”到现在我都还记得。"
地球上的星星,8.9,141516人评价,"短评人:断风,短评内容:没有坏学生，只有差老师,短评人:CRain,短评内容:内美术老师能少哭两回我们就给5颗星了,短评人:kisstherain,短评内容:看了三个白痴以后很喜欢 Aamir Khan，为了看他才看的这部电影，结果没想到看到他之前先得忍受50分钟的死孩子。。。虽然这个孩子有阅读障碍，其实叛逆只是一种反抗，但是死孩子就是死孩子。孩子他哥美好到有点儿假。PS：配乐不错,短评人:一路有你,短评内容: 同龄小孩能轻松完成的，他却做不了。他是怎么熬过来的？他的自信肯定全被摧毁了，只好用逆反掩盖无能……与其承认“我不会”，还不如说“我不想”。大人不也常这么做？,短评人:陆支羽,短评内容:应试作文材料必备片！①极强的细节代入感。②童年印象：街犬、风筝、水坑、棉花糖、蜘蛛、小丑。③希特勒万岁：秩序、纪律、用功。④歌舞传统虽屡遭外世诟病，实而却予影片节奏以强化。⑤水彩如流动盛宴，泼染于画端。PS：想起我幼儿园时爱用彩色水笔写拼音。"
城市之光,9.3,81548人评价,"短评人:李可笑,短评内容:”假如我们长时间地、专注看一个好笑的故事，它会变得越来越悲哀“——果戈理,短评人:凌睿,短评内容:卓别林兼任出品人、制作人、监制、导演、主演、配乐、剪辑，结果一个奥斯卡提名都没有。
卖花女一点不瞎，瞎的是奥斯卡评委。,短评人:LORENZO 洛伦佐,短评内容:幽幽城市之光，让我们相信人心中还有良善。完美的表演和动人的情节。镜头的切换和动作的编排很到位。30年代初就有如此细致的故事编排结构和表演的编导，卓别林真是位大师。,短评人:毛樱桃,短评内容:还真是第一次看卓别林的电影，不简单啊，八十年前的小动作到现在还能把人逗乐，这才意识到成龙最成功的那些动作喜剧都是跟卓别林学的。昨晚在音乐厅看得这片，我市交响乐团伴奏，伟大的默片配现场伴奏真是难得的享受,短评人:冰山李,短评内容:9.1；當天街角流過你聲線，沿路旅程如歌褪變"
血钻,8.6,239062人评价,"短评人:单线程青年,短评内容:抵制血钻~~~BS为了小破石头的虚荣而不惜以采钻者血的代价来实现的女人们~~~要是我吗，冰糖也能当钻戒,短评人:Q。,短评内容:钻石，华丽的毒品。 迪卡普里奥，自从无间行者开始已让越来越多的人重新认识他，并知道泰坦尼克之后他一直在努力。 ★★★★,短评人:dormant,短评内容:套着uncle sam一贯的假惺惺救世主外衣，其实就是纯popcorn片，看着挺娱乐的。,短评人:六月安生,短评内容:没有买卖就没有杀戮，这样的非洲是我不曾了解的！,短评人:冰红深蓝,短评内容:影片并非毫无瑕疵，也确实不够深刻，但在同类题材中已是翘楚。非洲的种种深重苦难、内战和血钻的残酷来历都令人震撼，片中还借女记者之口自讽我们都在消费别人的痛苦，一语中的。剪辑和摄影都可圈可点，小李子演技好到让我第一次真正喜欢上他了。故事本身十分沉重悲怆，詹妮弗康纳利太养眼。（8.8/10）"
浪潮,8.7,194970人评价,"短评人:战国客,短评内容:“他们无法理解法西斯主义，但突然间，他们就成了这场运动的一部分”，有些事情不是有理智就能够分辨清楚的,短评人:Abracadabra,短评内容:由个人魅力领导 不平等社会因素推动的独裁主义遏制除领袖外一切个人主义 妄图以集体的力量去对抗所有不平等 逃避现实 忽视个体的重要性 只要还有贫富不均 那么法西斯主义的民众基础永远都会有的 ,短评人:黑刀,短评内容:君子朋而不党。保持每一个独立思考和人格。这是我反对任何机构和活动“党同伐异”的基本原因。包括乐迷、包括观众、包括粉丝，狂热的、无理性的、邪恶的、革命的、红卫兵式的、党卫军式的群体爆发。这不是游戏。后果不堪设想。你知道我在说什么。 ,短评人:Vincent,短评内容:如果把背景放到我们天朝，除去发传单的反对者会被悄悄处理和不会有结尾外这个电影就成纪录片了。,短评人:蚂蚁没问题,短评内容:看的我后背发凉 德国人真是善于自省"
朗读者,8.5,359674人评价,"短评人:暖鱼,短评内容:人因羞耻感而保有秘密，却又因秘密而困锁，但又因坚守秘密，留有一份尊严。难以言述的电影。,短评人:莫呼洛迦-屁股上的青春在歌唱,短评内容:要不是那天的呕吐，也就不会有这么一段爱情。,短评人:胤祥,短评内容:这片不用德语就是先天性第一大败笔。改编没做好，知识分子气十足的小说被TMD改成了情色片，sigh，书还是很不错的。,短评人:恶猫的步调,短评内容:文盲的悲剧,短评人:邹小樱,短评内容:完全把原著的光芒泯灭了。就他妈是一部爱露点的山寨爱情片。"
彗星来的那一夜,8.5,337097人评价,"短评人:弗朗索瓦张。,短评内容:没觉得有什么“烧脑”的，有的只是人类共享的对未知维度的震撼和恐惧。结尾毫无防备地从科幻硬是升华出了人性。强烈推荐这部画面烂到不如DV短片却出奇有力的作品。,短评人:Jin Unrated,短评内容:遇到停电这种事难道不该马上洗洗睡吗,短评人:坍塌,短评内容:平行时空不稀奇，神奇的是各路平行时空的交汇之后混乱的生活，看完真的有点恐怖。★★★★☆,短评人:大島,短评内容:如果我突然看见我自己来杀我，那就证明我过得还不错。,短评人:亵渎电影,短评内容:这部电影在诠释著名的物理学假想实验薛定谔的猫，现在盒子被打开了，我们看到了多世界理论和一致性历史的诠释，最后也看到这和哥本哈根诠释的不同之处。我们以为这群在不同平行时空里乱掉的几个人会想法回到自己的时空，结果最后却是证明了理论的真实性，让片子彻底变成了神棍科幻片。★★★☆"
步履不停,8.8,168429人评价,"短评人:Doublebitch,短评内容:我喜欢电影里的台词，真实不做作，却把这个家庭十几年隐藏的哀痛和矛盾表达的很清楚，最让人感动的莫过于倔老头子送走良多后那句像是自言自语般的，“下次来就是新年了吧”，父亲所特有的不动声色的爱啊～,短评人:木卫二,短评内容:《步履不停》没有引出幡然醒悟的痛心疾首，当良多在墓碑前重复着母亲的浇水举动，他是否相信返家的那一天也是他人生的缩影？,短评人:文泽尔,短评内容:试图用一个特殊的日子来讲述横山家数十年来的漫长岁月，不运用任何插叙，只是让时间一点点流过，从各人间的对话中了解这个家庭久远已逝的一切哀痛压抑温馨喜悦，然后日子还得淡淡前行。每个人物都刻划得立体有力，但是片长四分之三再往后有些情节：如蝴蝶入屋、孩子晨祈愿、多年后生孩子也开车等稍刻意,短评人:匡匡,短评内容:是枝裕和的巅峰之作。淡淡的散文化叙事，琐碎平静的日常生活深处潜伏着暗流与潮涌，不动声色而令人莞尔的细节，可爱丰满的人物，凝练而善于留白的对白，耐人寻思的镜头里，是小津逝后的导演们再也拍不出来的日本，和至纯的醍醐味。,短评人:Yome,短评内容:生活尽管再平静偶尔也有波澜 不停走着有些东西还是趕不上。"
疯狂的麦克斯4：狂暴之路,8.6,349894人评价,"短评人:-,短评内容:近年来最具作者性最有风格的好莱坞动作片，且完成度极高，其存在堪称奇迹。单是前30分钟就已经嗨翻天，风暴戏的配乐简直神来之笔！邪典味的疯劲贯穿全片，文戏少没废话直接爽，如此雄性的动作电影竟然没有直男癌反而讲了一个女权觉醒的故事，片中每一个女性角色都实现了自我价值。PS：电吉他碉堡了！,短评人:L'automne,短评内容:全程内心戏都是：【卧槽！还有这种操作！……】,短评人:米粒,短评内容:简直high爆了，前三十分钟已经让人目瞪口呆好几回了，但这电影基本没有要停下来的意思啊，如果一定要分成五六段的话，每两段之间的文戏只有大约三十秒，然后又开始High。。汤老湿前三分之二都没啥台词已经被帅cry，后面掀翻史上最炫酷公路乐队之后开始有台词了完全让人招架不住嘛！,短评人:GunnerCY,短评内容:教无脑CG片做人的节奏。,短评人:生猛洋葱,短评内容:怎么办，如果这个给五星，其他给过三星的公路电影都得改成一星"
色，戒,8.4,450893人评价,"短评人:影志,短评内容:男人是政治的动物，女人是情感的动物。李安用床戏“将易先生的内心活动外在化，外显他的恐惧、他的愤怒和挫折。你可以形容一个人如何不具备相信别人的能力，但更绝的是让他在高潮时都不敢闭上眼睛” “如果说断背山是一段发生在天堂里的爱情，那色戒就是来自地狱的爱情。”——李安,短评人:庭院天涯,短评内容:是个女学生时，她素颜也灵气十足；扮富太太时，她明艳不可方物。她真的是将才。,短评人:友颜在先,短评内容:王佳芝的一生毁在两个男人的手里，为第一个男人献身，为第二个男人牺牲。,短评人:lakeblur,短评内容:王力宏演得太差，否则就是5星；又看了几遍，王力宏演得再差，还是5星,短评人:猫,短评内容:对，我是一个很在意细节的人，甚至有细节偏执狂的倾向。我喜欢王佳芝的嘴角总是倔强地微微翘起，在父亲寄来结婚照片她发去贺信的时候，在她为了王力宏那一心复仇的疯狂甘愿把自己最宝贵的给一个不相干的人的时候，在她接到梁朝伟太太电话的时候，在她和他纠缠在一起的时候，在她看到足以让世界上所有女人疯狂的“鸽子蛋”的时候，在她确认自己是真的爱上他救他一命的时候，她嘴角的弧度，堪称完美。"
遗愿清单,8.6,244087人评价,"短评人:深海的心,短评内容:笑了三分之二，最后开始落泪。你亲吻了世界上最美的女孩，你们的故事成为别人见过的最美的传奇。,短评人:九尾黑猫,短评内容:三流剧本，一流演技，主要是看两个主角啦,短评人:BOSS米我要,短评内容:喜欢定好小计划然后一一划去的小成就感,短评人:米粒,短评内容:""Kiss the most beautiful girl in the world."" 哭了。。。,短评人:十个斗的眼窝浅,短评内容:就算得了癌症，在连走廊都是病床的国内医院，你周围都是治不起病或是医保结算的老百姓。所以别做梦了，你的邻床不会是亿万富翁，有遗愿就好，别列什么清单，都是美好的夙愿而已！虽然感觉片中景点都是电脑特效，但我还是当风景片欣赏了这般美好。也的确被片子感动到了，这就是好莱坞+老戏霸的魅力。"
大佛普拉斯,8.7,250924人评价,"短评人:时间之葬,短评内容:年三十晚，我妈在旁边和我一起看完了那场两分钟的车震戏。年度最尬观影体验........,短评人:陈哈,短评内容:有佛无慈悲，有性无爱，有法律无公正，有警察无正义，满满的绝望。“当然有困难...对他们来讲，无论是出太阳还是下雨，都会有困难，但他们没办法去想生命的困难...社会常常在讲要公平正义，但在他们的生活之中，应该是没有这四个字，毕竟光是要捧饭碗就没力了...”,短评人:影志,短评内容:“我们已经可以依靠科技进入外太空，却依然无法走进一个人内心的宇宙。” 忍俊不禁的小幽默，互相打趣的小人物，上演着一出出悲伤的人间喜剧。富人的世界永远是彩色的…,短评人:芦哲峰,短评内容:世间权钱二字，人分上下两流。上流锦衣玉食，骄奢淫逸，干尽下流的勾当；下流残羹冷炙，囊空如洗，只以上流为榜样。大佛虽有，信仰全无，又能怎样！,短评人:Andrew,短评内容:殘酷的是...僅僅是觀看這些人的日常生活都有些獵奇，把悲傷的事情用喜劇來表示，更顯荒謬"
小萝莉的猴神大叔,8.4,332301人评价,"短评人:刺儿,短评内容:近期唯一泪眼朦胧的电影，不能说电影拍的有多好，只是题材上升到了一种高度，宗教，政府，国家其实都是为人服务的，在爱的面前，这些都要让路，人性是能冲破这种种隔阂最后让奇迹出现发出呐喊声音的，也能判断是非对错的，哪怕那些违犯法律，制度，可这尊重人性，最后的最后那场景的确很震撼。,短评人:怂囧小赫,短评内容:最后一幕永远定格在我的内心深处，人至善、水至柔、景至美、情至真！再铁骨铮铮的汉子也会为之动容，宝莱坞真的不得了！这几年电影不可小觑，小故事大道理发人深省的题材已经独具匠心别具一格！果然有宗教的民族与金钱至上的国度不同啊！人类最最美好的东西通过这部电影保留了下来！谢谢你们的用心！,短评人:Bowerrrrr,短评内容:《猴神老哥》用心推荐，小孩是人生最难的副本，没有攻略，没有外挂，如果运气好可以组团，最难的BOSS是自己，最好的buff是陪伴。,短评人:未知,短评内容:难道是政治阻止了爱？圣母婊以为爱可以战胜一切,短评人:frozenmoon,短评内容:在真正深切的爱意与人性的光芒之下，一切由于偏见和狭隘而被塑造出来的障碍——不同的信仰、对立的政治、分割的土地，都不再重要。"
再次出发之纽约遇见你,8.5,286035人评价,"短评人:生煎馄饨秃子,短评内容:通过一首歌就听出男友出轨，恋爱中的人果然个个心思细腻如神探。几场街演好喜欢，詹胖子好萌。KK大概只有听歌声才像个妹子，说话时的血盆大口能忍就忍了，但唱歌时候注意一下表情管理啊【笑cry,短评人:Dreamer,短评内容:超爱KK！马尾超可爱，穿衣风格也超赞，唱歌也挺好听，Like a Fool最好听，还有敏锐的洞察力！求传授！以城市为背景音想法很棒，听得我燃起了音乐魂。男女主之间朦胧的感情处理地也很好，更多的是惺惺相惜吧。最后居然被骚当的Lost Stars戳哭了，还有可怜的小眼神儿。坚持做纯粹的音乐还是大众的音乐？,短评人:伍德与夏洛蒂,短评内容:我知道它不完美。我知道爱上和音乐生活的人是什么感觉，也记得他开始给其他女人写歌时，是什么感觉。KK比我想的好太多。Mark和Adam是两个阶段，别做谁的fucking缪斯，记住这一刻就够了。分享歌单踩街曾是我年轻时的恋爱法则，现在都不再重要，想到这，又哭了出来。Mark演的特别好，我爱每一个瞬间。,短评人:茶杯里的猫。,短评内容:电影给4星，歌曲加一星。原声带真的是要进入本年度最佳电影原声候选了。,短评人:猪头妖怪,短评内容:无论从故事、表演还是音乐上，都明显超越了7年前的Once，说不如的无非是出于怀旧罢了。Keira Knightley的唱功是唯一的短板。OST必入。"
追随,8.9,125010人评价,"短评人:Lan~die,短评内容:叙事大师诺兰的处女作，“里面埋藏着政治寓言，还包括我作为一个英国人对于国家这个概念的一丁点想法”。“虽然你行的是鸡鸣狗盗之事，但也不用摆出一副鸡鸣狗盗之相。”“每个人都有个小盒子，里面装着大秘密。”“把一样东西从你身边拿走后，你才会发现自己拥有过什么。” ,短评人:白玛,短评内容:我曾经跟踪过一对陌生情侣，因为他们走的太快了，完全不符合正常情侣的步速，这让我好奇。当他们拐进路边的快捷酒店时，一切疑云烟消云散。,短评人:草威,短评内容:诺兰的牛逼来源于内心散发出的恐惧。,短评人:吴嘎嘎,短评内容:虽然你行的是鸡鸣狗盗之事，但也不用摆出一副鸡鸣狗盗之相,短评人:同志亦凡人中文站,短评内容:精巧的剪辑，如坠彀中的剧情，这样的故事就像一场不寒而栗的噩梦，让人失去醒来的勇气。还是早期的诺兰比较会玩，后期太绞尽脑汁了，反而失去了信手拈来的味道。"
聚焦,8.8,199244人评价,"短评人:张小北,短评内容:作为一个前记者，看完这种电影真是感慨万千啊……如果不能坚持新闻理想，倒也不必把选择悲情化。做记者本身就要有一点理想主义才行，因为是你主动选择了那个桅杆上的瞭望哨作为岗位。只可惜我们受到的教育和现实完全是拧巴的……电影本身非常棒！尤其是演员的集体表演！,短评人:常在我心,短评内容:奥斯卡最佳影片你好！（从第一篇的影评开始我就预测它拿奖，非常值得！）,短评人:艾小柯,短评内容:事件的真实性震撼人心！对系统的拷问，对记者工作的刻画（比较更戏剧性的Newsroom)，对事件进展本身的关注而不是沉溺于廉价的抒情，对几位主要记者不同角度不同态度的有节制的描绘，都为此类社会传记剧情片的最高标准做出了表率。不断询问something bigger，我想这该是一切艺术形式的终极责任。,短评人:内个死猴子,短评内容:没有猪队友，没有渣Boss，没有性生活。不得不说美国梦真的可以洗脑，每每洗毕都感觉自己也香喷喷的。,短评人:K,短评内容:中规中矩。温吞开水。"
东京物语,9.2,85788人评价,"短评人:薇羅尼卡,短评内容:刚开始的几幕，觉得极做作，哪有众人说的这般好？再耐心看下去，方发觉，在表面的客套和微笑下，内心深处的悲凉。“其实我们是很幸福的。”“是啊，其实我们是幸福的呢！”等到我老时，也会这样和老伴相视而笑么？,短评人:飄♦淚染霜林,短评内容:片中的纪子，好善良美丽的女人，一个完美的日本女人。,短评人:桃桃林林,短评内容:所有想说的都在电影里，相信每位观众都会有很深刻的体会,短评人:乔柳,短评内容:生活总是让人失望的,短评人:youngman,短评内容:京子：哥哥姐姐们应该再多待几天的
　　纪子：大家都很忙啊。
　　京子：可这样太自私了。只顾着自己，马上就回去了。
　　纪子：这是没办法的事啊，因为他们有工作。
　　京子：可嫂子你不是也有工作么？他们太自私了。
　　纪子：可是，京子啊……
　　京子：妈妈一死就要拿东西做纪念，我一想"
一次别离,8.7,188904人评价,"短评人:pechu,短评内容:伊朗人至少有信仰,短评人:艾小柯,短评内容:人与人之间的隔阂，阶级与阶级之间的对立，信仰与现实之间的两难抉择。没有对错之分，只有立场的不同与现状的无奈。,短评人:陆支羽,短评内容:4.5。一次即永恒！①着意隐去匠气，还故事以挚诚本真，唯象征私隐于后。②一席黑头巾掠过楼道、车流。③隐匿于镜头外的西方理想国。④你怎么敢看着我的眼睛撒谎！⑤古兰经的存在一度置瑞茨于人性罪责和信仰之间，如替老人洗澡、告白真相等。⑥玻璃门之隔。,短评人:婴儿葛葛,短评内容:不得不说，近两年的金熊作品，质量都没法跟戛纳威尼斯比。这种故意展现伤痛让人看的作品，实在没有高段到哪里去。,短评人:Q。,短评内容:一个战争与宗教包围着的国度奉献的一部佳作，可以称之为实至名归的金熊奖最佳影片。大量的手持镜头，用客观而冷峻的镜头讲述着两个平凡家庭的琐碎与冲突，人物刻画入木三分，故事的悬念更是凭借着适当的掌控丝丝入扣，直到电影完结仍使观众处在情绪当中。★★★★☆"
驴得水,8.3,624059人评价,"短评人:阿珂,短评内容:用喜剧的方式谈悲剧，用讽刺的手法讲人性，为这个故事就值得5星,短评人:audair,短评内容:锋芒毕露，前所未见的作品，不要当作喜剧片看，剧本是真的厉害！为中国电影骄傲，我们又多了两位优秀的年轻的导演/编剧。,短评人:圣诞,短评内容:普通观众全嗨了，说这才是国产佳作;电影专业人员全崩溃了，说这是舞台剧不算是电影。讲真，我觉得当一个作品只剩下它的形式能被人吐槽的时候，已经足以证明其成功。不管它是啥，哪怕我是去电影院看话剧了，我还是觉得，甚好，没错过这个乌龙甚好。,短评人:颜小兽,短评内容:三颗星全给任素汐，她是中国最优秀的话剧女演员，有魂。她的巴掌都像是打在我的脸上。但是，建议导演改一下职务叫摄像吧，因为您只发挥了这个功能。,短评人:疼酱酱(^з^),短评内容:这个笑话还真把我看哭了，惊喜之作，比夏洛特烦恼的故事高明，但电影感较弱"
黑鹰坠落,8.7,199073人评价,"短评人:Autorun,短评内容:非洲兄弟命贱，一死一大片！,短评人:战国客,短评内容:这里没有《拯救大兵瑞恩》的煽情回忆，也没有《现代启示录》的痛苦反思，有的只是战争，真实而残酷的战争！,短评人:暖鱼,短评内容:是想当作一个任务如何失败的案例来看的。。战斗场面够多，信息量还是不够全。。战争残酷狰狞自不必说，只是只有美方士兵单方面的人性化描画，至于那些发狂的索马里士兵却只是默默而生，默默而死，成不了一个相互沟通的契机。。背景音乐很不错,短评人:黄青蕉,短评内容:传说中的欧美男神群芳谱，AKA我的墙头是怎样在一部电影里连成万里长城的。,短评人:HD,短评内容:这是我看过的美国战争大片中最为经典的一部"
我爱你,9.0,102215人评价,"短评人:暗黑料理厨师长,短评内容:對不起，我是個膽小鬼，沒有妳我怕活不下去。,短评人:战国客,短评内容:有些爱情，只有死亡能把它隔断；也有些爱情，它能把死亡也隔断。,短评人:Pano,短评内容:用力有一点点的··过猛····,短评人:戚少商,短评内容:亲在不远游，我不会再离开你们身边了。,短评人:水仙操,短评内容:前不久姥姥突然脑出血住院了，还好发现及时不太严重，现已安然出院。7月2号是姥姥的生日，姥爷偷偷准备了蛋糕，大家一起像电影中那样关灯唱生日歌吹蜡烛。虽然平时生活琐碎吵吵闹闹，但那一刻真的很动人。从俗一句：我能想到最浪漫的事，就是和你一起慢慢变老。"
千钧一发,8.8,160845人评价,"短评人:半袖,短评内容:没有触目惊心的科幻大场面，娓娓的说伦理、说基因技术的双刃剑。落了泪的点不是主角，而是最后那个医生，原来他一直都帮助着Vincent，这种梦想一旦被共享，也就推动了第一块多米诺骨牌。有趣的是，片名本身是由DNA的碱基组成的，还有剧组成员名字出来的时候，也是先凸显出G.A.C.T，很有心思的小细节。,短评人:阿子,短评内容:现在再看，还挺腐的。。。,短评人:川总,短评内容:古怪的老电影气质，很励志，有点基。世界若是真的如此不公平，那我们就集体作弊去吧。,短评人:咱说,短评内容:问题不在于基因，也不在于决定论，而在于一种万恶的标准和秩序，试图消灭美妙的多样性。,短评人:巽,短评内容:这名字译得太搞了～＝＝"
发条橙,8.5,270150人评价,"短评人:院 长 思 密 达,短评内容:我也想买那个瓷的大JJ,短评人:文泽尔,短评内容:经典的3p节奏..漂亮干净的画面,短评人:lisa|离,短评内容:没办法。。。谁让咱假装是文艺青年呢。。。很喜欢,短评人:宅蘑菇Moku,短评内容:总之我看着觉得很烦= =,短评人:凌睿,短评内容:成功预言了杨永信的电击疗法。"
E.T. 外星人,8.6,245876人评价,"短评人:薇羅尼卡,短评内容:有史以来最温情的科幻片，喜欢小E.T,短评人:战国客,短评内容:一则感人的美丽童话，适合大人和孩子们一起观看。没想到竟然是82年的片子~~,短评人:凌睿,短评内容:小伙子骑自行车是十级水平，可以代表国家参加奥运会了。2015.3.24成都,短评人:爱吃烤鹅,短评内容:电影超越一切隔阂，以一个单纯却永恒的故事打动人心，片中童话般的情节和寓言式的启示让观众笑中带泪。,短评人:(๑⁼̴̀д⁼̴́๑),短评内容:ET被抓进实验室，小埃利奥特也一病不起。孩子们愤怒了，他们自发组织起来，营救外星人。埃利奥特也在心灵的感召下苏醒过来，加入营救行动。他们能成功么"
网络谜踪,8.6,360079人评价,"短评人:朱熠,短评内容:三星半。感谢google，感谢facebook，感谢twitter，感谢gmail，感谢youtube，感谢youcast，而我一个都上不了,短评人:Sammy,短评内容:这个剧本和这个表演实在是太精彩了！真正要亚裔在好莱坞获得尊重应该是靠searching这种硬实力，而不是crazy rich asian的stereotypes.,短评人:roobs,短评内容:确实是重新解读电影语言，节奏快且充满代入感，我们每一天不就是这样过吗。给剪辑师加鸡腿！故事本身讲得也好，情感和悬疑结合完美，铺垫好家庭背景之后所有发展都顺理成章又出人意料，换一个老爸能火眼金睛至此可能会显刻意。题外话：John真是英俊啊我从进剧院第一眼看到他开始就不会呼吸了妈呀,短评人:惨绿,短评内容:为杰伦疯狂打call！,短评人:科林,短评内容:全程通过一个桌面，把案件的悬疑性带到那么强的地步，佩服！有个细节很赞：当爸爸首次听说汤不热，搜索的是Tumbler，谷歌推荐的是Tumblr。嗯，细致的推理逻辑可见一斑（请点赞）~"
四个春天,8.9,110040人评价,"短评人:谋杀游戏机,短评内容:看哭了。倒不是说这片子拍得多么惊世（当然导演本来就是一枚文艺大叔&很棒的图片摄影爱好者，对影像有很强的敏感度，拍出一份质朴的诗意），主要是这对老人家太令我羡慕和感动了，这就是中国家庭最缺失的爱的教育啊，小时候梦想中其乐融融的家庭氛围。他们将岁月的苦难化为财富（生活能力极强，除彼此不依附任何人，对一切事物尤其文化生活有强烈的好奇心），展现出超乎常人的乐观、豁达、坚韧与感染力，拍成连续剧我都愿意看。古...,短评人:frozenmoon,短评内容:纪录片直击穷山恶水黑社会是一种力量，记录柴米油盐酱醋茶也是一种力量。我们的家庭叙事中很少见到这样豁达与乐观的父母辈，他们对生活中具体的一餐一饭一花一草一事一物真心好奇，真心感恩，真心享受。父亲无论遇到什么事，都笑着说“好玩得很”，看见红亮腊肠慨叹一句“安逸”，看燕子筑巢，看荆条发芽，吹一支蒲公英，这些不是文艺青年的摆拍，是来自真实生活中的点滴情趣，它本应是生活的本意，只是长久地被尘埃覆盖。这其中也...,短评人:维舟,短评内容:观影完，有人说想到沈从文笔下的湘西，但我第一反应想到的倒是《徒然草》里的一句话：“仔细想来，我在世上已经了无牵挂，只对于时序节令的推移，还不能忘怀。”时光迁流、景致变化，在东亚文艺传统中原就包含了最深的人生感受。日本电影《古都》也是。现在倒是中国人多失去了这种敏感。,短评人:澈南,短评内容:共情真的是一种很高级的情感，无论悲喜都如沐春风，是燕子回巢的呢喃，是半亩方塘的春水搅动，是厨房的乒铃乓啷，是迟迟不愿挪步的送别，是白发人送黑发人噙着的泪，是用DV记录家庭生活的镜头。父亲这一代知识分子拿的起乐器学的来剪辑，即使年纪大了“每天也要为这个家做一件事”，母亲总是囿于厨房但总能笑呵呵地唱起旧曲，还经常地木楞停住想起亡去的姐姐。两位老人鲜活可爱，我也是第一次注意到我有时候竟然会错过这些身边类...,短评人:恶猫的步调,短评内容:说个题外，我觉得豆瓣可以开一个“中国式葬礼”的视频话题，很多老式的死亡文化其实都很值得记录下来，不管是中国式的道教葬礼还是中国式的基督教葬礼……我们总是避免讨论死亡的话题，但它其实是我们终将唯一能讨论的话题了。"
撞车,8.6,242478人评价,"短评人:影志,短评内容:《断背山》因你与奥斯卡失之交臂。,短评人:[已注销],短评内容:多走线接近完美的剧本在美国其实并不少见.但仍旧不理解为什么断背山会输给它.,短评人:璀璨,短评内容:伟大的作品。重看一遍的时候仍旧感动，冲入汽车中的男人，女人烟火中的回头而落泪。为小女孩抱住父亲，父亲绝望的哭喊。这城市的华灯初上，雨中车灯，滚落的黑人男孩手中的木头雕像。向一切的怀疑、争吵、怯弱、爱。致敬。,短评人:BOSS米我要,短评内容:喜欢这种看似毫无关联却关联紧密的小电影儿。,短评人:女魔头,短评内容:有点太假的感觉。"
变脸,8.5,307393人评价,"短评人:战国客,短评内容:当发哥的风衣、墨镜出现在了凯奇身上，当凯奇在教堂唱起“哈利路亚”，我完全被他迷倒了~~,短评人:薇羅尼卡,短评内容:很不错，两个演员不相上下，演得好，导得好。,短评人:luc1en,短评内容:永远也不要玩王子与贫儿的游戏(医生真是负责，肚子上的肥肉也被送回去了?),短评人:张子房,短评内容:说实话，换脸变成另一个人是一件很可怕的事，想一想在变成另一个的时候可以无视道德和法律的约束，会不会在变换的过程中迷失最初的自己,短评人:九尾黑猫,短评内容:确实好看呀，我喜欢特拉沃尔塔~"
梦之安魂曲,8.7,158931人评价,"短评人:Doublebitch,短评内容:看完这电影就跟死了一回似的。我的top10之一。秒杀级的镜头语言和剪辑配乐。,短评人:战国客,短评内容:最绝望的观影经历！绝望到耳不敢闻，目不敢视，心灵战栗！,短评人:石头[b side],短评内容:憨憨说看了这片你就不想吸毒了，恩，真不想了,短评人:Adiósardour,短评内容:孤独和绝望，不能想象没有电视巧克力糖分的生活。世界上没有光或者它们统统被绝望的黑暗浇熄了。欲望上瘾如同被魔鬼引诱。一次又一次的站在精神濒临崩溃的边缘上。世界只剩下自己一人，一张床或者沙发前昏暗的电视光速，亢奋后的瞳孔缩小又放大扩散，世界如此空虚迷幻。,短评人:宫廷阉割师大人,短评内容:其实人和人的生活是很脆弱的，很容易分崩离析。欲望是快速的，惩罚却来日方长。"
