moviesName,moviesRatings,moviesNumbers,moviesComment
肖申克的救赎 The Shawshank Redemption,9.7,346310,"['超级喜欢超级喜欢,不看的话人生不圆满.', 'Fear Can Hold You Prisoner, Hope Can Set You Free', '人的生命不过是从一个洞穴通往另一个世界..然后在那个世界的雨中继续颤抖.i hope', '这样的男人谁会舍得背叛。。。', '墙里的人老是喊自由，可是墙外的我们真正得到了吗？']"
霸王别姬,9.6,279572,"['陈凯歌可以靠它吃两辈子饭了，现在看来江郎才尽也情有可原', '在野路子出身的张国荣面前，学院出身的张丰毅显得那么单薄', '往事不要再提，人生已多风雨。纵然记忆抹不去，爱与恨都还在心里。真的要断了过去，让明天好好继续，你就不必再苦苦追问他的消息。爱情他是个难题，让人目眩神迷，忘了痛或许可以，忘了你却太不容易。我对你仍有爱意我对自己无能为力。', '我得我擞^@部片子的啊！――我以檫@是a影的_始，l知道是Y束。', '往事不要再提，人生已多风雨。他是霸王，你是虞姬，“我本是男儿郎，又不是女娇娥”，万丈红尘蹉跌走过半世纪。寥落繁华不由己，十万春花如梦里。剑还给你，命也还给你。“君王意气尽，贱妾何聊生？”陪你唱罢这出、我便离去...']"
阿甘正传 Forrest Gump,9.5,222123,"['妈妈说，生活就像一盒巧克力……请不要再续下一句，耳朵听的起了茧子。', '太甜美的美', '重新再看一遍，觉得奥斯卡当年颁给《阿甘正传》而不是《肖申克的救赎》，还是对的……更广阔，经得起各种解读，每个人都能找到自己的点。', '这是一部美国典型的反智题材电影。聪明的人未必一定能成功。阿甘的智商极低，却情商极高。他一直怀着单纯的心，做了在别人眼里了不起的事，也尽力照顾身边的人。\n成功充满必然与偶然。\n人生就像是一盒巧克力。\n最经典的两句台词\n', '他的十二支船，每一支都是她的名字。她走后，他只得跑遍世界的每一个湖泊和沙漠来思念她，只等她一声召唤便死心塌地的回到她的身边。好莱坞编造一个这么纯粹的故事，让我们看到我们所拥有的感情，是多么的残破不堪。这简直是残忍的，不道德的。']"
这个杀手不太冷 Léon,9.4,271325,"['一半的魅力来自反派：Gary Oldman.', '我开始想要过得快乐，睡在床上，有牵挂', '或许是很多姑娘大叔控的根源。', ""Léon： You're not going to lose me. You've given me a taste for life. I wanna be happy. Sleep in a bed, have roots. And you'll never be alone again, Mathilda. Please, go now, baby, go. Calm down, go no..."", '我到哪里找，像你这么好。']"
美丽人生 La vita è bella,9.5,190562,"['人生，就是喜剧，就是一场1000分的游戏。千万别哭，不然那个迈着正步去赴死的犹太人会笑话你的。\r\n \r\n', '即使是悲惨世界,也要大大的笑着.', '前后如同两部电影。前一半有多欢脱，后一半就有多苍凉。我特别在意那位执着与于猜谜的军官，善与恶，竟然最终抵不过一道谜题，这也是一种人生的况味吧。', '世界上最美丽的谎言与微笑。Surprise her, forever!', '从天而降的钥匙打开了她的心房，却打不开奴役的枷锁；\n骑马逃离婚姻的羁绊，却逃不出法西斯的束缚。\n现实残酷，他就用温柔回敬现实。\n战争凶猛，他就用父爱打赢这场战争。\n做一块蛋糕，他就融化了她的心窝；\n铺一张地毯，她就走进了他的生活。\n一句广播，一首音乐，让妻子重新看见希望。\n一个善意的谎言，一个属于父子之间的游戏，给孩子一个没有阴影的童年。\n我只是一个普通人，你却让我做了公主。\n我只是想要一个玩具坦...']"
泰坦尼克号 Titanic,9.4,205224,"['永远是我在电影院所看过最好的电影', '生死两茫茫\r\n不思量\r\n自难忘', '事隔那N多年依然o法忘初的感印', '你不能否认，它就是个传奇 ', '看了四遍，最后一次也是五年前了吧。不知再拿出来重温的话，会不会嚎啕大哭，像小学那时一样。 1998，5']"
千与千寻 千と千い紊耠Lし,9.3,255879,"['自认为是宫崎骏最好的一部。| 2019.6.22 大银幕重温，感谢造梦者。', '“有些事情是不可能忘记的。 只是一时想不起来。”忘了怎么打动我的了……好像不是打动，而是震撼。', '有那么那么经典吗？还是我老了？', '有一点模糊的小爱情...小白龙报恩，千寻想起了她自己及小情人儿的名字。帮客人洗澡，小煤球儿来回跑。这些经历给我多好玩儿，我一定不会变成大猪，不乱吃东西，给客人洗得干干净净。小白龙永远跟我好^^回到14岁：）', '宫崎骏没有迪斯尼那么花哨 甚至有些落伍 直到现在 他还坚持用手工绘画而不是电脑绘图来完成自己的卡通片 但他懂得一部卡通片 或者一部影片 应该用什么去打动别人 所以 宫崎骏笔下的形象是一个个人 而不是一个个没有知觉的卡通形象 ']"
辛德勒的名单 Schindler's List,9.5,109917,"['有钱才能保护喜欢的人', '这不止是剧情，更是技术、镜头、剪辑、演技和配乐的综合胜利。表达是一出技巧活，不以剧本和背景定优劣，这一切都是导演的功力和运气造成，不可求，但可遇――《辛德勒的名单》可谓厚积薄发。而实论背景，辛德勒本人之事尚存争议，电影却已在全世界人面前诠释并且定性了，由此可见媒体的影响之大', '“凡救人一命，即救全世界！”一段如此深刻的历史，多么希望它早早结束，但如此一部经典的影片你却永远都不想它完结。感动于良知，印象很深刻的永远是黑白画面中的那一抹红色。在任何时代，不管有多么的黑暗，都会有人性的光辉在闪烁着；经典的影片也不会因为缺失色彩而让人觉得沉闷。★★★★☆', '辛德勒犹太人献给辛德勒的指环上写着：“凡救人一命，即救全世界。”当1100这个数字具化到一个个人名的时候，当片尾处影片中被救的犹太人原型出现时，才能真真切切地体会到指环上的那句希伯来经文的深刻。', '斯皮尔伯格，犹太人，世界最著名的导演之一，他通过黑白映像把第二次世界大战中德国纳粹犯下的滔天罪行传播到世界各地，那段对犹太人灭绝人性的杀戮终于大白于天下。\n苍天悲悯，辛德勒名单内是生命，外是死亡，他为此倾家荡产，1100犹太人得已生还，也记住了辛德勒这位伟人。\n']"
盗梦空间 Inception,9.3,259556,"['大概广电局也不知道该从哪里剪', '1、电影确实精彩。2、没有想象的难懂，相信你自己。3、总会有一个让你记一辈子的镜头。4、请降低期待值。5、请提前上厕所。6、记得关手机。7、一定要去影院，因为影院也是个造梦机器。8、记得听完结尾音乐。因为它负责让你醒来。9、极可能是近几年你在影院看过最精彩的电影。10、穿越吧少年', '一直在牛逼，从未被超越。只有Nolan才能达到这种境界！！！', '“既然做梦，就做大点” 这句太深得人心了。――2010年最天才的电影。“谁又能说，现实不是梦境。” Do you remember how you got here?', '概念不算新鲜但还不错 ;p 充斥许多漂亮的慢动作镜头和带点匪夷所思的建筑构想，视觉效果挺棒的！偶尔会令我想起Paprika……']"
忠犬八公的故事 Hachi: A Dog's Tale,9.4,196338,"['八公的主人，也在天堂的门口等了它很久吧。', 'Hachi就是爱一个人过一生了。', '你要养狗,就不能当它是guest,十年可是一只狗的一辈子', '这次不是拉布拉多，不是金毛，是默默无闻的秋田犬~在电影的最后部分我哭的稀里哗啦，意气风发的八公老了，脏了，以前不怎么喜欢他的女主人抱着它感动的流泪，大雪纷飞的夜里因为有火车来了八公又在等，似乎是回光返照般的看见男主人一如从前那样从火车站里走出来张开双臂要拥抱他~其实狗狗什么都知道', '....明早眼睛又肿了']"
海上钢琴师 La leggenda del pianista sull'oceano,9.3,224325,"['如果我把吉他练熟了，就可以不用买打火机啦', '每个人的心里都有自己的一艘船 一个近乎偏执的小归宿 只是因为它让我们感到实实在在的安全 不致无枝可依。', '最喜欢的电影，喜欢，不是之一，而是唯一 ', '每天睁眼，去面对这个世界都需要勇气。', '我想有些东西只是能在特定的环境下生长。当环境变了，其他的一切都会变。']"
机器人总动员 WALL・E,9.3,151238,"['这是一只安卓和苹果的故事么。。', '很久没看过这么可爱的动画片了。瓦力什么都不会说，除了那一声声执拗的：Eve！他们在星空画出美丽的弧线，他们无意间守候了一份真正的爱情。', '再也没有比《瓦力》更美的动画片了！谈到Wall・E的来源，导演安德鲁・斯坦顿否认了“ET”或者“霹雳五号”的说法（尽管外形很像），他只承认自己创造Wall・E受到了“小台灯”（Luxo）、双筒望远镜、R2-D2、迪士尼乐园“星空之旅”的机器人、卓别林以及伍迪・艾伦的影响。', '陈奕迅都为你唱歌了', '准备看第二遍']"
三傻大闹宝莱坞 3 Idiots,9.2,244064,"['当你不断追求卓越，成功就会不知不觉追赶你。害怕明天，怎能过好今天呢？心很脆弱，我们要学会哄它。鸡不会知道蛋的前程。学习是为了完善人生，而非享乐人生。只为生命而感激。朋友失败，你难过，朋友成功，你更难过。一切顺利。', '太给力了，有史以来最励志的电影。', '该片的中文翻译太烂了，差点就错过欣赏一部好作品了。\r\n兰彻一直在给大家灌输的一种理念就是：简单生活，遵从心声，为自己而活。 \r\n的确，他让朋友们重新认识了自己和所要坚定的方向。\r\n很喜欢片尾的那片湖泊，不知道是在哪里呢？', '它又吵又闹、又臭又长，但我想不出什么理由不给它五颗星。', '第一次完整看完一部印度片。中国不如。']"
楚门的世界 The Truman Show,9.3,188904,"['“如果再也不能见到你，祝你早安，午安和晚安。”', '就算是已经完全知道剧情走向也还是被震撼被感动。就算你能摄影我的一切也无法在我脑内安装摄影机。', '打开这道门，即便现实再最肮脏也请让我自己感受！关掉你的镜头，即使现实再无奈你也必须自己体验！', '年轻时候的金凯瑞真TMD 帅。尤其一头柔顺的头发。', '这是一部每个中国人和每名中国同志都应该看的电影，我们就是无数的楚门，生活在这个时代。我们的命运被操控在他人手中，大多数人还并没有发现，更多的人发现了也无力挣脱。心灵的顿悟是人生的必修课，你不去选择它，它就会左右你。“人生如戏，戏如人生”']"
放牛班的春天 Les choristes,9.3,142206,"['纸飞机+挥动的小手――那一刻，什么都值了', '一个孩子在启蒙时期，能够遇到一位好的老师，真的是一件非常幸运的事情。', '那漫天飘扬的纸飞机是我对你最诚挚的敬意。', '星期六，贝贝抱着小熊跟马修老师回家了！QwQ', '所以我一直坚信最好的教育人才应该放在学前教育和初等教育。小学老师对孩子的未来产生的影响远大于大学老师。可现状却是，大批自己都没学会怎么做人的人被随随便便扔到了小学、初中做老师，放纵霸凌，根据权势财势“因材施教”，惩罚性教育，把孩子逼上绝路就让天性不良背锅，呸。']"
星际穿越 Interstellar,9.3,236351,"['你应该敬畏时间，因为那是一切的密码；但不要滥用爱意，因为那不是一切的钥匙。', '非常理想化，所以显得很有种，没有公司敢让任何人拍这样的电影。致敬库布里克的镜头体现了导演的少女心。但有2001珠玉在前，我认为这部顶多和它并驾齐驱。诺兰尽其所能拍出了触手可及的科幻，硬核又充满人性，温情又隐含黑暗面，让人潸然泪下。“理想化”是不是削弱了剧本？大家保留各自意见吧。', '以地球全部北京化（咦？）为背景的近未来硬科幻，对虫洞、重力和时间维度都有新颖的理解，刻画的浩瀚宇宙让人目眩。可惜诺兰的野心太大（真的是bigger than bigger！），而且把人性拔那么高，到最后就成太空神棍片了...', '2011年11月有《雨果》，2012年11月有《少年派的奇幻漂流》，2013年11月有《地心引力》，2014年11月有《星际穿越》，……前三部电影分别获得11、10、11项的奥斯卡提名，然后都拿下最佳摄影和最佳视觉效果奖，由此，我们可以预测《星际穿越》2015年的奥斯卡提名数和最佳摄影+视觉效果拿奖的可能性？……', '天地玄黄，宇宙洪荒。英雄气笃，儿女情长。']"
大话西游之大圣娶亲 西[大Y局之仙履奇,9.2,153435,"['为什么越看越觉得悲伤', '小时候看着笑，长大了看着哭。', '坐我旁边的那个年近四十、西装革履的男人从电影刚开始就止不住眼泪，有些地方哭着笑出声。而他的年轻女伴从开头就一直低头玩手机、到经典场景就煞有介事地拍张照片、不到一半时一直嚷嚷着无聊，硬是把那个男人拉走了。', '盗用一句黄姐姐很喜欢的管风琴，""人能这么锲而不舍地轻佻，骨子里一定有哀世伤生的肃穆在支撑。""', '哈哈,也是我最喜欢的电影之一了.看过好几次,第一次看笑得半死,后来居然又看哭了.其实可以喜欢到不太想得起来.但是是值得永远收藏的.']"
熔炉 ???,9.3,136903,"['人口大国什么时候能拍出这样的片子，这样在嘲笑棒子的时候才有点底气。', '@世界的^望在於，眼地看著那N多的不公不平每天都在身l生，自己再怎N努力s依fo可奈何；而@世界的希望也在於，明知是蚍蜉撼大洌s是有那N一群人讨地x窳诉@一lDy而捉不可能的路。', '。。。套用 被嫌弃的松子的一生 里面的一句话：生而为人，对不起。', '我们无法改变世界，但我们可以选择不被世界改变...', '《内咸》--鲁迅']"
疯狂动物城 Zootopia,9.2,229740,"['无论是人设，世界观，动画制作，还是剧本，都挑不出毛病来啊啊啊！！细节多到爆！！好幸福！！！！>w< 最难能可贵的是配角们的人物性格和形象设置都非常饱满（教父梗好惊喜>< ） 虽然是动画，但是剧本还是隐射很多人类社会的种族问题，以及政治两党上位之争的问题。另外我狐Nick的眼神是在太苏了TwT...', '绝对的好片子 裂墙推荐。实在是因为另一场满了…随手挑了这个片子。真是5分钟一小笑 10分钟哄堂大笑。看那个又懒又慢树獭简直要锤墙了。旁边法国妹子精辟的吐槽！看！这是我们法国人。我要憋到内伤了。最后散场大家都静坐着等着整首歌放完…五星好评。2016年度十佳。', '想嫁给又吊儿郎当又酷得不像话的狐狸先生。\n自认为是奥斯卡长篇动画的有力候选。\n啊啊啊，真的好好看，我要去二刷。', '赞到惊人，大迪斯尼动画一年比一年精彩！朱迪只身去陌生的大城市追梦，让我又追忆起自己那美好而充实的留学生活了。Sloth们的每次出场自己都要笑到面瘫了！而朱迪跟尼克哭着道歉的那段我也跟着哭了，朋友之间有时候就应该这样把脸拉下来好好道歉！总体反映的各种社会现象以及政治问题都很贴切到位。', '超~~~~~~~~~~可爱的。大眼睛看得我都化了。一想到未来狐狸跟兔子可能有感情戏，我就hhhhhhhh。那只长耳朵的狐狸和那群二哈狼是我的笑点！！！']"
无间道 og道,9.2,112298,"['当年我深刻的爱上了梁朝伟同学', '看了美版的，才知道港版有多好看~55555555', '现在看来，无间道一部电梯里挤了三个影帝，这部电梯也算是前无古人后无来者了。', '重新对香港电影刮目相看，它从哲学的角度深入探索人性，去感受身不由己之下的那种窒息，感受贪婪与自私，体验善恶的痛楚纠结。编剧确实是相当的出色，梁朝伟的陈松仁直接神化，所有的角色都可圈可点，没有一出多余的地方，以至多年后看美版的时候仍然不忘旧爱。这是港片的里程碑。9.2', '难怪高中时大家那么喜欢。片尾才发现，陈永仁的生日和我一样。']"
龙猫 となりのトトロ,9.2,148894,"['原来龙猫的戏份这么少啊。', '人人心中都有个龙猫，童年就永远不会消失，爱是最美的拥有～\n\n★★★★★', '这个情节也太简单点了吧……', '摸摸龙猫的鼻子胡须就会颤动起来哦=w=……看见斜眼偷瞄逃跑的小白一定要跟上去！ 童话总是在相信它的人心中真实的存在着，想起来的时候心中就会充满温暖守护的力量', '宫崎骏真是个内心柔软的天才。能给这个残酷的世界这么多温暖。龙猫真像童年时的一场梦，长大之后似乎忘记了，突然看见它毛茸茸的身躯，就想起了所有的奢望。这大概就是我们得以在孤独中相互告慰的东西吧。无论怎样，成熟都是一场病，而能够治愈它的，大概只有对这个世界最温存的渴望。']"
教父 The Godfather,9.3,97337,"['""Because a man who doesn\'t spend time with his family can never be a real man.""', '讲述的是一个好孩子怎么变成老大的过程', '平缓的节奏蕴藏着巨大的权威和张力，音乐舒缓淡淡忧伤，利益博弈人性冲突。无论是演技还是镜头、音乐的运用，都给人以一种美的享受。而看这部电影是极其需要沉下心来细细品味，也无论何时翻出来重温都能有新的感受。★★★★☆', '男性电影，没有打动我', '把《教父》分拆开来，每一个小片段其实都平淡无奇，但是这些平淡的小片段组合在一起的时候却产生了如此巨大的魔力，究其本质，因为所有的这一切都是以真实的情感作为基础的，没有任何的做作，没有任何的夸张，就像我们真实的生活一样，人对于真实其实是非常敏感的。']"
当幸福来敲门 The Pursuit of Happyness,9.1,153625,"['如果能让自己不再为光阴被虚度，才华被耗尽而流泪，如果能让自己坚定，“我不要似是而非的人生，我要自己做的每一件事都刻骨铭心”，那么这场狂热便是得其所，记住这永远不是最差的人生。', 'There is no ""why""\u3000in happiness, there is an ""I""\n里面立志的桥段很多，比如说打篮球时候威尔对他儿子说的话.这是中国父母需要学到的...尽可能地给孩子一个美好的世界.', '虽然是个好莱坞励志片，但真正让我感慨的其实是，穷人想要翻身，真是太难太难了，他们大多数不是不努力工作，但确实是一根绳子勒在脖子上，压根没有喘息的机会，而且他们的孩子从出生下来就没有，毕竟不是每个穷人家的孩子，都足够幸运能有这么顽强，比别人聪明十倍的爸爸啊。', '孩子母亲颤抖着说你会照顾好他；\r\n装扮成时光机器来安抚孩子，子夜洗手间中独自哭泣；\r\n“你是个好爸爸”，孩子说。\r\n看电影的时候，我的手经常不自觉的紧握着，为那揪心的困窘。\r\n幸福在这里敲门了，可是那些没有被敲门的人呢？', '想起来徐本禹说的那句话：”你穷，别人会同情你，但你一直穷，别人不会一直同情你的。“《幸福来敲门》虽然算不上是完美的励志片，但它至少教会我一点，不要把自己经历过的事儿当个事儿，即使能感动他人，这些也什么都不是。把这些扔在脑后，让生命爆发出战斗力，去击败一切，才是真正动人的感人故事。']"
怦然心动 Flipped,9.1,266978,"['我看完后也对这女孩感触特别深，她独立而勤劳，恪守自尊但又不敏感到浑身长刺，正像邦妮另外一条说的，没有那个男孩，她也会生长得很好。对于成长电影来说，它对孩子和家长都很有教育意义，不论面对挫折还是爱，它都有非常正向的可贵的价值观。', '当你喜欢我的时候，我不喜欢你；当你爱上我的时候，我喜欢上你；当你离开我的时候，我却爱上你；是你走得太快，还是我跟不上你的脚步……', '………………我能o十星幔', 'Flipped，怦然心动，喜欢这个翻译的片名，就像第一次看到那棵树上的美景，就像第一次看到你闪亮的眼睛，那一瞬，就莫名心动了', '罗伯.莱纳强势回归！手法流畅洗练，丝毫没有落入俗套和滥情之处。对两小无猜的男孩儿/女孩儿巧妙地互动关系下，呈现出他们不同的性格、观点与差异， 旁白充满纯真、幽默和浪漫，在两者巧妙地互动关系下，也对成长有了一番细腻的描绘。男女主角很萌，一个像莱昂纳多，一个有娜塔莉波曼的气质~']"
触不可及 Intouchables,9.2,145913,"['音乐真棒，看到最后有些意犹未尽。很舒服的电影，故事有趣又会带些感动。两个完全不同世界的人，因为教育、知识、习惯等各种不同造成情节冲突及笑料；而彼此的影响和同化则是感动的部分。对于菲利普来说，有时需要的未必是小心翼翼的服侍，而是像对待普通人一样的无歧视对待。', '对残障人士最大的尊重，就是不要把他们当做残障人士。尊重比爱和同情心更高等级', '去年的法国票房冠军，来自于一个真实故事的改编。少有的不刻意煽情，原声很棒，一个老套的故事竟能讲的如此有趣，还总能时不时惹人发笑，让人感动。最后字幕拉起时，仍在回味并享受那种喋喋不休与法式优雅情怀。有时，也许你给我的，是所有人都无法触及到的。★★★★', '原声实在是棒！两个演员都很精彩 完全是笑声和泪水齐飞的电影！！！', '高雅喜剧，黑与白分别代表两种被法国社会所孤立的特殊群体，他们相互嘲讽，是用法国社会的嘲讽来引领观众对使角色的认同；他们相互扶持，融为一体并重新融入社会。通过片尾我们了解到原型是白人，片中改为黑人一是能够起到对角色的随性化处理；二是对于第三第四代非裔法国人渴望融入社会的渴望。']"
蝙蝠侠：黑暗骑士 The Dark Knight,9.2,113093,"['伟大之作,与其在文艺片里奋战,不如像这样提升商业片的水准!', '“有些人并不喜欢那些常人偏爱的东西，比如金钱，他们不被收买、不会被恐吓、不可理喻、更不接受谈判，有些人就想看人间地狱。” 也只有蝙蝠侠，才能让小丑变得完整。无尽的黑暗。', '诺兰的叙事能力不但在于结构上。。他总有一个与众不同的主题', '当之无愧最出色的商业电影！', '一直在搜索“为什么还有人想住在哥谭市”']"
控方证人 Witness for the Prosecution,9.6,70211,"['好片遇上好字幕~爽', '这片最大的反转不是影片末尾的谜底揭晓，而是看完影片后我查到女主角拍摄时已经五十六岁了。昏迷。', '比利怀德真的是各种意义上的领先时代五十年，连防剧透声明都领先了', '包括希治阁在内都无人如怀德那样完美结合幽默感与悬疑剧，一星半；再无人能复制表情帝劳顿永远廿五岁玛琳黛德丽及一班人等的演技贡献，一星半；后世汗牛充栋的推理侦探小说家用各种方式都无法企及阿婆的高度，两星整。', '满分！无法形容的精彩！怀德和阿加莎的完美结合，猜了几次凶手都没中，我还真是。。。马琳黛德丽已经56岁的人了还那么美，果然是remarkable。演员都极其出色。太精彩！']"
活着,9.2,103284,"['个人认为是张义谋最好的电影。', '一个时代有一个时代的悲哀和可笑，你能在别人心酸的故事中读出些许温情，也能从自己的平凡中领会些许荡气回肠。电影少了原著的惨烈，但那种好死不如赖活着的悲凉还是存在的。', '个人认为张艺谋最好的电影，可惜这样的电影被当局禁了，因为固有的自卑。9分', '国家走了一小段弯路，对于一代人就是蹉跎了一辈子。生活不易，还是得这么活着。笑中带泪，死人堆里暗暗许下活着的誓约，可谁也不曾想大环境下生活的艰辛。国师在第五代导演最好的时期奉献了极其有温度的作品。经年以后，鹤发的富贵摇着蒲扇回想那天不让有庆上学，少买几个馒头就好了，可生活不曾回头。', '活着就是一切！戛纳评委会大奖，老谋子最好的电影。']"
乱世佳人 Gone with the Wind,9.3,88305,"['一定要看啊,我喜欢斯加丽那种几乎有点蛮横的可爱感觉.甚至可以为了达到目的不责手段,要么爱她,要么讨厌她.她在贫瘠的大地上拿着一根萝卜说(这个,好象很搞笑)""我对上帝发誓,我再也不要挨饿!""我爱上她了!', '郝思佳不算是个“好女人”，但她身上有着或许很多男人都没有的韧性，仿佛什么都无法打倒她，她永远能找到支点，重新站起来，正如她一直记在心里的“tomorrow is another day”。', '将近４个钟头却还是让人意犹未尽．淋漓尽致了～', '原来80年前斯嘉丽就当了黑寡妇。', '斯佳丽很有个性的一个女人，瑞特巴特勒船长也让人难忘，费雯丽身上体现了那个时代女性独立自强的性格。\n\n瑞特巴特勒船长太有魅力，笑着说“那是你的事情，亲爱的”。对于斯嘉丽，巴特勒船长真的是尽力了，斯嘉丽醒悟得太晚了，“tomorrow is another day”是最真实的谎言。']"
末代皇帝 The Last Emperor,9.2,92019,"['尽管看一群中国人在屏幕上讲英语很是奇怪，但不能否认这是部出色的电影：它与国家无关，与王朝无关，这只是一个渴望自由却不得的人的编年史；""门""的意象被反复提及，寓意溥仪被禁闭的一生；贝托鲁奇娴熟的运镜，要人命的广角自然光，美妙的配乐。', '溥仪只是那个大时代里一个无法左右自己命运的小人物，注定在历史洪流中成为悲剧人物。……贝托鲁奇并没有洋洋洒洒的去讲溥仪的故事与中国的历史，而是选择了一个独特的视角来看待末代皇帝的人生。只是……紫禁城太监还有皇帝与皇妃在后宫都是一口英文……★★★★☆', '走^髌骖簸的一生，曾被囚禁在紫禁城e的少年皇帝成一婶W花白的老人。走到椅前面，δ暧o知的孩子f，this used to be my home。孩子o邪得fprove it，他伸出手去搜ぃ破f的竹@e，少年r的XX在唱g快的歌。@韶光，_早已不知Q了谆亍\n', '26岁的陈冲真是美得叫人目瞪口呆', '能赶上电影节3D巨幕演《末代皇帝》真不容易。全片处处都是痛点。尊龙演的溥仪太经典。最后登上宫殿时，小心翼翼回头看，那种微妙的感情，配上一只穿越半个多世纪的蝈蝈，精妙动人。']"
寻梦环游记 Coco,9.1,255983,"['11月1日亡灵节当天，墨西哥城的影院里，隔壁座儿的小男孩画着鬼脸儿穿着骷髅服，老奶奶抱着万寿菊，举家一起看coco。生活与动画交叠而映，感慨又感动，炫目又泪目。这才叫文化输出，好羡慕，好嫉妒。（ps：盖尔加西亚~不枉爱了你十余年）（pps：开场前送了20分钟冰雪奇缘番外 ，以为走错片场）', '死后世界还是这么三六九等，穷逼死了还是穷逼，那还不如被快点遗忘消失掉啊！', '不得不服皮克斯，一边和你探讨梦想、成功、家庭的意义；一边用各种充满想象力的情节、画面、音乐，让你叹为观止；这样的电影，怎能不爱。（家长指导：6岁以上推荐看，虽然有亡灵情节，但这可是一个关于爱的故事。）', '精致平庸。对这种模式化的故事实在是倦怠了。看了这么多迪士尼的，永远都是在拍同一个事情。', '看着看着就哭了，哭了有至少三次。片头叙事的载体与手法很巧妙，时空流畅地穿梭于缤纷色彩中。配乐动听，Dolby带来演唱会般的体验。纯真美好的梦想无比激昂，安稳温暖的亲情格外芬芳。我们都会离开这个世界，可是，有了一片金色花瓣的祝福，我们不会孤单。想唱就唱，唱得响亮；想哭就哭，泪过启航']"
摔跤吧！爸爸 Dangal,9,217376,"['豆瓣文青们可能已经成功被白左的西方政治正确洗脑了：不放在具体语境下，以西方女权衡量一切本来就是一种偏见和武断。在整体状况还不如中国的印度，本片已经适当地展现了一种进步的女性生活方式，即便在父权的引导之下。让符号化的解读蒙蔽影片传达的真情实感，令人感到可悲。', '一群骂父亲剥夺女儿未来的白左真令人作呕。我们现在有资格成为女运动员女演员女记者女程序员，是因为有牺牲童年牺牲安逸的开路人。女儿对未来应当有自主选择权，更需要能力支撑选择。脱离社会环境探讨权利都是耍流氓。14岁嫁给老头的闺蜜不用忍受被迫练习摔跤的嘲讽，so？', '在印度看得169分钟，一部处处衬着男权和父权的女性电影，女儿没有任何选择权，被父亲残暴地教育成为世界冠军，这个冠军的“正确“结果就意味着父亲教育的正确了。意外这部电影宣传期在国内口碑这么好，大家去看完整版吧认知会反转的', '最喜欢开头女儿埋怨爸爸的那段歌舞，叙事和歌舞互相成全，流畅至极。动作戏最喜欢吉塔初战男跤手和半决赛两场，人物与动作交融。为平权奋斗的主题和父女情都感人至深。民族主义煽情则显生硬。奉劝豆瓣那些不沾土不沾灰六亲不认的女权婊们，趁早移民欧美澳吧，我们发展中国家的小庙容不下你们这些大神。', '父亲堪称年度最讨厌角色，女性意识的觉醒不是建立在自我的基础上，而是在父权的逼迫下强制产生，这种价值感实在不敢苟同。此外，本片将体育的竞技精神完全扭曲，以输赢作为唯一指标。放在励志题材电影横向比较，也毫无任何创新之处。']"
少年派的奇幻漂流 Life of Pi,9.1,218491,"['语言匮乏。就想搬个板凳坐电影院门口跟行人说：来嘛~', '“我心里有猛虎，在细嗅着蔷薇，审视我的心灵吧，亲爱的朋友，你应战栗，因为那里才是你本来的面目。”――西格夫里・萨松', '我以为它会回头，但它只是朝着森林深处望去，然后永远消失了。也许父亲说得对，它根本没有把我当成朋友，但我非常确定，我在它眼中看到的，绝对不只是我自己目光投射的倒影。它就那么头也不回的走了，但在我内心深处，它永远与我同在。', '五星献给自己看到的最好的3D电影。李安自己也说，拍这电影是不可能完成的任务，但他自己辛苦努力四年终究做到了。第一次如此感受到3D是一部电影不可分割的一部分，以及变换的画幅比例、层层交替的剪辑，一切都是为了故事本身。故事从冒险到有些奇幻，PI其实没有很多内心表达的镜头，但我可以感受到它', '基督在旷野修炼，魔鬼要求他展示奇迹将石头变成面包。但基督拒绝了，因为奇迹就是魔鬼的诱惑。故事出现第二个版本正是印证了这一点。它让电影主旨反转：不再是关于信仰的确立，而是它的缺失――信仰不能建立在奇迹之上，但假如你面对一个奇迹，却选择拒绝去相信，这就是没有信仰的悲哀了。']"
指环王3：王者无敌 The Lord of the Rings: The Return of the King,9.2,55656,"['我就不明白甘道夫升级为白袍巫师了怎么不爱使魔法，改成肉搏战士了。一直期待他使一招毁天灭地……', '骑白马的不一定是王子，是甘道夫；精灵战斗的时候，导演不会毁了他的美貌，别提莱戈拉斯了；裹着蜘蛛丝的弗罗多就像埃及艳后克娄巴特拉；胖子是重要的，他们可以背你；俩人被困在末日火山上，我说要有鹰，于是有鹰了；我差点以为阿拉贡要迎娶莱戈拉斯；弗罗多和山姆是真爱，绝逼的真爱。我要再看原著。', '与咕鲁相比，弗罗多是幸运的。他具有别人无可比拟的强大的纯真力量。但他毁灭了魔戒，却无法清除内心被唤醒的邪恶。谁能说在故事最后他远渡海外，不是一种高傲的自我放逐？也许在索伦被消灭的那一刻，他也明白了邪恶的不可战胜。只是不得不与之抗争是英雄的使命。', '04年奥斯卡陪练片都很弱，所以也没什么冤案。小金人发给三部曲，PJ拍完LOTR本来就是一件伟大的事情。鉴于电影的要求，老左怨念的“霞尔平乱”是不能有的，拍了绝B被喷成画蛇添足。当然就一部忠于原著的电影而言，PJ做得很到位了，不过要看完三本书三部片绝对需要足够的毅力和体力。', '不知为何很不喜欢霍比特人那条线……拖沓嗦 但又不能不要 人皇那条线最喜欢了 真正的气势磅礴（P.S.从冰火追过来发现魔戒当真是真善美极了（P.P.S.甘道夫升级之后为什么还是用法杖打人 一直在等着他念咒语发大招荡平敌军来着']"
飞屋环游记 Up,9,136132,"['找回G失已久的粝氚桑≡谖疫未老去的r候・・・', '前12分钟完美，后面剧作不及技术好。', '爱和梦想，勇气和希望', 'PIXAR总是能带来最单纯的美好', '近乎无可挑剔..']"
十二怒汉 12 Angry Men,9.4,66263,"['情节展开的不错，但是戴维斯主张的部分都只是模棱两可的推测，实际上挨个求证这些东西之后，孩子有可能是凶手，也有可能不是。只是控方的初期工作没有做好，辩方的交叉质询没有做好，案子应该重新调查，而不是简单的判决无罪。\n\n看到有人截屏引用这个十一年前短评做庸俗群众代表我很荣幸。\n\n现在我要补充的话，会说，权利机关的失职是一回事，合理质疑没有毛病，但结局判决无罪是有毛病的。因为不管群众是盲从机构推测，还是盲...', '转最高人民法院学习', '罗生门，只有阐释，没有真相', '投票不管用，意见领袖也没用，你得让每个人都说个够。然后明智的共识才会产生。', '美国之所以能够标榜民主，正是因为这种陪审团制度所映射出来的倾听每一个声音，尊重每一个个体。提出你的“合理怀疑”，大家来讨论，来表决，来投票。但是，并不是每一个陪审团里都有这样一个8号陪审员，而偏见永远存在']"
鬼子来了,9.2,72486,"['陆川快来学习一下牛叉电影是怎么回事吧，不卑不亢不装逼，爱姜文', '十部南京也抵不过一部鬼子来了。', '太他妈深刻了', '我有个朋友说他一共看了３０多遍……', '留口气活着很重要，可有些事比活着留口气重要']"
何以为家 ????????,9.1,153787,"['人类究竟为什么对生育有这么大的执念？', '前100分钟拍的没有任何一丝赘笔，冷静利落，最后20分钟稍有煽情过度，但也是在合理范围之内，小男孩的演技已经超过当年的柳乐优弥，戛纳最年轻影帝马上就要诞生了。', '从一句话的简介 就直击心灵 再到120分钟完整故事 一直受到着冲击与震撼。 三个看片小伙伴 开篇就哭的稀里哗啦 结束 已经泣不成声  真的是一部还没看完就想让全世界去看的电影。那句在法院上12岁的小ZEIN的发言：我要控诉父母生下我。我想让那些无法养活孩子的父母 不要生下孩子。', '最后的笑，之于我们大众，本应平凡不过；之于这部影片，却是格格不入。这也是部超级英雄电影，一个在乱世底层顽强挣扎，救妹妹、当保姆的小小蟑螂侠。#21st SIFF#', '这才是能跟李沧东PK的啊，其他都够不到。']"
天空之城 天空の城ラピュタ,9.1,71993,"['时隔十年重新看这部动画片，被海盗老婆婆那句“头发被剪掉了才是大事”感动得乱七八糟。对于一个女孩子来说，什么金钱散尽啊什么历经苦难啊都被这几个字淡淡抹掉，小小一句话简直就是箴言。', '我看这部一直会哭，看了几次哭了几次，也不知道为了什么。总之，一看到手臂长长的铁皮人寂寥的站在那座城中，就控制不住了。', '人类历史上昙花一现的飞艇时代竟然衍生出了这么波澜壮阔的故事，尽管早期画风有点幼稚，但想象力就是让人叹为观止。我最敬佩的，是当初决定离开天空之城的先人，因为那需要太多的勇气！', '对天空的追逐，永不停止。', '喜欢宫崎峻的画风，单纯舒服。这些年看过很多动画电影，玩过很多游戏，有空中城堡，有机器人，都会想到天空之城。作为90年代初期的作品，他的想象力真的丰富到难以想象。']"
大话西游之月光宝盒 西[第壹佰零壹回之月光盒,9,73585,"['对我们这代人影响最大的电影。寓言故事已然存在，不可避免。世界是巨大的枷锁，你不得不重复自己或是别人的生活。\n台词：你看那个人的背影好奇怪，他好像条狗啊。', '大话西游是一代人心中的经典.', '逢年过节必放必看的经典 我记得片子里最后一句台词是：“你看那个人，好奇怪哟，象一条狗。” 多少的唏嘘感慨啊', '那年的蓝洁瑛怎么那么好看 好看到我眼里完全没有莫女神。                                             18.11.03更新 今天瑛姑过世了，这一辈子太苦，但愿天堂里有属于你的月光宝盒。', '呵呵，1996年看的。【2014】终于在大荧幕上看了。虽然是普通话。经得起这么多次的反刍，可以确认是经典了。想起东邪西毒重演时提前离场的对比，简直。']"
哈尔的移动城堡 ハウルの婴城,9,98321,"['宫崎骏的片子里。老奶奶都很丑。但都是好老奶奶。', '看了这个电影就想要一个家。擦地板，在阳光下面放上铺着干净桌布的餐桌，还有照顾小火苗，就如同守护爱人的心一般。', '爱给了苏菲勇气，哈尔爱苏菲的勇气。', '1，哈尔变身之后的造型就是折了翼的天使。2，王后是女同，看上苏菲了。3，每个宫崎骏都要有老巫婆，善良女，宠物狗，无语怪。还有各种帅男！', '这个……其实我没怎么看明白，14年的宫崎骏粉丝就这么秀逗了。……（后来千和我说她也不懂，少许有点心理安慰……）']"
天堂电影院 Nuovo Cinema Paradiso,9.2,80207,"['出去闯荡吧，永远不要回来，不要打电话，不要写信。我不要在这里跟你谈话，我要听别人谈论你。。。', '观众在电影院什么事都干', '真好的一部片子，关于忘年交，关于青春，关于爱情，关于真诚。三十年的时间，你会习惯多少事情而又忘了当初那些感动。当天堂电影院倒塌的一瞬间，脑中残留的画面想起了阿尔弗雷多的那句话：当你在这里待久了，你会以为这里就是世界的中心，你要离开这里。对未来的信仰和憧憬。结尾的吻戏剪辑真赞！', '因为我也当过放映员，深有感悟……我们每个人都是小托托、每个人都希望自己的儿子也叫小托托、就连爷爷奶奶们也都希望有个小托托样的孙子……', '电影与电影..影史上双重的“最为感人”']"
素媛 ??,9.2,81951,"['""最孤独的人最亲切，受过伤的人总是笑的最灿烂，因为他们不愿让身边的人承受一样的痛苦"" 从素媛到素望，生活有阳光才有希望，可可梦是全片最治愈点，哭成傻逼。“我总想睡一觉就能回到过去，可早上起来发现，还是没有任何变化，太伤心了...以前奶奶说，哎哟要死要死了，这大概就是人活在世的意义”', '爸爸知道女儿介意排便器的塑料声为她准备装满塑料包装纸的糖果小包，女儿知道一直跟着身后的可可梦是爸爸。', '太催泪了，素媛和爸爸之间的很多细节都特别感人，素媛住院时，爸爸笨拙的在电脑上搜索“如何和女儿交流”；出院后爸爸悄悄在她床头放上装满糖的小包让她背着来掩盖便袋的声音；还有素媛不再和爸爸亲近，他只能扮成可可梦哄她开心，每次想到笑嘻嘻的可可梦背后是一个无奈的父亲就会觉得特别心酸。', '“你能来到这个世上真是太好了。”', '泪流满面。']"
罗马假日 Roman Holiday,9,107473,"['赫本，无与伦比的美丽。', '谁不爱赫本啊', '戏里戏外皆是戏梦一场', '罗马，当然是罗马……', '永远的奥黛丽・赫本']"
闻香识女人 Scent of a Woman,9.1,108213,"['史上最美的探戈', '感谢在我灵魂枯竭的时候看到这部电影。', '改编自一本意大利小说。个人认为电影比原著出色。主演Al Pacino演技出众。一段探戈，一篇演讲，皆令人印象深刻。', '喜欢TANGO那段\r\n', '看名字我一直以为是爱情片']"
辩护人 ???,9.2,88095,"['重要的不是这个电影拍的如何，而是韩国电影人在拍这样的电影，韩国观众在看这样的电影，没有审查阻止、禁止、扼止你拍，没有无形之手阻止、禁止、扼止你看，这，就是民主。韩国电影这20年的迅猛发展，离不开韩国电影人的勇气和毅力，中国电影人应该有胆量在一块更大的画布上，言说我们这个时代！', '“国家，证人所说的国家到底是什么？大韩民国宪法第一条第二项，大韩民国主权属于国家，所有的权力都由国民产生，国家即国民。但是证人毫无法律依据，一味强调国家安保，就把国家镇压践踏在了脚下・・・・・・你是让善良无罪的国家生病的蛆虫，你是军事政权肮脏的帮手。”', '法律有时候也是国家暴力机器的一部分，但法律依然是个人能够对抗国家机器唯一的武器，当国家机器想要彻底摧毁一个人的尊严和权利时，它首先想要做到的就是践踏法律。而当法律被如此践踏时，即使是最逐利的律师，也会挺身而出来维护法律。如果要问法律为什么值得信仰，这大概就是我的理由吧。', '在韩国维权人士最后可以做总统。。。。。。', '韩国失去像卢武铉这样的总统... 真的是国之大丧.. 还有这个叫New的制片商真心让人眼前大亮~  去年本人觉得不错的 《新世界》、《监视者》《7号房的礼物》《捉迷藏》等电影都是New筹拍的 而且都是启用了新人做导演']"
搏击俱乐部 Fight Club,9,115850,"['一则极具颠覆性质的社会生活寓言.无能为力，无法改变现状，是现代生活中的癌症。虚无使人痛苦，使人希望借各种方式找回存在的真实感。然而现代人的精神悲剧就是，当他们自我搏斗、脱离了一种精神上的奴役的时候，不知不觉又进入了另一种奴役。影片自身所带有的一种不可言传的魔幻性与自我消解意味使它', '这种类型片很多，这也不是第一个讲述人格分裂题材的电影，不知为何评价很高~~', '邪恶与平庸蛰伏于同一个母体。在特定的时间互相对峙。', '看着所有的摩天大楼在我们面前轰然坍塌，结尾真他妈浪漫啊', '抛开一切，重获自由。You met me at very strange time in my life. 天呐，今天才看完这部电影。佩服导演埋彩蛋的功力，特别那两个big nice cock，绝妙啊！']"
哈利・波特与魔法石 Harry Potter and the Sorcerer's Stone,9,70434,"['作为HP系列的开篇，算是合格完成任务，对人物的交代都很清晰，在许多分裂的HP其他几部，这一部是最忠实表达魔法世界的异彩纷呈的，在交待情节的同时仍不忘学院里的幽灵，会动的画像和楼梯，这在后来几部都几乎没有了。', '你信不信，我也养了一只猫头鹰^^', '我竟然]有在豆瓣添加哈利波特系列啊... 我怎N粉z的我！第一部自然是最引人入俚摹', '当年还是在电影院看的，波特的魔法世界惊艳展开，风靡全球。', '电影院看的，还不错，哈利波特小时候好可爱，每个小演员都很可爱，现在除了几个都长糙了，为了拜托哈利给观众的印象也是拼了。']"
死亡诗社 Dead Poets Society,9.1,99302,"['开场精彩，中场尽显疲态，结局来了个绝杀，最后终于反败为胜，深入我心。凶手毋庸置疑是那个“船长”，他教会了学生追求快乐，但是却没有教会他们反抗，他教学生成为一个理想主义的诗人，却没有教会他们现实的残酷。充满理想的开篇却以悲剧性的事件结尾，理想终归要回到现实，并一直被现实压制。', '最后大家还是屈服了，但是永远不会忘记seize the day.', '深刻并不来自死亡，而来自那对心爱姑娘眸上的深深一吻，岩洞里的昂扬青春，还有生命陨落前那最后璀璨。Carpe diem -- 换个角度，换个心态，不再一样。', '这个时候他该怎么办我想，只能去死了。没想到他真去死了。sb一样的父母', '我和Nill有个一样的父亲，却从来没有遇见过像Mr. Keating那样的老师。所以我哭了。']"
教父2 The Godfather: Part Ⅱ,9.2,36645,"['帕西诺太帅了~', '【720P】这部电影告诉我们，为什么“富不过三代”――因为富二代们的生活总是很混乱。', '即使敌人已经手无寸铁，但仍旧要处理掉。麦克深深的延续了父亲的性格。唯一不同的是家庭问题的处理，是时代变了，也是麦克与父亲之间的不同。两条主线相互交错，即使对比更是互补。阿尔・帕西诺最后的眼神，那是寂寞吗？', '阿尔・帕西诺不能再帅，是年轻时的代表作。', '从《教父1》到《教父2》，科波拉用镜头记录着两代教父权力的交接，也记录着第二代“教父”阿尔・帕西诺从一个男孩成长为一个男人的奋斗史。马龙・白兰度、阿尔・帕西诺、罗伯特・德尼罗，科波拉的镜头囊括了两代共三位教父，算是美国典型黑帮电影的集大成。']"
窃听风暴 Das Leben der Anderen,9.1,82400,"['我们总是歌颂从未发生过的事。', '两条线，两个男人，两个故事，两个互相打捞的故事。丢了一个，彼此的人生都会沉入海底。当剧作家在街头，看到行走在人行道上的特工时，他本可以上前喊住他的。但是终于是没有。就像哈代所言，呼唤的人与被呼唤的很少能互相答应。他们最终选择了沉默地相互记录。', '结尾让人叹为观止，感慨万千。', '专制意味着有些人可以做另一些人的主人。', '-  总觉得还差那么一点点~\r\n大叔和肥婆亲热那段让我破灭了。。。']"
狮子王 The Lion King,9,57322,"['动物版哈姆雷特', '经典得都烂了', '现在看剧情真的好简单啊，不过拟人感实在太完美了。还有那个“哈库那莫塔塔”，好多年没听到了...Can You Feel My Love Tonight？', '我只是在必要的时候才会勇敢，勇敢并不代表你要到处闯祸。', '这动画说的是龙生龙凤生凤、狮子王的孩子还是王；野心家的夺权、王子的复位，以及童年情愫、成年的炮。这动画加分都在技术项，比如使用了当时最先进的2D动画技术，现在看来也是很有美感的画面，以及太经典的歌曲，《Can You Feel the Love Tonight》一曲足矣！8.3']"
指环王2：双塔奇兵 The Lord of the Rings: The Two Towers,9.1,37920,"['比第一部有意思，树人开闸放水冲毁艾辛格的时候，其中一个着火的树人赶紧把头伸进水里笑死我了，好萌啊。假如一开始魔戒就被丢到末日火焰哪来这么多战争和死亡，和异形一样，都是人类的贪欲，自作孽。', '你能想象吗，彼得・杰克逊总共只花了2.8亿美元，就把《指环王》三部曲拍出来了，最后全球票房29亿美元，三部曲通通获得奥斯卡最佳视觉效果，还有一部拿了奥斯卡最佳影片。', '跟书一样壮观。', '传奇延续，依旧震撼，精灵王子还是那么帅。', '影视改编的重点偏移在这一部里表现得更为显著。彻底挑明的原创感情副线，比重加大打法几乎完全原创的圣盔谷一战（当然这段干得不错可以收货），到不算太成功但尚算是有想法的视角切换。最值得赞的是咕噜的形象设计，除了技术限制导致的皮肤质感略欠真实外几乎做到了满分。']"
我不是药神,9,391154,"['放在豆瓣语境下，是部时至今日终于拍出来的国产“高分韩国电影”。拿现实题材拍商业类型片，社会意义摆在那，群戏也处理得相当不错。对我们国家而言，这样的电影多一部是一部，走一步是一步。', '这不是“中国版《达拉斯买家俱乐部》”，这是中国的真实事件改编的中国电影，是属于我们自己的电影，不知道就去百度一下“陆勇”。', '人生建议：别买零食，吃不下的。', '你的一个举动可能会改变别人的一生，酒吧领班从此爱上了钢管舞。', '为一句“谁家还没个病人”泪流满面 感叹生命在“穷病”面前无药可救 感慨中国终于有了属于我们自己的有力量的电影 所有演员都非常出色 近年最好的群像表演 请记住这些电影人 宁浩 文牧野 徐峥 周一围 王传君 谭卓 章宇 杨新铭 王砚辉 咱们电影还是有希望的 愿中国的电影越来越好 谢谢']"
大闹天宫,9.3,25382,"['这个猴子是我们国产动画片的骄傲，到了今天依然得指望着它说事儿～', '向中国早期的动画制作人员致敬！', '这个无须评论。', '要看就看影迷修复版，那是最好的版本。比官方的所谓40周年纪念版都好。玉帝的下巴上非常明显的有颗痣我会到处乱说吗？', '致敬。']"
"两杆大烟枪 Lock, Stock and Two Smoking Barrels",9.1,76472,"['中国多少年轻导演在学这风格', '结构很精细。艾德输光了钱的时候，恍惚出门，扶着墙吐，很真实。一贯老实的厨子打劫前突然说，带把刀好：Guns for show,knives for a pro.――你是不是有什么不为人知的过去？我不知道是马上要打劫可怕还是你的过去可怕。', '貌似疯狂的石头就是在模仿这部片子。麦当娜的前夫的作品。', '谁说这片子比猜火车好的?', ""If you hold back anything, I'll kill you.\r\nIf you bend the truth, or I think you are, I'll kill you.\r\nIf you forget anything, I'll kill you.\r\nIn fact, you'll have to work very hard to stay alive, Nick...""]"
指环王1：魔戒再现 The Lord of the Rings: The Fellowship of the Ring,9,55129,"['甘道夫掉下桥的那一刻，我真的落泪了……', '在拒绝好莱坞N年后，一次意外的走入影院，我成为了LOTR的死忠，总有一个绿衣服的弓箭手在眼前晃悠，我冒着花痴般的笑容，历史就此翻开了崭新的一页。', '想到魔幻世界,想感受史诗的魅力,那就看它吧', '再看一遍终于理解小时候没看明白的原因了 故事冗长曲折 情节还没加勒比吸引 但不得不说画面实在很美', '无限的生命并不能给精灵带来永恒的快乐 更残酷的是 让他们眼睁睁看着身边的美好一点点消逝 或许有限的生命才是命运之神对人类最大的眷顾\n我宁愿和你度过凡人短暂的一生 也不愿一个人看尽这世界的沧海桑田']"
飞越疯人院 One Flew Over the Cuckoo's Nest,9.1,75586,"['没啥感觉的公认好片', '美国人为何会无端端诟病中国的人权问题？而我们又为何会觉得朝鲜人民生活在盲目的幸福中？正因为笼子外的人品尝过笼子内的人闻所未闻的自由。当一个人试图破坏笼子的时候，把他定义为疯子就好了。', 'R.P.McMurphy对体制的挑战以脑叶被切除告终，他对自由的追求失败了吗？他所有的尝试都改变了――哪怕一丁点――“疯子们”的生活环境和心灵禁锢。关于受到争议的死亡，则是酋长对完整人格的高度尊重，代表另一个层面的自由。', '为什么我联想到在7中的日子', '片末切除额叶手术和禁闭岛相似 尼科尔森的演出像是史楚锡流浪记中那位 酋长的存在 又有些类似绿里奇迹 但总体还是最接近肖申克救赎的原型――七十年代风浓郁 船上一段是为上扬气氛的最高潮 众疯人都是很有爱的小朋友 奇迹最终可以催生 反派除护士长外渲染不足 其实护士长是无耻之徒里的传奇毒贩奶奶！']"
美丽心灵 A Beautiful Mind,9,85165,"['我觉得你很有魅力, 你对我的主动性说明你对我有同感。尽管如此，传统的信任仍然需要我们在做爱之前进行数多次柏拉图式恋爱。我正在往这方面发展，但事实说来，我真正想做的只是尽快和你XXXX。', '是的，你必须学会分清哪些是幻觉，哪些是梦，哪些是真实的人生，才可以活下去。', '什么都好，除了《A Beautiful Mind》这个名字。\r\n', '有你终生美丽', '用精神治好了自己的精神病']"
饮食男女 食男女,9.1,84774,"['看到最后，原来是老爸最猛~~', '我也是看完这部最后笑了的人之一，两个多小时的片子却一点也不觉得长，重要的事情发生的时候都有一桌丰盛的美食，原来这就是饮食男女，我们要吃饭，我们也要生活，生活怎么能总是波澜不惊呢，必须是有着很多的问题。没有一颗细腻的心是没办法拍出这样细腻的片子的。', '李安这次不仅把所有的细节都拍进了我的心坎，还给了一个“惊喜”。电影中复杂的菜式我们没法尝到，但他用镜头让我们把生活的酸甜苦辣都一一尝遍。最后的那个味儿，就是“幸福”，看他的电影，那也是我的幸福。', '“其实一家人住在一个屋檐下，照样可以各过各的日子，可是从心里产生的那种顾忌，才是一个家之所以为家的意义。”极其平淡的生活细节，但无不透尽亲情与爱意。归亚蕾那口熟悉又有趣的湘音也让我开怀。有时候，生活和烹饪是一样的道理，需要用心去投入才能做出一份好味道。★★★★', '大导演拍小琐事，像庖丁一样，每一刀都恰到好处，这刀在故事里游刃有余，不见一丝烟火气，故事戛然而止时会觉得这故事仍然在这世上某个地方继续流淌。']"
V字仇杀队 V for Vendetta,8.9,130089,"['真哭了。不是个人英雄的意思，而是，幻想中人民最终会胜利的感慨。', '适合失眠者在凌晨3点至5点观看。我希望有更少的人理解它，有更少的人喜欢它――以便我可以独占它。', '站着不腰疼的政治童话', '大家为什么看的那么爽呢？好像都到了高潮一样。要做爱，不要作战。其实大家既没有作战，也没有做爱。之所以热血沸腾比自慰爽一些的原因是，这种体验介于自慰和做爱之间――有人帮你打飞机而已。醒醒吧，你还在苟活，如果你觉得爽的话。或者殉道，或者修道，但是都没有。所以只能，抱怨，打飞机，苟活。', '超好看！超感动！很有1984的味道~~~！']"
黑客帝国 The Matrix,9,70255,"['果真没让我失望~频频赞叹1999年人家的思维人家的意识 而咱都2012了还是爱构思古装穿越剧。。。', '新的哲学，开创动作片之先河', '为数不多看不懂的电影', '红色还是蓝色药丸，永远是个问题', 'Matrix的母体概念比盗梦牛逼啊，只不过变性兄弟在庞大的逻辑面前没有诺兰熟练的驾驭能力唉。']"
猫鼠游戏 Catch Me If You Can,9,86964,"['很难想象是根据真人真事改编的，很牛，不过在中国估计出不了这种人吧...除非，中国也有个FBI？很好莱坞的片子~~', '这结局还真是没想到！绝不浪费一个人才！疏忽+牛B this is all', '简直就是《华尔街之狼》的前传。PS：K两礼拜书就能从小白考到各种执照，跪服....这样的天才，为非作歹必为大盗，秉公执法必为大侠，无论怎样人生都是闪亮亮的，再次跪服......PS：结尾说的是--人生难得好基友，何必天涯胜旅。', '穿机长制服的小李子帅爆了，很能理解那些被小李子骗的富家小姐们', '非常好看，里面有很多有意思的经典桥段，看到小李子装同行骗过汤姆非常刺激，李子的美貌在这部电影中还是表现的挺淋漓尽致的，尤其是穿机长服时，简直帅爆']"
钢琴家 The Pianist,9.1,55962,"['影片的结尾让整个故事的基调上升了几个层次，这并不是一部简单的反映二战反映犹太人与纳粹的影片。人性是很美的，当然，人生的际遇变幻各有轮回\r\n', '何我很z那{粹士官，至少他是琴家的知音。', '这片子，跟男主角那两抹气质超群的眉毛一样耐看！哈哈', '如今这个民族仍然在继续受苦，苍天无眼', '可能因为刚看了拯救大兵，所以难免的觉得这里描述的世界太干净了．是的，即使你已经觉得很残忍了，它还是太干净漂亮了一点．但是我还是非常喜欢这部电影，．只要那些温暖的东西在，就好了，尽管战争的事实，实际上是要残酷得多的．']"
本杰明・巴顿奇事 The Curious Case of Benjamin Button,8.9,117253,"['你可以像疯狗那样对周围的一切愤愤不平， 你可以诅咒命运，但是等到最后一刻到来之时， 你还得平静的放手而去。每个人在某种程度上都对自己有不同的认识，但是我们最后都会去往同一个地方。只是走的路不同罢了。你也有属于你的道路。', '“于时间的长廊上你再也不等我”', '看了第二遍后，觉得是杰作。好电影就是每次看都会觉得心醉神迷。', '细节成功，但缺乏整体性。', '很好,四平八稳,只是没有惊喜.']"
看不见的客人 Contratiempo,8.8,183706,"['大爷大妈智商这么高 家里娃却蠢到开车不系安全带 还tm发短信。。', '现在能有意外结局还让人颠覆的故事，真的很难得了。结局半小时的反转再反转，能自圆其说，能刷新认识，能大呼过瘾，对一部悬疑推理片来说已经完成的相当漂亮。不会苛求太多，这样的故事和设定已经满足。', '好看。另外建议豆瓣给「我看了七分钟就猜到结局」的观众准备彩蛋，他们是推动电影业进步的动力，值得满屏掉落大拇指。', '“男主玩家的言论真是无懈可击，可惜我是预言家，你已经被我查杀了，你自爆不自爆”', '2016最佳，好久没看这种过山车式悬疑片了']"
让子弹飞,8.8,191660,"['叉着腰！牛着拢∴似鹄矗', '承认爆米花式的好看不行么？别分析政治隐喻了不如去分析下百年孤独更给力。这次是冯小刚式的姜文，不是国产大师不是救世主，他是凡客。。。', '如果说电影是个男人，冯小刚不中看，张艺谋中看不给力，陈凯歌早泄，姜文纯爷们！', '牛着逼！', '要是姜文拍完这部电影就宣布退休，他会被封神。']"
海豚湾 The Cove,9.3,58350,"['我想知道的是 大地村那里的海豚屠宰场现在怎样？关闭了没有？当地的渔民是否还以屠宰海豚谋生？', '看完确实很难受 但是其它被食用残杀的动物就因为比海豚低贱么...我也没办法真的素食主义..更别扭', '海豚湾的鲜血让人心痛。志愿者们的勇敢无畏令人动容。', '“必须屠杀海豚，因为他们吃了太多（我们的）鱼；必须屠杀海豚，因为要维护昔日大日本帝国的尊严！”  丑陋的真相背后总是有政府和利益集团的勾结。', '当Ric把屠杀海豚的视频绑在胸前闯进OPS的大会现场时...我的泪喷涌...']"
西西里的美丽传说 Malèna,8.9,115681,"['看到了人性的丑恶   更是看到了人性的光辉\r\n\r\n一个性启蒙时期的少年雷纳多   爱上了成熟美艳的少妇玛莲娜\r\n\r\n那些为了能见到她 为了能碰到她  \r\n而骑着自行车狂奔的时刻   像是在追逐自己的幸福\r\n\r\n那些因为看到别人诋毁   自己喜欢的女人   而去报复  的小动作\r\n\r\n那个在教堂里   虔诚的跪在圣象面前\r\n喃喃自语的说  在我未有能力照顾好她之前    请神一定要好好保护她   的...', '贝鲁奇实在太美！连咪咪都美得人神共愤！男孩视角不能更动人。我们的历史总是在动荡年代，挑出一两位绝色女性，用她们的绛唇妆点狼烟，然后任之委弃风尘...', '太美,太性感.太凄凉.', '每人在他最真的q月e全身心凵系哪人是最y忘的，然而在她最o助的r候竟然]有人挺身而出', '从13岁男孩眼里看到了人性的丑陋不堪，对特别美丽，又无所依傍的玛莲娜任意伤害，把她逼到绝境，不得已成为妓女，战后更是残酷暴虐把她逼离小镇，讽刺的是当一朵鲜花零落成泥后，她再一次和丈夫回到小镇时又用友善的一面对待。她终于不再美丽，不是异类，对她们没有威胁，沦为和她们同样普通。']"
情书 Love Letter,8.9,140634,"['那些没有开口的告白，最终还是让你听见了。', '总是点到为止的岩井俊二.', '关于藤井树的种种回忆，是你拥有的，我把它寄还给你。\r\n', '你好吗？ 我很好。 你好吗？ 我很好。 你好吗？ 我很好。', '「把名字一遍又一遍的写在借书卡上，反反复复看一张并不想知道答案的英文试卷，在告别之前偷偷的把你画在借书卡背面，希望你有一天会知道，我喜欢你」整部电影的配乐都好伤感，女主角一人分饰两个性格不同的角色演绎的非常好，青春和暗恋的心情满点，话说岩井俊二的每部电影里都有几个无厘头的奇怪角色']"
拯救大兵瑞恩 Saving Private Ryan,9,52051,"['为什么看中国战争片就感觉high得不行真想打一仗，看外国战争片就觉得战争真可怕和平多好啊。。。。再不在吃饭的时候看战争片了，太胸闷了。', '真正意义的大导大片，开场的抢滩和结尾的瑞梅尔血战机位控制臻入神技，牛逼的主次特写像一位幸存的二战联盟老兵啐着唾沫在回忆戎马。瑞梅尔的残破桥头，米勒上尉的身后是无尽残阳，他的面前是这个略显荒谬任务的完结，他的面前也是詹姆斯瑞恩的明天。', '看到结尾Hanks无力地对着迎面驶来的坦克，内奔……', '哭死我了，真的哭的我眼睛都肿了', '那些近乎白描式的战役刻画，真实而震撼；米勒中尉不由自主颤抖的手，是那时每个如棋子般无法控制自己命运战士的写照；在更高层面上的人性与伦理的探讨，其实已经无关紧要。']"
小鞋子 ?????? ?????,9.2,53426,"['没钱不要养孩子', '妹妹给正在为寺院磨糖的爸爸倒了杯茶，“怎么不给爸爸准备糖呢？” “你手边不是有那么多糖么” ”那怎么行，这些是给清真寺的，我们只是代为保管，不可以拿的“。', '这些故事那么熟悉，就发生在我身上。', '最纯的电影', '我又想捐东西了。']"
音乐之声 The Sound of Music,9,47270,"['真希望世界像它描述的那么美好', '有悦耳的音乐相随，有动人的情感相伴；有政治但没有阴谋，有战争却并不残酷；不愧是一部极佳的音乐电影！-2011.10.10 ―――――《音乐之声》上映50周年纪念日：在玛利亚的身上看到了自己的影子，喜爱大自然、喜爱音乐、带孩子们愉快到处地玩乐、教孩子们唱歌、……，满满的重温观影享受。-2015.03.02', '主题的音乐很好听，但可能是距离现在太久了，不太符合现在人的审美，感觉还好吧。', '雪绒花这首歌太熟悉了，玛利亚老师真的是一个与众不同的家教老师，她用她的爱她的音乐感染了上校一家，让原本枯燥无味的家变的活泼充满音乐和欢笑的家，真的是一部很经典的片子', '我是先喜欢里面的一首歌才来看这个电影的。里面的歌舞不错，故事也挺正能量的，如果老师都用爱来教育培养孩子，那孩子们就太幸福了。']"
美国往事 Once Upon a Time in America,9.2,55820,"['有一种片子，伴随你走过热血沸腾的青春期，在成年后来看却又是另一番感受。在巴西，它叫《上帝之城》，在日本，它叫《大佬》，在韩国，它叫《朋友》，在香港，它叫《古惑仔》，在台湾，它叫《牯岭街少年杀人事件》，在大陆，它叫《阳光灿烂的日子》，最早的在美国，叫《 Once Upon a Time in America》。', '两场强暴戏毕竟是吃不消，男性的传奇之路上似乎最少不得的就是美丽而无人格的女性牺牲品', '当年姜文拍阳光灿烂的日子前拉美国往事拉了五十多遍，今次看来，果然颇多神似', '一定要有耐心去看完的电影.又是时间,又是时间里丢失的东西.有一些伤感.', '“青春和强壮会随着锋利的剑而消亡” 大干一场的青春，不曾虚度的十年。岁月让人枯萎，而我们现在有的只有回忆……包罗万象的年代史诗，4个多小时的大银幕体验，电影节完美句点。']"
穿条纹睡衣的男孩 The Boy in the Striped Pajamas,9.1,68964,"['最后他成为了穿条纹睡衣的男孩。', '穿小短西裤衬衫背心的宝贝，眼睛像透明湖水能看穿一切的纯净。以为穿条纹睡衣的男孩会化作烟囱里的浓烟，可这么一个仓促的结局，大雨像硫酸一样砸向心脏。', '看得我浑身发冷~', '小孩总是交友，大人总是树敌。', '我觉得它并不比[辛]差，不是只有透过大社会看战争才是正统的片子。父亲就算是纳粹也爱自己的妻子小孩，母亲做为女性心软，青少年容易被骟动，而什么都不知道的小孩只能接受大人给他灌输的知识。我觉得这些都是可以理解的，并不是“刻板”“形像化”的。最后的长镜头看了几遍']"
致命魔术 The Prestige,8.9,103290,"['一个与同胞兄弟轮流上台享受欢呼与掌声，一个自我牺牲自我毁灭让复制品延续艺术生命。人性泯灭在狂热之中。', '第二遍才发现其实那个小男孩说小鸟的时候已经道出了玄机 撒~撒~', '金刚狼到头来还是被蝙蝠侠给算计了~！\n', '重点是你从一开始就渴望被剧情欺骗，当你彻底陷入一场骗局，你看到的只是导演想让你看到的，这也是影片的伟大之处。诺兰对于观影情绪的把控和希区柯克是同一级别的！★★★★★', '情节悬疑，叙事精巧，主题丰富，背景深厚。简直为完美之作。']"
七宗罪 Se7en,8.8,96691,"['里面的布拉德皮特帅的掉渣……', '决定永远不暴食', '故事看多后的后遗症就是一般最后半小时就知道结局了。。。', '阴沉而绝望。基督教用撒旦的七个恶魔形象来代表七种罪恶：傲慢，嫉妒，暴怒，懒惰，贪婪，暴食，以及淫欲。一个变态的宗教杀手，平时连一只鸡也不杀，但他找到了依据来实施对人的毛骨悚然的谋杀。有什么能比一个人做魔鬼的行径更为恐怖的吗？台词：“这是个美好的世界，值得我们为之奋斗。我同意后半句', '结局让我喜欢这部电影']"
低俗小说 Pulp Fiction,8.8,104528,"['一边聊天一边看，最后发现我竟然没看懂……反而特想吃汉堡……', '太正点了，那妞。。。\n', '文森特你不要总是在关键时刻上厕所啊喂', '昆汀在这部集中展现了他的恶趣味：恋脚，屁眼，假奶，穿洞，SM，血浆。台词功力超牛∩比耸奔浠固早，再聊一会儿。', '不要在上厕所的时候看书  不要过量吸毒 不要把枪放在厕所门口']"
绿皮书 Green Book,8.9,260384,"['肯德基年度推广大电影', '“世界上孤独的人都害怕迈出第一步” 从最开始的矛盾抵触、到被迫站到一边慢慢调和、甚至最后的惺惺相惜，这不是一趟抛开歧视的旅途，而是两个孤独的人从彼此身上看到另一个世界，一个更真实的世界。纵使有太多不同，种族的、阶层的、贫富的，都可以在这一场春风化雨、淡入心灵的结伴同行中，化干戈为玉帛。“爱上你是件毫不费事的事情”、“如果我不够白，也不够gay，又不够男人，那么你告诉我，我到底是谁”…唐・谢利为托尼...', '赶走偏见不是靠鸣枪，赢得尊重不是靠拳头。为了如厕宁可折返，为了用餐甘愿罢演，受到霸凌不视为侮辱而视为考验，受到恩惠不视为荣耀而视为耻辱。南方劳作的黑奴看到路边的他衣冠楚楚，如同一个预言。一家上流餐厅，一间宽敞厕所，一个高档试衣间都没能容纳下的东西，却装进了一方绿色车厢，勇敢上路。', '这部电影的厉害之处就是剧本扎实，在人物塑造和细节上非常出彩。这趟一路向南的旅程到最后也不能让Dr. Don Shirley证明自己在白人心中的地位，他身陷孤独境地也没人帮得了他，除非他自己跟自己和解，自己去完成一场关于自我的救赎。它并没有刻意说教的去讲什么，但每个人都能从中看到不同时代某些群体的遭遇，不仅仅是黑人和白人这么简单。这部电影的主题正如片中那句点睛的台词所说的，因为天才还不够，唯有勇气才...', '四平八稳的片子，精致的套路，一路都是能想到的通俗剧情，基本没有什么大的起伏，主要看演员，明知道是屡试不爽的美式套路，你还会微微感动，也许这就是好莱坞厉害的地方之一。']"
沉默的羔羊 The Silence of the Lambs,8.8,79818,"['最后一个镜头与T-Bag神似!电影一般,不过汉尼拔越狱那段非常精彩!看评论有人自作聪明的评论这段屋子里怎么没有监视器?是电影一个致命BUG.明显故事背景时间没搞清楚,还不如说在汉尼拔身上植入一个GPS呢.', 'T-BAG出现之前，安东尼大叔一直是我的绝对偶像。', '面对阴险、深邃、睿智的眼神，面对善良、疑惑、稚嫩的眼神，我同时看到了一丝迷茫与矛盾，对人性理解上的茫然，对自己内心世界与离经叛道的行为的矛盾辩解，他们对自身性格的了解都是那么的缥缈，这也许就是两人吸引对方的共通点吧！ ', '喜g那鲎B者在R前的独舞，f@篇小f真是不怎么樱但影成就了奇E。', '重温经典，发现现在多少影片借鉴了它。。。很喜欢沉默的羔羊这个隐喻，虽然我也不确定它到底暗示了什么。。']"
蝴蝶效应 The Butterfly Effect,8.8,103386,"['或许，我也应该用脐带勒死自己', '尽管有破绽,但是构思的巧妙和创新足以弥补,不能用科学的角度来分析艺术', '人的命运被自己瞬间的抉择改变。', '最后《Stop Crying Your Heart Out》想起，悲伤总算找到了出口，那个擦肩而过也许就是最好的答案，但过去的现在的将来的依旧无法被改变，Oasis的这首歌太绝了！★★★★', '原来是导演剪辑版，结尾的改动让它加了一颗星。这就一恐怖片呀...如果不讲剧情在哲学上的自洽和科学上的合理，编剧还挺不错的。怎么可能一次爆炸就把人格完全改变呢，人格是很稳定的嘛。蝴蝶效应可以改变事件，但说改变人格就有点扯了。【2009年9月25日看的，豆瓣记录有误】']"
被嫌弃的松子的一生 嫌われ松子の一生,8.9,134393,"['\u3000\u3000""小时候,谁都觉得自己的未来闪闪发光,不是吗 \u3000\u3000但是一旦长大,没有一件事会遂自己心愿"" \u3000\u3000 \u3000\u3000她总是想着办法，即便是些常人看起来怪异可笑的办法来面对不太公平的生活遭遇． \u3000\u3000 \u3000\u3000看得我真他妈压抑. \u3000\u3000我就是无比恐惧自己的生活会变成这个样子 \u3000\u3000导演和编剧把我对我生活的梦魇般的臆想变成了胶片', '但是她说，我要跟着他，就算下地狱，那时候真美。太宰治说：难道纯真无暇的信赖之心也算是罪过吗？', '到底好看在哪，这样的人生不都是她咎由自取么。', '她只是怕寂寞……', '极度艳丽如舞台剧一般的画面，极其难以做出的表情，表面上看极为悲惨的人生――但实际也正如乌兹别克斯坦女孩所说，人的价值不在乎得到多少，而在于付出多少：如此看来，松子的人生真的是丰富多彩的幸福，残缺正是作为人所应有的，总之彪悍的人生不需要解释。OST超赞的....^^但影片结尾略冗长']"
春光乍泄 春光乍,8.9,85045,"['没有张国荣就没了魂，绝非夸夸其谈', '总是觉得，站在瀑布下的应该是两个人。', '爱到极至，就是两个人的互相折磨。', '感情说穿了 一人挣脱的 一人去捡', '影片两个男主人公的名字竟然就是两个摄影助手的名字，感叹于王家卫随性而行的个性。']"
禁闭岛 Shutter Island,8.8,110718,"['非阴谋结局 泰迪确实病了 最后泰迪是被治好了 但他不愿活在痛苦中 因而假装自己又犯病了而去做切除手术', '我打4.5星，不能得5星的原因是，电影有些长…… 故事很好，每个转折点都很清晰，故事就像《本能》一样，到最后一分钟揭晓大结局给人惊喜。说不好看的同学，大概没有注意结尾。因为谜题的揭晓，是在影片结尾莱昂纳多说的一句话里。', '高中的时候曾和同桌讨论过。如果全班一齐撒一个谎可不可以把班主任搞到精分。', '结局是开放式的，随便你怎么演绎都有理。所以大概不能断定说看到一半就猜到吧。', '他到底会像怪物一样活着，还是会像好人一样死去呢？']"
心灵捕手 Good Will Hunting,8.9,81430,"['比起心灵捕手更让我触动的是男人的友情。“我每天到你家接你，我们出去喝酒笑闹，那很棒。但我一天中最棒的时刻，只有十秒，从停车到你家门口，每次我敲门，都希望你不在了，不说再见，什么都没有，你就走了，我懂得不多，但我很清楚。”', '就算gus你是gay，也不该搞个这么丑的女主出镜啊', '能够做自己的心想做的事，菲尔兹奖又算个什么。抄三句台词。1.你花一万五所受的教育用一块五就能在公共图书馆得到。2.你没离开过波士顿，问你艺术你可能会提出艺术书籍中的粗浅论调，有关米开朗基罗你知道的很多，但你不知道西斯庭教堂的气味，你从没站在那儿看着美丽的天花板...问战争你会引用莎士比亚的话，但你从没接近过战争，看着好友吐出最后一口气...而你只是看了我的一张画就认定了解我的全部，你把我的人生撕裂...', '“我们的小缺点让我们找到对的人。”没有谁是完美的人，最亲密的人就是能够完美的接受对方的不完美。在那个年代，有许多这样的励志影片，或许现在回头看会觉得俗套说教，但精致的对白，动人的配乐，达蒙与罗宾的飚戏，始终会有抓住你的地方。生活有r候只是一种伪装，真正的声音源自我们内心。★★★★', '我想找个像Sean一样懂爱的人。']"
布达佩斯大饭店 The Grand Budapest Hotel,8.8,133071,"['非常好。像一杯温暖的热可可，做得如此甜蜜却又不轻佻，好多台词和段子都有所指涉，却又浑然天成，不像在掉书袋。片尾看到对茨威格的致敬，眼泪都掉下来了。自从好多年前看了Visconti的《豹》之后，这是第二部让我对“昨日的世界”充满向往的电影。', '故事并不怎么吸引人，完全靠导演的个人风格来博取毫无鉴别力观众的好评。', '依然还是韦斯-安德森标志性的复古色调、悦耳配乐，神经兮兮的冷幽默。不像前作那么随意松散，《大饭店》故事紧凑、层层剥茧，而且居然有点“重口味”。也许只有韦斯-安德森才能把一个混合谋杀、越狱、械斗的故事拍得那么喜感。', '他，还有她，就那样离开了，昨日的世界也不复存在。', '保留了韦斯安德森独特的运镜构图色彩剪辑音乐特色的同时，故事的讲述和人物的塑造也同样成功。尤其production designer的各种空间营造，监狱，雪山缆车等已，不再是使影片风格化的辅助，而是直接参与叙事，大部分时间主角就像身处一个迷宫连环闯关游戏一样。一气呵成，爽就一个字']"
海蒂和爷爷 Heidi,9.2,67971,"['小姑娘很有灵气，给人的感觉就好像天生属于大山，光着脚奔跑在花草山峦中，风般轻盈，鸟儿般欢乐。电影中的感情都很真挚，也很友善，没有绝对的坏人，而且大家到最后都得到了所希望的幸福，这种幸福让观众看着也幸福。', '今年第一个惊喜！可能有点偏儿童，但绝对老少皆宜。小姑娘呀，你可千万别长残了', '愿意穷尽这一生，去守护海蒂洁白无瑕的笑容。Peter失手推下山的轮椅，反而成了帮助Klara重新站起来的助力，真的给人一种生命的美好会创造无限miracle的感觉。“If something in life brings you joy, then you simply have to do it, regardless of what people say.”', '海蒂失去了父母，于力失去了孩子，他们是两个被抛弃的人，恰好填补了对方缺失的部分。\n来到克拉拉家，海蒂有了新衣服、新鞋子，有了食物，有了温暖的大床，她什么都有了，可是没有了爷爷、雪山和羊群。\n你给了她物质生活，其实她要的是精神生活，要的是亲情和自由。\n无数的规矩和礼仪把克拉拉压得喘不过气，让她产生了心病。不仅身体寸步难行，心理也被牢牢困住。\n你以为你给了她一切，其实你根本不知道她想要的是什么。\n正是...', '5颗星完全不够用']"
勇敢的心 Braveheart,8.9,66428,"['有时候男人的一句嘶吼也可以让人流泪', 'Freedom！自由从未来得这么震撼心灵过~~', '里程碑式的电影', '被曲解的历史，詹姆斯霍纳的巅峰配乐', '生命诚可贵，自由价更高。']"
剪刀手爱德华 Edward Scissorhands,8.7,114421,"['除了JohnnyDepp 还能有谁能有那样的眼神？', 'Adward脆弱的眼神永远忘不掉', '爱德华是每个人初恋时候的样子。', '佩格居住的小镇是画笔般彩色的，这里的人们好奇热情也多疑。爱德华获得明星般的关注，也在人类的世界遭遇讨伐。金对于他，永远只能是剪刀下冰雕的女神像，无法拥抱，无法守护。完美的悲剧童话，如同后来每年的雪。 ', '这片居然没有修复版！即使在TB的作品中，这都算得至纯真的一部。发明家死的时候Ed弄坏了原本是要送他作为圣诞礼物的人造手，他试图抚摸至亲的脸却只留下血痕<--姐的泪点在这里。想不到这次边上有人几乎同时开哭，而且哭得好大声。灯亮之后发现那是个清朗的白发大叔，好可爱']"
阿凡达 Avatar,8.7,142114,"['当所有美国大片都开始炫耀自己的视觉效果时，詹姆斯卡梅隆只是坐在阴暗的角落里冷笑，然后抛出这么一部让所有人感慨“操，真他妈牛逼啊！”的电影。', '有一天,意中人会踏着飞着的大怪兽来救我.然后I see you...', '特效震惊，3D感一般，但够真实，故事一般，创意度一般，世界观展示一般，但呈现效果牛逼至死，战斗场面热闹和精彩，但谈不上震惊，整体只能说，整体符合预期，这是它的优点，但没有意想不到的亮点是它的遗憾之处。推荐观看。', '这电影的特效是自指环王以后见过的最令人惊艳的。我觉得可以打6星！去看的时候一定要去看3D版的。', '绿色，环保，和平，战争，爱情，友谊，\r\n惊悚，悬疑，血腥，暴力，科幻，纪实，\r\n肌肉佬，人兽交，重口味。。。。。。。\r\n全都有了。\r\n你是选择回老家做残障，\r\n还是留在外地做皇帝？']"
天使爱美丽 Le fabuleux destin d'Amélie Poulain,8.7,135472,"['有没有人觉得和重庆深林里的王菲有点相似？', '洋溢着法国人的性格风情', '配乐大好，剪辑大好.别的不够好. 至少不对胃口 到现在只对片子最开始的部分 也即艾米莉的自述印象深刻了 尝试做爱如何，但是感觉不太好. 那个微笑的表情', '浓重的法国情调，舒缓，镜头语言动听。女主角漂亮。唯一的不足就是……这样的爱情会不会太作了？爱情就是门口经过的大巴，现在不上，以后都不能再上了……', '浪漫到骨子里，忧郁，神经质，跳跃，文艺是很典型的法国电影啊！喜欢的人为它如痴如醉，不喜欢的人看的昏昏欲睡，两种极端。我只能说非常好，非常适合一遍一遍地欣赏。艾米丽是天使，拥抱世人，容纳那些不美好。']"
摩登时代 Modern Times,9.3,23582,"['惭愧死了，这才是我第一次真正看卓别林的电影。在放映之前我还想，为什么人们要叫他“大师”？不就是一个演员么。结果几秒以后，字幕上映，导演，编剧，主演，甚至音乐配乐都是卓别林创作的。我完全被震撼，真的是大师啊……\r\n\r\n这是一部又辛酸又喜剧的片子，对当时的社会不论是在工业，政治，还是生活', '永远的卓别林', '他是个天才。|他们两个坐在草地上遐想向往的生活的时候，神情是多么的美好啊~', '这就是经典啊', '卓别林总带有纯真的浪漫。影片宛如他早年时代的缩影，尽管工作根本无法让人过上体面的生活，却依旧保持着乐观。就像结尾，你根本不知道明天会在哪儿，还是会跟着他走下去。']"
加勒比海盗 Pirates of the Caribbean: The Curse of the Black Pearl,8.7,57433,"['这次重温的感想主要是：准将（伊丽莎白的未婚夫）是个好人。超级大好人。（泪）', '所以海盗不只是有凶神恶煞那类的，还有阴柔如德普型，角色凌驾于故事就是这片了。', '加勒比海盗这一系列我都特别喜欢，喜欢杰克幽默风趣，顽强，坚韧勇敢，像永远也打不死的小强，还有他的黑珍珠海盗船，太神奇了！', '在海岛的时候连看了三部，就记得第一部的剧情，2，3都忘记了', '原创感十足，船长乃实在太美了！']"
致命ID Identity,8.8,95112,"['吓得我都要人格分裂了！！！以后打死都不要再看恐怖烧脑片！！！！！', '没办法不打五星啊，虽然不到一半就猜到了结局。', '本以为是娱乐片，却是一部精彩的悬疑片，和《记忆碎片》一样，不到结尾不见真相。前段或许有些老套，但进行到中段的解谜阶段就很紧张了，后面的真相揭开后，又将剧情推向一个让人瞠目结舌的高潮，难得的是在结尾，居然再次给了观众心灵一记刺痛。善与恶，原本就是一体的。 PS:1.以罪犯幻想之情节名义给剧本许多地方逻辑推理不足找到了借口2.Mhotel又有何寓意呢3.对影片营造的黑夜，阴冷，潮湿氛围很中意last....', '和多种人格有过的惊悚片还是很好看，前半部分有点乱，导演不会拍杀人，也不会拍被杀，感觉类似场面既不震撼，也不后怕。约翰.库萨克是个很奇怪的演员，有亲和力，有演技、很敬业，就是记不住他的五官', '哇！我是那个被剧透了也觉得好看的人，我好厉害！']"
喜剧之王 喜≈王,8.7,81204,"['星星说“我养你啊”。张柏芝在回去的路上哭得浑身发抖。', '张柏芝的演技和她的美同样不会让人怀疑!', '我养你啊', '戏梦人生，笑中带泪，好作品', '失望！太想真诚，倒显得做作了']"
断背山 Brokeback Mountain,8.8,91258,"['喜欢李安。他的深沉、细腻、柔和、感性。他在《断背山》里揉进了那么多东方欲说还休的矜持，让我一下子觉得，他们的世界离我是那么近……\r\n如果让我选择几部自己认为最优秀的电影，〈断背山〉肯定是其中之一。', '这部电影于我，后劲很大', '看来我没有弯的潜质，一上来我就把攻受猜反了', '乐是一大亮点。Gustavo.Santaolallan扎实的技术功底和开阔的音乐眼界用最简约的拨弦即勾勒出怀俄明州广漠的草原景色，铺展出朴实隽永的意象。识了山间的寂寞废墟的晕眩，帐下的寒冷。这世上原没有禁忌，和不能解释的事。你没有获得切身的感受，也就没有体恤。生命是极滑稽的，因为它那样地贴近死。', '原来男人与男人之间，也可以爱得这么唯美']"
幽灵公主 もののけ,8.9,48243,"['宫崎骏的巅峰之作', '探讨过“反战”之后，宫崎骏把主题直刺人类的心脏――“人与自然的关系”。尽管宫崎骏自己也没有答案，但年纪已高的他忍着伤痛完成了这部触及人类内心深处的伟大史诗动画。加上久石让画龙点睛的配乐，使全片充满了浓郁的古日本风情，奏出了苍凉广阔、荡气回肠的效果。震撼又震惊！宫崎骏最优之作', '每年都会看一遍，这依然是我最喜欢的宫崎骏作品，它赤诚而纯粹。关于自然、生存、人的业障，这种不带立场的冷静叙事才最残忍。当宫崎的才华无需浪费在描绘恋爱私情上时，每一帧分镜便都化作一幅瑰丽绝伦的日式民俗美学画卷。我的名字是阿席达卡，从东方尽头之地而来，你们是否就是山兽神之林中的神明？', '宫崎骏果然是最关注女性的导演之一。', '都不知道在说些什么，但是受伤的时候很让人心疼']"
杀人回忆 ??? ??,8.8,85964,"['这并非一个寻求真相的故事，而是关于真到底相如何被整没了……', '一部很普通的电影。', '还好柯南最后没出来', '又看了一遍，想当年第一次看这片时，我还恍惚觉得案子都没破就结束，什么玩意儿？！可多年过去，每一次重看，都更坚定地确定它的完美。一个没有找到凶手的故事，编导把它拍得悬疑跌宕而富有深意，看似普通实则卓尔不群，作为热爱电影的人，从这片里会深感电影的魅力', '无懈可击！影片的焦点从不在连环杀人案本身，主线是每个人深陷泥潭的不能自拔，副线则是当时整个韩国社会的动荡不安，时间的推移不能洗刷罪恶，宋康昊结尾处的眼神映射出无限的沧桑；第一次犯罪现场的长镜头和追捕手淫者的快速剪辑这两段都快要让我哭出来了。']"
入殓师 おくりびと,8.8,78226,"['对待死的敬意，犹如对待生的真诚。举重若轻。', '草野中木本拉奏提琴的容色有忧郁的神采.每一道程序日本人一贯的谨慎严肃和精微.对于逝去的人没有比这更好的尊重了.死亡并非代表一切终止了好的人生是一个自省的过程.于是才有谅解释怀充满了怜恤与爱的感情.感动由是草野上徜徉的音乐,飞起了生命的律动.', '迷恋死亡仪式的日本人', '入殓既是生者的最后道别，也是死者的洒脱上路。生死之间，皆是肃穆。', '很简单的故事但确实是感人。关于死亡的仪式。自己关于死亡的三个记忆：去年年底以及今年上半年各参加了一个葬礼；高中一个同学在高考前因癌症去逝了；初中一个同学则在殡仪馆就职。']"
狩猎 Jagten,9.1,63313,"['这电影要是早两年看，不会有这么深感触。很多情况下，真相是什么对围观者并不重要，他们需要的只是一个支点，让自己站在虚妄的道德制高点上，得意一时是一时，反正过几天他们就会遗忘，任由真相被新的猎奇淹没，微博上这样的人和事比比皆是。', '极度深寒。很难不联想到韩寒事件、杰克逊娈童案、及阿瑟米勒剧本的<妒焰飞灰>。孩童之恶源于无知。成人之恶却发乎偏见、道听盲从、各种嗜血癖嗜尸癖嗜黑癖，对恶的无反思、不推己、不自知。诬名者往往善假正义之帜，无不高举道德刑具。泼粪杀人的最大恐惧是谁也无法预知，这冤假错何时会降临自己头上。', '逃脱了世人的诬网，躲过了森林的暗枪。没有打中你的子弹，它击中了我。继去年《单车少年》后，再一次出现被击中心口的感觉，达内兄弟和李沧东的混合物。平安夜教堂一段，虐惨了。小女孩并非罪魁祸首，他们完全不知道一个谎言的杀伤力，其他人的添油加醋方才可恨（尤其幼儿园那大妈等）', '童言无忌的威慑力足以将成人置于死地，但更怕的是人言可畏的成人世界，一味愚蠢、盲从、暴力，善良的猎人最终变成众人眼中的猎物。', '由一件不经意的小事引起的连锁反应，最怕的是它一发不可收拾，没想到剧情岂止是不可收拾，竟然到了万劫不复。当所有人都站在你的对立面，当你以为还可以据理力争一下，到后来的破罐破摔、百口莫辩，甚至以为隐忍退让、顺其自然或许一切就会好起来、最后不了了之，然而深入骨髓的东西永远超乎你想象……']"
阳光灿烂的日子,8.8,71890,"['别人说这部片子很绝望，我看到的只是与我无关的，男生的青春期', '没办法，只能打五星。', '……这时我把硬币夹紧问她第三个问题：“你和第一个男人睡觉时他都说了些什么？”她抽硬币，因为我用力夹紧，她无论如何拔不出来，便道：“你夹那么紧，我哪拔得出来。”――王朔《动物凶猛》 ', '姜文，夏雨，张一山长得太像了！', '性显然是姜文创作的原动力，当[阳光灿烂的日子]的主人公爬上了高高的烟囱，他似乎把世界都踩在了脚下，正是这种年轻人凶猛的征服欲让电影显得那么可爱。无论哪个年代的青春都意味着永恒的大太阳和过不完的日子。唯一的乌云来自旁白，它无数次地提醒我们韶华已逝，人终归要被独自落在泳池里自己扑腾。']"
重庆森林 重c森林,8.7,108264,"['一个人哭了，你给纸巾他就行； \r\n\u3000\u3000但如果一间屋哭了，你就要做很多事情。 ', '那时她还被叫做王靖雯,小鹿闪烁的眼神,细l无邪的身体,疯狂的暗恋也不过是纯真执着的本能', '唉！装逼文艺青年必看，从台词到镜头，掉帧什么的，哎哟~~~骚！托尼梁制服诱惑受不了啊，原来那么多文艺青年的台词都是这里来的，连周星驰那句都是。。。。- - 那个时候的王菲（还叫王靖雯）和金城武都像虾饺一样白嫩可爱。音乐好听呀。', '城市里的现代童话..加州住着不同的人，流泪的房子和变胖的香皂', '重看了王菲－梁朝伟演的后半段，瘫倒了，太美好太美好！墨镜把爱情中与身体、力比多、占有无关的非物质性的那部分浪漫化到了极致！错位，颠倒，迷失，梦幻，不可触及，这大概即是爱情最动人的特质，也是香港这座城市最吸引人的特质。']"
第六感 The Sixth Sense,8.9,72354,"['小孩和妈咪的那一段结局 真感人', '还好我没知道结局就看了。', '反转王加催泪王', '天才儿童演员.出人意料的结局.', '...可惜已经看过《小岛惊魂》了...太早猜到了结局...而且漏洞多啊~']"
请以你的名字呼唤我 Call Me by Your Name,8.9,126880,"['我知道读书，知道游泳，知道改编乐曲，知道皮亚韦战役是最惨烈的战役之一……我什么都知道，却不知道怎么让你喜欢我。', '“我无法忍受沉默，而与你交谈恰是良药”两个人最好的状态是，你会啃我下手过的桃而我心里只有你将离别的悲伤，原来很早之前就在球场上暗示过喜欢你。“每开始一段新的感情，我们能给予的便越少，但为了让自己没有感觉而不去感觉，多么浪费…别让这些痛苦消失，也别丧失你感受到的快乐”2017最佳！', '年度十大！预计会刷个一百遍！好想再去一次意大利！好想再做一次少年！', '能等到它拍成电影 活着真好', '看进去后，我觉得并非糖水片。从相识，经历试探、闹别扭、忍不住靠近、戳破那层纸、干柴烈火、甜蜜相处、挥泪告别到深深无奈的过程，展现得细致舒缓。爱到深处，五脏俱焚，连回去的力气都没有了。小演员的演技真是太好了，结尾处他蹲在炉火边默默哭泣，那种复杂的情绪，经得起长时间的镜头凝视。']"
小森林 夏秋篇 リトル?フォレスト 夏?秋,9,66397,"['把日本乡间简素的一餐一饭，拍得很有质感、美感、生活感。在天朝这个审美粗糙的国度，日式情调显得如此有“逼格”。但时人追捧日式美学所谓的“禅意”，恰恰最无禅意可言。刻意追求的形式感，努力再努力去趋向于“美”和“精致”的态度，其实都离禅很远。禅是一箪食、一瓢饮里全都是平常心，无谓美丑。', '劳作令人无暇烦恼，片中的人物时而离凡世很远，时而又触手可及。我们有舌尖上的中国，通篇累述奉献、感恩，手艺传承和文化气节，却没人教导我们劳作本身的意义。一屋一田一人食，已是最令人羡慕的事。', '桥本哥演出了吃货的本心，一边捧着小鸭子说好可爱下一秒就开始平心静气的磨刀嘴角含笑的杀鸭肢解，大写的帅。', '人生在世，无非就是过日子，而如何能让过日子变的有滋有味，我想不到除了充实的劳动/工作+美味的食物更好的方式了。桥本爱不矫作真自然，让人心生欢喜宁静。也许中国需要等待很久很久之后，才能拍出这种气息的片子了。', '当成舌尖上的日本看了。']"
哈利・波特与死亡圣器(下) Harry Potter and the Deathly Hallows: Part 2,8.8,88142,"['我们的童年结束了，希望下一代人的童年里还会有魔法师，还会有霍格沃茨。', '经历了Pt. 1的铺垫全片只有高潮. 零点首映结束后全场鼓掌很久. 于是余生就再也不会有新的Harry Potter电影了.', '我就想问问，年轻的格林德沃和邓布利多在哪儿？！都是坑爹的噱头啊！！', '哈利波特最好看一部！斯内普那一段，全场寂静一点声音都没有', '3.5★ 不感情，@是我看完HP7.2的感受。如果你睡得朦朦VV的去看早觯也S冷o妆丁HP7.2o我的感X是Y很散，略н^、位少、3D失　⑴愤算可以，有炫酷的特技、奈威和露娜的出龀闪咙c，f到笑位凫蹲钺岢衫习帧⒗那一段了。最後只能f：我L大了，影]一起L大。']"
消失的爱人 Gone Girl,8.7,149512,"['哈内克似的割喉真是万能药... 大卫芬奇要多恨现代媒体。美国社会结构就是少数精英控制了洗脑话语权，而大部分人则自觉或者不自觉地维护着虚幻的道德...', 'I love David Fincher! P.S.: 开始前，旁边坐在一群couples中的单身小哥无聊郁闷地喝咖啡；结束后，他幸灾乐祸地跟我说，Now every couple feels no good...', '爱人不见了，千夫所指。爱人回来了，万丈深渊；婚姻是一袭华美的袍，这是面子。爬满了虱子，这是里子。', '芬奇的导演值得五星：干净、冷峻、爽利、紧凑而又松弛有度，高潮一幕的配乐甚为精彩，视觉冲击力十足。情节编排上出人意料，有较为明显的社会讽刺，唯一不足在于对Amy的性格解释缺乏，过分聪明的同时也相当愚蠢，而这一切却都理所当然。', '最近看了太多不温不火的文艺片 芬奇叔一出手直接被震得回不到现实世界 原作者执笔很棒 跳切这么多叙事一点都不乱! 女主是一朵最高等级的白莲花! 人美心狠手辣 专注高层次人格扭曲数十年! 自打中段揭露是自导自演以后 我胃部搅动和后脑发麻的感觉就没停过啊! 层层转折后的结局那真是让人倒吸一口凉气!']"
7号房的礼物 7??? ??,8.9,69916,"['我们目击的事实，往往只是浮出水面的冰凌，冰山下面的巨大事实，更排山倒海穿透视听。\n我们直面的人生舞台，也许只是化蝶幻影，层层垂帘般幕后的故事，更震撼世道人心。', '《我是山姆》的《美丽人生》', '每次看到这样的韩国电影，我都会感叹人家电影工业化的高度和成熟，在标准化的工业流程之外，还有一部相当韩范儿的犯罪主体。其实这片子倒没什么煽情的，导演似乎在这方面很克制，就是憋着为了最后的情感爆发，美式的残障励志遇到韩式的残酷法制犯罪，再完美可惜也终究还都是套路牌。★★★☆', '我发现我还真的听喜欢看韩国电影的，节奏快故事清晰，柳成龙真是太厉害了神演技，父女情把我虐得眼泪汪汪。特别是行刑前的那一段对不起真是把我虐死了！', '影片的核心是亲情，包括父亲对孩子的照料，孩子对父亲的反哺，虽然存在过度的煽情，但是影片不仅是亲情片，通过狱中的亲情和友情营造的温暖，与现实中司法不公媒体跟风权力滥用阴暗面的对比，起到了鲜明的讽刺作用。']"
玛丽和马克思 Mary and Max,8.9,75958,"['伤心电影，好电影。结尾告诉我们，网友见面要早。', '不是只有完美的人，才配爱自己。要知道，完美不存在于这个世界。', 'love yourself first', '没有中文字幕，但还是能看懂它想表达的意思，被最后两个镜头震到流泪。', '玛丽是场灾难湿漉漉的鸡味亨利八号把孩子放在啤酒瓶底马克思讨厌星期四健康的身体等同于健康的思想孩子是孵出来的我脸上不笑但不代表我脑里不笑绵羊会缩水吗如果出租车倒着开那么司机是不是该给我们钱呢为什么老头把裤子提得很高使世界青春焕发的魔力雪花膏']"
红辣椒 パプリカ,9,58999,"['居然有不是很明显的gay支线。。。', '梦境对现实的入侵真是惊悚而奇趣啊啊！相比之下“盗梦空间”相形见绌了――或者说正是因为“盗梦空间”太讲求规则与逻辑，反而失去了今敏天马行空、随心所欲的创造力～～～', '梦的勾结，胖子也有爱情', '出神入化的剪接切换、瑰丽多姿的色彩构图、天马行空光芒四射的巧妙构思……无不令人眼花缭乱、目不暇接、惊为天人、叹为观止！', '看不明白。']"
爱在黎明破晓前 Before Sunrise,8.8,94218,"['我觉得一个更可能的故事是：同一列火车上长相平庸的男女，也许真的能聊得非常非常投契，他们看过一样的书，喜欢同一部电影，讲的笑话能让对方哈哈大笑，甚至能理解彼此的某些小怪癖。但他们的面目是如此模糊啊，两个人的目光都没有在对方的身上停留过，下车的时候，大家也就这样擦过肩去了。', '难得几乎全部是对白的影片让人看的这么过瘾！', '那个诗人让我印象深刻。', '这要是在中国，还没开始就结束了，因为火车上根本没有空位。', '如此深爱，唯恐对方不爱自己，才在最后一刻说出，不希望就此分开永不再见。其实，我们所做的每一件事，都是为了让自己更加被爱，不是嘛？']"
告白,8.7,131235,"['都是你爸害的（《松子》），都是你妈逼的（《告白》），中岛哲也太喜欢成长阴影了吧……', '等本片有下载的时候一定会有不少恶评，与以往的中岛哲也完全不同，大量的特写与高速慢镜的运用，全片好似分段式MV，情节上各种意识流似的拼贴。导演视乎在还原一种心理动作。谈不上非常喜欢，但却仍想赞一下。', '一个母亲的复仇，一个畸形的社会。|一星党，我看你们才是这各种装逼。', '好久没有看到过这么震撼的剧了，喜欢这部剧的导演，处理的非常好～～～', '有三个理由给五星。其一，短评前几页充斥着“你丫要是打五星就是十足的傻逼弱智加白痴”，没错白痴总是是很多的，不介意加我一个；其二，没看过原著，没资格对其差异说三道四，但片子的流畅有足够的理由吸引我满106分钟；其三，中岛哲也一次不同以往的尝试，华丽的中岛很好看，阴暗的一样精彩。']"
一一,9,63625,"['从一个婚礼开始，到一个葬礼结束。 ', '杨德昌获嘎纳最佳导演奖的影片，近三个小时的影像细腻而漫长，其间没有大起大落，只是一直温和的诉说，可看这平淡的真实，却叫人沉重起来', '“电影发明以后，人类的生命至少比以前延长了三倍”，当我觉得自己已经看了两个小时，一拉进度条发现才过了三十几分钟的时候，我深刻地理解到了这句话', '感觉杨德昌的电影总是很节制地表现日常生活，记录生活。看后触动，可并没发现生活之另外可能。\n06.12.24平安夜观影', '用三小时去看懂人生，看不懂，活下去就会懂']"
小森林 冬春篇 リトル?フォレスト 冬?春,9,51064,"['昨晚做草莓酱的时候，幻想女主上身。', '嗯，要细心，要有耐性，还要要守得住寂寞。当然首先，你要有块地。8.5', '恬淡之美，自得其乐，风景和食材一样精致，劳作和享受一般干净。在日本当农民竟这样优雅，有隐居之趣，桥本爱的呆萌刚刚好。像《乡村照相馆》《从河底问好》等，片子再次涉及一个老生常谈的问题，在东京等大城市混不下去的年轻人，回故乡，怎么生活才能在祖辈的土地上实现自我价值。', '四季更替，万物轮回，小森的美不仅仅是体现在美食上。人与自然，相互给予，相互奉献。食物、耕作、生活，循环往复，生生不息，最妙的奥义尽在这小森之中了。', '感谢猪猪字幕组~这片子太治愈了，结尾很好，配乐也好听']"
侧耳倾听 耳をすませば,8.9,60074,"['我爱死青涩的恋爱的感觉了~~~~~', '原来图书卡寻人是这里来的呀。他们的城市是立体的，真漂亮，恋爱要翻山越岭才行。电影几乎集结了所有少女时代的美好回忆，完美、理想到失真，像一个斑斓的气泡，害怕一伸手就会破碎… 乱糟糟的书桌，伸手摸来摸去就是摸不到台灯开关，生活中的细节被它完整地还原，似曾相识，却不属于我…', '本人最喜欢的宫崎动画', '这是一个我早已错过的故事，我没有在十五岁看到它，我早已进入了不用借书卡的年代。现实中，只有我一个人与图书馆天荒地老。即便如此，我还是感谢它赐予我的全部勇气。|一五年夏去了多摩市。走在コンクリ`トロ`ド上，山雨欲来，穿过长长长长的A段，从来没有觉得他们如此真实过。', '我我...我，被两人青涩的爱情感动啦...在自己的生命里，会有那么一个激励自己想要走得快一点的人，为了能够赶上去，牵住他的手，不成为他的累赘，在背后支持着他，与他相爱，与她携手到老，实在是太美好了。']"
大鱼 Big Fish,8.8,78003,"['“知道自己会怎么死，便不担心了。因为你知道这世界上其他任何事情都杀不死你”。', '你会因此想念父亲', '为什么所有深深打我的电影，都如此孤独', '感觉挺好，只是不大明白', '出乎意料的感动。超五星。正如小波所说：“我呀，坚信每一个人看到的世界都不该是眼前的世界。眼前的世界无非是些吃喝拉撒睡，难道这就够了吗？”这不够，这远远不够。一个人只拥有此生此世是不够的,他还应该拥有诗意的世界、奇幻的世界、童话的世界、他自己的世界。']"
阳光姐妹淘 ??,8.8,98085,"['再多各自牛逼的时光，也比不上一起傻逼的岁月。', '再多分开牛逼的岁月，也比不上一起傻逼的时光。这个电影必须要看。。。', '一起哭，一起笑，一起疯，一起闹，一起尽情折腾我们的人生，即使老去也有最美最好的青春可以一起祭奠。', 'dreams are my reality.....男孩就在这首歌中亲吻了最漂亮的女生，她手指夹着一截烟', '论跟土豪做好朋友的重要性。']"
蝙蝠侠：黑暗骑士崛起 The Dark Knight Rises,8.7,98110,"['孤立地看，这是一部无可争议的五星电影；但和第二部《黑暗骑士》比起来，它只能拿四颗星。', '好看。但这么多明星都盖不住上一集中希思莱杰的光芒。部分场景令人联想到文革，并很明显的隐射了社会主义者与资本主义社会的矛盾。', ""p手合十，十指o扣，我和一龅亩I流M面，如此n白的心，既之厝幔只有真心圻^的人，照稳收，It really doesn't matter，燃有r，道成灰a也有r，在Z把我逮住之前，我知道我已ZZ烈烈的，真心圻^。★★★★★★★★★★★★★★★★★★★★★★★★★★★★★★★★★★★★★"", '贝恩真的太可怜了。。。。知道真相的瞬间我原谅了他做的所有坏事！老湿的眼睛真的会演戏！不戴面具的一秒镜头好帅 好虐 好凄美 好想哭！本以为这次我会改邪归正彻底爱上大蝙蝠，搞了半天我还是个悲催的反派控 。。。Goodbye, My Friend. 此去便是永别。（轻微吐槽：马良挂掉的那一下有点澹', '摹Inception》_始J清NolanK非一位型片作者，而《T士崛起》只是佐C了@一看法而已。唯一可Q道的是他仍在L用drama而非“奇^”⑹拢但在那dramae人物的完整性常被忽略，取而代之的依然是C奇的“Y”（如本片末尾最Kboss的扭蚰孓D），他的走俏是”通俗“而非”影“的倮']"
射雕英雄传之东成西就 射m英雄髦|成西就,8.7,66685,"['张学友让梁朝伟杀他那段，笑翻了', '看不懂【东邪西毒】的时候就看【东成西就】。', '刘镇伟哪里比王家卫差？！', '跟同学一起又看了一遍，最喜欢刘嘉玲', '“给我来两根烤香肠”“你不是正在吃吗”“我打包带走不行呀！”哈']"
唐伯虎点秋香 唐伯虎c秋香,8.6,57325,"['经典中的经典', '老少咸宜的经典喜剧。巩俐好美啊。', '周星驰鼎盛时期的电影没啥好说的！全五星好评！另外，还有彩蛋，萱萱有演秋香的侍女。', '喜剧经典，好多年前看的周星驰的第一部片子，好多桥段现在还在用，小强。。。', '郭的港还是讲你的相声吧']"
超脱 Detachment,8.9,80429,"['少年时，我们都自私无知，夸张那些伤痛来当作放纵的借口。只知依赖不知自救，只知索取不知珍惜。打架，滥交，还自以为是看透了生命，绝望的很酷，其实肤浅的令人发指。孩子，什么时候你开始沉默的承受加诸你身上的重量，尊重它并与它和平相处，你才真的能称为一个大写的人。', '每个人的内心都是一座孤岛，人的心有多深，深到让别人无法试探的地步？教育和生活其实一样，教育者既可以超然物外，也可以放下防备与被教育者心灵交互。讽刺的却是，超脱既可以赢来尊敬，也一样能扼杀心灵。Adrien Brody终于跳出了烂片的泥潭，用忧郁气质和演技，再次将人性的考量重重甩在了观众脸上。', '托尼・凯耶这么多年了，拍片仍然是一副死不回头的独立范儿，各种伪记实、访谈与剧情相结合以拉近观众的距离。整部影片始终弥散着一股伤感、落魄的情绪。很多男人都想在大街上拯救一个雏妓吧。布罗迪的表演很加分。', '这部电影撩死了姐久违的厌世情绪（从值得褒奖的角度说的）。萝莉大叔之间的救赎之爱又很治愈，搞得姐要死不活（仍然是in good way）。个人风格非常强烈，影像形式非常自由，但信息传递得十分清晰。这很难得。姐真心觉得AB很帅的（好吧，我是马脸大叔爱好者），就是这长相注定演不了让人开心的电影', '孤独感无力感痛彻心扉…… 真正触到心底的电影，很久没有这么毫不犹豫给一部片子5星了。电影试图将视角多元化，并且真正将每个角度都刻画得细致入微，引发共鸣和思考，些许压抑却不觉沉闷实在值得夸奖。']"
倩女幽魂,8.7,59819,"['两张绝世的脸。', '唉，王祖贤哪有张国荣漂亮', '王祖贤太太美了，哥哥风华绝代。', '四颗星给王祖贤和张国荣的风华绝代+造型+音乐。', '港片中最经典的人鬼恋，哥哥的书生造型很喜欢~~']"
甜蜜蜜,8.8,70352,"['你什么时候变得这么罗嗦，以前都不是这样，傻女，听我说，现在立刻回家，洗个热水澡，明早起来，满街都有男人，个个都比豹哥好。不用担心，我很有办法的，在台湾有很多老婆，高雄有一个，台中有一个，花莲有一个，阿里山也有一个…… \\\\\\\\我这辈子最开心的那一天，就是威廉带我去半岛吃饭，我趁着他不留意，偷了我们用过的刀叉杯碟，现在偶尔拿出来看一下，仍然是很开心，可能威廉早就不记得我了，不过不要紧，我记得就行了，...', '其实是曾志伟的角色最令我动容。', '重逢只要一瞬间，等待却像是一辈子。', '因为一直不怎么喜欢黎明演的戏，所以隔了这么多年，刚刚才看了《甜蜜蜜》这部电影，真好看啊，这才是真正的爱情电影啊……在短短一部电影中竟能拍出百转千回的感觉，看得我眼泪都流干了……缘来如此艰难，缘来如此美妙……不可不信缘……唉，要回到现实中了，晚饭吃什么呢……', 'This is not so much a story about people falling in love,\nbut rather of two young heart trying their best not to fall in love with each other.']"
驯龙高手 How to Train Your Dragon,8.7,77694,"['和谐的生活离不开摸头与被摸头', '酷酷的小龙外表下，是一只大型宠物犬的个性。', '虽然没有皮克斯那么有深度，故事情节也略显老套，但是好的电影就是能让观众沉浸其中，不管是用画面用音乐还是用其他的。错过档期没去电影院看3D只能说是一种遗憾，还好720p的效果也十分的赞，这应该是我今年到目前看过最好的一部动画片。★★★★☆', '90分钟绝不冷场愉悦刺激的观影体验！3D技术的进步更是锦上添花~恰到好处的笑料，让人爱不释手的角色，精准传达的主题，精彩的动作场面，都是此片绝对值得推荐的理由。遗憾的是仍有缺陷，使影片仍算不上完美。', '尽管对人与龙关系的描写未免逼格过低，但小嗝嗝和没牙间的互动着实非常挑逗，有着浓厚的情色意味，堪称是对反抗与驯服的银幕经典描述，美中不足的是小嗝嗝没能战胜直男的劣根性，把女朋友也带去骑龙，上演了一出小三上位的戏码，大大降低了后半段的观赏性，令人扼腕。']"
萤火之森 w火の杜へ,8.9,66523,"['妖怪有颜就是治愈片 妖怪没有颜就是恐怖片', '郁闷死了 守着一颗白白嫩嫩的大白菜多少年细心栽培没舍得吃，最后这颗大白菜被猪给拱了的感觉 (?n?)', '有些故事，就算早已烂熟于心，再看时也还是忍不住要哭的', '我有多渴望触碰你，我就有多害怕失去你。', '在那个夏天那片森林 拥抱你 离开你 记住你 就知道是死虐']"
恐怖直播 ? ?? ???,8.8,88213,"['这种题材的电影有漏洞在所难免，但韩国电影能做到这一步值得称赞，几乎是一间房子中的故事，格局却相当大，节奏紧张，剧情张力太强，舆论、媒体与政治的黑洞令人反思，结尾比搏击俱乐部还激进，美国估计都不敢拍，但韩国敢拍能拍。河正宇的独角戏太强大，五星。', '有紧张刺激的故事情节，有导演想传达出来的比恐怖炸弹还要严重的媒体、政治顽疾，还有河正宇超棒的表演（大势所趋，成影帝）。超喜欢最后一幕，河正宇摁下按钮，媒体大厦砸向国会议堂!!', '一个人怎么能成为国家公敌！结局是必然的  棒子能拍出这种电影让人震撼的 ps:韩国的电影审核制度真宽  这要是在天朝...哈哈', '天朝刀客杨之韩国炸药版――任何事情，你要给我一个说法，你不给我一个说法，我就给你一个说法。', '《致命呼叫》开篇，《狙击电话亭》过程，《搏击俱乐部》结尾。漏洞多多，但实在疟了！']"
菊次郎的夏天 菊次郎の夏,8.8,77572,"['从没见过那么流氓的温柔，从没见过那么温柔的流氓。', '哈哈哈哈哈哈哈肚子都笑出波浪了。夏天真是一个奇怪的季节，明明实际上经历的只不过是黏糊糊的一身臭汗，可是总是忍不住将其与青春之类相联系，然后在夏天以外的季节回想起来的时候就特别特别怀念。每年都要陷入这样骗局似的怀念里。', '幽默，小伤感，公路电影，难得的好片子，大陆至今无法涉及并能拍的片子', '大叔,你叫什么名字?\r\n菊次郎.\r\n……', '100个人看到片名，都会以为菊次郎是片中小男孩，哪怕看过了，以后看到片名，还是会这样认为。']"
幸福终点站 The Terminal,8.8,57455,"['亲爱的，有时候幸福需要等一等。', '能让你笑着感动的片儿。很励志。', '这片子和阿甘正传一样经典 人性的美丽啊', '“你没有如期归来，而这正是离别的意义。”五星都不够的好电影。一个好的故事，就是这样，内核足够坚实，情绪逐渐爆发，人物的一举一动不唐突，有温度。而坏的故事，就是内核虚空，拿句子和旁白来凑。相较之下，高下立判。', 'hanks真棒。。。一人在C鋈绾味冗^一年，是了家人']"
爱在日落黄昏时 Before Sunset,8.8,74069,"['操！！泪流满面！！操！！！', '好的不得了的对白', '最喜欢一起上楼梯那段，也是两小时话痨电影里唯一没有对话的一段，和九年前两人在视听室里一样，安静，尴尬，暧昧得浓厚。', '这个导演太牛了。我喜欢他们３个人一气写的台词。', '2018年5月12日第三次重温。面容略憔悴的他们大谈政治经济以掩饰慌乱，说着无关紧要暗暗焦虑时间的流逝；可是车内的哭诉和家门前拥抱，还有那首歌，真的那么痛，那么无法抹去，“你”只不过已成为“爱”的抽象名词，终生和记忆捆绑。在语无伦次的的玩笑里，现实的冷峻逐渐渗透，眼神确认爱情的存在。']"
超能陆战队 Big Hero 6,8.7,126280,"[""迪士尼最新的Hyperion渲染器，渲染旧金山全景，几千个光源，无数的precedural shading...碉堡... 剧情的话Hero's journy，感情带动很好。动画感觉比Dragon2有看头~ 忘了说一句，记得看彩蛋~ Stan Lee的哏儿~"", '史上最萌胖子诞生！要抱抱！彩蛋里的斯坦・李也是蛮拼的！', '【大白，卖的一手好萌】一波三折，妙趣横生。悬疑和温情，搞笑与动作，即使拍成真人版也绝对是一部好题材和好故事。大白呆萌可爱一逗比，细节刻画真实有趣，放气如放屁，警察局撕扯胶带还有低电量时如同宿醉一样。最后，“I will always with you ！”绝对催泪。开年最佳动画！', '漫威大法终于烧到了迪斯尼动画！全程钢铁侠x战警变形金刚瓦力等超级大片附身，虽然2.28才在大陆上映，不过资源已经出了，本片可比肩乐高大电影成为我心中的2014年动画电影最佳，另，大白终于撼动了瓦力的影史最萌机器人的地位，在此立帖为证，要是三月份不火你打我（片尾彩蛋亮了）', '又萌又燃有内涵，给大白五星满分！本片美指晚餐可以加个鸡腿，不过私心以为赛博和风的城市设计应该找帝国少年来做的。看完也想在飘满涡轮驱动风船的城市里找个呆萌呆萌的大白，一起坐在鱼风船上看夕阳……等等，大白和hiro酱好像都是男的？#不腐不是迪士尼#']"
无人知晓 lも知らない,9.1,47917,"['家中早已经没有了妈妈，生活早已经很拮据，水电早已经停了，今天吃过的泡面汤要留作明天拌饭，喜爱画画就画在水电停用通知单上，从公园偷水饮用，把摔死的妹妹埋掉......这一切，都没有人知道', '看完以后，也还是沉默，没有煽情的眼泪，没有明显的愤怒，就和这部电影一样，平静的说一个难过的故事，但没有一个人流泪，甚至连埋怨都没有。被抛弃真的很可怕。', '真是可爱的孩子啊。从《距离》之后，是枝裕和的电影就越来越生活化，有些纪实的风格，琐碎的生活细节，两个小孩甚至算不上表演，即兴发挥的表演也让这部电影充满了生活气息。更难得的是，面对这种狗血的题材，是枝裕和却并没有煽情和大喊大叫，只是让所有角色一起忍耐、承受着，连同观众一起', '艾小柯写的：两个十几岁的孩子，白衣服上沾了泥巴，迎着微曦的曙光，在空旷的早晨一语不发的从黑暗走向黎明，耳边响起的是《珍宝》的歌声：“姗姗来迟的春光，让人深吸一口气……我逐渐成长，没有人可以亲近……”――这段情节最美了 \r\n', '还是喜欢早期的是枝裕和，不带煽情的写实就像扎进心脏的一根针，让人刺痛到无解。少年柳乐优弥的眼睛太传神了，像是有很多话、又像什么也没说，担当得起戛纳最年轻影帝。']"
借东西的小人阿莉埃蒂 借りぐらしのアリエッティ,8.8,67062,"['此生暂借于世上。。这是无言的结局，我能想见阿莉艾蒂最终被同族淳朴少年打动，相守繁衍。那个有温柔眼眸的人，从此相忘天涯，深藏于心。', '我相信他们终有一天还会遇见的。', '“我要努力活下去！”但你不要S便放', '新人导演加油吧，整体叙事太苍白和匆忙，虽然细节和人设很努力靠近宫崎骏', '还是那个最纯粹的宫崎骏。']"
神偷奶爸 Despicable Me,8.6,91508,"['比玩具总动员3还要好看，同意的点有用', '这个动画片再次证明了，不怕讲老故事，只需要有颗不老的心。打动人的是里面的小情趣，小可爱，小孤独，坚硬外表下谁都渴望一颗被温暖的心。真的远比toy3得我的心。', '不行了不行了萌死我了>//////////<', '密集物恐惧症也不恐惧了 太可爱鸟！', '必须说，太一般了，一般到对不起豆瓣的高评分。']"
"怪兽电力公司 Monsters, Inc.",8.7,46183,"['kitty长得有点像姜文~', '买了张蓝光碟，再次重看，画质优秀了，似乎离怪物们更近了，原来毛怪10年前的毛发就这么逼真了。再次感叹皮克斯的创意和想象力，最棒的地方也就是这个创意了，皮克斯的动画片过程可能都很相似，唯独创意个个都很独特。★★★★', '和女儿一起看的，她比阿布还要可爱。', '在怪兽的世界，有一家最大的电力公司，依靠吓唬甜睡的宝宝，取得孩子的惊叫声做成发电的能量。惊叹于他们天马行空的想像能力。', '好欢乐?只是，麦克他俩发达了之后难道不应该回去探望感谢下雪人兄么？毕竟人家在他们被放逐的时候慷慨接待过，他俩也还摔烂了人家的雪橇，苟富贵，勿相忘啊。。。']"
风之谷 Lの谷のナウシカ,8.9,32773,"['当女主角在黄金之海上复活的时候,我那发达的泪腺又西里哗啦了..', '宫崎骏最爱。动画片的圣经', '大师的第一部作品总是这样惊艳。虽然结尾有点俗而且女主太白莲花，但是最爱宫崎骏片子里勇敢坚强善良的女性形象，让现在的商业大片都感到羞愧。“反派”都是有自己信仰的立体的人，而不是为了坏而坏。真正作恶的还是人类自己。', '很有深意的一部片子，人与自然的关系是互相尊重的。', '【B+】我果然还是更喜欢宫崎骏更具深度更宏大的那类动画，这片子有一种独特的质感，但说教意味太浓（老婆婆这个角色甚至就是为了说教存在的），而且那个结局三两下就算完事儿也太敷衍了吧！比幽灵公主要差不少']"
玩具总动员3 Toy Story 3,8.8,55929,"['让我笑已经够了，居然还能让我哭，nice job！', '话说讲到草莓熊被抛弃那段，前排一个五岁大的男孩侧头问妈妈：“妈妈我想哭！”最后十分钟，直击本人泪腺。我想到了我家的玩具，上百件的玩具。他们还在我家后院车棚的箱子里，在我学会打飞机之前，他们是最纯粹的真谛！', '最后安迪细数自己的玩具那让我意识到自己也就这样长大了，和我那些玩具。《玩具总动员》自幼在我心中烙下印记：让我觉得玩具都是有感情的小生命，在我们不知道的维度里有喜怒哀乐。而且玩具相对于真正的生命带给我的压力会小一些。玩具不会死，只要不遗弃它们，所以千万不要遗弃他们。7.9和你再看。', '还记得你的那些玩伴么？', '虽然是动画片，但没有一味地弘扬真善美，也反映了人性丑恶的一面。\n比如抱抱熊罗素，它被替代了，它自己要走，还强行要别人也跟着离开。\n胡迪救了它一命，它还恩将仇报。\n除此之外，它还挑拨离间，企图让巴斯光年背叛朋友。\n软的不行就来硬的，将巴斯光年恢复出厂设置，甚至提醒巴斯光年“当心它们对你用反间计”，太可怕了。\n幼儿园充满黑暗和邪恶，连玩具也存在金字塔制度，分阶层和等级，有各种明争暗斗。\n有卡车队伍巡逻...']"
完美的世界 A Perfect World,9.1,36696,"['我只杀过两个人，一个伤害了我妈妈，一个伤害了你', '他看见他，他带走他，就像带走童年的自己。他终于相信这个世界有鬼了，眼前这个开枪打伤他的小鬼就是童年自己的鬼魅。“再见，这是完美之旅。”再见，布奇。', '将公路片、伦理片、警匪片等诸多片种熔于一炉，适应了当代美国电影的新趋向―――类型交汇。于是，有了修正型公路片一说。', ""斯德哥尔摩综合症-Phillip 'Buzz' Perry "", '我这辈子只杀过两个人，一个是伤害我妈妈的人，一个是伤害你的人。这个“你”却是仅仅相识一天的男孩。。同样缺失父爱的两人以这种方式依赖对方。特别安静特别可爱的男孩，以后也要给我孩子穿这样的连体衣！太萌了！']"
血战钢锯岭 Hacksaw Ridge,8.7,130444,"['正常国家的战争片告诉你，战争是一件肮脏残酷血腥恐怖的事情。你要有中奖般的运气才能活下来。军国主义国家战争片告诉你，战争很好玩，敌人很愚蠢，每天除了开枪打靶一样打敌人之外，就可以游手好闲，不用上班不用种田，关键还有各种风格的漂亮妹子陪伴', '看完觉得吹牛啊，结果片尾出现正主时震惊了，再一查历史，真实道哥居然比电影里还开挂，真死人堆里爬出来的。当下好莱坞难得一见的右派电影，梅尔吉布森甩掉了神神叨叨，拿出宗教信仰和残酷战场，战争场景真实血腥，令人发指的牛逼 #这战争场景要是3D高清估计得看吐了#', '美国抗日神剧：乡巴佬,不杀人,信上帝,救队友。前一小时昏昏欲睡,而且新兵营抄袭<全金属外壳>.全片最好的就是40分钟的战争戏, 剪辑不错,混音很好,配乐能给老美煽哭。电脑特效五毛,化妆能让你吐出来。适合那些从没在电影院看过什么正经战争片的观众。槽点密集,比如日军冲到悬崖边却不扔手雷,人肉小吉普…', '“每个人的信仰都值得尊重，这就是最真实的我们” 我操，好久没看到如此热血经典范儿的电影了！复古老派，却看得老泪纵横。继上一部导演作品《启示》后，阔别十年的梅尔・吉布森依然出手不凡！恍惚在看2016的《地心引力》《勇敢的心》《拯救大兵瑞恩》《辛德勒的名单》…（短评也得老干部一点', '真实故事非常值得尊敬，但是这种满屏飞肠子的宗教狂热/主旋律的抗日神片风格实在不能认同。槽点多到数不过来，加菲主角光环大到可以徒手接手榴弹，队友捡回来的圣经可以直接穿越成入党申请书，日军智商战斗力全程不在线，没烧悬崖边的绳索，也不知道往下扔炸药包，啊…还有那迷之展开的感情戏…']"
上帝之城 Cidade de Deus,8.9,37248,"['评论这部电影是可耻的', '可是我们的困难无关紧要，在里约热内卢的风景明信片上，是不可能看到我们的', '“被上帝抛弃了的上帝之城”。无望之城。抢劫、杀人、贩毒、少年帮派、警匪一家……出生于此的孩子们唯有依靠信仰、爱情、音乐、教育等才有可能“飞跃贫民窟”，但在那之前，你得确保自己活着。“讲故事”的表现形式冲淡了些许戾气，如若不然，也许会残酷得让人看不下去。', ""li'l的发小同伙眼镜benny太可爱了...五官一点都不像典型黑人，笑起来还有甜甜的酒窝..迄今我看过的最好的拉丁电影"", '暴力永远是贫民窟不可分割的一部分']"
傲慢与偏见 Pride & Prejudice,8.6,98450,"['这达西先生是痴呆不是傲慢吧……', '那个傲慢的人在溢满雾气的晨曦中走来，用最卑微的姿态求你爱他，甚是美好', '这一版的每一刻都美得让我心醉。特别是片尾达西从田野的晨雾中向伊丽莎白走来的镜头~', '温馨的结局,看到和爸爸谈话的那段,哭了', '当两个无比骄傲的人终于发现自己的愚蠢，爱情才超越一切从天而至，祥和美好。片尾，Darcy一声接一声、一边亲吻一边温柔地叫着Mrs. Darcy，真是美到摄魂。']"
时空恋旅人 About Time,8.7,89874,"['突然悟出一道理。分分合合的偾椋多半因槠渲幸环崆徐go back in time，重R扇嗽的^往。而另一方K不。', '“我试着过好每一天，就像我已经穿越回去那天一样，去享受它，当它是我非凡却又普通人生的最后一天…跌跌撞撞和摔倒都造就了现在的我。” 扔掉可反悔的《人生遥控器》，过好每一天！50%的浪漫爱情+50%的家庭亲情和人生感悟，不如《真爱至上》《海盗电台》浪漫的彻底，却也直抵人心。打个俗分4星。', '一般充满温情正能量，几个容易引起美好共鸣的桥段比如婚礼，生娃之类，再配上一个有点儿笨拙但绝对善良痴情的男主，都能在豆瓣上拿个虚高的分数。', '选角美，配乐美，造型美，镜头美，剧情美，台词美，这样一部让人心情好的电影，我都快忘了爱情事件多美的事儿了，可电影不仅仅只描述了爱情，还有温馨的家人，给一百颗星都不够！Rachel这样可人的女孩，要遇到了我一定会去追 ?', '关于时空穿越的“技术流”问题不少，但是作为一部有笑有泪又有爱的心灵鸡汤片该做的也都基本表现到位，尤其泪点深得Eternal Sunshine of the Spotless Mind和The Curious Case of Benjamin Button之精髓。']"
电锯惊魂 Saw,8.7,54515,"['最后五分钟让我全身发抖！', '这其实是个励志片好不好，杀手先生告诉俺们即使在生命的尽头还是能干成很多事情滴~', '硬伤多，黑人警察傻到爆炸', '悬疑多过恐怖，结局很出人意料，非常值得一看。', '看第一部的时候着实被他的情节设计给惊讶到了。']"
喜宴 盅,8.9,47688,"['看 高爸爸也是gay  跟管家有一腿  但是了@家嘛  延m香火 就只好Y婚生娃咯', '少年时看过后存在硬盘里，想着哪天出柜时放给母亲看。后来母亲走了，我没能给她一场喜宴，也没能给她看过这部电影。这一生再也没有机会了。今晚我囫囵吞枣地又看了一遍，然后删除，从此没有福分将它留在硬盘里。', '能把直男变弯，弯男变直的好片子。。。', '所以说，结婚的时候一定要搞清楚伴郎和新郎的关系。微虐慎入。', '《喜宴》最好的地方在于拍成了喜剧片，而且真的能让人笑出来，如果板着脸讲这个故事，说不定就味同嚼蜡了。这么多年李安对于乖乖仔的审美一直都没什么变化，从赵文u到托比・马奎尔、王力宏和比利林恩，他就是喜欢五官深邃且人畜无害的大男孩。']"
教父3 The Godfather: Part III,8.9,24810,"['看到最后要哭死了，可能因为总算有终了，这是教父系列我最喜欢的一部。另外想问问索菲亚小姐，您演技差也没关系但是没见过人死吗。。。。要不是帕西诺在嚎啕就完全没泪点了。', '""All the power on faith can\'t change destiny.""\n任何信念的力量，都无法改变命运。\n人们觉得第三部不好的原因只是我们不愿接受故事的真实结局。', '教父们的遗恨。江山易主、风水轮流转的苦痛。怒火蒙蔽理智。麦克：“文森，你将走向不归路。”暗藏杀机的歌剧音乐会。宗教的介入是一种心灵的救赎，一种精神的寄托。玛莉的死去  阶梯上的红地毯浸满了鲜血。悲剧就是把最好的东西毁坏给你看。', '140 我发现我一看这种有人到末年情节的电影就控制不住自己的情绪，这部从Machiel中风开始我就止不住流泪，直到最后无声地倒下。我很幸运，整个教父系列都是首次在大银幕上看的，这是多少钱也买不来的经历。', 'Michael Corleone也想做一个好人。但人在江湖，身不由己，为了家族，黑道浮沉数十载，甚至杀死了自己的哥哥。风烛残年的昔日教父坐在故乡夕阳下的藤椅上，回想这世间他最爱的三个女人，如今全都已离他而去。手间滑落的橘子、两只土狗与一口老井见证了他最后的悲凉。 ――2018重温']"
谍影重重3 The Bourne Ultimatum,8.8,33505,"['紧凑、凌厉，史上最佳间谍动作片。', '车站和小镇两段，绝对的经典。', '一夫当关万夫莫开。虽然有点神化，但伯恩真是这一行的大师啊~', '第三部，男主角终于不再杀人，因为他成佛了。自从他遇见了CIA的女观音菩萨后，就走上了成为斗战胜佛的道路。', '浓缩版的《24》，回归版的Jack Paul。细节非常到位，情节紧凑到没时间上洗手间。滑铁卢车站那一段经典。']"
岁月神偷 q月神偷,8.7,95973,"['人生总是一日难，一日佳。\r\n过去的总归是好日子。', '如果你觉得只要电影里有人得白血病那么这部电影就是烂片的话，你不就不要看这部片了。', '哥哥倒下到弟弟接力的精英回首，父亲的道别和母亲的无奈，隔一层玻璃观看的热带鱼和上世纪60年代的深水', '哭死我算了。', '并未洗净铅华，却用最自然的从容令人动容']"
英雄本色,8.7,43939,"['Leslie这个萌娃。据说有次Leslie在电影院看午夜场，他跟盆友说：要死了，观众那N喜欢发仔，而我却是个要抓发仔和我哥哥的警察。 第二部的时候，他开森的说：这回有人同情我了。看我演得多好！我的妻子怀孕生子时，我死佐~', '警匪片里难得的作者电影。“你没有欠什么，我从来不会逼朋友去做不想做的事，我有我自己的原则，我不想一辈子被人踩在脚下，你以为我是臭要饭的，我等了三年，就是要等一个机会，我要争一口气，不是想证明我了不起；我是要告诉人家，我失去的东西一定要拿回来！”\n“我警告你，不要用枪指着我的头！”', '“杰仔，你哟淼剑我地大家行路唔同，你行路系架，以前我行错，宜家行翻，都唔算太迟。”这句真感动。如果把兄弟情都看成基情，这真的挺可悲的。', '9.5/10 “《英雄本色》触及男人的父子情、兄弟情、朋友情、男女情、冤屈受害之情与报仇雪恨之情，堪称多情而善感之作。”侠肝义胆，豪情万丈，句句金言，幕幕动人，子弹芭蕾，暴力美学，义薄云天，热血沸腾。', '5年没看了，此次在巨幕厅重刷，竟然被感动的热泪盈眶。虽然有着诸多瑕疵，但仍能感受到那份朴实真挚的兄弟情。尤其是下午刚看完《追捕》，高下立判，三十年后的吴宇森电影变得如此浮夸与做作，失去了那种最打动人的底蕴。映后见到垂垂老矣的吴宇森，突然也不想过多地批评他了，口碑如何观众自有评判。']"
七武士 七人の侍,9.2,26027,"['赢的是那些农民，不是我们。', '我什么话都么的说。什么叫NB，这就叫NB。', '真正的经典，总是让人无语。', '怎么说服人，怎样坚持，怎样欲擒故纵、运筹帷幄…无以复加的经典！原来经典并不是多复杂，反而更简单。故事线索逻辑清晰，战斗开始后的每死一个人，观众都能跟导演一样明白清楚。', ""好长哦，居然还要看两遍。据说这部片子开创了招兵买马这种剧情的先驱，想想Ocean's 11，就觉得好了不起哟。""]"
被解救的姜戈 Django Unchained,8.7,90854,"['舒尔茨大夫不远万里，来到米国。一个德国人，毫无利己的动机，把强哥的解放事业当作他自己的事业，这是什么精神？这是国际主义的精神，这是基友主义的精神，每一个好基友都要学习这种精神。', 'waltz魅力十足 却死的那么酱油。。。', '零，有一种类型片，叫昆丁；一，昆丁只拍这种片，但只有昆丁拍这种片；二，此片没那么完美，但已比无耻混蛋用心很多；三，昆丁可能永远再达不到低俗小说的高度，但本作足以革新西部片；四，南方口音蛋疼，有些笑点没听懂，以后我得看中文字幕版；五，原谅我用那么多分号，cuz Ima goddamn programmer.', '感觉比《无耻混蛋》都要好看啊！', '4.5。1.痞子昆就是这样，见你犯困了，他就来场重口味强心剂，于是，你又屁颠颠精神百倍。2.头套突袭那场笑喷了，炸平糖果庄园后的示爱也超浪漫。3.遗憾，姜戈痞气不足，沉默期与着魔期的跨度可以更夸张些。4.配乐及部分诗意输出不如[无耻混蛋]讲究，但台词更见功力了。5.同以解放黑奴，与[林肯]暗合。']"
功夫,8.5,62191,"['包租公,包租婆,斧头帮,冯小刚被砍,....都是经典.', '感觉【功夫】应该8.5分以上，同意的点赞', '重温《功夫》，改四星半。阿星认出哑女这段，身后海报是金姐与弗雷德的歌舞片《礼帽》（1935），符合时代背景。当初看时没多想，现在想想应该也有其寓意。礼帽是斧头帮成员的行头，而身后的海报是帽子飞舞，代表阿星弃恶从善，正好对应这场内心转变。ps:前面斧头舞也有弗雷德.阿斯泰尔歌舞片的意思。', '功夫最后结尾所有的角色都以路人出现并不表示这是小男孩的一个幻想，而是说曾经的江湖中人和武林高手，终于都走出恩怨瞅啥，过上了幸福美满的生活，比如神雕侠侣做了普通人，火云邪神指挥起了交通――最大的证据就是，死掉的角色都没有出现，说明故事是真的，不是幻想', '电影院里他说，你笑得好开心。']"
疯狂原始人 The Croods,8.7,113209,"['「疯狂原始人」说的是一个地震高发以及pm2.5老是超标的地方只有中科院的男朋友才能拯救你全家的故事。=3=', '绝对今年最好的动画片！我凯奇叔和石头姐配音赞爆了！泪点低如我最受不了梦工厂煽亲情！后1/3都在为凯奇叔流泪~老掉牙的外来乱入和一家冒险！但架不住拍的好啊！梦工厂拍成这样再老掉牙的设定我也乐意看！人见人爱无可挑剔五星五星！续集快到碗里来！裤腰带和坦克莫名的萌啊！结尾的飞翔太诺亚方舟了！', '对这种有笑点有泪点，角色可爱故事好看的动画片最没抵抗力了！！！那些毛茸茸的动物好萌，尤其是那只大喵星人！！呆萌呆萌的，看的时候我就忍不住想伸手去捏它大大的肉脸，一根根毛毛看上去那么逼真！！太太太爱那只了！dreamworks这几年创造了太多萌物，第一萌工厂当之无愧。', '家庭、爱情、冒险、飞翔、萌物、励志，梦工厂的各种元素几乎齐活了，欢乐如过山车；永远的父女情深，永远的误会冰释，永远的末日脱险，别说幼稚别说俗套，如果影院天天上映这等水准的片子，我也愿意天天去看！', '绚丽的3D效果+随机乱入的萌物+搞笑亲情大套路+点睛式的人生说教，人见人爱的作品，想象力和娱乐性爆棚；但捧为神作有些过了，它既没有Pixar经典作品的原创性和灵动感，也缺少梦工厂传统大作的独特个性和贱趣味！']"
哪吒闹海,9.1,17255,"['一个彻头彻尾的反叛形象，也是中国银幕史上一段极为少见、如此尖锐、激烈和惨痛的反叛历程，相比于孙悟空和天庭（统治阶级）的对抗，哪吒做出了中国传统观念中最艰难的一种反叛，在于“孝文化”是深植骨血之中的，是几千年不允许触碰的绝对底线，被他用一种最悲壮、最惨烈的方式夺回了自我的控制权，告诉所有人，“身体发肤、父精母血”，所有受之父母，又反过来牵制和束缚的，我统统还给你们，哪怕是我赖以为生的东西，去挑战一种...', '电影真的是时代的产物，小时候看这版的哪吒，不觉得故事有问题，现在再看，才发现这是一个政治味道浓重的故事，传达的价值观念赤裸裸。对比饺子导演对【哪吒之魔童降世】的处理，我命由我不由天的主题又很符合我们当下的主流价值观，哪吒变成了另外一个故事，可能会成为现在这代小朋友的童年回忆，和我们这一代看的哪吒是完全不一样的，可能这就是讲故事的魅力吧。', '中国的少年大底上应该要像哪吒的', '削骨削肉的哪吒 算不算我朝到现在塑造的最有血有肉的角色之一了。至少也是我们很多人的回忆吧', '影片摆脱了原著《封神榜》的黑暗色彩，而是塑造了一个如梦似幻的美丽童话世界，电影中的色彩运用堪称出神入化，人物塑造也是极富神采，这是一个充满童真和童趣的电影。回忆啊']"
天书奇谭,9.2,14426,"['看了很多遍.喜欢.那个年轻的女狐狸精真美,声音也动人.', '粉强大的声优阵容啊～', '中国的普罗米修斯盗取天书之后', '这是我最爱的动画片之一', '浅绛山水斧劈皴，\n游丝描绘众生相，\n最爱狐狸老太婆，\n最爱独腿小书生，\n一蹦一跳去吃鸡，\n蹦入清明上河图，\n蹦入东京梦华录~']"
心迷宫,8.7,80966,"['平顶山版科恩兄弟，作为处女作，看到了新一代年轻人的追求', '四星半，《罗生门》架构+《怪尸案》讽刺。麻雀虽小，五脏俱全。第一幕铺垫很满，后两幕循序渐进嵌套在整个宏观的时间体系内，体现了剧本结构的匠心。尸体的几经易主令人哭笑不得，也折射出社会的荒谬与生者潜藏的兽性，罪过只得靠祈求神灵来寻求庇护。父子鸿沟也在尸体的挖(进)埋(退)两难中找到了答案', '诺兰结构科恩风格本土叙事，五星鼓励', '9分！在体制下以极低成本拍出这样一部院线电影，看完心里有一种冷静的热血沸腾！主要手法上其实就是我们见多了的多线索叙事，特别之处在于它能以一个原生的中国乡村故事去挖掘人性。细节的埋设，故事线索的编排，都基本完满通顺，有想法有落实，实在可贵！', '处心积虑拍电影和深思熟虑拍电影应该还是两回事，浓郁的故事会式恶意写作，命运无限可复制地进行交集，中国农村现实已被新一代“作者导演”们肢解得血肉模糊，你们越一命呜呼，我越是一鸣惊人，忻钰坤可能是只狐狸，但科恩奉俊昊是养狐狸的人。']"
真爱至上 Love Actually,8.6,116709,"['1、每当我对世局倍感忧虑时，就会想到希思罗机场的入境闸口。人们认为世界充满仇恨与贪婪，但我却不同意。在我看来爱无处不在，虽然未必来的轰轰烈烈，但是爱永远存在。父子，母女，夫妻，男朋友，女朋友，老朋友，当飞机撞上世贸大厦时，临终打出的电话，谈的不是报复，而都是爱。如果你肯留意，你会发现爱其实无处不在。love actually is all around.', '我的圣诞必备，年年都是看这个，年年心情大不同，有时候一个人，有时候两个人，有时候一群人，今晚又是一个人，心里偶尔想着另一个人，偶尔想着一群人。★★★★★', '生活真美好，在电影里。', '还有比受爱情煎熬更惨和更甜蜜的事吗？', '像我这样一个对外国电影了解不多的观众，看的时候一直处于“我靠这个人好眼熟，这个人不是那个谁吗，这个人是大牌吧，这个人我知道名字！……”的状态中。']"
萤火虫之墓 火垂るの墓,8.7,55538,"['又精致又催人泪下。可是二战时期的日本一点也不值得让人那么同情', '我发誓我再不敢看第二遍', '“我们做错了什么？”这话应该由日本人说么，即使是平民？妹妹的神态、动作、配音都绝了。', '薄弱而刻意的煽情……实在没煽到我', '虽然事先知道这是个煽情的片子，知道它注定是个悲剧，还是哭了。告诉你这是个悲伤电影，在你准备好的情况下，还能达到效果，的确是个好片子']"
"三块广告牌 Three Billboards Outside Ebbing, Missouri",8.7,141287,"['本届奥斯卡主题――美国妈妈牛逼死了。《伯德小姐》《我花样女王》《大病》《三块广告牌》拜托把这几个妈妈凑在一起吧，光聊天吵架就行，比超级英雄联盟好看一万倍。', '蹦出一条小鹿这个必须减分了…而且还那么像CG做的…', '或许是今年的高分之一吧。有种去年看海曼的感觉。这个镇子上的人都感觉脑子缺根弦。又名《局长的三封信》', '这题材太适合奥斯卡最佳影片了，完全贴合美国社会热点。人物和结尾写得不错，洛克威尔是目前为止我心目中的年度最佳男配。Burwell的配乐动人。但是麦克唐纳再次证明他是一个精于算计的戏剧编剧而不是一个优秀的电影导演。以及大家称赞群像表演时请把艾比・考尼什排除在外谢谢。', '3.5 电影咋看很酷，美国乡村天注定，被人欺负了24小时内一定要报仇。剧作也确实比较大胆，很大的梗就这样撂下了也不觉得哪不对。演员也都很好，还很好笑。但警长一封信道出了内核的问题：你们这样主要是因为缺乏善良友爱。这不对吧，如果这些红脖缺的真的是爱，一年前他们怎么会去投川普呢']"
纵横四海 h横四海,8.8,41824,"['香港浪漫主义警匪动作片的巅峰之作！那段发哥和红姑的轮椅舞堪称香港电影史上的经典镜头~~', '发哥在轮椅上和红姑共舞，忘不了啊……', '经典就是经典，看无数遍也是经典', '这么多年，还是觉得周润发莫名其妙被人偷垒很可怜啊', '五星，人生挚爱！哥哥、发哥、钟楚红，所有人的表演都太惊艳了，哥哥在桥上自己的画上签名的洒脱，还有俩人配合偷取宝物的情节和动作，喜剧而不失张力。整部电影综合喜剧、浪漫、爱情、动作、情义，多种元素于一体，奔放而不失细腻，带给人深深的满足感和刺激，太给力了 ']"
我是山姆 I Am Sam,8.9,40703,"['哭到只剩半条人命~', '情节有些拖沓 主题很好 演员也不错 但是导演不好 ', '“没关系，爸爸，没关系。不要难过，我是幸运的，别人的爸爸都不会带孩子去公园。”', '父亲节看这电影真是应景。里面的小姑娘，原来真的是老友记1014里面卖房子夫妇的女儿McKenzie  ―― 世故地吓人，凭什么她这样就感人至深，林妙可就受尽唾弃？？？不公平', '五星送个Sean Penn。']"
达拉斯买家俱乐部 Dallas Buyers Club,8.8,60063,"['Jared Leto的腿比女人还美！！！Jared Leto的腿比女人还美！！！Jared Leto的腿比女人还美！！！Jared Leto的腿比女人还美！！！【说正事，这热血抗艾片真是百年难遇地好啊，仔细想想，能把life outweighs money这种俗道理包在热血的外衣下讲得这么动情深刻。fuck yea cowboy!!!!', '杰瑞德莱托必须最佳男配！演技好到发指！好到让人挠墙发指！马修麦康纳演技也好到爆，尤其是去墨西哥之前趴在方向盘上干嚎那一段，跪求两人冲击奥斯卡。一个沉重题材的电影却毫不伤感，最具震撼力量的是人性的真实，很难讨人喜欢的角色却让人充满敬意。PS：影片中段叙事节奏欠功力，五星是私心', '在某国的话早就挂了 而且还是倾家荡产', '也就两位男演员表演值得一看，主题可嘉，剧情什么的略显平淡。3星半。', '三个主要演员都超好。我甚至觉得变形异装癖Rayon演的更出色。詹妮弗・加纳也超好看在这片里。能把一个本来沉重的故事拍的苦中作乐既有重量又举重若轻，导演和演员都展现了很高的才华。让-马克・瓦雷把一个美国南方的故事拍出了魁北克电影的味道，不容易。']"
东邪西毒 |邪西毒,8.6,59929,"['“当你爱的人离你而去，你唯一能做的，就是不让自己忘记。” “如果有一天我忍不住问你，你一定要骗我。就算你心里多不情愿，也不要告诉我你最爱的人不是我。”', '090331美嘉――这样的片子还是不适合在电影院看――人多的时候看这样的电影，就是一个旁观者。', '你以为谈的是武侠，其实谈的是爱情；你以为谈的是爱情，其实谈的是人生。', '王家卫是借金庸的皮拍出了古龙的骨，没有侠之大者，只有浪子、痴女和大漠。\u3000“风也未动，幡也未动，是人心自己在动。” 这漂浪的人生正如大漠一望无垠，在时间的灰烬中只想和你浪迹天涯，客死他乡。太喜欢陈勋奇的配乐《天地孤影任我行》：一去不返，一眼万年。8.6', '可不可以给六颗星？']"
爆裂鼓手 Whiplash,8.7,92219,"['我在同样变态的师傅手下呆了三年，祖宗十八代被骂了个遍，没空吃饭上厕所睡觉交朋友谈恋爱，脊椎侧弯，颈椎强直，严重慢性疲劳，什么都没干，就是学敲键盘写文章。而我的极限在我妈看来不过是纸上吹牛皮而已。这个世界从不善待努力的人，努力了也不一定会成功，但是知道自己在努力，就是活下去的动力', 'J.k.西蒙斯应该能拿下男配！这片子的节奏感实在太棒了，爵士乐和剪辑简直融为一体了，还有西蒙斯机关枪版恶毒的台词，脏字就像鼓点一样密集且激烈，几场打鼓的重头戏在镜头上都是细碎古怪，靠剪辑重新赋予整体戏一气呵成且不断加速的节奏，可惜整部电影还是碎的，否则就真成大卫・芬奇了。★★★★', '第二遍看的观感落差略大……之前那种在紧张气氛下的恐惧感不在了，单靠剪辑节奏创造的强度也就少了许多魅力，倒是因为过于戏剧化的情节在心里不断减分。况且对这师徒俩哪个都没啥好感，真碰上这样的老师和同学大概恨不得一手弄死一个吧…', '流畅明快鬼斧神工的剪辑给这影片增色不少，让本来可能流于乏味的地方变得有声有色让人热血沸腾。剧本功底很不错，两个主角，最普通不过的师生关系写出了让人意外的层次推进。从事故那段之后人物关系就开始变得惊喜重重，接连好几次反高潮都让人想拍案叫绝。剧本最体现基本功的地方，就是层次感。', '他得到了世界，他失去了灵魂。']"
记忆碎片 Memento,8.6,79355,"['虽然知道多看几遍有可能会看懂，但我觉得应该把这个时间献给更多的电影。', '导演用一种前无古人的倒序方式营造出“支离破碎”氛围，让观众深刻体验到Lenny破碎的生活及内在，我们如Lenny般扮成侦探，在电影里寻找着所谓的真实。而那织在复杂结构中的情感更让人没有办法不被感动。“如果自欺才能使我快乐，我选择如此的活着。”我们要生存下去必须给自己一个理由，否则就会精神分裂。但那些我们坚持的东西可能只是自己假象中的虚幻。一觉醒来时看着天花板问问自己：我是谁，我为什么在这里。然后你...', '不错,一开始我还以为家里的DVD坏了,怎么倒着放的', '真烧脑子', '二十六个碎片，将后十三个碎片倒叙，以彩色片形式拍摄，前十三个正叙，分别加在十三个彩色情节中，并变为黑白片，以突出纪录片的风格。后十三个碎片每个碎片再被分成两半，并颠倒顺序，黑白片时而在两半之前，时而之中，时而之后。']"
荒蛮故事 Relatos salvajes,8.8,68051,"['“跟你做的比起来，我那做的都不算什么” 魔性十足，荒诞满分。每个人都有过一闪而过的犯罪念头，这部片子把我们没敢做出来的那部分呈现出来，狠狠戳中我们的软肋。这个世界总是如此厌倦又可笑。“没人不希望恶有恶报，但又没人愿意脏了自己的手。”', '人生的大喜大悲实在是太TM刺激了。8.7', '主竞赛黑马，阿根廷天注定，看过的都叫好。六个因仇生暴的小故事，每个都张力十足，戛纳巴赞厅里大笑不断。除了天注定，还有拉美版无人区、全民目击等等，差不多的故事，明显人家拍得更劲道。经典配乐、独特角度的运镜也很风格化。不知评委之一的贾樟柯看了作何感想？', '又一个酒神附体的电影，有笑有泪的复仇大赛，库斯图里卡的黑色味精，昆汀的血色糖精，加点马卡维耶夫的迷狂春药，好玩。最凶暴的两个司机玩命斗气斗殴那一段，跑到奥迪车头拉粑粑的司机要是腹泻，就棒了，可怜我最喜欢的Joe Esposito单曲《Lady, Lady, Lady》为这么重口味的故事伴奏。', '本年度最惊喜的一部喜剧片。6个故事罗列在一起，不拥挤不仓促，每个独立都有各自独立的笑点，整个集合在一起就像一头猎豹一样，用冷冷的双眼观望这个社会。还有每个故事的镜头，场景运动都相对独立，具有新意。非常的阿莫多瓦和鞋拔子昆丁。']"
贫民窟的百万富翁 Slumdog Millionaire,8.6,65778,"['just a love story again 基本上就是：《上帝之城》+《猜火车》+《阿甘正传》+《开心辞典》！本片又名：山寨富翁 / 阳光小阿三 澹\n\n', '贾米尔和他的哥哥不是两个个体，而是人在苦难环境中的两种选择，一个始终怀有赤子之心、爱心、同情心，相信奇迹、美丽、爱情等一切美好的东西，一个被迫选择用暴力和残酷将自己武装。这不是人的错，而是时代的悲剧，即使如此，在黑暗的世界中贾米尔发出的人性光芒如同正午的阳光一样耀眼得让人不能直视', '特别像文艺片导演拍的大片，还是挺有情怀的。不觉得是贩卖贫穷，是人家那种追求真爱的精神嘛~特别符合美国梦的要求。', '在这样一个现实社会之中，杰玛赢走的不仅仅只是金钱！而是生活在水生火热的底层社会中的每一个民众试图改变自身命运的梦想。', '实至名归']"
头号玩家 Ready Player One,8.7,249850,"['游戏宅和影迷的春药！还原《闪灵》那场戏看到要爆炸了！值得去电影院刷十遍！', '剧本逻辑有缺陷吗？人物动机有问题吗？也许有。But nobody gives a fuck! 就像IMAX开头那句话：“看一部电影，还是进入一部电影”，斯皮尔伯格用140分钟的影像为这句话做了最好背书。带上3D眼镜，放下一切包袱，进入这个世界，然后几十年后和自己的后辈吹嘘自己当年看这部电影时的场景吧。', '太好看了，我们这一代人的文化真的全在里面了，2045年你们要是建不出这样的虚拟世界，新年钟声敲响的一刻我立马举枪自杀', '斯皮尔伯格是世界上最伟大的导演，他早就无须用作品证明这点，但一不小心，这部电影又给大家证明了一次！我都不记得上次在电影里目不转睛的看完一部电影，对导演的想象力佩服的五体投地是什么时候了，无论是影迷和游戏迷都能从这部电影里看到满满的爱，无处不在的彩蛋又时刻在唤醒我们心底的这份爱。', '老男孩斯皮尔伯格或许借此片宣告了未来电影的走向，电影不再是用来看的，而是用来玩的']"
黑天鹅 Black Swan,8.6,128519,"['那一颗星星是被吓掉的', '不配5星，至少20星。', '完美主义的确是一种失败的人格学说，直接导致走火入魔丧心病狂。Portman演得好用力，看得我心里发毛。假如她凭此片拿小金人的话，不为过。', '镜子用多了，想不精神分裂都难。故事基本就是天鹅湖的变奏，与《摔跤手》一样的手持摄影，却少了摔跤手的写实风，多了些超现实的感觉与舞台味。女主、摄影、配乐、女配都很有实力。波特曼，好运！', '娜塔莉・波特曼的演技啊！达伦・阿罗诺夫斯基的黑暗啊！']"
人生果实 人生フル`ツ,9.5,28931,"['爱其实很小，它可以穿过针眼。', '风吹枯叶落，落叶生肥土，肥土丰香果，孜孜不倦，不紧不慢。家应该是生活的百宝箱，所有的答案都在伟大的自然界当中，活得越久人生就会愈加美好。', '真了不起啊！生命可以活成的最绵延温柔的模样。', '非常朴实，美丽，有让人不畏惧衰老的力量。不仅是晚年生活榜样，对于年轻人的生活也是人生榜样。生活技能也是考量人生是否完满的标准之一。有一位百般武艺的建筑家伴侣是多么重要啊，当然，能有一位把家变成生活百宝箱的妻子也很厉害，即使到了八十多岁，还得勤换桌布，会做料理烤蛋糕，还会耕作……', '这样活着，才会越老越觉得人生美丽。修一先生睡梦中逝去，是喜丧，又是高寿，而且死在妻子前面，夫人再也不用担心自己先死的话丈夫怎么办了。夫妻俩那么大年纪，却那么灵活，也没糊涂，丝毫没有暮气霭霭的感觉，真难得。老太太说女生一定不能没有笑容，除了睡觉时候不能躺着，真是让我惭愧。']"
花样年华 花幽耆A,8.6,71620,"['这些年来我一直想问你，如果有多一张船票，你会不会跟他走？', '在梁朝伟喂到第二声的时候，我的眼泪突然就下来了', '“回去给我打个电话，你不用说话，响三下就好。”看这部时真的会觉得旗袍就是为张曼玉而生。', '第一次看，觉得也不晚，年轻时恐怕也看不懂。拍这部片时，王家卫42岁，梁朝伟38岁，张曼玉36岁，的确是要过了盛年才能领会的感情，带着中年人的自制与含蓄，而没有了少年时的热烈。可为什么要叫“花样年华”？也许对他们来说，这时才是最好的？没有鲁莽，但也还未衰老', '张曼玉的手会演戏，怀旧中黄色的氛围……']"
你的名字。 君の名は。,8.4,224419,"['这部片深刻地告诉我们 一个有好剧本的诚哥有多可怕 ?', '和《追逐繁星的孩子》同个毛病――一个平时专注于言情的人看了科幻小说之后可能就是这样的，他执着于用新学到的概念来包装自己的认知，而不是放手让这个概念去革新它。', '高配版大鱼海棠，奶奶是夏日大作战穿越来的。新海诚老生常谈，节奏没把握好，人物单薄，插入曲太满，突发式琼瑶情节多，怪不得赞新海诚的论文入不了学院派教授的眼。第一次看到电影带OP，简直呆。日本最近几年天灾频频，哭的观众大概被这个触动了吧。总之二次元言情向，影迷慎看。岩井俊二打了个酱油~', '只有新海诚才能让我一次又一次感受到爱情的纯粹与美好。被爱情伤得遍体鳞伤的我，不再相信爱情的我，突然会想，不如再勇敢地去谈一场恋爱？嗯，好像可以！', '新海诚终于会讲一个复杂故事了，真不容易啊！当年那部搔首弄姿、无病呻吟的“言叶之庭”差点让我转成终身黑，“君之名”却轰出了我睽违已久的少女心。彗星降临的末世情怀，穿越时空的灵之绳结，只有7秒钟记忆的鱼...星空、爱情以及所有遇见都是注定。']"
卢旺达饭店 Hotel Rwanda,8.9,32275,"['当这个世界闭上双眼，他却敞开了怀抱。', '一部会让我们灵魂受到强烈震颤的电影。通过饭店经理保罗在大屠杀中的经历，来纪念和反思人性中永恒的东西。虽然没有对大屠杀全景式的再现，却用深刻的心理描画使得观众的心灵受到同等的冲击。电影并非单纯的赞扬保罗，而是深沉的纪念普通人在灭绝人性的灾难中散发出的光辉，不仅仅是保罗。电影成功的做到了不忘记历史的目的.但这十年里，发生在非洲大陆上的、视生命如草芥的屠杀，从来便没有停歇过--谁又将见证，新的苦难与创伤...', '人祸最惨。可我们看完新闻，还是会安心的吃完晚餐。', '堪与辛德勒名单媲美的影片', '战争、人性、情感、孩子，非洲题材的电影都快拍成套路了。注：在《十一罗汉》里看到滑稽版的唐・钱德尔，感觉很奇妙~~']"
釜山行 ???,8.5,166278,"['这部片子里的孕妇和甄执里的孕妇战斗力不是一个次元的', '丧尸再也不是西方的专利了！韩国影人再一次向世人证明了他们非凡的叙事能力和精巧的借鉴本事。没有好莱坞式拯救人类的大英雄主义，多了的是人性的反思与情感的刻画。无论怎么看，这部电影都是亚洲影界的头一遭，五星鼓励！', '好过美国的《僵尸世界大战》，韩国在丧尸类型片的开拓一出手就登峰造极，个别桥段快准狠到了心骨眼！最后孕妇和小女孩穿过隧道如果遇到河正宇，那这片就真的是神作了！＝。＝', '这片最大的bug难道不是即使过隧道列车里面也有灯啊？', '气死我了，你们为什么不等天黑再出来?为什么?!?!?!']"
忠犬八公物语 ハチ公物Z,9.2,17172,"['八公的""原味""还是在日版，教授去世后与之相关的人们对八公的薄凉，在它始一而终的热诚面前抬不起眼。\n片尾的长镜头中，始终无人关照这位""人类的朋友""的死亡。似乎是一种讽刺，人弃忠友而去，却等待它们用生命为人类守灵。\n除了教授，没人担得起这份守候。', '美版突出悲伤氛围的塑造，日版则显得更加真实。除了八公与主人外，日版更多地刻画了八公与其他一些人之间的种种。相比美版里大家都爱的八公，日版里的八公则是忠诚过头而遭到其他人厌烦像踢皮球一般推搡的对象，也因此更加真实感人。', '很感人的故事，觉得这版很好，“阿八，为什么等一个不回来的人”进度条一半就开始哭，平淡的剧情，后面教授去世开始虐心，小细节动人，后来阿八太凄凉了', '教授去世之后阿八的凄凉处境可见世情人情，千鹤子正如佣人所言是个冷酷的人，她对养狗的欢欣不过一时，而教授对阿八的真心相待却换来阿八一世的牵挂。为什么要等一个永远不回来的人，因为那是它的牵挂，希望阿八和教授天堂再续温暖。', '我妈从未养过除了我爸 我 三条鱼之外的任何活物，但是我有个习惯，看到动物题材的任何东西，泪腺都会特别发达，甚至是角马迁徙纪录片，我记得看完八公心里唯一的感觉就是我会有自己的狗跟喵的，动物跟人之间的感情，纯粹简单，你养我，我忠你，不离不弃']"
头脑特工队 Inside Out,8.7,87298,"['不止是卖萌的画面和天马行空的想象力，看完电影后会重新审视自己的情绪，记忆，甚至梦境。BingBong消失的时候我哭得和Toy story3结尾时一样……', '不怕货比货，就怕片比片。皮克斯再一次证明了动画片是可以给所有年龄段看的。以为皮克斯被迪斯尼收购后，它的想象力和创造力就再也回不去了，看来这次我被狠狠的打了一记耳光。脑洞无限大，有创意有逻辑，有欢笑有温情，所有都拿捏的恰到好处，被这样的动画片感动到流泪，一点都不丢脸。??', '那时你第一次明白人生不只由欢乐主导，第一次了解万物皆有反面，第一次忘却曾经觉得重要的记忆，第一次在无知无觉中送走曾经无比重要的成长点滴。第一次接受残缺，第一次懂得如何抱着怎么都会有的不完美继续小心翼翼走下去。令人赞叹的主题，毫不拖沓的情节推进，永不让人失望的皮克斯。', '为嘛我觉得不怎么好看，有点无聊', '这部探索“脑洞”的动画新意十足，重回最高水准的皮克斯用它成熟而独特的叙事节奏牵引观众的内心，成长道路上的阵痛与迷茫最终迸发']"
雨人 Rain Man,8.7,41475,"['年轻帅气的阿汤哥，让人眼前一亮的霍夫曼。故事简简单单，配乐大气，并没有特别煽情的段落，不刻意讨好，不哗众取宠，让人看起来十分舒服，让人感动在不知不觉中。★★★☆', '生活在自己的世界里，也可以让周围的人显得可笑和渺小。赞。另外达斯丁霍夫曼演的太赞。', '原来童年最好的伙伴竟然是最亲密的兄长', 'Rain Man，Raymond', '剧情真的好赞的，没想到自己一直寻找的人就是自己最亲的人，查理从一开始的不接受到后来的分不开，也让人看见了他的成长，哥哥最后没有跟他走，却能得到更好的照顾。有的人觉得结局不好，但我觉得这就是最好的结局。']"
模仿游戏 The Imitation Game,8.7,86315,"['他给机器起名“克里斯托弗”，因为这是他初恋的名字；他同意接受化学阉割，因为这样政府才不会把它带走：这大概是今年大银幕上最含蓄和悲伤的一段同性恋情了。全世界的恐同者都该知道，他们用来敲出每个仇恨字眼的电脑在很多年前曾有一个名字――“克里斯托弗”。', '看完之后才理解为什么学校的数学楼叫alan turing building，为什么工程学院的咖啡馆叫enigma cafe', '1最佳soul mate是去掉性吸引力 你仍是完美伴侣  2唯一爱你的方式，是建造一部解决人类所有问题的机器，冠以你名。 卷福又上升了一个新高度，演绎淋漓尽致  结巴天才四星半', '真的很好看…最后简单冷静的几行叙述文字本来我有一种欣慰的感动但准备会心一笑又觉得一种莫名的委屈，然后“噗哧”一声我就哭了出来…真的是五味陈杂啊T~T and thank you for bringing Turing back', '最后她去看望他，拥抱他。他孤独地站在那一排为之奉献一生并恩泽全人类的庞大机器面前说，I’m not alone，never have been。然后伸手抚摸那些柔软的冰冷。它是他的恋人。而谁记得，孤独的孩子，你是造物的恩宠。']"
黑客帝国3：矩阵革命 The Matrix Revolutions,8.7,24822,"['一个bug和一个流氓软件打来打去，打来打去和打来打去', '不说好，是因为你没看懂', '不管别人怎么说，我觉得这是我看过最完美的系列电影。', '看完之后觉得没看懂于是看别人的剧评，感觉自己好像懂了，但是再看一遍又发现好像有解释不通的地方，于是又找搜索剧评，如此循环往复，还是觉得似懂非懂的一部电影。算了还是欣赏帅帅的基努里维斯就好啦', '并非烂掉，用“下凡”来形容一到三的变化可能更准确。一抵抗的是故事外空间，是对既有现实认知的破立；赢得新世界观后，二三的抵抗对象却从此局限于故事内空间，消灭机器大帝或史密斯和打灭霸没有本质区别。从揭露故事外“虚假”到沉迷故事内“真实”，沃卓斯基从拍电影的宗教主沦为传教的导演。']"
一个叫欧维的男人决定去死 En man som heter Ove,8.8,62635,"['气哼哼的人要是爱起这个世界来，真是一把鼻涕一把泪啊。', '巨人的花园，男主年轻时那副严谨又害羞的样子真是太迷人了。', '这部电影的前十分钟就是我们的未来，旁友们。独居，失业，没有另一半，被年轻人嫌弃，想死死不成。', '一个孕妇那么能折腾孩子真的不会掉么???', '你身边每一个不讲道理的大爷，都可能是一个有故事的男人，他曾经拥有一段浪漫的爱情故事。']"
你看起来好像很好吃 おまえうまそうだな,8.9,60100,"['“感情不分草食肉食” 豆瓣评分加分法则：小清新加分，成长加分，治愈加分，卖萌加分，卖腐加分，又是日本的，加分，还是动画，再加分，这么七加八加就加成了一部豆瓣8.9分电影。★★★☆', '无论你去往何方，不管何时何地，我都会永远永远的爱着你。', '治愈。希望霓虹也能在地震中恢复起来，warm hug', '从听到山口声音的一刻，就完全代入犬夜叉了。长颈龙们跺脚迎敌，然后全体晕掉――赵大叔说什么来着：你跺你也晕', 'http://v.youku.com/v_show/id_XMjQ3NjUzMzAw.html  又逵置然购芨阈Α']"
无敌破坏王 Wreck-It Ralph,8.7,71595,"['昨晚是第一天首映，一直激动到现在，绝对可以称之是迪士尼的崛起之作，近年来最有创意的故事最用心的设计最可以证明迪士尼实力的影片，brave，tangled几乎没有可比性 go watch it! ', '突破的迪士尼，有回忆却无情怀，有佳句无佳章，设定、创意不错，但讲述方式一路下滑。开篇惊喜以为会是游戏世界的《超人特工队》/《超级大坏蛋》+《怪兽电力公司》，没想看完感觉是动画版的《极速赛车手》…无个性，满满都是其他动画片的影子。 “如果那个孩子喜欢我，我还能坏到哪里去呢？”', '蜀黍和萝莉、御姐和正太的逆天组合，和《复联》《林中小屋》一样，以“穿越”串起主轴，却没有前者的一锅乱炖，而是毫无违和感。以“反英雄”主角的消极情绪，一路升温来找回正能量。倘若你曾是8位机或游戏厅的玩家，必定能够旧梦重温、重拾童趣！', '非常过瘾。大反派破坏王为赢得尊重跑到另一个游戏里冒险，各种奇遇和阴谋危险。。。故事紧凑精彩，画面非常绚丽漂亮。游戏背后的世界勾起我们的童年回忆，充满对老游戏的致敬，有点初次看《怪物公司》的感觉。情怀深度故事画面样样不差，个人目前的年度最佳动画，颇有奥斯卡相！', '一个反派从自我否定到自我认可、从被别人轻视到被别人需要的叛逆冒险之旅。但其实画面、配乐、字幕已经足够让感官享受很久了。中途睡着后再醒过来也一样可以看哭，又破涕而笑。']"
未麻的部屋 Perfect Blue,8.9,41618,"['谁说今敏不牛b我跟谁急', '谁来告诉我用动画代替真人电影中的悬疑惊悚精分什么的具有什么优势？我认为动画就应该尽其本分，表现童话神话之类的狗屁，不应该承载真人电影的使命。诚实地说这片子我看不进去，动画的形式大大削弱了我的兴趣。今敏不是不牛，他的回忆三部曲就明显是合格的动画，比这个好', '080331 今敏的片子比宫崎骏的假大空好太多，110分钟分分钟无法释怀，越到后来越奇妙', '够黄够暴力的高智商电影，97的电影，今敏的确牛逼。', '又是一个精神病,ME-mania长得吓人啊,恐怖..动画不是给孩子看的.,,']"
恋恋笔记本 The Notebook,8.5,98985,"['我会永远记住你。爱情没有那么多借口，如果不能圆满，只能说明爱的不够。', '1.先入为主是王道。2.等人不要等^7年。', '老人不是诺亚，那是最感人的一笔', '不是，我没有懂，他们为什么爱得死去活来。', '爱比记忆更长久，谁能如你般浪漫一生。']"
冰川时代 Ice Age,8.6,33411,"['我纯粹是喜欢那抱着松果的小倒霉蛋儿松鼠，哈哈……', '成年后再次接触动画片的最初几部，当年刚上大一，跟《怪物史瑞克》一样刷新了我们整个宿舍的眼界，动画片可以这样精彩和不分年龄。', '整个电影我最喜欢的是那只松鼠，真是太可爱了', '说明了人类的孤芳自赏与自大无知，在史前一万年前动物们就已经知道如此了。老虎都这么有情，叫那小孩情何以堪。原来唯一不会使用英语的竟是人类，更讶异的是，那小松鼠直接改变地球生物史。其实他才是主角.8分', '伴着儿时的自己慢慢成长，觉得里面的每一只动物都值得拥有他们最好的人生。积极向上的一种态度生成了现在的自己吧。']"
哈利・波特与阿兹卡班的囚徒 Harry Potter and the Prisoner of Azkaban,8.6,32166,"['整套哈利波特。我最爱这一部。最爱的场景是。哈利赫敏f。你知道帷Ｐ√炖切才o我f叫我搬去和他一起住。@游揖筒挥煤偷驴怂家患易×恕；蛟S我可以住到l下去。那N可以看天空的地方。我想他在v@N多后喜gl下的。後砜吹叫√炖切撬赖r候。我特e的X得^望。 很多的r候我X得布利多是最保o哈利。......\r\n\r\n', '阿方索・卡隆把黑暗紧张，幽默风趣，还有机智巧妙的构思完美地融合在这一部电影中，让人意犹未尽。', '注意到售票员韩波脸上的青春痘了吗？三层大巴里弥漫着汗和脚的味道。还有打人柳的春夏秋冬，那些都是我最喜欢的部分。墨西哥魔幻南瓜大电影，最爱。', '节奏总算快了一点了...早该换导演了', '《阿兹卡班的囚徒》虽然是《哈利・波特》系列中全球票房最低的一部，但也是极具艺术风格的一部。尽管《哈3》有些许缺憾（比如细节上，没道出活点地图是发明者；火弩箭的赠送者与原著有出入……），但TA依旧是我心中最爱的电影之一，因为我与哈利・波特的第一次邂逅就是发生在这部《哈利・波特》电影里！']"
海边的曼彻斯特 Manchester by the Sea,8.6,102329,"['有rP不上冰箱的T _趾撞到了桌腿 R出T找不到手C 嚎啕大哭 你X得小}大作 只有我自己知道槭颤N', 'Lee说话是不是美国周杰伦', '逃避虽然可耻但是有用。', '这么多年看电影教会我尤为重要的一点就是独立意识，不要去迷信什么口碑，自己的感受是怎样就怎样，怒我直言，真没看出这片子好到了什么程度。', '惨啊，太惨了。来美国以后第一次听到有人在影院里哭。剧情和感情之细腻简直是日本电影。完全可以脑补是枝裕和导这个片，由ARATA或者龙平来演男主。']"
海街日记 海街diary,8.8,74472,"['总觉得一种日式情趣压倒了电影本身', '5.0。1.一部让人想努力活着的电影。2.六月的镰仓满是海街的水汽，才回新宿便开始万分想念，也终于有幸在东京看了场是枝的电影，我想，那样的美好恐怕以后都很难再有。电影里并没有紫阳花大片盛放的空镜，但四姐妹的和服烟花戏真的好美，我想，那是一个梦一样的乌托邦才对。', '在这部电影里你能找到所有你喜欢日本原因：美食、美景、美人、温情人际等。但正因此，电影里所搭建那个终将逝去世界是与真正现实缺乏关联的。以那个社会观察家的高度来要求是枝裕和，这部作品无疑是甜腻而又平庸，堆砌日本情调式商业元素。但好在是枝细腻笔法都在，所以一定舒心好看。', '平庸？！远了的先不说，就是和被捧上天的上一部《如父如子》比，这部也明明更有味道，根本舍不得它结束。年度十佳', '我的年度最佳日影，是枝裕和拍家族片已臻于化境。镰仓旧居的线香花火里散淡描写的家族人情又不失生活感、淡化缺失、淡化戏剧性、带着故事的食物、充满仪式的日常，这才是最地道最细腻的日本。气质最合拍的竟然是向来浮夸的丝丝。']"
二十二,8.7,52869,"['可能成为这些老人最后的影像了。不谈技术，这部纪录片本身的意义值得五星。', '没资金，采访人数少，资料缺乏，能拍已经是勇气。这种题材，还想组织得多丰富多显眼？打分低的是多专业呀！！！一堆评分低的说些白痴都知道问题。还有一个说没准备好！准备好，老人都走了吧！无论如何，伤疤都在哪里，不是谁去揭不揭的问题。不然老人跟他们说谢谢，不跟你们这帮脑子进过期豆瓣的人说', '我个人很欣赏导演的镜头语言，不掺杂过多的个人见解，没有试图把国家的灾难强加给个人进行“升华”，也没有过多感情的宣泄，零碎化、生活化的呈现，描述的近乎是二十二个普通老人的晚景。这也就够了。', '对她们的正确称呼是<二战期间被迫充当“慰安妇”的受害者>。', '3.0。1.相比《三十二》的深植内心，本片更倾注于昔日慰安妇的群体化描摹，或许更具史料价值，而非个体生命价值。2.对于郭柯的拍法，有人觉得投机抑或愤怒，在我以为，仍然算得上是一场值得去做的抢救式纪录。']"
虎口脱险 La grande vadrouille,8.9,24670,"['永远看不腻的喜剧！', '娘的,这就是货真价实的喜剧片', '从小看过几十遍了吧，至今每看必笑，真正的好电影', '法国喜剧展。终于在大银幕上领略了这部经典喜剧的风采，其实称得上是战争意淫剧的始祖，只不过咱们中国的《举起手来》学的太低劣，人家很高级罢了。里面的剧情bug很多，但是笑点设计的很高级，过去几十年仍能给人们带来欢乐，这就是经典喜剧的魅力。菲耐斯真的是喜剧天才，他的名字值得被更多人记住', '“胜利属于我们” 没想到60年代就能产出如此纯粹的喜剧。']"
新世界 ???,8.8,47459,"['弄巧成拙姜科长，无心插柳李子成，唯我独尊李仲久，超长待机是丁青，壮哉天朝大黑客，实力助攻小延边，智商不够高局长，我没看够宋智孝', 'md，太好看了，害怕她一点点演完。虽然一开始就猜到了结局，但是拍的真带感啊，尤其是戏骨黄的车库突围戏，那叫一个悲壮。棒子又一次感动了我，好电影', '最后还是华侨统一了南棒黑社会，中国人最狠啊。。。', '韩国电影的山寨路线中心思想就是【西巴！】――要做就做狠一点，于是，新鲜的东西就出现了。', '朴勋政将典型的黑帮卧底戏换了个出乎意料的结局.']"
房间 Room,8.8,61549,"['小童星的演技天分闪耀，令人惊叹，不是该给个表演奖的问题，是险些威胁了小李子。故事讲述了两次出逃：一次是物理性、空间性的；一次是精神性的“心牢”，说导演后半段跑题走偏的，大概心理预期只满足于看个惊悚片。原声音乐的作者是谁？中间高潮部分完全照搬<点球成金>的一段旋律，听得也是出戏。', '女警察询问那段。。热血沸腾', '没想到是这样一个故事，小男孩扮演者雅各布・特伦布莱的表演实在太让人惊讶了！以小男孩的童趣视角来推进一个悲惨的故事，屋里屋外，成年与童真，既对立，又统一，“我本该高兴的啊”。最后小男孩跟那些物件告别的时候，太揪心了。但有一点不太通吧，施虐者为什么抛下了小男孩儿？', '后半段差了点，仍然是个不错的故事，主要是两个演员太棒了。某场戏太催泪，哭得不能自控。', '小孩完爆小李子']"
雨中曲 Singin' in the Rain,9,26573,"['老电影总是快乐得那么纯粹', ""永远记得他在雨中高唱“I'm singing in the rain...... ”，一下雨就常常不由自主就哼起来。"", '经典到无话可说', '虽然下着大雨，心情却不潮湿，因为有她――  一个与彼此相爱的女子。漫步雨中，收起握在手中伞，在雨中尽情的欢唱与起舞。配乐满分，舞蹈满分。那些搞笑的舞蹈动作让人看着心情不自觉的轻松与愉悦起来。如果你伤心难过，如果你郁郁寡欢，如果你失落空虚，那么就在雨中高歌一曲吧。', '大雨的夜晚，与戴比・雷诺兹分别后，男主角陷入捕获芳心的无比快乐中，索性收起雨伞，在雨中载歌载舞！']"
哈利・波特与密室 Harry Potter and the Chamber of Secrets,8.6,30155,"['再没有什么比一封吼叫信更叫人晕菜了！', '那时候看电影才9块钱！', '略逊于前作，但有精彩的剧情作支撑，整体还是不错的，赫敏越来越漂亮了。', '""It is not our abilities that show what we truly are,it is our choices.""?（ps：Dobby好可爱～?）', '很久很久以前看的 VCD']"
恐怖游轮 Triangle,8.5,109774,"['好吧，Triangle，多好的名字，谁TM给译成《恐怖游轮》这个标准的B级片片名的！？', '4星，看过两遍以下者不要随便说有BUG，拜托您先多看几遍再说！又是“从前有座山，山里有座庙，庙里有个和尚讲故事的”的死循环的穿越片，很牛X。解析看http://www.douban.com/review/2820200/', '【导演缺钱花，钱只够拍一半，把这半段来回剪切播放！】真的！！！不觉得这个片子极其无聊么！', '无限循环。衔接点是个漏洞。洞不大。', '影评有时候可以比影片本身更牛逼']"
人工智能 Artificial Intelligence: AI,8.6,54492,"['那只熊在自己缝自己！！', '我要一只泰迪熊和一个舞男乔。', '我只想成为你的唯一，获得你全部的爱。', '有点拖沓', '每看这样的片子，都对人类更绝望。卑鄙、愚蠢、自私、懦弱、残暴，实在是宇宙间最丑恶的生物。别怪塞林格会说：我认识的人越多，我就越喜欢狗。']"
魔女宅急便 魔女の宅急便,8.6,39596,"['小黑猫汗毛竖起的样子太萌了！故事有点仓促，不过一个所有人对魔法都坦然接受的和谐世界真的好稀罕...', '  “成长是一笔交易，我们都是用朴素的童真与未经人事的洁白交换长大的勇气。”', '于是。扫把魔女就变成刷子魔女了啊。。。', '这是一部令人身心愉悦的动画片，画面柔和甜美，音乐明快，观影过程如同在海边沐浴着柔美的海风，心旷神怡。两只猫轻轻走过爬满青藤的墙上，那种水粉画般阳光充沛的慵懒午后的感觉在心中荡漾开来，世界是如此美好。这就是我们心目中理想的海边小城，宁静祥和，人们衣着整洁、面带笑容，永远快乐地生活', '自从吉吉不再讲话，我的姨妈就使劲作']"
惊魂记 Psycho,8.9,34103,"['人格分裂的鼻祖，试想60年代人们看到这部电影时能有几个不喊牛逼的', '且看诺曼的last smile  毛骨悚然！', '最后那一抹笑容堪称经典。', '世影史：这部现代恐怖片之母拍摄时成本很低，拍摄时间也很短，由希区柯克以纯熟的蒙太奇技巧游刃有余地操纵观众情绪，从而完成了一次完全意义上的纯电影表达。片中的“浴室杀人”场面已成影史上的经典画面，共历时48秒，由78个快速切换的镜头组成，尽管无任何血腥画面，但其恐怖效果却无以复加。', '都不敢洗澡了...']"
海洋 Océans,9.1,31985,"['大自然孕育生命也播散死亡。你见过它壮阔的美景，也会见识它怒吼的巨浪。但它从来都给你希望，讲给你听生命的礼赞。就像有日落，就会有日出。那唯一逃过捕食的小海龟，代表着生的喜悦，它仍会勇敢前行。那被割掉鱼鳍绝望而死的鲨鱼，代表着人类的残忍，这超越生命与自然的限度。看看吧趁一切还来得及。', '没有奇观，没有科教，没有故事，什么都没有。', '有些中国观众的素质和耐心，真是不配看这部杰作，我都想给他们倒贴电影票钱，让他们滚蛋。', '海洋很美……不过好容易困', '觉得阿凡达很壮丽？你得看看这个。']"
疯狂的石头,8.4,58605,"['聪明的宁浩，能走多远？', '难怪老外会看不懂。重庆话版太接地气啊，简直笑死爹了～～～～～～～～', '重温。别说，这片还真能经得住考验，也不是简单一句模仿盖里奇或多线叙事就能概括的。特别里面几组的人物都不仅仅是作为结构故事制造笑点等功能性的存在，而是几乎每位出场人物塑造的有头有尾性格鲜明紧扣主线笑果突出，还贴近生活反映现实，这就很难得了，在这方面石头其实做的比烟枪还要好点。', '真好玩', '故事情节环环相扣，演员都特别棒！黄勃真是，太抢眼了！']"
奇迹男孩 Wonder,8.6,102094,"['在这种家庭里做一条狗都好啊', '当时出国以后的第一最大感受就是尊重，不论老弱病孕还是任何“与众不同”，都不会有人上下打量你。我不能说他们内心是否真的友善，但是尊重是最起码的原则。希望这个世界多一些善意，任何人都有自己存在的理由和方式，看到每个人由衷接受Auggie的时候太暖心了。', '“生命流逝太快，我们都没来得及多看对方一眼。” 那个帮助奥吉的同学杰克・威尔，在跟同学打架后，委屈扑在老师怀里的表情太心碎了…', '一碗甜而不腻的普世价值鸡汤，非常好喝。\n\n看之前我以为是讲主角小男孩的，原来是章回体，每个人都有故事每个人都有视角每个人都有选择。\n\n每个人都很美很好。\n\n开演前基友给我说这部电影就像夏天一样清新，是啊没错，像泡在透明干净的玻璃瓶中的黄瓜水一样，安心又健康，还有甘甜味。', '把“生而为人，很抱歉”，变成了“是个人，都应该与人为善”，多视角还挺有意思的。人与人的孤独重量，都是同一种地心引力。虽然不出意外的，所有人都是自带光芒的nice好人。']"
罗生门 _生T,8.8,42103,"['强盗是个2B 女人是狡猾的狐狸 它老公是个自私鬼 讲故事的是个伪君子 鉴定完毕', '看于复旦三教的一个夜晚。走出教室，但走不出黑泽明。', '人，不需要任何理由就要说谎', '第一部黑泽明。这就是为什么，从终极意义上讲，人们或许无法相互理解与沟通的原因。意图到语言是一层折损，说出到听见又是一层折损，人的背景、能力、心理都影响其讲话与倾听的重点。没有看到恶，看到的是人的胆怯、虚荣及局限。审判者藏于镜头后，象征着全知者/真相的缺席。认知上的敞开带来结尾光明', '在那个时代它肯定是一部开创性的好电影，但显然无法取悦现在的观众。所有关于人性的讨论都是以对白给出，并且竟然出自乞丐和樵夫。以三船敏郎为首的几个演员，演技跟《七武士》时期几乎一样表面、浮夸，以及慢半拍。人性部分，相信芥川龙之介的原著剖析得会更深刻。']"
燃情岁月 Legends of the Fall,8.8,40183,"['每个画面都是那么温情且壮阔，还有那刺痛到灵魂深处的音乐，众人到位的表演。故事虽然并不那么引人入胜，但要表达的思想却是很容易赢得共鸣的。燃情的岁月，一世的真情。★★★★★', 'Tristan非常让人着迷，他是一位真正的自然之子。', '2010-11-17 看过。剧情时间跨度大，一战和大禁酒时代，美国西部人迹稀少的草原，开头夫人的离开就暗示了这种生活不是每个人都能接受，印第安人的角色也强调了自然和社会、不同价值观之间的冲突。电影用一个家庭一代人的故事串起很多历史事件，个人的爱恨情仇和时代的波澜壮阔缓缓道来。', 'TRADITION.真他妈legends！里三层外三层都是琼瑶阿姨...妻离子散哦...家破人亡哦...国家使命哦...男才女貌哦...宏大家族哦...爱得死去活来哦，女主角出场必洒眼泪...我对此类型已无感...', '被大学生念叨最多的两部电影，一部是《肖申克的救赎》（月黑高飞/刺激1995），一部就这是这个《燃情岁月》（秋日传奇/真爱一世情）了。']"
终结者2：审判日 Terminator 2: Judgment Day,8.7,22859,"['少见的超越首部的续集，动作片中的经典~~', '终结者三部曲中最经典的一部', '宿命的终结，伟大不仅在于超越时代的特效。', '詹姆斯卡梅隆的巅峰之作,永远的科幻经典。1.传统模型和化妆特效为主，电脑CG为辅；2.创意十足的最强反派：T-1000；3.施瓦辛格最好的表演；4.兼具动作片的爽快、科幻片的气魄与哲思、喜剧片的爆笑和文艺片的温情；5.机器人学习情感,以机器反思人性,揭示人的自毁倾向；6.""点赞""一幕至为感人。（9.5/10）', '永远记得第一次看本片时的情景，那个下着雨的清晨，用家里的旧DVD播放器放了那一张不知道从哪里搞来的港台盗版光碟，用半上午时间看完了本片，时至今日我依旧能够回忆起当时哭成狗的我，它给年少的我带来的震撼是永生难忘的']"
魂断蓝桥 Waterloo Bridge,8.8,29727,"['“我爱你，我从未爱过别人。”经典的爱情故事就是无论发生在什么年代，无论是在什么样的文化差异下，都能够唤起大家共鸣的情愫。★★★★', '片子本身中规中矩，费雯・丽演技要加分！全片明确回避了“prostitute/whore”词汇，爱情戏也拍得比较克制，滑铁卢桥自杀场景的剪辑很棒，主题曲《Auld Lang Syne》闻名遐迩，让人百听不厌~ 但个人极度不赞成电影宣扬的这种保守甚至扭曲的价值观，更喜欢女二号的性格和思想。（8.0/10）', '一对璧人。彩色版的费雯丽美若天仙。', '喜欢这部电影的人应该很多。影片描述了第一次世界大战期间，陆军上尉罗伊在休假时偶遇芭蕾舞女郎玛拉，两人一见倾心的浪漫爱情故事。但是残酷的战争改变了人的命运，美妙的爱情也随之化为泡影。观影的过程中体会到悲剧就是把美好的东西毁灭给人看，随着剧情的发展从欢喜到痛苦，还有深深的惋惜。', '我也不清楚这是什么感觉 总觉得中国的文化底蕴碰上美利坚怪怪的']"
穿越时空的少女 rをかける少女,8.6,56594,"['我在未来等你...', '少女因不知道如何面对告白，选择以时空跳跃的方式跳过。最后她才发现，那其实是她生命中最该珍惜的段落。看她大哭着跳跃着，拼命想追回擦肩而过的缘分时，我的少女心咯噔一下发作了。细田守讲了一个很戳人的初恋故事，跟这片一比，“时空恋旅人”简直是块莫名其妙的烂布...', '爱杀真琴的性格和他们仨的感情。时间静止的画面。动画比人演得好！吉田的音乐大赞。', '时间细水流长，莞尔逝之。相逢相处顷刻间，甘美永葆。', '好想回去啊，那时候的一件小事，都是眼前的“灾难”，不会应对只能逃避，心里默念“快点过去吧快点过去吧”，就真的这样一下子过去很多年。再想回去，次数用完，谁都办不到了。']"
爱在午夜降临前 Before Midnight,8.8,54431,"['“我虽努力，却难于去亲近自己心爱的人”经历了平淡、争吵、否定、相濡以沫所有最真实的感情状态，18年过后，最难的是仍对彼此保有激情。上一次看到这么纯粹的爱情电影，还是九年前。伊桑朱莉理查请你们9年后准时回来，哪怕拍不动了、聊不起了、原地静坐90分钟，也好啊。期待2022年的第四部。', '结婚快10年互相之间还有这么多话可讲，还有性生活，这他妈不是真爱是什么？', '为了看第三部，特意重温了前两部。还把《恋人絮语》找出来读了下。期待第四部Before Death（爱在棺材盒盖时）……', '神作！完美！历时18年的最湃部曲没有之一。俩话痨每隔九年叨叨一个多小时，男主的胡渣+女主的皱纹给予台词无比的润色。累觉不爱人群杀手，夫妻情侣必看典范；音乐、光线和希腊的石头与海完美融合。P.S.近几年最长跨度裸戏～', '作为Before的系列路，我终于在中年危机这里转了粉。Sunrise太甜，Sunset偏酸，只有Midnight酸甜苦辣都入了味。数度被台词戳中，我不得不一再提醒自己：那些只是台词，它们不是真的。']"
初恋这件小事 ???????????????????????...???,8.4,164128,"['一场强大的暗恋背后其实还有另外一场相反的暗恋', '你有几个最佳损友，她们陪你分享你心里的小秘密。你在初中小心翼翼的喜欢一个男孩子，你收集关于他的一切消息，你在你们共同上学需要走的小巷口左顾右盼，你记住他的每一句话，你为他做了让自己可以变得更好更美的所有事情，那些好长好长的岁月里你只是想让他看你一眼而已。', '虽然剧情已经无心意了 但是还是很！！！！！！！！！！！！你懂的', '我好想跟男主角初恋啊！！！要不然初夜也行……', '“我喜欢你，我做的一切都是为了你。”一部很纯情很清纯很阳光的泰式爱情电影，故事本身并不多出彩，甚至让人觉得狗血过头，但我相信这是一部让几乎观影的每一个人都能在电影里找到共鸣的影片。能够回忆起曾经自己初恋暗恋的那些小事，回忆起儿时朋友间玩闹的趣事。btw，“凤姐”蛮可爱的。★★★☆']"
可可西里,8.8,29694,"['在中国最傻逼的问题就是：“县里不给你们解决经费吗？”。最耐人寻味的回答的是：“我们没有编制”。众所周知的是，有编制的从来不管这些事情，因为组织没安排。', '看了陆川近年的作品...觉得这片绝壁不是他拍的', '见过磕长头的人吗？他们的手和脸脏得很，可他们的心特别干净。我卖过皮子，可我没办法。', '中影史：这是一部反映生命历险的故事片，它通过猎杀藏羚羊和阻止猎杀藏羚羊这个载体，讲述了人在绝境中的生存挣扎和人与自然的相互抗争，讲述了可可西里巡山队从诞生到被解散的悲剧命运。这本质上是一部关于存在的电影，是一群人为了活着和另一群为了活着的人存在的故事。', '撇开抄袭、媚俗与占据道德制高点的嫌疑，影片本身质量还是没有问题。偏向伪纪录片式的写实主义风格，避免了刻意煽情或戏剧性渲染。摄影极美，表演过硬。流沙段落携带着窒息般的绝望与无言的惊惧；遍地的藏羚羊新鲜骸骨；星空。| 在这里，你留下的每个脚印都有可能是人类留下的第一个脚印。（8.5/10）']"
2001太空漫游 2001: A Space Odyssey,8.8,51822,"['这部片子有三个特征：1）看不懂 2）无数的符号 3）必须熟读尼采 4）六十年代能够做出这样的特效真的是惊天动地 ', '现在这个年代没人敢如此玩观众了。\r\n', '李安评价自己最爱5部电影之一时说： “我非常崇拜库布里克，关于《2001太空漫游》我无法说清它究竟是一部怎样的电影，我当年第一次看这部影片时，它深深地吸引了我，那种感觉就像吃了迷幻药之后的幻觉经历。” 今天在资料馆大银幕体验，修复版让这种幻觉变本加厉，渗入到每一根神经。', '那奄奄一息的机械生命执意要为我唱一首雏菊，有那么几秒温柔得不像话。', '牺牲了部分叙事节奏，但构筑起来的完整世界让人目瞪口呆。我觉得我要暴走了：这怎么可能是1968年的电影！！！这怎么可能是1968年的电影！！！它反科学反伦理啊！！！']"
完美陌生人 Perfetti sconosciuti,8.5,107969,"['“这是你人生中一个重要的时刻，是你会铭记一生的事情，不仅是你明天和朋友聊天的谈资。如果你以后想起，无论何时回想起来，这件事都会让你嘴角带笑的话，那就去做吧！但如果你并不这么认为或者不太确定，那就忘掉它吧！因为你还有大把的时间” 被推到绝境的真实，破碎而深省。预定2016年度十佳', '结局有些意想不到，最后一幕更是神来之笔。人是需要隐私的，但我们与要让另一半意识到，我留给你隐私，你应该珍惜它，而不是用来为所欲为。有人际就有明暗，如果实在忍受不了虚与委蛇，也可以自生自灭。有得有失，两个老人的那一幕告诉我们，有人陪伴终是美好的，即便为了这份美好要付出很多忍受很多。', '相爱没有那么容易，每个人有他的手机。过了爱做梦的年纪，轰轰烈烈不如平静。', '通过男主人来看，看心理医生还是有用的；通过女主人来看，心理医生的生活也会很糟糕的~', '小成本佳作的榜单里又多了一部电影，年度最佳剧本。非常精彩，非常流畅。\n最喜欢那位爸爸对十七岁的女儿说的话。\n以后如果有女儿，长大了就这样跟她说。\n婚姻真的是很难啊，人与人之间的关系也很脆弱。']"
绿里奇迹 The Green Mile,8.8,29936,"['片子缺少一种关键的非现实渲染，让人感觉离奇得难以接受，但是仍然是一部好片子', '带着满脸的眼泪和鼻涕泡儿看完的', '天使也怕黑暗。', '能把悬疑拍的好看我觉得有难度，虽然接近200分钟时长，但却不觉得冗长，值得回味的电影。', '感人.汤姆 汉克斯的演技很牛～']"
小偷家族 万引き家族,8.7,142723,"['那些说是枝一直致敬小津的人可以歇歇了。这次他拍了部让小津最深恶痛绝的今村昌平式的蛆虫电影。在瓦解冷漠虚伪的传统家庭概念的同时，他呈现了萍水相逢的蛆虫之间可以有怎样真挚动情的爱。一部以弱者的温和善意与牺牲精神挑战人类道德伦理制度上限的无政府理想主义之作。', '我很努力试图去同情人物，还是没法同情他们。情节很cheap，直白生硬，全片无一处情感发自创作者肺腑。可恨之人有可怜之处，如果可恨可怜都写得不充分，人物怎么立得住呢？是枝裕和最近作品太多，应该好好休息积累一下，一年三熟的水稻再好吃也比不上一年一熟的。', '萍水相逢，尽是他乡之客。是枝裕和依旧乐于探讨血缘与亲情究竟有没有必然联系。所谓小偷家族，偷的不止是能填饱肚子的食物，更是一种能够让灵魂产生幸福错觉的情感羁绊。偷生能不能叫偷？如果叫，那我们每个人，或许都是小偷家族的一员。中川雅也追车看得我哭晕，在海边抽了两根烟都没回过神。', '在电影院看了一部阉割版电影，导演是是枝裕和，我想这大概是对于这部片最大的讽刺了。\n他们在尽量还原现实，我们在竭力掩盖“全貌”。\n他们在诉说苦与痛，我们在迎合“价值观”。\n当我们的电影人还在绞尽脑汁如何消费和榨取现实的时候，他们已经用最举重若轻的方式走在了艺术关照现实的最前端。\n如果说《步履不停》是一剂后劲十足的催泪弹，那么《小偷家族》便是如鲠在喉的穿肠刺，咽不进去又吐不出来。\n观影过程始终都很平静...', '和《无人知晓》对比的话，是枝裕和结构和剧作上控制力衰落还是很明显的。但对类似主题复调式回归中，一个作者内在生命经验在时间中流淌所带来的文本上变化和感触，他对社会和人性经年耐心的观察、等待和摸索，恰恰承托出，与是枝裕和差不多同一时间出道的贾樟柯，还在《江湖儿女》中用符号宇宙空洞地重复自己二十年前生活经验。']"
牯岭街少年杀人事件 牯X街少年⑷耸录,8.8,39615,"['四小时冒油。五十年代台北群像。十四岁的张震。发力的杨德昌。成长编年史。黑暗中闪光。再回首，青春的轨迹依然明晰到深深嵌入地表，但那种鲜明和深刻是根本由不得人再走一遍。每一个时代都有各自的悲哀和伟大，卑微的人弯着脊背，聆听风雷，勇敢而纯洁的人拿身体和理想叩问苍天，从内部上升或陨落。', '外国人一定觉得中国人长得都差不多。', '我怎么都不会想到杀的人是她', '那一霎那我什么也没做，只是捅了你一刀。“原来你跟他们一样，对我好就是想改变我。你好可笑啊，你以为你是谁啊？我和这个世界一样是不可改变的…”', '我在台南，无聊的要命，每天可以看几十本武侠小说。后来，我叫他们去帮我租最厚的小说来看。其实以前的人，跟我们现在出来混的人，真的很像。《战争与和平》，其他的武侠书名都不记得了，只记得这一本。妈的，我还真想写本小说咧，干，给以后像我这种人看。太晚了，书又读的不够多。']"
阿飞正传 阿w正,8.5,65907,"['物是人非，你是否还记得那一秒，你到底最爱哪一个。刘德华在张国荣面前暗淡无光。', '总有一些人以为自己是鸟。', '我听别人说这世界上有一种帆布鞋是不能洗的，它只能够一直的走呀走呀， 走累了就在风里面睡觉，这种鞋一辈子只能下水一次，那一次就是它死的时候。\n――《匡威正传》', '你 风华绝代', '我只想知道最后在小阁楼里露脸的梁朝伟代表着什么']"
无耻混蛋 Inglourious Basterds,8.6,63888,"['当法国人不讲情义，美国人不讲人权，德国人不讲原则，英国人满脑浆糊，犹太人大开杀戒，希特勒就死了。', '引用某影u人曾f的：「一些得令的а荩由於作泉源枯竭，只B或C垃圾片堆中食，美其名f向它致敬，K究下^是垃圾再造垃圾而已。」', 'Waltz牛虽然片子一堆问题', '流畅，看起来毫不费力。除了布拉德皮特显得格格不入，除了地下酒吧那场居然不收拾现场有些BUG，除了绑着TNT居然能混进元首活动场所很无稽，其他都很好，很完整，完成了电影所能给出的最重要的功能：娱乐。', '电影的魅力，他用电影创造历史']"
香水 Perfume: The Story of a Murderer,8.5,79621,"['这简直就是一部资本主义发展史，出生于最肮脏和腐臭的地方，却追求最纯粹的美，通过杀戮得到迷惑人心的力量，就连最痛恨他的人也甘愿俯首称臣，最后犹如寓言一般消失于这个世界......', '观影过程中如果曾有过那么一丝丝对杀手的憎恶, 那么你便是世俗和不纯洁的.', '我不懂这种艺术，看的我混身不舒服想吐。用无数生命造就一个奇迹这种梗实在让我厌恶。', '每一个天才都是超越世俗观念和道德范畴的偏执狂。', '看到最后原来是个香水广告']"
谍影重重2 The Bourne Supremacy,8.6,24152,"['拍摄利落。全片大量采用了近景跟随拍摄，追逐逃亡场景用极短的镜头剪接连缀，没有用近几年时髦的慢动作、子弹时间、镜头满天转等特效。但是一样达到了让人屏住呼吸、目瞪口呆的效果。汽车追逐片断中近距离车内拍摄的碰撞场面尤其惊心动魄，远比其他动作片中动辄撞坏十几辆车来的惊险刺激。', '我发觉叫JB的都很厉害，是不是？James Bond, Jason Bourne', '整个片子干净利落，扣人心弦。对自我身份的确认与对过去的救赎又让影片多一份厚重。', '拍摄手法牛哄哄的！无论镜头、配乐、节奏都无敌的!!!!!', '《谍影重重》1~3是我看过的最棒的动作惊悚片了！这三部比碟中谍、007什么的更刺激、更真实。没有美女帮忙和高科技道具，全靠观察力、DIY和身手~ 导演和编剧功力不浅，马特・达蒙把动作戏和感情戏都演得宁静自然。毫无多余的煽情或莫名其妙的拖延，代入感极佳。（9.5/10）']"
新龙门客栈 新T客,8.6,35224,"['当年看到最后把甄子丹的脚剃成骨头的时候我还吓了一跳', '张曼玉真是风骚啊', '大漠孤烟直 长河落日圆', '有眼不识金镶玉，当然不是说这里的老板娘，张曼玉的角色真的很百变，可温婉可风尘可纯真可忧郁，似乎没有她驾驭不了的角色了。', '张曼玉将金镶玉风骚入骨敢恨敢爱的性格刻画的入木三分。林青霞和梁家辉亦将江湖儿女的情怀与抱负演绎的丝丝入扣。其它一众配角个个可圈可点，经典之作。']"
猜火车 Trainspotting,8.5,60559,"['世界在边，音乐在变，连毒品也在边，你不会越来越年轻', '360度旋转的婴儿头颅', '每个真理让人安宁，不是吗？如同坟墓。每个人都奔向它。 一直认为《猜火车》的片头是最棒的。\r\n \r\n', '平淡和琐碎是生活的本质。我们即使不甘不愿也不得不承认我们需要它向往它。★★★★★', '口音太强大 求循环十遍洗脑 从此用上了最潮款的苏格兰乡下口音']"
源代码 Source Code,8.4,110707,"['平行世界理论一定是真的，我坚定不移的相信着', '竟然看到短评里有人言“结局累赘”、“如果一切停在这个吻就完美了”。卧槽，两位琼瑶剧迷请勿玷污科幻电影的SF之神好么！！！！可以说，影片3/4之前的剧情是立意新颖但仍中规中矩的悬疑惊悚片，但是结尾处的1/4剧情简直达到了科幻电影的肾上腺素暴表线。这个结局甚至比《月球》更加悬幻陡峭.', '还好结局不是停在最后那一吻上，否则我给不了五颗星。希望在美好时停住，其实是内心脆弱的表现。从美好开始，延续下去，才饱含未来充满的坚强和希望的力量。谁的人生没有遗憾？但你要相信，在另一个世界，那些遗憾会被弥补。', '8分钟重启一次，不带存档的。', '一部商业片，一部穿越剧，救无辜百姓于水火，顺便谈谈风月，这么老套，这么制式，为什么竟能如此触动人心?']"
谍影重重 The Bourne Identity,8.6,36029,"['喜欢Bourne的冷静。当Matt Damon打开银行的保险柜时，我突然发觉，世界之大，持有三样东西便可畅通无阻：金钱，身份（也可理解为地位），枪（强权）。要求自己象特工一样生活显然是很辛苦且不切实际的，然而，有些时候，特别是面对危机，试着用特工的思维方式去看待问题也许会很有效，特别是对于男生。', '我发觉叫JB的都很厉害，是不是？James Bond, Jason Bourne', '同类片教材片，唯一遗憾是女一丑。', '一个系列的开篇，干净利落的手法，没有任何一点多余的煽情或者莫名其妙的拖延，无论是人物关系、整体的感染力还是极具代入感的电影节奏都做的十分出色，细节也是做到细致入微。★★★★', '有这样可靠的汉子，和他浪迹天涯都愿意啊！！']"
战争之王 Lord of War,8.6,31862,"['从影帝蜕变到烂片王也是需要一定的气度，就如同影片最后他被家人抛弃被抓到监狱却十分镇定一样。这片子政治隐喻很多。', '好想也有一把纯金的AK47收藏...', '和政府比起来军火商确实不算什么', '记得罗德岛战记动画版最后一段是这样的...""有一个梦想成为英雄的少年...他以光明为目标...坚信通过战斗可以驱除黑暗...但有光明的地方也必有黑暗存在...两者的斗争将永远不会停歇...当认识到这一事实之后...少年踏上了成为神之英雄的道路...""', '世界的正常运作内在地需要邪恶，对善与恶关系的探讨令人忆及沙马兰的反超级英雄电影[不死劫]。影片整体立意甚高，但节奏控制有待加强。结尾的自白过于直白了一点。PS：凯奇演技没话说，可惜沉沦于烂片的泥沼无法自拔。杰瑞德・莱托真可谓瘾君子专业户。伊桑・霍克在片中倒是颠覆了文艺形象。（8.0/10）']"
青蛇,8.5,52645,"['每个女人，也希望她生命中有两个男人：许仙和法海。是的，法海是用尽千方百计博他偶一欢心的金漆神像，生世位候他稍假词色，仰之弥高；许仙是依依挽手，细细画眉的美少年，给你讲最好听的话语来熨帖心灵。', '作为一个性格被阉割的男人，青蛇那一剑捅得好！', '姐姐，你为了一个许仙放弃千年道行，值得吗。\r\n', '徐克最好的片子。', '张国荣当年若愿意出演许仙的话此片会更美，但曼玉和祖贤姐姐已足够妖冶天仙，赵文卓的法海也更是傲世独立，吴兴国的许仙――猥琐男一个。全片的音乐美不胜收，飘飘欲仙，欲仙欲死，配乐和画面都极为出色。']"
地球上的星星 Taare Zameen Par,8.9,32077,"['与《三个傻瓜》的理念同出一辙，视觉创意细节令人惊艳。大框架未能免俗，但对待更广大的社会问题态度自信从容。另：印度电影可真长！', '我们中间一直都有那样的人,,想要改变世界运行的规律,,因为世界在他们眼中是另外一个样子.他们想法很独特,并不是所有人都能理解他们,他们被孤立了,但他们可能是最后的赢家那时世界将会被震动。', '节奏太慢了…', '天才和白痴只有一个伯乐的距离！', '谢谢阿米尔汗，赐予这个夜晚温柔的力量。它有成长的欢欣，兼得教育的鼓舞。五彩斑斓的童真，透过顽皮的镜头闪过，值得再三回味。']"
城市之光 City Lights,9.3,14000,"['老电影咖啡馆的第一弹。原来明天会更好的原文也可以是tomorrow the birds will sing。', '卓别林兼任出品人、制作人、监制、导演、主演、配乐、剪辑，结果一个奥斯卡提名都没有。\n卖花女一点不瞎，瞎的是奥斯卡评委。', '9.1；天街角流^你，沿路旅程如歌褪', '高清版，于是拳击那一场看到威亚了。挂钩上的拳击手套落下，正砸中夏尔洛，分明看到是一根细线牵下来的。', '大半时间各种捧腹，结尾却忍不住落泪~不愧是卓别林，兼具批判性、幽默诙谐与暖洋洋的正能量！在查理最后一部默片中，流浪汉与卖花盲女的爱情不知感动了多少人；笑点源源不断，拳击戏更是无与伦比；结尾被评为影史最佳结尾。当代的肥皂剧有几个能达到这种笑中带泪的喜剧片最高境界？（9.5/10）']"
血钻 Blood Diamond,8.6,33764,"['好题材，好风景，好音乐，好演员，普通片……', '钻石，华丽的毒品。 迪卡普里奥，自从无间行者开始已让越来越多的人重新认识他，并知道泰坦尼克之后他一直在努力。 ★★★★', '如果早拍10年并换个更有质感的女主，比如年轻时的梅里尔斯特里普，这部片应该能成为另一个走出非洲。除了探讨血钻主题，事实上影片也探讨了很多其他的宏大命题如战争、儿童兵、不绝对的正义与邪恶、生命的意义等。且并不显得突兀，很好的融合在剧情里。剧本有张力，Leo表演很赞。后半程配乐不错。', '套着uncle sam一贯的假惺惺救世主外衣，其实就是纯popcorn片，看着挺娱乐的。', '对于这样的现实题材电影，真的是不好评价。明明是略显文艺的剧情片，却拍的和爆米花电影一样，就像机器加工出来的，煽情部分和动作场面被安排得严丝合缝，刚煽完情就打架，打架打累了再煽情。但是电影想要表达的东西是值得关注的，钻石行业的内幕以及非洲社会的军事安全，让人触目惊心。']"
浪潮 Die Welle,8.7,45769,"['“还有，发言的人必须起立”“有点过分了吧！”', '浪潮的手势和上好佳广告里的手势95%相似。', '君子朋而不党。保持每一个独立思考和人格。这是我反对任何机构和活动“党同伐异”的基本原因。包括乐迷、包括观众、包括粉丝，狂热的、无理性的、邪恶的、革命的、红卫兵式的、党卫军式的群体爆发。这不是游戏。后果不堪设想。你知道我在说什么。 ', '世界离独裁只有五天。让我们回到1967年4月克柏莱中学的那场试验。就在试验结束之时，罗恩?琼斯对他的学生说：“和德国人一样，你们也很难承认，竟然做得如此过分，你们不会愿意承认被人操纵，你们不会愿意承认，参与了这场闹剧。” ---作者熊培云 ，原载《凤凰周刊》', '迷人的法西斯。题材很好，可惜拍的不太好。']"
朗读者 The Reader,8.6,57375,"['要不是那天的呕吐，也就不会有这么一段爱情。', '上、下部跳tone太厉害。影片末尾真是累赘至极。\r\n有一个镜头很美，汉娜离开后，麦克在湖边，他脱了衣服，把脚放到湖中，幽幽的湖水裹住他苍白的脚。这个镜头很独特。(为什么独特我说不上来，我只能感觉到。应该要把抽象的感觉化为理论的东西，我仔细想想。)\r\n\r\n还有，汉娜到底有没有罪？虽然良知薄弱，但片中教授说到，主导我们生活的是法律，法律要的是证据。\r\n道德虽广，但毕竟抽象；法律狭隘，但约束力强。\r\n在...', '爱煞凯特逐渐老去的眼角与眉梢。情恋与爱欲，唯有她的眼角眉梢才能将闪现的一切不可能全然变成了一种可能，即便面如枯槁，依旧是迷住少年人的优雅与魅力。', '文盲的悲剧', 'Hanna其实不在乎自己。一个人如果没有在乎的东西，也不在乎她自己的时候，真正了无牵挂，她就可以非常决绝。她的自杀应是情理当中的而michael这个角色让我觉得他怎么这么糊涂，一直与两人见面时，那番犀利的话还有沉迷的糊涂的一生，到了女猪脚死后的最后才真正觉醒....']"
彗星来的那一夜 Coherence,8.5,79262,"['没觉得有什么“烧脑”的，有的只是人类共享的对未知维度的震撼和恐惧。结尾毫无防备地从科幻硬是升华出了人性。强烈推荐这部画面烂到不如DV短片却出奇有力的作品。', '遇到停电这种事难道不该马上洗洗睡吗', '真・烧脑，认真看了两遍。第二遍主要注意一些细节，杯子啊衣服扣子啊还有走错门二人组拿箱子跑的时候塞进去的隔热手套……最后总结，如果以女主视角来看，到她落单遇上伪老公吓回屋子往后，身边已经没有一个是最早跟着出来的那拨人了，一个觉得自己被全世界抛弃的人其实做出什么来都不奇怪啦', '这部电影在诠释著名的物理学假想实验薛定谔的猫，现在盒子被打开了，我们看到了多世界理论和一致性历史的诠释，最后也看到这和哥本哈根诠释的不同之处。我们以为这群在不同平行时空里乱掉的几个人会想法回到自己的时空，结果最后却是证明了理论的真实性，让片子彻底变成了神棍科幻片。★★★☆', '薛定谔的猫，一只白猫，一只黑猫，抓住人们心里有耗子的就是好猫。']"
步履不停 iいても iいても,8.8,46822,"['人生就这么步履不停地前行着，那些舍得的舍不得的人和事总会一一远去，以至再也无法望见。你可能偶尔怀念，也可能丢了命似的道不了别。', '夏至横山家，\r\n小津屋檐下，\r\n周围二三事，\r\n外婆炸玉米，\r\n攀折紫薇花，\r\n追逐黄蝴蝶。\r\n淡然疗心伤，\r\n四肢渐愈合。\r\n有了伴的路，\r\n步履停一停；\r\n牵了手的手，\r\n岁月不回头。\r\n', '送走儿子后寡言的医生父亲念叨：“下次来的时候就是新年了。”与此同时儿子坐在远行的大巴上长舒一口气：“这次回家了新年之行总算可以省了。”转瞬下一个镜头就变成空的风景和儿子的画外音：三年后父亲死了。不多久母亲也走了，她最终也没坐上我买的车。这是日影特有的温情与残酷。玉米天妇罗。', '《步履不停》没有引出幡然醒悟的痛心疾首，当良多在墓碑前重复着母亲的浇水举动，他是否相信返家的那一天也是他人生的缩影？', '试图用一个特殊的日子来讲述横山家数十年来的漫长岁月，不运用任何插叙，只是让时间一点点流过，从各人间的对话中了解这个家庭久远已逝的一切哀痛压抑温馨喜悦，然后日子还得淡淡前行。每个人物都刻划得立体有力，但是片长四分之三再往后有些情节：如蝴蝶入屋、孩子晨祈愿、多年后生孩子也开车等稍刻意']"
疯狂的麦克斯4：狂暴之路 Mad Max: Fury Road,8.6,82295,"['近年来最具作者性最有风格的好莱坞动作片，且完成度极高，其存在堪称奇迹。单是前30分钟就已经嗨翻天，风暴戏的配乐简直神来之笔！邪典味的疯劲贯穿全片，文戏少没废话直接爽，如此雄性的动作电影竟然没有直男癌反而讲了一个女权觉醒的故事，片中每一个女性角色都实现了自我价值。PS：电吉他碉堡了！', '虽然名字是mad max,但这片本质上是塞隆饰演的furiosa带领一群娘子军的avenge。和这片酣畅淋漓的动作与邪典精神相比，男人戏为主的furious 7和avengers就像一群太监扯头发一样娘炮和可笑。(no pun intended)', '乔治米勒打造的末日世界完成度之高毫不逊色于中土和潘多拉星，应接不暇的追车打斗和爆炸的场面设计不断刷新着观众的极限，结尾更是将主题升华成一出女权主义的颂歌；如果将本片比作一部奔驰的法拉利，素鸡最多算辆轮椅', '#Cannes2015#酷到没边，帅到爆炸！乔治米勒把好莱坞动作大片的场面设计提到了一个新高度，追车戏花样繁多高潮接着高潮，全程无尿点，沙暴戏一段场面特效颜色最赞，文戏感情戏点到为止。汤老师和塞隆都帅到让人不能自抑。IMAX请必刷！燃到爆，疯狂至死！', '怎么办，如果这个给五星，其他给过三星的公路电影都得改成一星']"
色，戒,8.4,74837,"['男人是政治的动物，女人是情感的动物。李安用床戏“将易先生的内心活动外在化，外显他的恐惧、他的愤怒和挫折。你可以形容一个人如何不具备相信别人的能力，但更绝的是让他在高潮时都不敢闭上眼睛” “如果说断背山是一段发生在天堂里的爱情，那色戒就是来自地狱的爱情。”――李安', '“第一次觉得李安可怕，是看《色戒》。觉得害怕，不是那十分钟的床戏，而是因为电影里彻头彻尾的虚无――爱情是荒谬的，友情是虚伪的，亲情是荒芜的，国家是四分五裂的，革命是似是而非的，革命者更是不可靠的……只有性爱的快乐是真实的，而这唯一的真实恰恰又是不可说的。”―摘录', '从头笑到尾 抱歉。。。王力宏的出演简直是本片最大的灾难。。。', '强大的眼神戏', '载她的三轮车夫有多快活']"
遗愿清单 The Bucket List,8.6,46968,"['笑了三分之二，最后开始落泪。你亲吻了世界上最美的女孩，你们的故事成为别人见过的最美的传奇。', '三流剧本，一流演技，主要是看两个主角啦', '渐入佳境，直击心灵。老卡特的问题：在你的生命中，是否有过欢乐？那你这一生，有没有给别人带去快乐？爱德华的经验：想尿别谦让，硬了就快上，屁要小心放！', '""Kiss the most beautiful girl in the world."" 哭了。。。', 'so one day when i go to some final resting place,if i happen to wake up next to a certian wall with a  gate i hope that you are there']"
大佛普拉斯,8.7,65814,"['人生好孤独啊，我们作为朋友，你却一点不了解我；我们作为爱人，你却要杀掉我；我们作为亲人，你却要欺骗我。就让我做一个追逐海浪的人好了，没有故乡，在世界上仅剩的一张摇篮上，抱着你的遗像，用沉默祝福你，用愤怒度化你，用夏天的雨纪念你。', '有佛无慈悲，有性无爱，有法律无公正，有警察无正义，满满的绝望。“当然有困难...对他们来讲，无论是出太阳还是下雨，都会有困难，但他们没办法去想生命的困难...社会常常在讲要公平正义，但在他们的生活之中，应该是没有这四个字，毕竟光是要捧饭碗就没力了...”', '你知不知道有一种说法，说人白天诵经文，晚上会梦鬼神，因为在消业障。为了图安眠，有人躲进满是娃娃的太空舱，有人躺在浪涛声声的吊床上。有人掉光了发，有人被鬼神扰。人生希微得说不出一句话，命运憋闷得出不了一口气，谁不是躲在大佛腹中诵经的人？后来有个人替我诵，说噩梦他来做，而功德都赠我。', '5.0。1.有钱人的世界是彩色的，于是黑白有了难得的意义。2.大佛“垂头丧气”之说+1。3.放浪形骸的行车记录仪，游民肚财的秘密基地，送葬路上涨漫的水泽。4.我们已经可以依靠科技进入外太空，却依然无法走进一个人内心的宇宙。4.年度最佳结尾，非它莫属。', '世间权钱二字，人分上下两流。上流锦衣玉食，骄奢淫逸，干尽下流的勾当；下流残羹冷炙，囊空如洗，只以上流为榜样。大佛虽有，信仰全无，又能怎样！']"
小萝莉的猴神大叔 Bajrangi Bhaijaan,8.4,82966,"['近期唯一泪眼朦胧的电影，不能说电影拍的有多好，只是题材上升到了一种高度，宗教，政府，国家其实都是为人服务的，在爱的面前，这些都要让路，人性是能冲破这种种隔阂最后让奇迹出现发出呐喊声音的，也能判断是非对错的，哪怕那些违犯法律，制度，可这尊重人性，最后的最后那场景的确很震撼。', '虽说故事距离现实太遥远（印度教与穆斯林的冲突，社会安全状况），但电影拍得真的很好。故事讲得好，很感人，某种意义上很真实（如果不是真的了解印度）。歌舞片段很节制。配乐烘托到位。自然环境的呈现直追BBC。能把主旋律拍成这个效果，堪称神作。', '难道是政治阻止了爱？圣母婊以为爱可以战胜一切', '5星拿走！每天活的够现实了，你还要求电影里处处现实干什么呢。预祝拿奖。', '在真正深切的爱意与人性的光芒之下，一切由于偏见和狭隘而被塑造出来的障碍――不同的信仰、对立的政治、分割的土地，都不再重要。']"
再次出发之纽约遇见你 Begin Again,8.5,73691,"['现代都市小清新，在纽约的各个角落讲故事。捕捉城市的声音这想法好棒啊，真希望乐队的段落能再多一点，看不够。当然，相比《曾经》，这部被打磨得更加美国化了，很多棱角没有了。而且曾经的歌也更好听一些……另外，KK的衣服都特别好看！！', '我知道它不完美。我知道爱上和音乐生活的人是什么感觉，也记得他开始给其他女人写歌时，是什么感觉。KK比我想的好太多。Mark和Adam是两个阶段，别做谁的fucking缪斯，记住这一刻就够了。分享歌单踩街曾是我年轻时的恋爱法则，现在都不再重要，想到这，又哭了出来。Mark演的特别好，我爱每一个瞬间。', '电影给4星，歌曲加一星。原声带真的是要进入本年度最佳电影原声候选了。', '好听、好看的小清新。最棒的是两人没上床，连个吻都没有。', '增强版《Once》，音乐还是非常好听，整个故事很清新很温暖，《大地惊雷》的小姑娘很抢眼，可惜后面不够出彩了。但总感觉缺了点《Once》里那种真诚、伤痛和爱的错失，略有些甜腻。不过仍然是非常好看非常舒服的电影。']"
追随 Following,8.9,30962,"['牛B导演都是从年轻时候就牛B起来的。', '我曾经跟踪过一对陌生情侣，因为他们走的太快了，完全不符合正常情侣的步速，这让我好奇。当他们拐进路边的快捷酒店时，一切疑云烟消云散。', '两个发现，一个主角叫Cobb，另一个主角房门上有个蝙蝠侠标志。', '“虽然你行的是鸡鸣狗盗之事，但也不用摆出一副鸡鸣狗盗之相。”区区6000美元的成本，克里斯托弗・诺兰一人负责导演、编剧、摄影、剪辑，虽不及《美国丽人》、《肖申克的救赎》那样的经典处女作，但也绝对可称之为传奇，短小精干，非线性叙事的佳作。★★★★★', '我就是那种讨厌的不爱看故事的人怎么着了？特别是以创造意外结局和玩儿叙事为终极目的的片子。']"
聚焦 Spotlight,8.8,48180,"['明年的奥斯卡最佳影片和最佳改编剧本的最大热门，不仅三观正，片子的完成度也非常高！片子的拍法和这群新闻人很像，客观冷静理性，干净利落不煽情，剧本是非常传统的类型片叙事套路，既扎实又踏实，剧组的团队精神就像精彩的群戏表演，没有任何主创抢风头，凝聚到一起却力量十足，让人敬畏。★★★★', '四星半 其实我觉得最能挖的是rapist may have been raped这一点', '“怎么忍心拒绝上帝？” 各方面都很稳重，碍于太政治和工整，题材也不新鲜，赞赏却不心水。这样的震撼更多来自真实事件本身，作为电影其实没有到8.9分这么好，更像是给纪录片习惯打高分一样。', '奥斯卡最佳影片你好！（从第一篇的影评开始我就预测它拿奖，非常值得！）', '没有猪队友，没有渣Boss，没有性生活。不得不说美国梦真的可以洗脑，每每洗毕都感觉自己也香喷喷的。']"
东京物语 |京物Z,9.2,23821,"['刚到东京的时候，妈妈说：“原来东京这么近。”决定离开东京的时候，妈妈说：“东京真的太远了。”', '“号未必不圩约旱母改福他相信自己是鄣模但s在日常生活的淘洗中u次失了那份感情，叟c尊敬只剩下一自以槭堑幕糜啊！', '片中的纪子，好善良美丽的女人，一个完美的日本女人。', '坟前难进孝子之心\r\n生活平淡的让人揪心\r\n', '寒假的一天，父亲出差，我和母亲一起窝在卧室看电影。她想看热闹点的，我坚持看这部，后来她看睡着了。\r\n当我看着电影里慈祥的老奶奶时，看着熟睡的妈妈，我觉得这就是天下母亲的模样。\r\n']"
一次别离 ????? ???? ?? ?????,8.7,49259,"['伊朗人至少有信仰', 'Bravo. 感受如何完全取决于观影者自身的阅历', '不得不说，近两年的金熊作品，质量都没法跟戛纳威尼斯比。这种故意展现伤痛让人看的作品，实在没有高段到哪里去。', '一个战争与宗教包围着的国度奉献的一部佳作，可以称之为实至名归的金熊奖最佳影片。大量的手持镜头，用客观而冷峻的镜头讲述着两个平凡家庭的琐碎与冲突，人物刻画入木三分，故事的悬念更是凭借着适当的掌控丝丝入扣，直到电影完结仍使观众处在情绪当中。★★★★☆', '格局无需大，笔触只要深。']"
驴得水,8.3,157506,"['这样的剧本，这样的电影，任凭你们怎么说风凉话，都休想模仿出来，国产片的普通货色离它差距太大。', '用喜剧的方式谈悲剧，用讽刺的手法讲人性，为这个故事就值得5星', '锋芒毕露，前所未见的作品，不要当作喜剧片看，剧本是真的厉害！为中国电影骄傲，我们又多了两位优秀的年轻的导演/编剧。', '普通观众全嗨了，说这才是国产佳作;电影专业人员全崩溃了，说这是舞台剧不算是电影。讲真，我觉得当一个作品只剩下它的形式能被人吐槽的时候，已经足以证明其成功。不管它是啥，哪怕我是去电影院看话剧了，我还是觉得，甚好，没错过这个乌龙甚好。', '【C-】比夏洛特烦恼还要话剧化。完全没有填充人物之外的任何银幕内世界信息，所有的镜头都聚焦在演员身上，像在看情景喜剧，简陋的视听语言让几个本该令人触动的情节效果大减。《驴得水》用自己充分向那些“故事至上”的电影观众表达了一个真理：好剧本≠好电影']"
黑鹰坠落 Black Hawk Down,8.7,28431,"['看过最棒的战争片', '是想当作一个任务如何失败的案例来看的。。战斗场面够多，信息量还是不够全。。战争残酷狰狞自不必说，只是只有美方士兵单方面的人性化描画，至于那些发狂的索马里士兵却只是默默而生，默默而死，成不了一个相互沟通的契机。。背景音乐很不错', '经典巷战', '发现这种突击类枪战片的翻拍总有丧尸片的气质，不怕死而且打不完。真实又恐怖的战争，弹壳如雨点般飞落。', '不愧是雷德利斯科特，技术和细节方面太优秀了，交叉剪辑很棒，从38分钟一直打到结尾，大规模巷战场面真实而残酷。高速慢镜、蓝绿布光和滤镜、雷导标志性的烟雾和长焦镜头等手段使影片更加凄美悲壮，属于有风格的现实主义。Hans Zimmer配乐依旧搭调。不过激烈战斗中的部分煽情对白略显刻意。（8.5/10）']"
我爱你 ??? ?????,9,30234,"['你说，如果到人生的尽头，还没找到牵手的人，那咋办啊？', '用力有一点点的・・过猛・・・・', '亲在不远游，我不会再离开你们身边了。', '不论到了何时，都不该失去爱的勇气和能量。如若是我，我会选择跟爱人一直走到生命尽头，并一同死去。下辈子能不能重新再在一起？这个答案交由老天来定断。', '这样的片子 韩国好会拍啊 眼泪止不住流']"
千钧一发 Gattaca,8.8,37859,"['是该庆幸这样的电影出现的时候还不是腐女遍地的年代……', '当你有梦想 全世界都会帮你', '现在再看，还挺腐的。。。', '一个凄美的基情故事', '大唐读完《三体》之后，连呼“太真实了”，从某方面来看，科幻的确是一种现实主义，只不过它叙述的不是过去的现实（历史），而是叙述现在和未来的现实。尤其是生物科学，它所衍生的伦理道德、社会问题直接关乎人类的生物性基础，虽然电影本身的故事和节奏略显平慢，但是主题本身的冲突性就已足够抓人了']"
发条橙 A Clockwork Orange,8.5,51199,"['我也想买那个瓷的大JJ', '经典的3p节奏..漂亮干净的画面', '其实也说不出哪好 但早期作为一个伪文青我还是给了5星', 'Stanley Kubrick竟然用《发条橙》解读贝多芬，开头至今令我心有余悸。', '成功预言了杨永信的电击疗法。']"
E.T. 外星人 E.T.: The Extra-Terrestrial,8.6,26857,"['断断续续看过很多次，而且都是很多年前，看完整版还是第一回，自行车突然飞腾的时候多少有些激动。童心与童年爱做的梦，属于童年的故事。', '有史以来最温情的科幻片，喜欢小E.T', '电影超越一切隔阂，以一个单纯却永恒的故事打动人心，片中童话般的情节和寓言式的启示让观众笑中带泪。', '艾里奥特和E.T.一起划过月亮的那一段无限地复活了观众们心中的童话，自行车飞天等场面效果真实、华丽且富有童话的梦幻色彩，特效在这里成为了实现人类梦想的工具。', 'E.T.爹妈就是那种去一趟动物园会把孩子落下，还好几天没发现的糟糕家长吧']"
网络谜踪 Searching,8.6,97456,"['看到结尾回想起一个细节，妈妈电脑里保存的班级电话簿，上面有真凶的联系方式来着，备注写着：家长在警局工作，离异家庭，喜欢玛格。', '非常新颖的表现形式，整个故事都在电脑屏幕上完成，节奏感把握得极好，多处反转出人意料，想起前面的铺垫又觉得顺理成章，悬疑的氛围持续到结束。影片中各式social media玩得极溜，导演说想要通过影片表达网络有时候也不全是negative的。五个主创拍片十三天却在电脑前剪了两年！', '其实抛去形式的话，故事本身还是比较狗血的，反转说服力也欠缺。但因为坚持把所有的镜头都用各种电子荧屏展示，除了电脑页面还有电视新闻、监控录像等等，有种奇异的满足窥探欲的感觉。整部电影就好像在网上找到一个都市传说之后拼命谷歌了两小时看遍各大论坛各种留言的感觉。作为新导演的第一部长篇，把形式拿捏的还是得当，甚至有些太老练了。不过这部电影和亚洲首富连看会令人思考，一部是疯狂拿自己的肤色洗脑，一部是完全隐去...', '为杰伦疯狂打call！', '9.6/10 不带脑子这片子可能会让你震到。仅仅是几台屏幕，外景也没多少;硬是被导演玩的反转再反转，从节奏掌握到剧情漏洞都不漏全部给弄好了。除此之外还有一张帅脸享眼福，还要纠结啥深度呢? PS:影片真火了绝对又有人又要说自己早就猜到Boss,显聪明打低分鸡蛋里挑骨头的。']"
四个春天,8.9,43089,"['我自己的片子，我打五星。。。?(? ???ω??? ?)?', '真挚的记录，有一对普通老人能遇到的欢乐：香肠熏得好，燕子回巢，邻人送来腊梅苗，「闹热」。也有一个中国家庭能遇到的悲痛，这些我的祖辈也有，但十多年来一直被大家刻意回避掉了。片子叙述极为简洁朴素，没有任何刻意的技巧。凝练了日常生活的韵味，又高于日常生活，这个家庭的生活自有旋律，就像那些餐桌边、山野里、病榻上、坟前、旧视频里响起的歌声。', '人无艺术身不贵，不会娱乐是蠢才', '之前已经看过不同剪辑版本，以为会麻木，但看到放映的最终版，还是忍不住泪崩。这对父母实在太独特了，他们的日常生活透露出鲜活的诗意，也让我看到婚姻可以如此融洽。片中他们时不时唱起歌来，还有音乐、舞蹈和大自然的滋润，极有生活质地。开头收尾都很好，丧歌和击鼓声十分震撼，看完后余味悠长。', '燕子飞来飞走，人生悲喜无常，有常的是父母亲如此豁达、乐观的心态。而且两老太有才华了吧，简直是中国家庭的楷模。']"
撞车 Crash,8.6,42477,"['多走线接近完美的剧本在美国其实并不少见.但仍旧不理解为什么断背山会输给它.', 'CRASH，不仅是撞车，更是种族、人性的冲撞。沉重地我只能一再一再叹息。', '伟大的作品。重看一遍的时候仍旧感动，冲入汽车中的男人，女人烟火中的回头而落泪。为小女孩抱住父亲，父亲绝望的哭喊。这城市的华灯初上，雨中车灯，滚落的黑人男孩手中的木头雕像。向一切的怀疑、争吵、怯弱、爱。致敬。', '喜欢这种看似毫无关联却关联紧密的小电影儿。', '表面上是在探讨种族间的偏见与冲突(crash)，本质上是在讲人性的和解与救赎(touch)。']"
变脸 Face/Off,8.5,36148,"['怯钌嘛，要有白，要有教堂，要有火，要有浪漫，要有happy ending!', '当发哥的风衣、墨镜出现在了凯奇身上，当凯奇在教堂唱起“哈利路亚”，我完全被他迷倒了~~', '当尼古拉斯・凯奇从监狱顶楼一跃而下，海平面震荡的水花是一个男人恐惧的表情，而当他迎面走来，鸽子飞过扬起的衣角是一个父亲愤怒的心。孩子耳朵里悠扬的歌声稀释了枪林弹雨的场面，那最初的暗战和最后温馨重逢，一切的心机都敌不过一个字那就是爱。白鸽圣殿级的作品，恐怕再难突破，感谢吴雨森。\r\n\r\n', '说实话，换脸变成另一个人是一件很可怕的事，想一想在变成另一个的时候可以无视道德和法律的约束，会不会在变换的过程中迷失最初的自己', '确实好看呀，我喜欢特拉沃尔塔~']"
梦之安魂曲 Requiem for a Dream,8.7,42640,"['最绝望的观影经历！绝望到耳不敢闻，目不敢视，心灵战栗！', '憨憨说看了这片你就不想吸毒了，恩，真不想了', '孤独和绝望，不能想象没有电视巧克力糖分的生活。世界上没有光或者它们统统被绝望的黑暗浇熄了。欲望上瘾如同被魔鬼引诱。一次又一次的站在精神濒临崩溃的边缘上。世界只剩下自己一人，一张床或者沙发前昏暗的电视光速，亢奋后的瞳孔缩小又放大扩散，世界如此空虚迷幻。', '哇，那条胳膊！哇，那棵管子！哇，那两张屁股！哇，我要吐了……', '由光明坠入黑暗的逆行过程，把外壳剥去，把他人屏蔽，把世界上的光线统统浇灭，一个人在床上蜷成胎儿在子宫里的姿势。黑暗是光明的一部分，更隐匿更深层，却也更难以割舍。孤独迷惘的时候最难抵抗魔鬼的邀约，单纯乐观的时候需要直面沉重来推动成长，并由衷相信那是好事。我是阳光少女所以我爱这神作。']"
