电影名称,评分,短评数量,热门短评1,热门短评2,热门短评3,热门短评4,热门短评5
肖申克的救赎,9.7,全部 346234 条,当年的奥斯卡颁奖礼上，被如日中天的《阿甘正传》掩盖了它的光彩，而随着时间的推移，这部电影在越来越多的人们心中的地位已超越了《阿甘》。每当现实令我疲惫得产生无力感，翻出这张碟，就重获力量。毫无疑问，本片位列男人必看的电影前三名！回顾那一段经典台词：“有的人的羽翼是如此光辉，即使世界上最黑暗的牢狱，也无法长久地将他围困！”,有种鸟是关不住的.,"Fear Can Hold You Prisoner, Hope Can Set You Free","一部没有爱情与美女的电影,却光芒四射",没有人会不喜欢吧！书和电影都好。
霸王别姬,9.6,全部 279495 条,君王意气尽 贱妾何聊生,人戏不分，不疯魔不成活。,这真的不是电影，而是人生。如此真实深刻地反映了从抗战前夕至文革的那段历史时期下命运凄惨的人们，渗透在每一个细节，包括那个不能忍受戏班虐打的孩子，而文革中六亲不认，人格扭曲更是展现到了极致。当然最赞的是哥哥的表演，如此悲哀可怜的蝶衣让人心痛，不疯魔不成活，人戏不分，现实的他也是如此,你凝视你的脸，几亿人在爱恋。,凱歌也曾NB過，那時風華絕代的張國榮也還那麼年輕……
阿甘正传,9.5,全部 222077 条,阿甘奔跑的意象，应该留在了很多人心里。,Mama always said life was like a box of chocolates. You never know what you're gonna get.,我生命里最温暖的一部电影,太甜美的美國夢,"这是一部美国典型的反智题材电影。聪明的人未必一定能成功。阿甘的智商极低，却情商极高。他一直怀着单纯的心，做了在别人眼里了不起的事，也尽力照顾身边的人。
成功充满必然与偶然。
人生就像是一盒巧克力。
最经典的两句台词
"
这个杀手不太冷,9.4,全部 271266 条,萝莉有颗御姐心，正太有个大叔身——邪恶又天真、残酷又温柔，多完美~,我开始想要过得快乐，睡在床上，有牵挂,一个杀手被一个萝莉害死的故事,喜欢这个喝牛奶的男人,"Léon： You're not going to lose me. You've given me a taste for life. I wanna be happy. Sleep in a bed, have roots. And you'll never be alone again, Mathilda. Please, go now, baby, go. Calm down, go no..."
美丽人生,9.5,全部 190538 条,"喜剧的开始，悲剧的结束，
满满的亲情，无限的父爱","即使是悲惨世界,也要大大的笑着.","乐观的态度,持久的爱情，伟大的父爱,在这种残忍的践踏中表现出来才让人如此的动容,一定不会忘了这位犹太青年",对我说：“早上好，公主”吧,关于父爱的伟大电影。以非凡的想象力和诙谐幽默演绎一场不堪回首的历史惨剧，那怦动的热情和对人生充满希望的美丽震撼人心。“为了看到阳光，我们来到世上。为了成为阳光，我们存于世上。”在Guido身上，你看不到那些痛苦、隐忍、挣扎和艰难。这位一直用荒谬的态度对待人生的荒谬、以达观的态度对
泰坦尼克号,9.4,全部 205152 条,爱你原本只是一瞬，却不知在时间的洪流中成了永恒。,还是会哭。,当老年的Rose午夜梦回，一个长镜头穿过大堂，摇上楼梯，站在钟表前的Jack转过身来，意气风发，潇洒倜傥，宛如昨日。,若干年后，2010年12月27日凌晨一点半，我不知道还有谁醒着没睡，还有谁和我一样，刚重温过这片子，或是刚刚打开准备重温。我又哭得很惨，这是毫无疑问的。我想，之所以不情愿活着，是因为没有那个如此相爱想要厮守的人；不情愿死去，是因为没有一个人如此爱我，值得我为他去死。,看了四遍，最后一次也是五年前了吧。不知再拿出来重温的话，会不会嚎啕大哭，像小学那时一样。 1998，5
千与千寻,9.3,全部 255812 条,"每次看这些神作的时候想到这是动画片这是一群牛人一笔一笔画出来的,就觉得漏看掉一帧都实在是对不起他们啊",“有些事情是不可能忘记的。 只是一时想不起来。”忘了怎么打动我的了……好像不是打动，而是震撼。,"又是个成人动画,估计大部分中国观众很难体会什么.",有一点模糊的小爱情...小白龙报恩，千寻想起了她自己及小情人儿的名字。帮客人洗澡，小煤球儿来回跑。这些经历给我多好玩儿，我一定不会变成大猪，不乱吃东西，给客人洗得干干净净。小白龙永远跟我好^^回到14岁：）,"隔那么多年再看，还是会二话不说就爱上温柔的白龙，还是会被无脸男捧出的一把木牌打动，还是想坐在阁楼上边吃豆包边看电车从海上驶过，但是……再也说不出“想留在那样的世界再也不出来”的话了！愿幻想的世界里没有工作！
话说千寻现在也28岁了啊，不知道有没有和白龙重逢，如果按好故事的标准，应该是没有吧？她大概已经变成了普通的上班族，每天搭末班电车回家，只是在路过每一条河流时，会想起少女时曾经爱过一条龙。"
辛德勒的名单,9.5,全部 109888 条,有钱才能保护喜欢的人,不仅仅是犹太人，而是整个人类的悲剧。,我哭死算了我,辛德勒犹太人献给辛德勒的指环上写着：“凡救人一命，即救全世界。”当1100这个数字具化到一个个人名的时候，当片尾处影片中被救的犹太人原型出现时，才能真真切切地体会到指环上的那句希伯来经文的深刻。,每一次看都有新鲜发现，每一次看都会内牛满面。/ 记第一次在中国大银幕观看 20190413 @天幕新彩云巨幕厅
盗梦空间,9.3,全部 259519 条,1、电影确实精彩。2、没有想象的难懂，相信你自己。3、总会有一个让你记一辈子的镜头。4、请降低期待值。5、请提前上厕所。6、记得关手机。7、一定要去影院，因为影院也是个造梦机器。8、记得听完结尾音乐。因为它负责让你醒来。9、极可能是近几年你在影院看过最精彩的电影。10、穿越吧少年,卡梅隆负责革新电影技术，诺兰负责革新电影结构...,《奠基》是一部复杂精致并绝对精彩好看的电影，他让你在片尾字幕出现时完全反应不过来之前的两个半小时发生了什么，就像一场梦境一样让你匪夷所思却又流连忘返。,确实挺好看。人人都在评论这片，我也评不出个鸟来了。因为《盗梦空间》这片，中国人民已经陷入了智商无限的癫狂幻想之中。人人都觉得自己的解释最牛逼，人人都觉得自己是哲学家，是心理学家，是数学家，是诺兰的知己。,所有的梦境中柯布中都戴着戒指，所有的现实中柯布都没戴戒指，所以陀螺只是障眼法，戒指才是真正的图腾。结尾柯布根本不在乎陀螺有没有停下来，因为他出机场的时候没戴戒指，他早就知道自己回到现实了。
忠犬八公的故事,9.4,全部 196257 条,八公的主人，也在天堂的门口等了它很久吧。,这是我所看过的关于狗狗电影最感人的一部，我想它的成功之处就在于将重点正确放至在了对Hachi内心的刻画上，而没有像其他一些影片文不对题，偏偏喜欢渲染一些多余人物的情感，很显然，主题对了，观影者自然而然会买单。,你和我在一起两年，你走之后，我剩下的人生都留给你了。。。,天呐我从后半段开始一直在哭 为什么面对这么居心不良的赚眼泪煽情电影我还是被套牢了！我马上要给我家小羊皮一个热烈的大拥抱！！！,所以说，与人打交道越多，就会越喜欢狗
海上钢琴师,9.3,全部 224287 条,我总觉得这是一个真实的故事，因为他的懦弱，懦弱得真实。,每个人的心里都有自己的一艘船 一个近乎偏执的小归宿 只是因为它让我们感到实实在在的安全 不致无枝可依。,又是一定该看的，只在自己的世界里坚持自己的人．哪怕生命就这样消逝．只留下一点声音的碎片，１９００，也许我们都一样害怕脚踏实地的生活，害怕乌烟瘴气的世界．,最长的一版完全是顺着煽情的每一个Ｇ点往下走的，坏处就是高潮多了人也会厌的。另外从小就好奇男二的眼睛为什么会小范围打转。,"在船上出生，在船上死亡，他是一个从来没有存在过的人。
第一次放弃下船，他放弃了财富和名气。
第二次放弃下船，他放弃了生命。
人们把音乐当成一种比赛，他不在意虚名和输赢。
人们想利用他的才华致富，他不愿意让他的音乐离开他。
人们浪费了太多的时间去问“为什么”，他想活得简单点。
宁愿一生孤独，不愿随波逐流。
人可以下船，但是不能离开大海。
每个人的心中都有一片海，而他的大海是音乐，是钢琴，是那个女孩。"
机器人总动员,9.3,全部 151209 条,乡下文艺小伙儿追求都市女精英的故事……以及……,很久没看过这么可爱的动画片了。瓦力什么都不会说，除了那一声声执拗的：Eve！他们在星空画出美丽的弧线，他们无意间守候了一份真正的爱情。,准备看第二遍,地球上最后一個收納歸類狂walle應該是巨蟹座吧。。,機器人談戀愛也避免不了男女搭配的窠臼(叫Eva倒有夠諷刺)，就更不用説亙古不變的雙眼雙手擬人造型...人類的想象力其實很貧瘠
三傻大闹宝莱坞,9.2,全部 244025 条,看了这部电影是我2010年最幸运的一件事 力荐！,这几个月来看过的最好的片——”做自己“，也许才是人生终极的成功。别总嘲笑印度人”阿三“，他们已经追上来了，无论经济、科技还是我们一贯认为只会跳舞唱歌的宝莱坞电影。盛赞！5+1星！,太给力了，有史以来最励志的电影。,如果有一天你变成了奇怪的家伙，生活于恐惧和虚假之中，就念重生的咒语“All is well”，狠狠地给这个世界一脚！对鼓励别样人生价值和给人梦想的片子我是举双手赞成，何况从头到尾都拍得这么欢乐。台词：“朋友是男人最大的胸部”、“你这么害怕明天，又怎么能过好今天”。,第一次完整看完一部印度片。中国不如。
楚门的世界,9.3,全部 188859 条,"那个导演好恶心，那群观众更恶心，反乌托邦就是要反这班偷窥成狂的上帝。自由的意志是不能任人摆布的，如果我是楚门，但愿你永远不要让我发现真相，不然我将诅咒你们所有人——FUCK OFF, SCREW YOU ALL!",每个人都向往自由而不仅仅是安定,最讽刺的难道不是电视旁的所谓观众么？导演老头子都比他们真情实感多了 观众为了他落泪欢呼击掌又如何 之前却从未想过让他离开 之后也只是换了一个节目频道罢了,其实电影本身编得并不算十分出色，照顾到了一些细节，但破绽也浑身上下都是。不过，在乎的不是这个故事编得如何，而是这个idea，让人不由环视一下自己的周遭。以前在科幻世界上也看过类似的桥段，有关地球仪的。,这是一部每个中国人和每名中国同志都应该看的电影，我们就是无数的楚门，生活在这个时代。我们的命运被操控在他人手中，大多数人还并没有发现，更多的人发现了也无力挣脱。心灵的顿悟是人生的必修课，你不去选择它，它就会左右你。“人生如戏，戏如人生”
放牛班的春天,9.3,全部 142174 条,这是一次心灵的洗礼，没人生本向恶，只是无情的手把人推向了无尽的深渊。Morhange每一次天使般的独唱，总让我感动的浑身直起鸡皮疙瘩，特别是那纸飞机从窗口飞出，“感谢、再见”的小手一挥，那份感动，不言而喻。而最重要的，看这部电影不仅是好“看”，天籁的童声更是听觉的享受。★★★★☆,看开头第一眼我就知道我喜欢。从来没有教不好的学生只有不会教的老师。人与人之间的交流是用心的，在我看着你的眼睛的时候我知道你是真心为我着想的，所以我才愿意选择相信。就这样。看一部好电影的感觉像是给心灵洗了一个热水澡。从里到外都会感觉到清澈的感觉。,每一个孩子都是天使！,一日为师 终生为父,一位影评人：“不同于一般的运用悲情拼命煽情的悲情电影，或极尽夸张搞怪的爆笑喜剧，《放牛班的春天》是一部让人因为喜悦而泪流满面的电影。这也创造了法国电影新概念——阳光情感电影。这部没有美女、暴力；没有动作、凶杀和商业元素的好电影成为了本年度法国人的心灵鸡汤”
星际穿越,9.3,全部 236324 条,太壮阔了，无以言表！40'渐入佳境，80'叹为观止，120'泪流满面，160'恍如隔世…不曾如此贴近浩瀚星空，被它环抱；不曾如此触摸生命之弦，遁入五维幻境。瑕不掩瑜的科幻神作，刷新视觉的IMAX体验，观影前撒好尿，准备接受近三小时的泪腺洗礼。“爱是一种力量，让我们超越时空感知它的存在”-发自豆瓣App,"整场基本屏住呼吸,瞠目结舌,无话可说.在香港这么多年除了电影节我第一次碰见放映结束观众集体鼓掌的.去年看完Gravity我觉得太空科幻片已经拍到头了,然后Nolan大神把我这点眼界碾压得粉碎.三体迷不必再较真拍三体这事Nolan已经把后半部给拍了.",赶着首映翘课去看了imax版。诺兰一直在围绕人物内心讲故事，配上宇宙孤独梗，目瞪口呆或许是夸张，但泪流满面了几次绝对是事实。很多宇宙中的片段没有背景音乐，全场安静地如梦如幻。影片结束后随着观众鼓了掌，能和这样出色的人类活在同一个时代，的确是我的幸运。 期待影片明年多拿到几个提名,以地球全部北京化（咦？）为背景的近未来硬科幻，对虫洞、重力和时间维度都有新颖的理解，刻画的浩瀚宇宙让人目眩。可惜诺兰的野心太大（真的是bigger than bigger！），而且把人性拔那么高，到最后就成太空神棍片了...,看完没人起立鼓掌，因为全跪着。
大话西游之大圣娶亲,9.2,全部 153399 条,一切的闹闹哄哄，只是他在水帘洞躲避风沙那晚做的一个梦。,有人跟我比赛背台词么,"经历过和正在经历着悟空式的命运和紫霞式的爱情，才发现生命的本质是以最低的姿态出现的。英雄？你为什么不问问做英雄的代价？  
“想不到经过这五百年，我要找的并不是她，而是你。”人生际遇真是难以言喻。",一生所爱：我的意中人是个盖世英雄，有一天他会穿着金盔金甲，踩着七色的云彩来娶我。我猜中了前头，可是我猜不着这结局…… ,"哈哈,也是我最喜欢的电影之一了.看过好几次,第一次看笑得半死,后来居然又看哭了.其实可以喜欢到不太想得起来.但是是值得永远收藏的."
熔炉,9.3,全部 136866 条,人口大国什么时候能拍出这样的片子，这样在嘲笑棒子的时候才有点底气。,我们愤怒的不仅是禽兽的行径，更是禽兽逍遥法外，正义无处伸张，无能为力才是最痛苦和绝望的。一个非常容易感动观众的题材，尤其还是真实事件改编。其实电影还有很多提升空间，包括对犯罪场面的描述太刻意未也太多了。但仍喜欢这样的电影，这才是电影应有的立场。这就是我们和韩影的差距。3星半,我们无法改变世界，但我们可以选择不被世界改变...,不说别的，光电影那股正义的力量，就足以让人沸腾。,一个文科生，每天背着政治生活，背四项基本原则我国的国体公民的权利。亲眼看着热搜被撤下，视频被删除，三种颜色消失不见。豫章书院还存在，赵V再也没有人提及，国乒事件最后化为一题选择题。熔炉的故事真实发生在我所在的国度。“我们一路奋战，不是为了改变世界，而是为了不让世界改变我们。”
疯狂动物城,9.2,全部 229697 条,港真，面对人家动画片里连一把椅子扶手上的铝合金划痕都做得活灵活现的态度，咱们就默默低头学就好，不要一天到晚吹“国产视效大片”这个概念了，略尴尬,不仅是个小孩子玩玩闹闹的喜剧动画，成年人同样可以很享受这个故事。一个动物的乌托邦，理想与现实。有一个有趣的案件，又有很多关于人类世界的暗喻与指涉，还有教父或毒师这样的小梗。以及狐狸和兔子都那么可爱，那么搭。,赞 看完赶脚世界都美好了,"想嫁给又吊儿郎当又酷得不像话的狐狸先生。
自认为是奥斯卡长篇动画的有力候选。
啊啊啊，真的好好看，我要去二刷。","故事中规中矩，立意却是小孩看了笑大人看了深思的寓言故事。It's a story about minority, stereotype and acceptance. I'm glad disney plants the seed of equality to every child who sees this.兔子跟狐狸是最佳拍（情）档（侣）！警局前台豹子不是gay你找我！迪士尼彩蛋都棒棒的！"
无间道,9.2,全部 112277 条,最后那一下爆头，刘德华和梁朝伟的眼神里都是震惊，他死在电梯里，电梯门来回的开关，我们也从震惊中恢复，觉得残酷，谁说的，好人有好报，那些为民除害的，都死了。会有人惦记着他们吗？把他们视为英雄吗？又有什么用呢，这个社会还不都是恶人当道。,现在看来，无间道一部电梯里挤了三个影帝，这部电梯也算是前无古人后无来者了。,重新对香港电影刮目相看，它从哲学的角度深入探索人性，去感受身不由己之下的那种窒息，感受贪婪与自私，体验善恶的痛楚纠结。编剧确实是相当的出色，梁朝伟的陈松仁直接神化，所有的角色都可圈可点，没有一出多余的地方，以至多年后看美版的时候仍然不忘旧爱。这是港片的里程碑。9.2,一气呵成。梁朝伟的眼神令人揪心。,经典港片，无间道，如人生~~
龙猫,9.2,全部 148871 条,"龙猫，好烂漫的幻想。
消失的乡下风景、慈祥的爷爷奶奶、嬉笑追逐的儿时玩伴，是童年最纯真美好的回忆。","人人心中都有个龙猫，童年就永远不会消失，爱是最美的拥有～

★★★★★",摸摸龙猫的鼻子胡须就会颤动起来哦=w=……看见斜眼偷瞄逃跑的小白一定要跟上去！ 童话总是在相信它的人心中真实的存在着，想起来的时候心中就会充满温暖守护的力量,宫崎骏真是个内心柔软的天才。能给这个残酷的世界这么多温暖。龙猫真像童年时的一场梦，长大之后似乎忘记了，突然看见它毛茸茸的身躯，就想起了所有的奢望。这大概就是我们得以在孤独中相互告慰的东西吧。无论怎样，成熟都是一场病，而能够治愈它的，大概只有对这个世界最温存的渴望。,萌啊，给我一只龙猫吧
教父,9.3,全部 97326 条,to所有男生：别想太多。你们都不是马龙白兰度，不是阿尔帕西诺。,2010-02-17 看过。对权力有清醒的认识才能写出这样的剧本。只知道引用台词或把此片当作所谓“男人圣经”的观众退散！,讲述的是一个好孩子怎么变成老大的过程,无论阿尔帕西诺多卖力，教父也只有一个，那就是永远的马龙白兰度。时代不一样，要走的路不一样，所以那个黄金时代，讲义气重家庭谈承诺的时代，永远回不去了。,把《教父》分拆开来，每一个小片段其实都平淡无奇，但是这些平淡的小片段组合在一起的时候却产生了如此巨大的魔力，究其本质，因为所有的这一切都是以真实的情感作为基础的，没有任何的做作，没有任何的夸张，就像我们真实的生活一样，人对于真实其实是非常敏感的。
当幸福来敲门,9.1,全部 153586 条,如果能让自己不再为光阴被虚度，才华被耗尽而流泪，如果能让自己坚定，“我不要似是而非的人生，我要自己做的每一件事都刻骨铭心”，那么这场狂热便是得其所，记住这永远不是最差的人生。,看到开头就知道结局，不过这并不重要，重要的是过程。。。最感人的不是赢得职位，而是在厕所里捂住儿子的耳朵。。。作为一名容易感情用事的中国观众，感动比励志对我来说更重要=。=,"There is no ""why""　in happiness, there is an ""I""
里面立志的桥段很多，比如说打篮球时候威尔对他儿子说的话.这是中国父母需要学到的...尽可能地给孩子一个美好的世界.",有点失望...感觉是为了励志而励志......要不是导演和演员功力，就沦落成俗套励志片了......,生活时常会让我们感到艰辛，并会让我们无数次目睹生命在各种重压下的扭曲与变形。——《生命不可承受之轻》
怦然心动,9.1,全部 266913 条,萌死我算了，男主太帅了吧！,小女孩跑回家跟母亲说在学校里当着那么多人他想吻我~~~母亲说看来你应该跟他谈谈。换成中国，不堪设想。,赤果果的早恋啊！在天朝肯定要被禁！,可能比山楂树还纯哦！,这算完美吗？小镇美景、帅正太、酷萝莉、家庭温情、成长点滴。。。双线结构，视角切换，细节丰富，过程明晰。。。爱就该是这样悠悠扬扬、婉婉转转、一阵冷、一阵热、一阵抽风、一阵颤抖的过程。。。睿智外公和脑残叔叔是惊喜。。。爱到最后拼的果然还是人格魅力啊。
触不可及,9.2,全部 145896 条,去年的法国票房冠军，来自于一个真实故事的改编。少有的不刻意煽情，原声很棒，一个老套的故事竟能讲的如此有趣，还总能时不时惹人发笑，让人感动。最后字幕拉起时，仍在回味并享受那种喋喋不休与法式优雅情怀。有时，也许你给我的，是所有人都无法触及到的。★★★★,原声实在是棒！两个演员都很精彩 完全是笑声和泪水齐飞的电影！！！,轻松诙谐，很有趣的搭档故事。但叙事浮于表面，人物塑造脸谱化，故事缺乏真实感（尽管是据真事改编）。弗朗索瓦·克鲁塞和奥玛·赛的表演动人，但受剧本限制人物缺乏层次。过分中正的温情。3.5星。,黑&白，老&少，超越种族和阶级的友情，感人至深的温情，细腻动人的剧情，以及极赞的电影配乐，不禁让人想再次回味...,看预告片还觉得这么老套。没想到这是我第一次在法国看到数次笑出声的电影，第一次全场满座我买到最后一张票的电影，第一次看带字幕的法语电影(聋人专场)，没想到摄影如此唯美合我胃口，没想到难舍基情如此动人。你们懂的。尤其是最后换谁都不要的那段，简直了。PS:白人男主角像张国立。
蝙蝠侠：黑暗骑士,9.2,全部 113077 条,"伟大之作,与其在文艺片里奋战,不如像这样提升商业片的水准!",赞誉众口一致夸上了天，百闻不如一见，这种连环画超级英雄故事居然能扯到第六集真是要把编剧逼跳楼了，最后呈现的暗夜骑士全然超越了原著，悲怆到迷人的境界，着实是个奇迹。剧本确实很卓越，导演确实很出色，还有演技真是不得不叹服一下太tmd震撼,诺兰的叙事能力不但在于结构上。。他总有一个与众不同的主题,瑞秋怎么能丑成这样啊，满脸的褶子,一直在搜索“为什么还有人想住在哥谭市”
控方证人,9.6,全部 70196 条,"无论是剧本、导演还是个人表演，几乎都无可挑剔。机智的台词和精彩的法庭辩论，十足精彩！即便在结局前猜到了最终结果也并不会让电影在精彩程度上有丝毫削减。btw,电影最后提示请勿剧透我还真是头一会见。★★★★☆",这片最大的反转不是影片末尾的谜底揭晓，而是看完影片后我查到女主角拍摄时已经五十六岁了。昏迷。,比利怀德真的是各种意义上的领先时代五十年，连防剧透声明都领先了,包括希治阁在内都无人如怀德那样完美结合幽默感与悬疑剧，一星半；再无人能复制表情帝劳顿永远廿五岁玛琳黛德丽及一班人等的演技贡献，一星半；后世汗牛充栋的推理侦探小说家用各种方式都无法企及阿婆的高度，两星整。,演的不错，但是结局也没有说的那么玄乎吧？多读几本阿婆的书，这样的结局还不是手到擒来。 
活着,9.2,全部 103264 条,年代记实录，看了让人不舒服，特别是里面的台词，虽然他们在拼尽全力的活着，可是却又显得如此可笑和悲凉。“小鸡长大了就变成了鹅，鹅长大了就变成了羊，羊长大了就变成了牛，牛长大了就是共产主义了。”,个人认为是张义谋最好的电影。,能活在现在这个时代其实还是很庆幸的了，虽然天朝依旧威武。,中国不是没有好电影，而是真正好的电影没有在这个社会喘息的余地。竟沦落至此，天涯同道，难语归途。友庆死掉的那段，泣不成声，不忍卒读，他们逃不过。,长太息以掩涕兮，哀民生之多艰
乱世佳人,9.3,全部 88271 条,那么早期的电影居然到现在也看不出瑕疵，太崇拜那个导演了。,郝思佳不算是个“好女人”，但她身上有着或许很多男人都没有的韧性，仿佛什么都无法打倒她，她永远能找到支点，重新站起来，正如她一直记在心里的“tomorrow is another day”。,這麽有名的片子，我今天才看。那時的彩色技術就那麽棒了？！！ / 你們都喜歡Scarlett和Rhett，我卻只喜歡Melanie和Ashley。,我不说。什么都不说。,"斯佳丽很有个性的一个女人，瑞特巴特勒船长也让人难忘，费雯丽身上体现了那个时代女性独立自强的性格。

瑞特巴特勒船长太有魅力，笑着说“那是你的事情，亲爱的”。对于斯嘉丽，巴特勒船长真的是尽力了，斯嘉丽醒悟得太晚了，“tomorrow is another day”是最真实的谎言。"
末代皇帝,9.2,全部 91995 条,溥仪登基之初的十六抬大辇，和片末游行时红卫兵扛在肩上的毛泽东像，讽刺意味浓重。感觉导演还想告诉我更多的东西。但我更多是对这位末代皇帝的同情，还有艳慕。。。好喜欢大被同床的双飞镜头。,极致的美，极致的伤。音乐太灵，画面太精，原来早在1987年，外国导演就早于《活着》《霸王别姬》把20世纪中国历史拍的如此炉火纯青了…“我从未和家人分开过” 额娘，阿嬷，婉容，庄士敦，溥杰，皇宫…溥仪的一生都在告别，跟亲人，跟时代，跟历史，身不由己。@上海国际电影节 4k修复版,这不是你的错……这真的不是你的错。或许隔着银幕来看，溥仪的人生遭遇令人唏嘘，然而，比起前朝旧史的末代君王们，他这个退位皇帝已经算是得善终了。,神作。三个小时完全不觉得长，没有一个镜头是浪费的。有人觉得这个电影太过魔幻主义。但那个时代， 这群人，不用魔幻现实主义的镜头怎么能体现的出来！尊龙太美，绝望之极时眼神里也有傲气。只可惜时代弄人。最后蛐蛐的隐喻太太太太太贴切又催泪。,26岁的陈冲真是美得叫人目瞪口呆
寻梦环游记,9.1,全部 255924 条,供奉的遗像是牵引家人回家的通道，驻留的记忆是保持亡灵存续的神力，热闹的音乐是唤醒思念启封的药引。我为你写了首歌，穿越浩瀚的岁月烟尘，捱过冰冷的孤独冬季，横跨漫长的天人之路，在你老去的时候，唱给你听。这瑰丽的灯火万家，摇曳的烛光千盏，不如你梳着麻花辫坐在床头时，眼里闪烁的星光璀璨。,满分。毕竟我已经很久没有看个电影哭得像个小孩子了 似乎大家又要说起那句老话：电影是绝佳的造梦机器。那些回不去的家乡 没能守护的家人也只有在梦里相见。,死后世界还是这么三六九等，穷逼死了还是穷逼，那还不如被快点遗忘消失掉啊！,老人不图儿女为家做多大贡献呀，一辈子不容易就图个团团圆圆。皮克斯替蔡国庆唱了回春晚。,精致平庸。对这种模式化的故事实在是倦怠了。看了这么多迪士尼的，永远都是在拍同一个事情。
摔跤吧！爸爸,9.0,全部 217349 条,根据真人真事改编，讲述印度一块女子摔跤金牌的诞生。剧情热血逗乐，竞技惊心动魄，挑不出什么毛病的宝莱坞电影，父女情尽在不言中。阿米尔·汗太敬业了，为了一闪而过的几秒就把自己的身材从肥胖练成魔鬼，好演员都是用生命在演戏啊～,豆瓣文青们可能已经成功被白左的西方政治正确洗脑了：不放在具体语境下，以西方女权衡量一切本来就是一种偏见和武断。在整体状况还不如中国的印度，本片已经适当地展现了一种进步的女性生活方式，即便在父权的引导之下。让符号化的解读蒙蔽影片传达的真情实感，令人感到可悲。,最惊讶的是放印度国歌的时候电影院几乎所有人都站起来了。。,在印度看得169分钟，一部处处衬着男权和父权的女性电影，女儿没有任何选择权，被父亲残暴地教育成为世界冠军，这个冠军的“正确“结果就意味着父亲教育的正确了。意外这部电影宣传期在国内口碑这么好，大家去看完整版吧认知会反转的,当查到两个女儿的演员并不是职业摔跤手时我惊呆了，这是一部市场经济主导的天朝电影界永远拍不出来的电影，女演员根本没有档期练什么摔跤，也不可能真的剪短发，更不可能有一线巨星为了演发福真的去增重，再为了一两场戏花五个月的时间减掉50斤。我们只有白百何的假头套和刘德华的大块头套装。
少年派的奇幻漂流,9.1,全部 218463 条,整座岛上都是丁满！！！,李安的片子越来越有得道升仙的感觉。。。把奇幻的世界也拍的太美了/见证上帝的说辞是真是让人羡慕有信仰真好/男主角π说人生虽然要放开一些事物，但是放开的时候还是要好好的道别呀。然后我就哭了。。。,不得不承认，跟要讲的漂流故事一样，电影有个挺吸引人的3D开头。中间开始乏力，大段大段重复的明信片场景，呼唤神灵喊妈妈。至于所谓的黑暗版，这种流于表面、直接扔给倾听者（观众）去选择的方法，真的很独到吗？信哪个会提升你的人生感悟么？？反正，它是影响不了我对影片的失望,震撼人心的镜头不少，随便数几个：镜面海、水母夜、飞鱼来袭……3D效果最强的场景之一是奄奄一息的老虎躺在少年腿上的那个夜里，整个影院就像在滴雨，我真的有抬头看是否是电影院天花板漏水了……,基督在旷野修炼，魔鬼要求他展示奇迹将石头变成面包。但基督拒绝了，因为奇迹就是魔鬼的诱惑。故事出现第二个版本正是印证了这一点。它让电影主旨反转：不再是关于信仰的确立，而是它的缺失——信仰不能建立在奇迹之上，但假如你面对一个奇迹，却选择拒绝去相信，这就是没有信仰的悲哀了。
指环王3：王者无敌,9.2,全部 55642 条,最服的就是山姆了，走了那么长的路，路上吃得那么少，一点儿没瘦。,终于结束了，一切如常，我却回不去了,原来真的可以被友情、信念和正义给感动。。。,巨制就是巨制魔幻这题材少了美刀那不是人玩的感想如下：幽灵大军战斗力堪称最强阿拉贡你早调人马来省事好多 就是看着像清鼻涕 甘道夫你这个白袍儿怎么灰头土脸没有人家萨鲁曼当得有气势捏？精灵弓箭手萌~萌~萌~一大笑点是矮人金利 四个霍比特人就数弗罗多不讨喜这是角色设定没有办法 嫁人就嫁阿拉贡介样的人不过丽芙你脸也太长了我设定成宽屏还盛不下你的脸 有人说山姆和弗罗多其实是断背我看很有根据 所谓那会心一笑一切...,不知为何很不喜欢霍比特人那条线……拖沓啰嗦 但又不能不要 人皇那条线最喜欢了 真正的气势磅礴（P.S.从冰火追过来发现魔戒当真是真善美极了（P.P.S.甘道夫升级之后为什么还是用法杖打人 一直在等着他念咒语发大招荡平敌军来着
飞屋环游记,9.0,全部 136109 条,最后那些最无聊的事情，才是我最怀念的。,"去掉小孩，坏蛋，狗，鸟的话，这会是部完美的短片，but......;
那段夫妻蒙太奇应该是我迄今最喜欢的pixar段落了;
有一点不得不佩服pixar，拍的第一部3D就能完全摒弃滥斛噱头；而片头前那个“国内首部真人3D电影”的三分钟预告片，足以列入反面教材的经典了

",史上第二彪悍钉子户的离奇拆迁故事。Pixar完美地成熟了。,最让我感动的是电影开头，这对夫妻志趣相投、相濡以沫，我想自己能不能找到这样的另一半呢,前12分钟完美，后面剧作不及技术好。
十二怒汉,9.4,全部 66246 条,偏见，合理的怀疑。任何时候都要保持怀疑的能力。最后，当意见终于统一，每个人默默地穿上外套，离开，桌子上是刚刚一个半小时内发生的巨大震荡留下的痕迹，烟灰缸，纸团，凌乱的纸张，笔，还有那把刀。经过这些震荡后的十二个男人，不管之前是多么的抱着偏见不放，此刻都闪着光。这是人类进步的光芒。,投票不管用，意见领袖也没用，你得让每个人都说个够。然后明智的共识才会产生。,意见领袖在电影中的上佳诠释,一个人在与11个人持对立观点的情况下如何一一说服众人并反败为胜！,看着五十年代的饮水机电风扇和豪华厕所只想感叹“万恶的资本主义”！
鬼子来了,9.2,全部 72479 条,十部南京也抵不过一部鬼子来了。,一刀刘、二脖子、马大三、四表姐夫、五舅姥爷、六旺、七爷、八婶子、小碌碡...,大哥大嫂过年好~~~~AND 姜文这个人是个天分极高的家伙。,太善良、吹牛比、窝里横、不惹事、中庸，中国人的劣根性太他妈多了。这种以个体视角的抗日影片，才是王道。,留口气活着很重要，可有些事比活着留口气重要
何以为家,9.1,全部 153735 条,见过游乐园女神被扒光，洗过沾了鲜血的衣服，听过蜘蛛侠变成蟑螂侠的传闻。才知道美丽会变丑陋，纯净会变脏臭，英雄泯然众人，自己却无能为力。把童贞交给世界，用匕首刺穿丑陋，靠起诉状告父母，挤笑脸嘲弄命运。赞恩把婴儿交给男人，才明白自己谁都保护不了。他就站在破败的街角，仿佛人生走到尽头。,穷人可以生孩子，愚昧的人不要生孩子,十年前看Caramel开始一直关注的导演，陆续听她先生写的原声，看她演的法国电影，直到Capharnaum入围此次戛纳主竞赛，成为个人List上最期待的影片。十年不见，当初所有的灵气聪明仍在，镜头却越发冷静干净。结局处的回暖，是残酷现实里女导演留有的慈悲。,最喜欢那个男配角，一岁的孩子约纳斯。每当有音乐响起，这孩子总要试图扭起来！,这才是能跟李沧东PK的啊，其他都够不到。
天空之城,9.1,全部 71977 条,不看人生不圆满!!!宫爷爷的所有电影都是!,突然好想哭……,好电影从来都不会因为岁月的流逝而失去它的味道，反而会越来越香醇，一如地窖里的酒。久石让的音乐堪称完美，画面虽是手绘，但亲切感十足，故事背景细节丰富，人物刻画生动，还有区别于一般动画的深刻主题。★★★★☆,喜欢工业革命时期笨拙又功能性的全机械化的东西，觉得发明家很了不起,如果说自然赐予文明以生命力的话，那么贪欲则会夺取文明的生命力，直至文明毁灭。植根厚土，沐浴清风。和种子一起过冬，一起在春天里生长；和鸟儿一起在春天里歌唱；和春风一起在大地上舞动。只为追寻那最质朴的生活。“巴鲁斯”与其说他是让拉普达毁灭，还不如说是让拉普达文明涅磐重生。 
大话西游之月光宝盒,9.0,全部 73559 条,2000年。周星星结尾背着金箍棒转身时看得流眼泪。,大话西游是一代人心中的经典.,逢年过节必放必看的经典 我记得片子里最后一句台词是：“你看那个人，好奇怪哟，象一条狗。” 多少的唏嘘感慨啊,那年的蓝洁瑛怎么那么好看 好看到我眼里完全没有莫女神。                                             18.11.03更新 今天瑛姑过世了，这一辈子太苦，但愿天堂里有属于你的月光宝盒。,呵呵，1996年看的。【2014】终于在大荧幕上看了。虽然是普通话。经得起这么多次的反刍，可以确认是经典了。想起东邪西毒重演时提前离场的对比，简直。
哈尔的移动城堡,9.0,全部 98284 条,看了这个电影就想要一个家。擦地板，在阳光下面放上铺着干净桌布的餐桌，还有照顾小火苗，就如同守护爱人的心一般。,"赞这句 ""勇敢面对自己的时候是美丽的少女，退缩时就会变成风烛残年的老妇。"" 的评论",爱给了苏菲勇气，哈尔爱苏菲的勇气。,"比起宫爷爷以前的电影,这电影的主题更轻松.但是依然有一如既往的温暖.另外,哈尔那种小屁孩的性格实在太可爱了!",爱是：1.成为你的仆人；2.拥抱你最丑陋时的模样（人不漂亮因为你才有意思）；3.融化仇敌，卸下巫术；4.秘密小屋只允许你闯入；5.了解你的过去，相信我会在未来等你；6.真心亲吻，解除魔咒；7.放“心”自由，感觉温暖；8.接受爱人的选择，平息一场战争；9.和你建造一所移动城堡，取名为家。10.相信你。
天堂电影院,9.2,全部 80191 条,出去闯荡吧，永远不要回来，不要打电话，不要写信。我不要在这里跟你谈话，我要听别人谈论你。。。,《天堂电影院》是每个人的童年，每个人的家乡，每个人的初恋，是最后绵绵长长一直伴随到死，渗透到了血液里灵魂里的记忆和感觉。,是的，一场伟大的失恋。,在中国电影资料馆先看了177分钟版本的导剪版，感觉后半段特别糟心；随后立刻找来124分钟国际版扫了一眼，感叹这片的制片人和国际发行商够牛逼，直接将一个狗血剧剪成了未央歌：爱情无果而终，影院坍塌解体，不完美的完美。,回忆就是因为回不去才可爱，才可贵。错过多年以后let go的坦然有时比悲情的执着更能予脑海留香
素媛,9.2,全部 81924 条,简直要疯了，强奸未成年的都去死啊啊啊啊。片子虽然虐的要死，但是中间有很多让人特别暖心的细节，包括同事同学朋友的那些帮忙，父亲对女儿那种深沉的爱，让人觉得是可以战胜悲剧的。今年青龙奖给了这部最佳影片也是肯定了它的积极意义,真实事件改编的片子看过总是很堵得慌,与《七号房的礼物》同属催泪亲情片，不过故事没那么飞，所以要节制平实了许多。剧力很强大，一些让人含泪而笑的段落设计得很出色，整体的表演质量非常高。用这种方式拍儿童性侵案，实在是太虐了，等内地上映，影院里会泪流成河的。,得是有多变态才会对小孩子产生性欲,“你能来到这个世上真是太好了。”
罗马假日,9.0,全部 107450 条,当他把手伸进去，她的表情美丽极了……,完美的公主，天使的笑容，魅力的男人,公主与拍小照的穷光蛋，影史上不灭的永恒瞬间,罗马，当然是罗马……,赫本一出场我真是被惊艳到了，身材高挑、五官精致、气质绝佳，无法超越的美，整个影片也拍的很好，不愧是经典，很喜欢
闻香识女人,9.1,全部 108180 条,史上最美的探戈,刚开始，我觉得阿尔帕西诺演得有些用力了。但是看完，我觉得他就应该这么演。甚至那个年轻人O'Donneil也被他带动出极好的水准。探戈，演说。几近完美的一部片子。,或许是因为年代久远，会觉得故事略显老套，但并不影响影片带来的强烈感触。问题不是哪条路是对的，问题是，你敢不敢走？人即使身残，也应保持灵魂的完整，因为灵魂没有假肢。★★★★,这个故事告诉我们……看得见看不见其实无所谓，长得帅怎么都行……,看过这部电影不仅是视觉上的感受更多的是内心的震动和灵魂的洗礼，两个主人公一个是上着大学的乖学生一个是脾气古怪的盲人大叔两个本素不相识的人，因为一分工作联系到了一起，从一开始的互不理解到最后改变了对方，整个过程确实值得人们深思。整部影片的最高潮就是最后的演讲也是我最爱的部分。
辩护人,9.2,全部 88075 条,“国家，证人所说的国家到底是什么？大韩民国宪法第一条第二项，大韩民国主权属于国家，所有的权力都由国民产生，国家即国民。但是证人毫无法律依据，一味强调国家安保，就把国家镇压践踏在了脚下······你是让善良无罪的国家生病的蛆虫，你是军事政权肮脏的帮手。”,法律有时候也是国家暴力机器的一部分，但法律依然是个人能够对抗国家机器唯一的武器，当国家机器想要彻底摧毁一个人的尊严和权利时，它首先想要做到的就是践踏法律。而当法律被如此践踏时，即使是最逐利的律师，也会挺身而出来维护法律。如果要问法律为什么值得信仰，这大概就是我的理由吧。,在韩国维权人士最后可以做总统。。。。。。,韩国失去像卢武铉这样的总统... 真的是国之大丧.. 还有这个叫New的制片商真心让人眼前大亮~  去年本人觉得不错的 《新世界》、《监视者》《7号房的礼物》《捉迷藏》等电影都是New筹拍的 而且都是启用了新人做导演,大家都看一下《辩护人》吧，我有一万个理由，来让你们去看，但是，请原谅我现在哭得一个都说不出来。我只想说，虽然，它是一个韩国电影，但是，它讲述的，就是中国，当下的中国，你我的中国，我们所熟悉又陌生的中国......
搏击俱乐部,9.0,全部 115838 条,我要带我的女朋友去看炸大楼,一则极具颠覆性质的社会生活寓言.无能为力，无法改变现状，是现代生活中的癌症。虚无使人痛苦，使人希望借各种方式找回存在的真实感。然而现代人的精神悲剧就是，当他们自我搏斗、脱离了一种精神上的奴役的时候，不知不觉又进入了另一种奴役。影片自身所带有的一种不可言传的魔幻性与自我消解意味使它,我看这个的时候才知道，电影可以这么牛B，一直到现在，重看最多次的电影。,前半段太繁冗，后半段太啰嗦。。,欢迎讨论。pitt帅成那样很不容易
哈利·波特与魔法石,9.0,全部 70407 条,花了8年才看完这部电影....,一整个世界被打开了的感觉啊。,你信不信，我也养了一只猫头鹰^^,"还是觉得很幼稚,始终没有看进去~~",哈利波特系列的电影与小说，我能感受他们的喜怒哀乐，一同烦恼学生时代的“难熬”，当这一系列结束时，再回头看这第一部，有一种“曾当年”的感受，我私以为作者以后再写出什么样的故事也不能如当年那样打动人心，毕竟这已成了我心中的白月光，不是吗
死亡诗社,9.1,全部 99284 条,看这部电影才知道，原来自己已经死去了好久，从某个不经意间被打破的清晨开始。, 哦！船长！我的船长！,"明明不是悲剧,就是不停的被感动着",这个时候他该怎么办我想，只能去死了。没想到他真去死了。sb一样的父母,“人无千日好，花无百日红。”为什么Keating喜欢当老师？也许正是喜欢置身于人生第一个转折处，给予他们自己最好的指引。“梭罗说，大多数人都生活在平静的绝望中”，这句话人至中年才慢慢体味个中含义，所以，少年时期的梦呀，爱呀，理想呀，追求呀，努力追问，努力回答，才不枉一生。
教父2,9.2,全部 36639 条,《教父》系列的绝顶。对时间的感知是科波拉最出色的一次,既是前传，也是续集，两条线交错着叙述，一边是创业一边是奋斗。无论镜头还是画面色调的处理都一如既往的出色。作为一部续集来说，堪称完美。但作为《教父》的续集，却始终缺了点什么……★★★★,交叉蒙太奇和结尾的闪回部分，让2的结构比1复杂了些。你是对敌人、朋友、亲人失去信心，还是对自己失去信心？想改变、想停下、想回头，却被无形的大手推着向前走的感觉，很难受吧？维多所期望的麦克的未来，是现在这个样子么？,差点屏射。alpha male之殇。你只是为了我们才佯装坚强，现在请允许我照顾你吧。我是你哥哥，我并不像他们说的那样窝囊。禁酒年代我们在加拿大运糖浆，卡车还是你爸爸的。我回以色列是想落叶归根，回美国是因境外不给寄选票。三代代代有反骨，钓鱼之前说声万福。稳重的剪辑渗透时代的厚重。服。,三个多小时的长片却没有一丝冗余剧情，教父2比教父1艺术成就更高。横跨50年的双线叙述营造出真正的宏大史诗，冷酷英俊的阿尔帕西诺和德尼罗演技超一流，镜头和画面色调依旧绝佳，剧情安排让人唏嘘感慨，忧伤无奈的配乐震撼人心！只是如此完美的经典却有些过于残酷冰凉。（9.5/10）
窃听风暴,9.1,全部 82384 条,东诺士马克的电影用了很多当初东德的机关大楼实地拍摄， 但是监狱博物馆的馆长却拒绝了他拍摄的请求。原因？馆长说，因为东诺士马克的剧本不符合史实:整个东德历史，像魏斯乐那样“良心发现”的秘密警察，对不起，一个都没有。,看到结尾到底还是忍不住泪奔了,这个故事告诉我们，女人是靠不住的，好基友才是一辈子的！,"-  总觉得还差那么一点点~
大叔和肥婆亲热那段让我破灭了。。。",你还记不记得他听歌流泪的样子，倾斜在椅子上陶醉的样子？
狮子王,9.0,全部 57309 条,败在“刀疤”没有反派魅力！,动物版哈姆雷特,从此得知，原来动画片还可以是这样的……,现在看剧情真的好简单啊，不过拟人感实在太完美了。还有那个“哈库那莫塔塔”，好多年没听到了...Can You Feel My Love Tonight？,我只是在必要的时候才会勇敢，勇敢并不代表你要到处闯祸。
指环王2：双塔奇兵,9.1,全部 37903 条,其实这个故事挺弱智的。,"作为3步曲,比教父3部更完美!!",一口气看完三部白金加长版，对于这样的片子，只有两个字形容：经典。相对于骇客帝国，这三部的连续性非常好，值得称赞。,第二部，喜欢树精。,传奇延续，依旧震撼，精灵王子还是那么帅。
我不是药神,9.0,全部 391105 条,"王传君所有不被外人理解的坚持，都在这一刻得到了完美释放。他不是关谷神奇，他是王传君。
你看，即使依旧烂片如云，只要还有哪怕极少的人坚持，中国影视也终于还是从中生出了茁壮的根。
我不是药神，治不好这世界。但能改变一点，总归是会好的。",放在豆瓣语境下，是部时至今日终于拍出来的国产“高分韩国电影”。拿现实题材拍商业类型片，社会意义摆在那，群戏也处理得相当不错。对我们国家而言，这样的电影多一部是一部，走一步是一步。,只要提到价值，中国电影的标准便会坍塌。明眼人都看得出，幕后黑哪是一脸奸相的大药厂，又或者，结尾辩方律师可以再底气不足一些。前后大发感言的两名老太，表演模式有何本质不同。徐峥的转变与倒贴，全是目睹惨相的愧疚觉悟——而在这样一部电影里，最不缺的就是惨。被消灭的，何止是戴口罩的病人,电影能做到的好，这部电影都做到了。剩下的是这个时代不让它更好。在我们刚刚经历过的时代巨变洪流之中，有无数这样的小人物在时代洪流中艰难生存着，同时在竭力不丢失他们的灵魂。终于有这样一部电影，让我们能够看到时代，看到善意，看到希望。希望这部电影也能被这个时代善待。,直面现实问题，勇气可嘉。但把矛头指向药物研发厂家是不公正的，药物研发需要巨额资金投入和漫长的时间成本投入。试想如果无人去研发药物，仿制药又何从仿起？对于病人来说，那才真的是只能等死。不过要是把矛头指向了应该指向的所在，这部电影也就无法上映了，所以想通过电影来改变现实的人，醒醒吧。
大闹天宫,9.3,全部 25368 条,中国动画=大闹天空，虽然对很多动画来说这样很不公平，但是，你能找出其他这么有代表性的佳作？,永远的经典,中国最好的动画片，来自50年前。,要看就看影迷修复版，那是最好的版本。比官方的所谓40周年纪念版都好。玉帝的下巴上非常明显的有颗痣我会到处乱说吗？,致敬。
两杆大烟枪,9.1,全部 76459 条,嘛叫编剧功夫？界就叫编剧的功夫！,"结构很精细。艾德输光了钱的时候，恍惚出门，扶着墙吐，很真实。一贯老实的厨子打劫前突然说，带把刀好：Guns for show,knives for a pro.——你是不是有什么不为人知的过去？我不知道是马上要打劫可怕还是你的过去可怕。",我觉得这片儿里的小混混们都挺有型的.,犯罪都那么的英伦范，盖·里奇构造了一出无巧不成书的黑色喜剧，调侃、刺激，别有一番滋味。“四个臭皮匠顶个诸葛亮，盖·里奇果然不是盖的。”,（9/10）对于脸盲而言前半段大概会看得很痛苦，但后半部理清线索后会是各种神奇……不算入赌场BOSS，这片一共有五股主要势力在斗殴：欠50万的（买了两支大烟枪去抢劫卖白粉的）、卖白粉的（高尔夫球）、毒品供应商（黑人势力）、强盗团体、讨债父子和两个不认识赌场大BOSS的小混混……
指环王1：魔戒再现,9.0,全部 55115 条,于我，魔戒永远是不可逾越的史诗。,每次看魔戒都会被奥兰度惊艳到~,一口气看完三部白金加长版，对于这样的片子，只有两个字形容：经典。相对于骇客帝国，这三部的连续性非常好，值得称赞。,"无限的生命并不能给精灵带来永恒的快乐 更残酷的是 让他们眼睁睁看着身边的美好一点点消逝 或许有限的生命才是命运之神对人类最大的眷顾
我宁愿和你度过凡人短暂的一生 也不愿一个人看尽这世界的沧海桑田",原来某人ID是这里来的，不过据称其实是前传《霍比特人》里的。果然是很像西方版的西游记，人物多了一些所以可以分成若干支线，风景和精灵们确实相当迷人，奥兰多布鲁姆在这里面太好看了啊。但也没有想象的那么好。二三集待续。看的加长版，最后字幕长达二十分钟⋯⋯
飞越疯人院,9.1,全部 75577 条,谁是疯子？谁又是正常人？没有答案。,R.P.McMurphy对体制的挑战以脑叶被切除告终，他对自由的追求失败了吗？他所有的尝试都改变了——哪怕一丁点——“疯子们”的生活环境和心灵禁锢。关于受到争议的死亡，则是酋长对完整人格的高度尊重，代表另一个层面的自由。,这个世界上，一切都被预先谅解了，一切也就被卑鄙的许可了。---昆德拉,一群人的狂欢，一个人的疯人院。在电影中，疯人院是有着极强隐喻的地方，专制横行，自由和个性遭到极度的压制和剥夺，是一个模型化一般的专制社会，打着冠冕堂皇的旗号到处招摇撞骗，剥夺人们的个性。疯子是一个相对话的定义，需要一定的评价标准，在疯子眼中，那些所谓正常的人又何尝不是疯子。,哲学家只说不做，人权卫士有心无力，普通人像傻瓜一样只知道看热闹。未觉醒的力量需要人去唤醒。那个人就是“飞过杜鹃巢的人”。他牺牲了，唤醒了原力。大众的愚蠢已经不止一次被吐槽了。电影结局的美好，和当下现实的残酷，即使过了40年都未曾改变，要不然也不会有《鸟人》。你永远都飞不出疯人院。
美丽心灵,9.0,全部 85144 条,有你终生美丽,与自己战斗，坚持，勇敢，相信自己。面对一切困境，克服它，朝着自己的理想前进。这是人性的光辉之处，这是人超越一切生物的闪光点。,前半段觉得好平淡，不知道剧情的话后边还说挺出人意料的，詹妮弗康纳利永远的女神！男主角就是一只萌萌的熊叔吗！估计骚受们肯定喜欢他！,用精神治好了自己的精神病,刚看到新闻说John Nash出车祸死了。。。
饮食男女,9.1,全部 84753 条,看似最不能守住传统和孤独的人，坚持到最后。,人生不能像做菜，把所有的料都准备好了才下锅。还有就是，原来男人会一直有性欲。,你个杀千刀滴老朱，我以为你要勾引我，原来你是要拐走我滴女儿！,我也是看完这部最后笑了的人之一，两个多小时的片子却一点也不觉得长，重要的事情发生的时候都有一桌丰盛的美食，原来这就是饮食男女，我们要吃饭，我们也要生活，生活怎么能总是波澜不惊呢，必须是有着很多的问题。没有一颗细腻的心是没办法拍出这样细腻的片子的。,惜食，平淡如水余味长~想起小时候吃麦丽素特别小心，还发明好多奇怪好玩的方法。人心粗了，吃什么都不精。
V字仇杀队,8.9,全部 130079 条,人民不应该惧怕政府，政府应该惧怕人民。现实和电影的区别是，他们没开枪。,适合失眠者在凌晨3点至5点观看。我希望有更少的人理解它，有更少的人喜欢它——以便我可以独占它。,乔治奥威尔灵魂附体，1984诈尸还乡,一个无政府主义者的非意外死亡,"“我不明白，为什么我对你一无所知，而你却成为我生命中最重要的事”
"
黑客帝国,9.0,全部 70235 条,果真没让我失望~频频赞叹1999年人家的思维人家的意识 而咱都2012了还是爱构思古装穿越剧。。。,其中的哲学影响我的哲学道路,黑格尔的异化理论，事物发展到一定阶段会异化出与之相对的异己，异己的发展会最终替代本体，人发明机器，最终被机器所替代。,FUCKING DAMN COOL!,"""媒体和技术批判理论""|哈贝马斯，法兰克福学派，技术媒介，全景话语监狱，真实或虚假——拟态环境，波德里亚，后现代，信息过剩与贫瘠，赫胥黎，奥威尔或是波兹曼……"
猫鼠游戏,9.0,全部 86942 条,他也只是一个伤心的孩子,我只想说，02年小李还是尖脸呢。,艾米·亚当斯演了一个牙套妹,（8/10）卡尔警官是虚构人物，但伪造犯弗兰克却真人真事，因其出色的鉴伪技术为FBI戴罪立功。必须一提的是现实中弗兰克的父母婚姻问题主要责任在父亲一方，但影片却把责任推给母亲。他的确有律师执照，但花了八周而不是两周。维基百科说弗兰克本尊在片中演一法国警察，但我没认出来。,真的很好看吗？我认为真的很不好看。
钢琴家,9.1,全部 55949 条,“我有件更暖的。”----Wilm Hosenfeld,前半段一直觉得很沉重后半段直接被我当腐片看了（跪。。。 我爱德国军官攻。。给犹太钢琴师送食物和大衣神马的，结果最后连名字也没留下死在俄国战俘营了。另：纳粹军装真的太好看了！,百无一用不仅仅是书生还有钢琴家，与其苟延残喘不如一死了之。,可能因为刚看了拯救大兵，所以难免的觉得这里描述的世界太干净了．是的，即使你已经觉得很残忍了，它还是太干净漂亮了一点．但是我还是非常喜欢这部电影，．只要那些温暖的东西在，就好了，尽管战争的事实，实际上是要残酷得多的．,有些电影，你仿佛能看到导演在摆动机位，演员在背台词。但又还有些电影，你完全交出了自我，跟着电影走，不知接下来发生什么，因为你已相信这一切都是真实的。
本杰明·巴顿奇事,8.9,全部 117228 条,前半部太冗长了，我现在对这些都市童话不大有耐心了。也许我老了,看了第二遍后，觉得是杰作。好电影就是每次看都会觉得心醉神迷。,细节成功，但缺乏整体性。,时间的玩笑，时间的重量。这惊天动地的化妆...,或许我还没到打五星的年龄.结构，节奏是硬伤～～
看不见的客人,8.8,全部 183672 条,跟媳妇一起看的。看到一半的时候说了句最毒妇人心，指的那个情妇。后来看完，我媳妇特别藐视我，说了句男人都不是个好东西后睡了~。。我一脸尴尬~。。。总之。。。这是个好电影。,西班牙人太热情了 在我们这房间里叫破喉咙都没人理的,好看，强烈推荐。问题是如此重要的辩护人竟然不是当面引荐的。,2015年看的《罪恶之家》，2016年看的《完美陌生人》，2017年看的《看不见的客人》，共通之处就是利用剧作上的巧合和人性的叵测，将一个充满黑色悬疑的精彩故事有条不紊地讲述出来，虽然过程中猜测出女律师古德曼的身份，但劳拉却并非我预测地来个《大卫·戈尔的一生》的自我救赎……人言可畏亦难信？！,调度上有种将阿加莎小说当代化的直感 谷仓之冰和密室的三重解答亦是对黄金时代的致敬 拍推理片需要的是娓娓道来 不急不缓的叙述 以及临近收尾时暴风骤雨般地揭晓真相 本片都做到了 虽然对于非脸盲症而言这个最早来自莎士比亚的诡计略显累赘 讲义系列若拍成电影 要的也是这种感觉
让子弹飞,8.8,全部 191641 条,一个土匪碰上一个恶霸的故事，讲得真……他妈的惊喜。,叉着腰！牛着屄！嗨起来！,牛着逼！,要是姜文拍完这部电影就宣布退休，他会被封神。,姜文玩出来的电影，从头到尾都很放松，或者是太放松了，节奏总有点怪，有些情节也太儿戏。对白也不好，细节不如《鬼子来了》那么智慧，即便如此，这仍然是今年华语片最棒的。或者只能怪剩下那些太面货。请千万一定尽量降低期待。重看一遍，感觉这片舞台味真重啊。
海豚湾,9.3,全部 58344 条,我想知道的是 大地村那里的海豚屠宰场现在怎样？关闭了没有？当地的渔民是否还以屠宰海豚谋生？,最具艺术感的纪录片。真相都真的让人难以想象，所以他们还在否认南京大屠杀。,看完确实很难受 但是其它被食用残杀的动物就因为比海豚低贱么...我也没办法真的素食主义..更别扭,看关于环保，动保的纪录片的最大意义就是转化为自身的行动。现在这种片子很多，如果看到10部你还没素食我怀疑你是不是要人格分裂了。,血淋淋的海湾……影片尾声那段触目惊心的屠杀场景让人看了感觉心里堵得厉害！地球村上的每个村民都该看看这部片子。
西西里的美丽传说,8.9,全部 115647 条,"看到了人性的丑恶   更是看到了人性的光辉

一个性启蒙时期的少年雷纳多   爱上了成熟美艳的少妇玛莲娜

那些为了能见到她 为了能碰到她  
而骑着自行车狂奔的时刻   像是在追逐自己的幸福

那些因为看到别人诋毁   自己喜欢的女人   而去报复  的小动作

那个在教堂里   虔诚的跪在圣象面前
喃喃自语的说  在我未有能力照顾好她之前    请神一定要好好保护她   的...",当你不再年轻艳丽，当你的丈夫回到了身边，那么你就成了那群丑妇的朋友。,震撼全城的美貌，罪恶之源，情欲之源，纯真之源。这是公共意淫、诋毁、同化的典范。,这女人是可以让整个城市心跳加速的,当相貌远远高于一个人的社会地位时，所带来的伤害也会远远高于一般人。
情书,8.9,全部 140605 条,那些没有开口的告白，最终还是让你听见了。,无论如何都会流下热泪的电影，五星又怎么够！,经不住似水流年，逃不过此间少年。彩云易散琉璃脆，水仙已乘鲤鱼去,"关于藤井树的种种回忆，是你拥有的，我把它寄还给你。
",你好吗？ 我很好。 你好吗？ 我很好。 你好吗？ 我很好。
拯救大兵瑞恩,9.0,全部 52038 条,厄本这个角色很有意思，懦弱，非常懦弱，还有一种可笑的浪漫和无知的善良。他才是你我他，对战争的残酷抱有一种可耻的畏惧，并对其有好心的幻想。可惜事实并非如此，战争就是你死我活，战争是考验勇气的时刻，而非善心。胆小的也许能活下来，但在战争中，你已经输了。而那些死了的勇士，他们才是胜利者,战争电影No1，美利坚精神输出大片。,我心目中的永恒经典。不知道集结号借用了他多少情节。反正不少。,真正意义的大导大片，开场的抢滩和结尾的瑞梅尔血战机位控制臻入神技，牛逼的主次特写像一位幸存的二战联盟老兵啐着唾沫在回忆戎马。瑞梅尔的残破桥头，米勒上尉的身后是无尽残阳，他的面前是这个略显荒谬任务的完结，他的面前也是詹姆斯瑞恩的明天。,那些近乎白描式的战役刻画，真实而震撼；米勒中尉不由自主颤抖的手，是那时每个如棋子般无法控制自己命运战士的写照；在更高层面上的人性与伦理的探讨，其实已经无关紧要。
小鞋子,9.2,全部 53410 条,小演员表情无敌，故事朴素真挚，比赛一段过分煽情，结尾收得真漂亮。,这些故事那么熟悉，就发生在我身上。,你说你像记录片，我选择相信。一切正如简介所言，一切也不超出这个故事，导演马基迪懂得，怎样将一个感人的故事讲好，并且也只将注意力集中在故事上。阿里的眼泪，以及获奖时无声的表情，最后的高潮部分相当感人，真是天堂的孩子才会有的演技，让人不得不去想像或许这真是一部真实记录片了，最美的奔跑,电影里很多日用品看起来都像中国货：铅笔、笔记本、塑料拖鞋,世影史：影片与很多伊朗电影一样清新、质朴，真诚地描摹伊朗人的真实生活，表现窘迫艰难的平民生活中隐含的人性的善良，带领观众回到纯真澄净的世界。导演以一种极其温情的目光关注了一个普通儿童去以自己的方式去实现一个梦想的全过程。结尾金鱼亲吻孩子双脚的画面，以其美感和创意备受推崇。
音乐之声,9.0,全部 47254 条,用音乐化解仇恨，让歌声串起美好。,里面的音乐剧已经载入教材，《哆唻咪》《孤独的牧羊人》《雪绒花》《音乐之声》等歌曲至今让我们耳熟能详。而更让我动容的，是隐藏在音乐背后的那博大而深沉的爱。最后特拉普带领他们逃到广袤而无限秀丽的阿尔比斯山脉，那是从专制走向了自由。8.8,雪绒花这首歌太熟悉了，玛利亚老师真的是一个与众不同的家教老师，她用她的爱她的音乐感染了上校一家，让原本枯燥无味的家变的活泼充满音乐和欢笑的家，真的是一部很经典的片子,会好看的电影，音乐非常好听，男主角的小孩真多啊！好可爱,我是先喜欢里面的一首歌才来看这个电影的。里面的歌舞不错，故事也挺正能量的，如果老师都用爱来教育培养孩子，那孩子们就太幸福了。
美国往事,9.2,全部 55816 条,一年多以后，我将它从四星改为了五星，期间未曾多看一遍。,少年子弟江湖老，红粉佳人两鬓斑,面条的人生。这条人参很长，长达229分钟。,太好看了。我喜欢它的叙事手法，少年、中年、老年穿插在一起，处理得很成熟干练。配乐非常棒。,史诗叙事大师笔法，黄昏已近青春已远。而今男人的理想已改变太多。配乐绝佳。
穿条纹睡衣的男孩,9.1,全部 68949 条,无论你之前是什么样的人，在穿上这件条纹睡衣之后，都会变成一样的人。这部电影主题深得我心啊，故事讲得也不错，镜头运用，结局处理都很出色，特别是结尾处那个长达数秒的长镜头发人深省。,大半夜很容易走进情绪，最后的结局压抑得我说不出话。最可怕的教育是价值观的强行灌输，而最可怕的价值观是被一件条纹睡衣分割，看着姐姐满墙的贴画真是触目惊心的疼。,感动我的是孩子的勇气，强大的勇气。,小孩总是交友，大人总是树敌。,如果有个惊喜的结局，犹太人反而会被妖魔化
致命魔术,8.9,全部 103276 条,孪生蝙蝠侠大战克隆金刚狼,他选择了和他妻子一样的死法。100次。,本片最大的看点其实是用Angier和Borden的幻术竞争来影射历史上Edison和Tesla的直流电与交流电之争。《记忆碎片》、《致命魔术》和《盗梦空间》基本上一个套路嘛。如果Nolan拍片子总是用这种捣蒜的方式讲故事的话，看多了真觉得没啥意思了。,说穿了不管是孪生兄弟还是复制人，让他们对舞台上的成功如此痴迷的不过是观众脸上惊奇的表情和如雷的掌声。当我们一直生活在需要别人给予肯定的怪圈之下，我们就迷失了当初的自己。,情节悬疑，叙事精巧，主题丰富，背景深厚。简直为完美之作。
七宗罪,8.8,全部 96679 条,为什么拍出来十几年我才看到呢？,印象最深的是那个胖子,结局让我喜欢这部电影,从它开始喜欢上摩根弗里曼,这才是高智商电影行吗，剧中人物比其他悬疑片人物智商高多了……整部片子气氛很好，解密的话可能不够刺激，不过刺激的话就不是芬奇了，芬奇的电影一直就是这么冷冰冰的没有生气。
低俗小说,8.8,全部 104515 条,我爱特拉沃塔的舞。,"太正点了，那妞。。。
",文森特你不要总是在关键时刻上厕所啊喂,昆汀在这部集中展现了他的恶趣味：恋脚，屁眼，假奶，穿洞，SM，血浆。台词功力超屌！杀人时间还太早，再聊一会儿。,不要在上厕所的时候看书  不要过量吸毒 不要把枪放在厕所门口
绿皮书,8.9,全部 260335 条,绝对是今年tiff我看过的最有意思的一部电影，全场笑声掌声就没停过。节奏欢快，情节有趣又不失深度。V叔扮演的来自Bronx街头的意大利裔司机和Ali扮演的受高等教育的黑人音乐家碰撞出令人惊喜的火花，二人从纽约一路向南巡演，然而越向南种族歧视也越来越严重。导演用一种巧妙的角度向观众展示了当时的不公以及音乐家内心的纠葛。尽管他从小就在不同的重要场合表演，然而最尽兴的一次却是在圣诞前夕的一个黑人小酒吧。...,"Mahershala說片子里某個根本不會被人注意到的佈景里的某塊石頭或許就是V撿的。他說V在拍攝的時候，一直留心撿很漂亮的石頭，撿到了就拿給導演說：看，把這塊石頭放在背景里會有多好看
說到電影里的部分，他可能增肥了有二三十斤，從來沒見過他有那麼大的肚腩（現在似乎已經減回來了）。今天在看V表演時，大部分的時間，我忘了他是Viggo，他就是那樣一個沒文化又油滑、滿嘴跑火車的司機。
僅僅偶爾偶爾有幾個他...",今年看过最好的剧情片之一。剧本扎实，细节充实，表演到位。颇有《为黛西小姐开车》和《触不可及》的意味，但又因为主角角色的互换，在特定的时代和地域里散发出更强的乐趣。,“世界上孤独的人都害怕迈出第一步” 从最开始的矛盾抵触、到被迫站到一边慢慢调和、甚至最后的惺惺相惜，这不是一趟抛开歧视的旅途，而是两个孤独的人从彼此身上看到另一个世界，一个更真实的世界。纵使有太多不同，种族的、阶层的、贫富的，都可以在这一场春风化雨、淡入心灵的结伴同行中，化干戈为玉帛。“爱上你是件毫不费事的事情”、“如果我不够白，也不够gay，又不够男人，那么你告诉我，我到底是谁”…唐·谢利为托尼...,四平八稳的片子，精致的套路，一路都是能想到的通俗剧情，基本没有什么大的起伏，主要看演员，明知道是屡试不爽的美式套路，你还会微微感动，也许这就是好莱坞厉害的地方之一。
沉默的羔羊,8.8,全部 79813 条,如果汉尼拜尔教授不整天嘴上念叨着吃人，和他共进晚餐一定是世界上最迷人的事情。★★★★★,正是因为米国没有卤煮火烧和烩羊杂，就连爆肚、溜肥肠，酱爆肝尖，火爆腰花什么的都没有，所以作为美食家的汉尼拔很尴尬，常常为了一份食材而绞尽脑汁，大费周章，其实。北京欢迎你，大可满足你顿顿吃卤煮的愿望。,安东尼·霍普金斯的顶级表演~~,喜歡那場變態者在鏡前的独舞，實話說這篇小說真是不怎么樣，但電影成就了奇跡。,重温经典，发现现在多少影片借鉴了它。。。很喜欢沉默的羔羊这个隐喻，虽然我也不确定它到底暗示了什么。。
蝴蝶效应,8.8,全部 103368 条,"★★★★ (2004-12-17) 其实比起电影本身，还是更喜欢那段影评：“量子力学的平行多宇宙解释说，在交叉小径的花园里，总会有一条道路，让人们在生命中的每一个节点都得到幸福，在那条完全幸福的道路上，有且仅有一个你在行走。
这是多么令人宽慰啊，在每一次铭心刻骨的选择里，总有一个你选对了路，在茫茫的恒河沙数的宇宙里，总有一个你，终生幸福。”",每一次的选择已经是最好的选择了。改变未必是优化。,"尽管有破绽,但是构思的巧妙和创新足以弥补,不能用科学的角度来分析艺术",剧情的细节设计过于完美，以至于反而是最基本的动机设计薄弱了些。我也很想像女主角最初质问男主角那样质问一下编剧：既然男主角真的这么爱女主角，爱到不惜勒死自己也要让她获得幸福的地步，那为什么他离开女主角七年，却甚至一个电话都没给她打过（而且似乎性生活也挺美满的）？,不太喜欢这种故弄玄虚的矫揉造作的电影，其实他每一次回到过去都可以很好的改变，但一变回小时候，立马就变傻逼了，屎蛋了，每次都搞砸，让后来更惨。。这片子为了能拍下去，实在太做作了。给2星是因为结尾OASIS的歌而已……
被嫌弃的松子的一生,8.9,全部 134376 条,"用喜剧的手法来拍一部悲剧
你会发现最后笑得前仰后合
而眼里却挂满了泪水",这个故事是对“少女情怀”赤裸裸的嘲讽！,但是她说，我要跟着他，就算下地狱，那时候真美。太宰治说：难道纯真无暇的信赖之心也算是罪过吗？,到底好看在哪，这样的人生不都是她咎由自取么。,她只是怕寂寞……
春光乍泄,8.9,全部 85034 条,光棍节给自己准备的电影《春光乍泄》，根本就是找虐。。。。黎耀辉简直是八心八箭4个9的纯GAY，极品中的极品，GAY中的爱马仕，GAY中的劳力士，GAY中的劳斯莱斯，上下5000年不可多得的尤物！！！我想变男人要这样的男朋友啊啊啊啊,摄影助理 黎耀辉 何宝荣，王家卫你太坏了,从来只有半部的《春光乍泻》,感情说穿了 一人挣脱的 一人去捡,影片两个男主人公的名字竟然就是两个摄影助手的名字，感叹于王家卫随性而行的个性。
禁闭岛,8.8,全部 110701 条,非阴谋结局 泰迪确实病了 最后泰迪是被治好了 但他不愿活在痛苦中 因而假装自己又犯病了而去做切除手术,所有人都陪你玩，你好牛逼,我打4.5星，不能得5星的原因是，电影有些长…… 故事很好，每个转折点都很清晰，故事就像《本能》一样，到最后一分钟揭晓大结局给人惊喜。说不好看的同学，大概没有注意结尾。因为谜题的揭晓，是在影片结尾莱昂纳多说的一句话里。,他只是厌倦了，所以将错就错，结束了自己。,怀旧也罢，暗示也罢，马丁和莱昂纳多的又一次出发，看到很多评论，无论是精神分析还是二战启示。各执一词，滔滔不绝，其实，跟影片里说的一样，真相并不是最重要的，重要的是这个电影值得一看，这是一部很精彩的悬疑惊悚片，这就够了。
心灵捕手,8.9,全部 81416 条,我每天到你家接你，我们出去喝酒笑闹，那很棒但我一天中最棒的时刻，只有十秒，从停车到你家门口，每次我敲门，都希望你不在了，不说再见，什么都没有，你就走了，我懂得不多，但我很清楚。,"居然是Gus Van Sant的片子.本和达蒙的剧本不错,“你不了解真正的失去，唯有爱别人胜于爱自己才能体会。”""我若跟你谈美术,你只能引用美术专著空谈理论,但你连梵蒂岗的气味也不知吧,你没试过站在那儿,昂首眺望天花板上的名画吧;如果我问你女人的事,你大可以向我如数家珍,但你没法说出在女人身边醒来时,那份内心的真正喜悦;我如果和你谈战争,你会向我大抛莎士比亚,朗诵十四行诗,可是你从未亲临战争,未试...",我想找个像Sean一样懂爱的人。,马特达蒙是这样的男子：数学方程解得再牛叉、表现得再天才不羁，我却总想扔给他一身棒球服、橄榄球服，然后下一秒钟，他就会出现在球场上,这个世界总有对不起你的时候，这让你好像除了防御之外再也做不出来任何动作，不知道我们到底要体验多少才能懂得一个很简单的道理，不知道要过多久要靠多少机缘巧合，才能有一个人对我说：it's not your fault
布达佩斯大饭店,8.8,全部 133053 条,四重讲述空间，层层递进，宛如俄罗斯套娃。依次揭开，掏出一个如万花筒斑斓的昨日世界: 单线故事情节串起性格迥异的众多出场人物。场景切换如同梦境接力。现实与虚幻交织，严肃与荒诞同存，甜美和苦涩共生。整体观感相当有趣又十分充实。最后必须咆哮一句，满屏的演技帝甜得简直人神共愤！,依然还是韦斯-安德森标志性的复古色调、悦耳配乐，神经兮兮的冷幽默。不像前作那么随意松散，《大饭店》故事紧凑、层层剥茧，而且居然有点“重口味”。也许只有韦斯-安德森才能把一个混合谋杀、越狱、械斗的故事拍得那么喜感。,"未見過Wes如此有野心,將作者風與故事及內涵融合得非常出色,一層層的敘事模式,畫面1:85進2:35再進4:3,大量電影語言,有搞笑有奇情有懷舊有懸疑有驚慄有黑色幽默最重要有那份人性真情,明明是喜劇但最後結尾一段傷感的況味揮之不去,目前Wes處理得最成熟,圓渾之作!",刺激的色彩，独特的人物，湍急的镜头运动起飞的节奏，停不下来的爽与赞。对于这样的导演，不论多么细微的角色，演员都会愿意接受，因为最细微的角色，也有足够的个性，让观众记住。,最后的彩蛋等啊等，那个小人出来时还挺嫌弃的，不知道他突然出来捣什么蛋，我等的是彩蛋…但随着小人伴着音乐越跳越欢脱，我也慢慢开始喜欢上他，以至于觉得后面根本不会有彩蛋了，于是更加爱他，跟着他high，舍不得他停下来…直到完全落幕。整个电影也是这样一种感受，优雅、欢乐而伤感…2014全年最爱
海蒂和爷爷,9.2,全部 67932 条,人老了，由頭哭到尾。,"有一些孩子只属于旷野 山林 和 自然。
而 每个人心中都有这样一个孩子。
疗愈 释放 重生 你需要拥有他 并 拥抱他。
with Katherine @ Elements",“大家都笑我，因为我想写故事”“那是因为大家知道的太少，而你看过更大的世界。如果你觉得这个世界有那些东西会让你快乐，就去做，无论别人说什么”,"海蒂失去了父母，于力失去了孩子，他们是两个被抛弃的人，恰好填补了对方缺失的部分。
来到克拉拉家，海蒂有了新衣服、新鞋子，有了食物，有了温暖的大床，她什么都有了，可是没有了爷爷、雪山和羊群。
你给了她物质生活，其实她要的是精神生活，要的是亲情和自由。
无数的规矩和礼仪把克拉拉压得喘不过气，让她产生了心病。不仅身体寸步难行，心理也被牢牢困住。
你以为你给了她一切，其实你根本不知道她想要的是什么。
正是...",阿尔卑斯山的美景令人心醉。无论翻拍多少次，依旧可以治愈人的故事。很多年前看过秀兰·邓波版，这个阿尔卑斯山的少女感动了多少人？用纯真的儿童视角看这个世界真心美好，勇敢，热爱生活，就这样。最后深深被爷爷和海蒂这条感情线感动了。
勇敢的心,8.9,全部 66424 条,所有的人都会死，但并不是每一个人都活的有意义。,Freedom！自由从未来得这么震撼心灵过~~,综合一切娱乐元素的优秀电影。,里程碑式的电影,被曲解的历史，詹姆斯霍纳的巅峰配乐
剪刀手爱德华,8.7,全部 114407 条,感觉情绪还没酝酿好就结束了。失望。,奇怪喜欢的人这么多。我竟然找不到共鸣处。,美好的东西注定只能潜藏在角落,爱德华是每个人初恋时候的样子。,CCTV6，爱上爱德华。从此不改变。
阿凡达,8.7,全部 142100 条, James Cameron闭上眼，全是电影的明天。,阿凡达同时也揭示了女人的悲惨命运，主角与他的空中坐骑即是说明这个问题：选择她，她挣扎，插入她，她被俘获，甘心被他骑一辈子，众叛亲离之时，只有她在身边，魅影出现以后，她消失无踪，他再也没有寻找与过问。,已经不是在看电影了，是在比谁Wow的次数多，眨眼次数少。,特效震惊，3D感一般，但够真实，故事一般，创意度一般，世界观展示一般，但呈现效果牛逼至死，战斗场面热闹和精彩，但谈不上震惊，整体只能说，整体符合预期，这是它的优点，但没有意想不到的亮点是它的遗憾之处。推荐观看。,从现在到未来，从地球到潘多拉，《阿凡达》再次告诉我们，要想泡到一个姑娘，有一辆好车是多么的重要啊～～
天使爱美丽,8.7,全部 135447 条,艾米丽扶着那个盲老头走过马路和天桥和无数商店，飞快地告诉他自己看到了什么，然后又像天使一样离开。,全心全力关怀他人 总比自怨自艾来得好,洋溢着法国人的性格风情,配乐大好，剪辑大好.别的不够好. 至少不对胃口 到现在只对片子最开始的部分 也即艾米莉的自述印象深刻了 尝试做爱如何，但是感觉不太好. 那个微笑的表情,浓重的法国情调，舒缓，镜头语言动听。女主角漂亮。唯一的不足就是……这样的爱情会不会太作了？爱情就是门口经过的大巴，现在不上，以后都不能再上了……
摩登时代,9.3,全部 23574 条,开头工厂那段真是创意十足，后面就弱了点了,经济萧条，失业严重，穷人潦倒，贫富不均，企业主压榨，社会混乱，体制不合理,卓别林总带有纯真的浪漫。影片宛如他早年时代的缩影，尽管工作根本无法让人过上体面的生活，却依旧保持着乐观。就像结尾，你根本不知道明天会在哪儿，还是会跟着他走下去。,  那时的人们尽管贫穷，但很善良，不禁让人反思，物欲横流的今天，现在的人们又是怎样的呢？,"卓别林无疑是上个世纪最伟大的电影大师之一，他的作品深深的影响了一代又一代的人。
《摩登时代》是卓别林的代表作。"
加勒比海盗,8.7,全部 57428 条,讲个小故事吧，有个小女孩给JohnnyDepp写信，希望他带着他的部下去学校铲除校长，于是JohnnyDepp打电话给学校，让学校把学生带到礼堂，这时候JohnnyDepp带着演员么冲上舞台，全场欢呼。嗯，我爱如此感人的故事,加勒比海盗这一系列我都特别喜欢，喜欢杰克幽默风趣，顽强，坚韧勇敢，像永远也打不死的小强，还有他的黑珍珠海盗船，太神奇了！,原创感十足，船长乃实在太美了！,放荡不羁的杰克船长，以海为家，以船为马的海盗们，那是属于你们的航海时代，升起骷髅旗，去远航吧！,"在斯派罗（Sparrow）第一次出现的时候，主题音乐达到高潮，标示着他的到来。但对我来说，电影真正起飞的那一刻是在他第一次逃跑时，他抓起绳子，犹如荡秋千一般，向上,向下, 向外摆动, 我的心一直保持着那种愉快的状态，直到电影结束。"
致命ID,8.8,全部 95097 条,医生的治疗方案是让不同人格互相残杀以产生幸存者，但残杀所诞生的幸存者就不可能是最优人格,吓得我都要人格分裂了！！！以后打死都不要再看恐怖烧脑片！！！！！,没办法不打五星啊，虽然不到一半就猜到了结局。,本以为是娱乐片，却是一部精彩的悬疑片，和《记忆碎片》一样，不到结尾不见真相。前段或许有些老套，但进行到中段的解谜阶段就很紧张了，后面的真相揭开后，又将剧情推向一个让人瞠目结舌的高潮，难得的是在结尾，居然再次给了观众心灵一记刺痛。善与恶，原本就是一体的。 PS:1.以罪犯幻想之情节名义给剧本许多地方逻辑推理不足找到了借口2.Mhotel又有何寓意呢3.对影片营造的黑夜，阴冷，潮湿氛围很中意last....,哇！我是那个被剧透了也觉得好看的人，我好厉害！
喜剧之王,8.7,全部 81192 条,我养你啊！,以前看的时候，电影里真正隐含的意思我都不懂，但当我慢慢长大，经历的东西越来越多的时候，再回顾这些，我能领悟到星爷电影里人生的真谛，同理也可以套用在《大话西游》。ps，每次看到那句“我养你啊！”都会毫无疑问的飙泪。★★★★☆,我最讨厌别人不擦润唇膏了！每次看到嘴上干裂起皮都忍不住想要亲上去！所以你要多擦一点润唇膏啊！你到底要不要我给你擦润唇膏！——好喜欢这一段，那时的张柏芝漂亮的无法用笔墨形容，脚趾甲上涂着五彩的颜色，小巧的下巴和明亮的眼，根本就是个小妖孽。【MD电影短评怎么字数限制这么短！】,“我是一个演员”，我最爱的周星驰作品，笑得流泪,那时候的她无论多少流言蜚语都无所谓
断背山,8.8,全部 91241 条,老公哭的稀里哗啦，我怀疑他有隐情，所以我都没看进去……,看来我没有弯的潜质，一上来我就把攻受猜反了,零六年十月三日，七時十分，沙田ua第一次看。觀眾很吵。他們嘲笑。回去，我姊和我，鬱郁了好一段時間，我們反覆的言不及義，許多句子接不下去。然後我們在日本回來的飛機上，連續看了兩次。很靜。我媽也有看，她覺得戲裡的妻子們很可憐。我爸討厭同性戀，不願意看。我不敢隨便和朋友討論這電影。零八,原来男人与男人之间，也可以爱得这么唯美,He was a friend of mine.
幽灵公主,8.9,全部 48227 条,97年有这样的动漫实属不易，可是很不明白日本人的文化，没有绝对的恶，就算犯错也都可以一笑置之，取走鹿神的首级酿成大祸，且根本不肯归还，最后还可以笑着露脸，该说日本人宽容呢，还是什么？,探讨过“反战”之后，宫崎骏把主题直刺人类的心脏——“人与自然的关系”。尽管宫崎骏自己也没有答案，但年纪已高的他忍着伤痛完成了这部触及人类内心深处的伟大史诗动画。加上久石让画龙点睛的配乐，使全片充满了浓郁的古日本风情，奏出了苍凉广阔、荡气回肠的效果。震撼又震惊！宫崎骏最优之作,尽管由五小时缩减至两小时略显晦涩，尽管为商业目的加入过多感情戏，然而剧本酝酿长达十六年的本片是宫崎骏的顶峰与转折。史无前例的13.5万张胶片，CG技术与吉卜力少见的血腥镜头带来一系列视觉及心理上的震撼，宫崎骏放弃了理想主义，将人与自然视为不可调和的两个极端，指出人类首要问题是生存。,大家来保护环境吧……,宫崎骏果然是最关注女性的导演之一。
杀人回忆,8.8,全部 85947 条,想到真凶可能会若无其事坐在电影院里面，与电影最后一个镜头里宋康昊含泪的双眼四目相对就觉得好惊悚,还好柯南最后没出来,不单只是杀人案，韩国在那个时代的回忆也都融在其中，化成了一幅背景,偏向于多人效仿作案，凶手不止一个。最后女学生是小白脸杀的可能性很大！言行逼供了三个人，只有小白脸最态度反抗、眼神一直有特写是充满恨意的，因为他并没有杀人还要被诬陷。出来后在酒馆喝酒，女学生从窗前走过也对他指点议论，让他觉得自己的名声已经彻底毁了洗不清了。所以最后警察媳妇和女学生同时出现他选了女学生。还有下手之前扶着树干的细嫩的手的特写。可能真的是出于报复——既然你们都觉得我是凶手那我就真杀个给你们...,拍得非常好，是不是传说里的评价太好了，我竟然有点小失望，一直到片尾也没满足。
入殓师,8.8,全部 78220 条,整矫情了..做殡葬业需要那么多感怀身世和心理建设吗...在我们中国，这是一个超级暴利而令人羡慕的行业,很温柔很温柔。。眼泪有很多种，这是非常有劲道，非常耐人寻味的一颗,迷恋死亡仪式的日本人,入殓既是生者的最后道别，也是死者的洒脱上路。生死之间，皆是肃穆。,很想再继续看下去，很有味的电影
狩猎,9.1,全部 63304 条,这电影要是早两年看，不会有这么深感触。很多情况下，真相是什么对围观者并不重要，他们需要的只是一个支点，让自己站在虚妄的道德制高点上，得意一时是一时，反正过几天他们就会遗忘，任由真相被新的猎奇淹没，微博上这样的人和事比比皆是。,逃脱了世人的诬网，躲过了森林的暗枪。没有打中你的子弹，它击中了我。继去年《单车少年》后，再一次出现被击中心口的感觉，达内兄弟和李沧东的混合物。平安夜教堂一段，虐惨了。小女孩并非罪魁祸首，他们完全不知道一个谎言的杀伤力，其他人的添油加醋方才可恨（尤其幼儿园那大妈等）,如果你有个上幼儿园的孩子，就会明白，大多数情况下，通过诱导的方式，成人都能从孩子的口中得到他们想要得到的信息，所以，关键问题是大人们想得到什么，而不是孩子说了什么,不懂事的孩子撒谎惹祸，而孩子还根本就不懂事件的严重性，这是个有趣的创意。在儿童性侵如此重口的丑闻面前，所有人物和角色的行为和立场都变得清楚而极端化，孩子的纯真让善良的人们变得极端的可怕，整部电影的压抑情绪让观众不寒而栗，甚至想要男主爆发报复社会，这几乎是一部完美电影！★★★★★,❶本片极度绝望压抑（但毫不沉闷），易产生诸如替男主抬起猎枪从幼儿园园长超市店员开始杀起这样的冲动，请谨慎观看。❷我们都可能成为那些抛弃卢卡斯的人。就像我们认定一个人精神病，他的所有举止就是精神病。❸熊孩子的恶意比任何恶意都可怕，因为他们不知道后果。
阳光灿烂的日子,8.8,全部 71880 条,再也没有这样的时候了。被禁锢的青春里面溶着化不开的酸涩。年轻的时候爱一个姑娘，就可以奋不顾身的把所有逞能的事情都做完。长大了以后就不会了。不是不爱姑娘了，而是理智的弦告诫你自己再这样做是多么蠢的一件事情。,90年代最伟大的电影之一,重看了一次未删减版，评分未曾改变。依旧是那段不属于我们的青春，可我们同样也走过那么一段阳光灿烂的日子。即便曾经执着的傻子已把“欧巴”换成了“傻逼”，但那曾经的回忆依旧值得珍藏。★★★★,中影史：根据王朔的小说《动物凶猛》改编，是著名演员姜文的导演处女作。作品对文革时期青少年的生活状态和青春期的困惑有着极为真实的描绘，使用了当时在中国较为新鲜的一些超现实手法，反映了那个年代青少年的暴力和朦胧的爱情。用对青少年故事的描画，展示了一个时代和一个国家的混乱与成长。,啥都不说啊，经典啊。。。最爱的大陆片之一啊。宁静这身材才激发少男欲望啊！
重庆森林,8.7,全部 108248 条,"那时她还被叫做王靖雯,小鹿様闪烁的眼神,细痩无邪的身体,疯狂的暗恋也不过是纯真执着的本能",这部片里的王菲和金城武都还是他们最光芒万丈的时候.,看了28遍,城市里的现代童话..加州住着不同的人，流泪的房子和变胖的香皂,阿菲及這個電影它屬於治癒系，不開心就會看。
第六感,8.9,全部 72340 条,反转王加催泪王,又是一部以结局见长的电影,这小孩太正了！,四次情节升华：第一次是Cole帮助死去的小女孩如愿，代表与自己和解；第二次是Cole拔出石中剑，代表与同龄人和解；第三次是告诉妈妈真相，代表与家人和解，而妈妈也与自己的妈妈和解。第四次，也就是全篇最精彩的一笔，即Mike与妻子以及自己的和解。那些正常世界无法言语的，只能透过非正常的世界告知。,"三个印象深刻的地方-----平和和恐怖的完美结合,Haley Joel Osment的无助眼神,惊艳且充满感动的结局!!!"
请以你的名字呼唤我,8.9,全部 126844 条,当年读小说的时候，就被最后老爹那段话感动，是那段话的态度，让整个故事变得不一样了。一个意大利少年和一个美国青年渡过了生命中的六周，他们之间不仅仅是同志感情，最后成了一种超越爱情和友谊的美好东西，告诉你要学会去感受生命中的一切，在年轻的时候拥抱所有感觉和情绪，就像一种修行和成长。,午后一两点钟的嘈杂虫鸣。我的房间。他的房间。把全世界隔绝在外的阳台。微风追随花园里的水汽，沿楼梯往上吹进我的房间。那年夏天我爱上钓鱼，因为他爱。爱上慢跑，因为他爱。那年夏天我听鸟欢唱，闻百草香，感觉雾气在阳光灿烂的日子里从脚下升起，而我警醒的感官总是不由自主全涌向他。,“我无法忍受沉默，而与你交谈恰是良药”两个人最好的状态是，你会啃我下手过的桃而我心里只有你将离别的悲伤，原来很早之前就在球场上暗示过喜欢你。“每开始一段新的感情，我们能给予的便越少，但为了让自己没有感觉而不去感觉，多么浪费…别让这些痛苦消失，也别丧失你感受到的快乐”2017最佳！,终于把gay片拍出了当今les片的美感，想当初看湖畔的陌生人真是看出心理阴影来了,看进去后，我觉得并非糖水片。从相识，经历试探、闹别扭、忍不住靠近、戳破那层纸、干柴烈火、甜蜜相处、挥泪告别到深深无奈的过程，展现得细致舒缓。爱到深处，五脏俱焚，连回去的力气都没有了。小演员的演技真是太好了，结尾处他蹲在炉火边默默哭泣，那种复杂的情绪，经得起长时间的镜头凝视。
小森林 夏秋篇,9.0,全部 66381 条,那些静得只能听见呼吸的日子里，你明白孤独即生活。,呃，原来是舌尖上的日本农村……农村的生活能有这么优雅就好了，干了一天农活还有力气花几个小时做酱，晒不黑，手上不长茧……没有电影没有鼠，也不听音乐，才不想过这样的生活……,劳作令人无暇烦恼，片中的人物时而离凡世很远，时而又触手可及。我们有舌尖上的中国，通篇累述奉献、感恩，手艺传承和文化气节，却没人教导我们劳作本身的意义。一屋一田一人食，已是最令人羡慕的事。,世外桃源啊！单单一个人洗衣做饭在乡村过归隐生活，这浮躁如我，定是守不住，那寂寞空虚冷。不过这里的乡间，实在是太清新了！单单这一片绿色，就在心里变的十足清澈。还有这美食美景美女，一脸天然呆、内心白，悠闲自然的状态，还有农家乐、草木青，哎哟，真心是奢望啊！8.7,人生在世，无非就是过日子，而如何能让过日子变的有滋有味，我想不到除了充实的劳动/工作+美味的食物更好的方式了。桥本爱不矫作真自然，让人心生欢喜宁静。也许中国需要等待很久很久之后，才能拍出这种气息的片子了。
哈利·波特与死亡圣器(下),8.8,全部 88120 条,我们的童年结束了，希望下一代人的童年里还会有魔法师，还会有霍格沃茨。,前戏了十年，终于高潮了。,我就想问问，年轻的格林德沃和邓布利多在哪儿？！都是坑爹的噱头啊！！,"昨天看完后，太多的感情涌上来，以至让我不知该如何评述。看的过程中闪回很多回忆，当时的那些狂热，对霍格沃茨的的期待，以及延绵了十年的关注。我想 大概以后都不会有这么一部作品能带给我那么多的感觉了。十年一梦，终将落幕。But in our heart, it never ends.",3.5★ 不談感情，這是我看完HP7.2的感受。如果你睡得朦朦朧朧的去看早場，也許會冷靜幾倍。HP7.2給我的感覺是結構很鬆散，簡略帶過、細節位少、3D失敗、配樂還算可以，有炫酷的特技、奈威和露娜的出場成亮點，說到笑位應該屬於最後成老爸、老媽那一段了。最後只能說：我們長大了，電影沒一起長大。
消失的爱人,8.7,全部 149492 条,后半段我一直期待有更惊喜的东西，可惜没有。,年度最佳date movie💄,人渣大战,奥斯卡最佳改编剧本和最佳女主角的有力竞争者，当然这也绝对是一部芬奇风格的佳作。这是一个从头到尾都猜不中接下来会发生什么情节的故事，叙事视角转换，真相谎言交织，边看只能边感概中国再过一百年也写不出这水平，回来一查原著小说曾经连续八周位居纽约时报精装小说畅销排行榜第一名。【MCL JP】,最近看了太多不温不火的文艺片 芬奇叔一出手直接被震得回不到现实世界 原作者执笔很棒 跳切这么多叙事一点都不乱! 女主是一朵最高等级的白莲花! 人美心狠手辣 专注高层次人格扭曲数十年! 自打中段揭露是自导自演以后 我胃部搅动和后脑发麻的感觉就没停过啊! 层层转折后的结局那真是让人倒吸一口凉气!
7号房的礼物,8.9,全部 69892 条,电影本身还不错，但分数严重虚高。从外壳到内核依然是韩式煽情大餐不变的套路，然而有趣之处在于，尽管影片始终在讲述一个完全不切实际的故事，但其中很多地方却又让人感觉无比现实。,韩片一定要这样吗！！！哭肿了都,看那么些年韩国电影，多少了解到一些韩国警界法则，电影里面把孩子送去监狱没有人告发这些看似无厘头、没有根据的情节在以前的大韩民国是完全可以实现的，所以啊更多时候不是为亲情而哭，而为这样的社会现状而哭,从头哭到了尾 即使是很喜剧很温馨的地方也因为其沉重的故事而产生极大反差 更是戳泪点,"他们甚至不惜冒险将艺胜带入牢房与父亲相会。
黑暗冰冷的监牢内，7号牢房阳光满满"
玛丽和马克思,8.9,全部 75944 条,伤心电影，好电影。结尾告诉我们，网友见面要早。,"God gave us our relatives, thank god we can choose our friends.",love yourself first,这世界怪诞而疯狂、让人困惑，但好在我们还拥有友情,"You are my best friend, you are my only friend. “我知道爱情让我痛苦不堪，但我还要做最后的尝试，不管它是否为我而准备。”“如果爱，先爱你自己”2009第33届法国昂西动画展最佳动画长片。"
红辣椒,9.0,全部 58989 条,看完这个，我真的相信今敏是去过未来的人。他早就看过盗梦空间了，也经历了我们尚未经历的时代，到未来世界走了一圈，终于对人类失去了信心，所以选择离开。,居然有不是很明显的gay支线。。。,Amazing！电影是最伟大的造梦机器！我觉得比盗梦空间还牛逼！,好多场景跟《盗梦空间》好像啊~巧合么？。。。,Parade太好听了吧！我愿为原声多看几遍这电影！！！终于补完今敏了这部最有想象力最费脑细胞也最cult……但我还是最喜欢千年女优
爱在黎明破晓前,8.8,全部 94207 条,偷得浮生半日，换取相知一世。,我觉得一个更可能的故事是：同一列火车上长相平庸的男女，也许真的能聊得非常非常投契，他们看过一样的书，喜欢同一部电影，讲的笑话能让对方哈哈大笑，甚至能理解彼此的某些小怪癖。但他们的面目是如此模糊啊，两个人的目光都没有在对方的身上停留过，下车的时候，大家也就这样擦过肩去了。,一天的时限和异地两个因素得以让两人更无保留的展示和欣赏彼此的优点，而忽视彼此的缺点。才会有这么一场新鲜的，完全付出的浪漫故事。,当年抱着打不开字幕的盗版碟一句一句听写下来台词，一遍一遍读得爱不释手以至烂熟于心，然后我裸考雅思就7分了。。。,这要是在中国，还没开始就结束了，因为火车上根本没有空位。
告白,8.7,全部 131225 条,"当罪人无法通过法律将其制裁的时候，唯有以暴制暴。
本以为是个推理片，想不到电影一开始就已经知道犯人是谁，只剩下女教师的复仇；本以为她在关键时刻会俗套地圣母一把，看在对方“还是个孩子”的份上原谅杀死自己女儿的学生，想不到她腹黑到底，把两个少年折磨到求生不得求死不能。太tm帅了。",等本片有下载的时候一定会有不少恶评，与以往的中岛哲也完全不同，大量的特写与高速慢镜的运用，全片好似分段式MV，情节上各种意识流似的拼贴。导演视乎在还原一种心理动作。谈不上非常喜欢，但却仍想赞一下。,"没有一人完全善，也没有一人完全恶。同情厌恶惊悚与快感最后一起炸裂，强烈震撼。
导演把黑暗绝望情节拍得如此娱乐好看，令人汗毛倒竖。",这片告诉我们，正太与萝莉都是斗不过御姐的……,电影表现的方式与以往比较相当不同，全片充斥着大量的慢镜大量的特写，画面也甚是唯美。有很多人说此片因为拍摄、剪辑与音乐的搭配十足就是一部超长版的MV，但至少代表这部电影很美；也有人说内容空洞苍白，那只能说原著本身就有这样的问题。最后那句“开玩笑的……”比原著带来的震撼还大。★★★★
一一,9.0,全部 63618 条,杨德昌获嘎纳最佳导演奖的影片，近三个小时的影像细腻而漫长，其间没有大起大落，只是一直温和的诉说，可看这平淡的真实，却叫人沉重起来,《一一》被法国媒体形容为“生命的诗篇”，透过电影传颂吟唱，在叙述一则简单的家庭故事时，真正触摸到“情感的精髓”，以四两拨千金的娴熟技巧交待了少女心事、童年困惑、事业危机、家庭纠纷，以及对宗教的慨叹和对时事的讽刺。9.4,“电影发明以后，人类的生命至少比以前延长了三倍”，当我觉得自己已经看了两个小时，一拉进度条发现才过了三十几分钟的时候，我深刻地理解到了这句话,人生的命题我们还没能参透，世界却把我们看老。,"看似平淡无奇,其实蕴含深意"
小森林 冬春篇,9.0,全部 51052 条,有人说装逼呀什么的 我人生就得加一味装逼,想做饭想做饭想摸菜刀想翻锅想捏面团啊啊啊啊啊我的厨魂已经熊熊燃烧了！！！！感觉村里地上随便啥草都能焯一下炸了吃掉¯﹃¯…,恬淡之美，自得其乐，风景和食材一样精致，劳作和享受一般干净。在日本当农民竟这样优雅，有隐居之趣，桥本爱的呆萌刚刚好。像《乡村照相馆》《从河底问好》等，片子再次涉及一个老生常谈的问题，在东京等大城市混不下去的年轻人，回故乡，怎么生活才能在祖辈的土地上实现自我价值。,我們說的“不時不食”是說要吃時令自然生長的食物 然而時令本身即是一味調料 就像生活里不期而遇的一切 都讓食物有了當時的意義 事已至此，還是先吃飯吧【北歐風性冷淡電音農廣天地大法好！私心這片子早10年女主非蒼井莫屬,感谢猪猪字幕组~这片子太治愈了，结尾很好，配乐也好听
侧耳倾听,8.9,全部 60056 条,这是一个我早已错过的故事，我没有在十五岁看到它，我早已进入了不用借书卡的年代。现实中，只有我一个人与图书馆天荒地老。即便如此，我还是感谢它赐予我的全部勇气。|一五年夏去了多摩市。走在コンクリートロード上，山雨欲来，穿过长长长长的階段，从来没有觉得他们如此真实过。,最动人的一幕出现在爷爷拿着月岛刚完成的稚嫩的小说，对她说：太棒了，真是太棒了。在才华刚刚起步的日子里，有一个人能完全诚挚地赞美，比什么都好，它不会令人骄傲，相反会让人更看清自己。,情窦初开的感脚，学生情怀的感脚，都异常生动。月岛雯的性格许多地方就像小白一样，我太喜欢了。肥猫很酷。配乐很好。,阿雯：我还是下来吧  圣司：我没问题...我早就决定...要这样载着你翻山越岭...   阿雯：我不要变成你的包袱...我也早就想好了，要在背后支持你...  圣司：知道了，拜托你了——哥觉得这就是伟大的爱情！,"我们终于来到以前憧憬的年纪，却发现已经有人订婚、有人结婚、有人出国、有人生活顺利、有人坚持梦想、有人碌碌无为..就像是一个分水岭，毕业时的那个蓝天早已消失不见，那个和你在操场边说着要一起走到未来的人，也早就不知道去了哪里。看着窗外的天，突然就黑了，感觉像我们的青春，突然就没了。

"
大鱼,8.8,全部 77988 条,"哥特和亲情的融合..每个人心中都有一条大鱼，抱着梦想而活是最幸福的，怀抱梦想而死去的人是不朽的。
到了最后，真相已不重要，眼泪也淌下来了...其实他们都是真的，故事的虚化以外，所有的人们都是真实的.",永远不要小看别人的故事,为什么所有深深打我的电影，都如此孤独,似幻似真，此时没有真实或者不真实，只有你愿不愿意相信。,"出乎意料的感动。超五星。正如小波所说：“我呀，坚信每一个人看到的世界都不该是眼前的世界。眼前的世界无非是些吃喝拉撒睡，难道这就够了吗？”这不够，这远远不够。一个人只拥有此生此世是不够的,他还应该拥有诗意的世界、奇幻的世界、童话的世界、他自己的世界。"
阳光姐妹淘,8.8,全部 98077 条,“你好，未来的XX。我是高中生XX，很高兴见到你，你以后会成为……”，当梦想最终照进现实，高中生的我，也希望你不要太过失望。,五星佳片！一部人生的缩影！,最后遗产部分使得这片子一下子变成了童话故事，个人觉得其实完全可以不要这段直接跳到舞蹈部分，好在遗嘱写得还算有趣（老大的语气啊什么的）。阿姨们最后的舞跳得真棒！完全是姑娘时的模样，却也有了岁月洗练的姿态。年少时一起消磨时光的伙伴如果都能有这样再次遇见的机会，那该有多好啊。,我以为那个最漂亮的姑娘长大以后会很惊艳什么的。,论跟土豪做好朋友的重要性。
蝙蝠侠：黑暗骑士崛起,8.7,全部 98102 条,"三部曲，都是关于一次又一次的选择。庞大的人物线索和故事，诺兰已经构造出自己的世界观——我觉得，他是相信黑暗的。Gotham doesn't deserve a hero like this, but he'll still give everything to them. 另，小丑有且只有一个。（用打一星来表达对脑残粉的蔑视的人可以省省了，你们配吗？",难道我是第一个看的吗？墨尔本crown village cinema， 所有人都鼓掌了，绝对是今年最伟大的电影！,拍出了黑暗英雄的铁血丹心，但没能超越《黑暗骑士》。配乐超赞！,"贝恩真的太可怜了。。。。知道真相的瞬间我原谅了他做的所有坏事！老湿的眼睛真的会演戏！不戴面具的一秒镜头好帅 好虐 好凄美 好想哭！本以为这次我会改邪归正彻底爱上大蝙蝠，搞了半天我还是个悲催的反派控 。。。Goodbye, My Friend. 此去便是永别。（轻微吐槽：马良挂掉的那一下有点囧）",当然不及第二部的无与伦比，但这一部说是非常完美也无可厚非，极其强大的卡司是基础，紧锣密鼓的情节全无走神之处。老爷是神，哥谭和我，都需要这样一个英雄，结尾时差点就哭了出来。PS：这部让我完全颠覆了对安妮海瑟薇的印象，要是她的戏份再多点就好了，老湿和囧子非常抢戏啊，反派也迷人。
射雕英雄传之东成西就,8.7,全部 66668 条,香港缺心眼儿喜剧之最，看100次笑100次～,从来不曾想起，永远不会忘记。,看不懂【东邪西毒】的时候就看【东成西就】。,"向90年代的香港喜剧片儿致敬!多少年后,他们仍是挂在嘴边最活络气氛的谈资!",当年看得我笑至浑身酥软的一部好电影.
唐伯虎点秋香,8.6,全部 57309 条,"哈哈哈.其实我是周星星FANS,心情不好看他的电影会边开朗.这个看了好多次了.一群人一起看最好玩.",电视上常常重播这部，真奇怪。,老少咸宜的经典喜剧。巩俐好美啊。,周星驰鼎盛时期的电影没啥好说的！全五星好评！另外，还有彩蛋，萱萱有演秋香的侍女。,郭的港还是讲你的相声吧
超脱,8.9,全部 80419 条,一次次泪倾，哭到胸口抽痛、难以呼吸。当我们感到需要暖意，首先要学会的，是彼此拥抱。穷尽一生，我们要学会的，不过是彼此拥抱。只因“一个人可以轻易地学会不在乎，但学会在乎，却要付出百倍的努力和勇气”，再不要独自一人穿过灰暗暝寂的暮色，在摇摇欲坠之前，在生命荒芜心脏冷却之前，彼此拥抱。,电影最后只留下冷漠与残酷，你根本无法从这一切中超脱，过去和现在，精神和肉体，理想和现实，教育和未来，与现实对抗相比选择冷漠并无视一切显然更简单。拿自暴自弃当成个性标榜，就像把自己搞得越叛逆越惨烈就比其他人更强大一样。这部电影的杀伤力太大了，没有给你一丝缓和情绪的机会！★★★★★,“我的灵魂与我之间的距离如此遥远，而我的存在却如此真实。”——加缪,当电影全部播放完时，影院灯光亮起，那一刻我甚至觉得这个坐着千人的场子里的空气是凝结着的，每个人都很小心地呼吸着，被那绝望深深所震撼。,这部电影撩死了姐久违的厌世情绪（从值得褒奖的角度说的）。萝莉大叔之间的救赎之爱又很治愈，搞得姐要死不活（仍然是in good way）。个人风格非常强烈，影像形式非常自由，但信息传递得十分清晰。这很难得。姐真心觉得AB很帅的（好吧，我是马脸大叔爱好者），就是这长相注定演不了让人开心的电影
倩女幽魂,8.7,全部 59798 条,宁采臣只是张国荣的。,未见过电影院在非节假日只吉着第一排，未听过电影散场时有如此热烈的掌声，未见过全场观众都等到银幕彻底黑了才起身离场，未见过打字幕时有人拍照留念，十七年后，《倩女幽魂》仍然用事实告诉他人“经典”二字当之无愧,港片中最经典的人鬼恋。张叔平为王祖贤设计的女鬼造型使其成为香港电影中最惊艳的女性形象之一，张国荣、午马等人的表演也都神采飞扬，还有徐克机智感人的故事，程小东天马行空的武打设计，黄霑变幻多端的电子配乐，共同构成了这一部经典。,四颗星给王祖贤和张国荣的风华绝代+造型+音乐。,"真美【A Chinese Ghost Story，英文名字真没美感】
"
甜蜜蜜,8.8,全部 70343 条,重逢只要一瞬间，等待却像是一辈子。,曾经的香港电影多么令人激动与感动。,“我不是文艺片导演，这是部十足的商业片，结尾纯粹为讨好观众而设计。现实中，男女主人公不可能在一起。但观众想要他们在一起。其实呢，如果他们能在一起，早在一起了。”我们怎么办啊……,当1995年5月8日，他俩相遇的那一刻，我眼泪流了出来。是不是真的要经过十年，我们才能懂得爱情？二十岁的时候所谓的爱情，到底是不是爱情？在片头我就觉得那个和黎明碰头的是张，本来以为两人是青梅竹马一起来的呢。大约是第一次看黎明主演的电影，他的演技如何我无法评说，但至少，我看到了一种干净。,居然没标记过，这大概是唯一看过的一部被配角感情戏感动到哭的爱情片了吧。现在叫俩计程车，回家泡个热水澡。明天早上起来，满大街都是男人，个个都比豹哥好。
驯龙高手,8.7,全部 77675 条,虽然没有皮克斯那么有深度，故事情节也略显老套，但是好的电影就是能让观众沉浸其中，不管是用画面用音乐还是用其他的。错过档期没去电影院看3D只能说是一种遗憾，还好720p的效果也十分的赞，这应该是我今年到目前看过最好的一部动画片。★★★★☆,太喜欢无牙了，外表凶狠，内心像个孩子，摸头杀太萌了，想养,90分钟绝不冷场愉悦刺激的观影体验！3D技术的进步更是锦上添花~恰到好处的笑料，让人爱不释手的角色，精准传达的主题，精彩的动作场面，都是此片绝对值得推荐的理由。遗憾的是仍有缺陷，使影片仍算不上完美。,我怎么觉得一点都不好看呢。对于那么喜欢看动画片的我来说。情节实在有点弱。,尽管对人与龙关系的描写未免逼格过低，但小嗝嗝和没牙间的互动着实非常挑逗，有着浓厚的情色意味，堪称是对反抗与驯服的银幕经典描述，美中不足的是小嗝嗝没能战胜直男的劣根性，把女朋友也带去骑龙，上演了一出小三上位的戏码，大大降低了后半段的观赏性，令人扼腕。
萤火之森,8.9,全部 66512 条,我说………………既然树枝和毛巾可以，那么手套也不会有问题吧…………所以婚姻幸福就指望保险套了……………………………………………………………………,时间停止在阿金消失的那个夏天，一生一次的拥抱放在回忆里不会变老。,有些故事，就算早已烂熟于心，再看时也还是忍不住要哭的,我有多渴望触碰你，我就有多害怕失去你。,在那个夏天那片森林 拥抱你 离开你 记住你 就知道是死虐
恐怖直播,8.8,全部 88204 条,小人物，大成功。低成本，高票房。热电影，冷导演。旧模式，新包装。雅追求，俗定位。内棚衬，外景托。熟表演，生情境。远特效，近手持。慢推入，快剪辑。有利益，无朋友。左警察，右悍匪。正势力，恶交锋。假道德，真和谐。恩未报，怨已结。问有主，答无解。单兵战，双人桥。哭邻国，笑天朝。,这种题材的电影有漏洞在所难免，但韩国电影能做到这一步值得称赞，几乎是一间房子中的故事，格局却相当大，节奏紧张，剧情张力太强，舆论、媒体与政治的黑洞令人反思，结尾比搏击俱乐部还激进，美国估计都不敢拍，但韩国敢拍能拍。河正宇的独角戏太强大，五星。,一个人怎么能成为国家公敌！结局是必然的  棒子能拍出这种电影让人震撼的 ps:韩国的电影审核制度真宽  这要是在天朝...哈哈,放中国肯定是犯罪分子被感化自首了，不对，中国压根就没有恐怖袭击。,爽，国内不可能有的剧情
菊次郎的夏天,8.8,全部 77559 条,从没见过那么流氓的温柔，从没见过那么温柔的流氓。,幽默，小伤感，公路电影，难得的好片子，大陆至今无法涉及并能拍的片子,而我只看到了深深的孤独，两个孩子的孤独。,爱有很多种~跟一个流氓过暑假会有这么好,讲述一期一会的电影，即使是在炎热的夏天却让人感到清凉和温暖，真正的笑中带泪。碎片北野武，好心的菊次郎先生~
幸福终点站,8.8,全部 57444 条,我差点以为Tom Hanks是智障，但他其实是不抱怨，他踏实，他愿意等待。,亲爱的，有时候幸福需要等一等。,太好看了……五星都嫌少,“Viktor终于明白，这个世界不是按他自己的方式前进的；身处其中，只有为自己挣个好生活。” ,机场如同荒岛，还原了一个本真而奇妙的孤绝求生状态。语言不通货币没用失去了祖国的庇护，真正孤家寡人的感觉。最近重温经典老片子，感到动人的故事的张力，剧情由故事推着走，而不是电影由人推着走。很喜欢这种难以预测下一秒会发生什么的感觉，孤绝的机场反而有种温情大家庭的感觉，只是三观太正了。
爱在日落黄昏时,8.8,全部 74056 条,"“从某种意义上来说，我所有的浪漫
都在一夜之间消耗光了...”",好的不得了的对白,最喜欢一起上楼梯那段，也是两小时话痨电影里唯一没有对话的一段，和九年前两人在视听室里一样，安静，尴尬，暧昧得浓厚。,这是我看过的关于男女相遇相爱最美好又最清醒的电影。,欲买桂花同载酒，终不似，少年游。
超能陆战队,8.7,全部 126263 条,白馒头的专场 剧情弱 但做得真是帅 小细节眼花缭乱 倘若那SF旧金山是真的 我愿意在那儿呆到死 Baymax小碎步慢慢倒腾&各种卡门蠢cry Stan Lee老爷子真土豪 有绚烂的飞行的场面(估计是眼红隔壁棚驯龙记) 其他人尚好 唯独熊孩子那身基佬紫不能忍 哥哥实在太完美了...,现在的动画都以卖萌为主题了，比如这里的大白，大概是一个萌熊的体验，或者是会移动的超大棉花糖，这也成为本片主要卖点。影片将迪士尼与漫威结合，人物设定与动作场面确实很漫威，很美漫超级英雄。而主题却还是迪士尼的亲情与成长之类的东西。斯坦李仍有客串，果然不放过每部漫威。,3.5 气球人真是很可爱，比那个贴胶布条的片段还要可爱！感觉短腿要开始流行了。但故事整个太模式化了，情感简单粗暴，感觉自己是婴儿，被喂了一套营养均衡的婴儿餐似的... 整个城市设定让人有点想看日语吹替版...,史上最萌胖子诞生！要抱抱！彩蛋里的斯坦·李也是蛮拼的！,【大白，卖的一手好萌】一波三折，妙趣横生。悬疑和温情，搞笑与动作，即使拍成真人版也绝对是一部好题材和好故事。大白呆萌可爱一逗比，细节刻画真实有趣，放气如放屁，警察局撕扯胶带还有低电量时如同宿醉一样。最后，“I will always with you ！”绝对催泪。开年最佳动画！
无人知晓,9.1,全部 47903 条,真是可爱的孩子啊。从《距离》之后，是枝裕和的电影就越来越生活化，有些纪实的风格，琐碎的生活细节，两个小孩甚至算不上表演，即兴发挥的表演也让这部电影充满了生活气息。更难得的是，面对这种狗血的题材，是枝裕和却并没有煽情和大喊大叫，只是让所有角色一起忍耐、承受着，连同观众一起,寂寞放入时间，死生藏进四季。你怎么不来玩了？问出的都是寂寞离散；这就算告别吗？道尽的皆是生死喜悲。泡面桶种下了盛与衰，行李箱藏匿着生与死。头发长了蜡笔短了，寂寞随季节更迭；灯泡暗了蜡烛亮了，生命与时光流转。日复一日无所事事，只好承载思念。最好的一次是枝裕和，最残忍的一场成长悼念。,初工作时认识一位同事，有次一起出差时他忽然对我说起，他从小是被遗弃的孤儿，曾在垃圾堆捡废品为生，那是个夏天，他说话时常走在我前面，白衬衫上有星点的汗印。昨夜看此片，明在午夜霓虹中奔跑的身影，又让我想起他那件刺眼的白衬衫，一瞬间心酸莫名。这些，都是在世界的某个角落里，真实的人生啊。,看了开头以为这是关于爱的电影，其实这是关于无爱的电影。镜头和音乐看上去无比小清新，看进去之后，却无比悲凉。这四个孩子就像他们在路边捡的种子一样被丢弃，被遗忘，在角落里毫无希望地生长。方便面杯上写着的名字，终于出门时阿明的一笑，以及出门那段的轻快音乐，是仅有的动人时刻。,8.75 是枝裕和、许鞍华这样的形式上走平淡路线的导演，就应该拍有兴奋点的故事，比如不平凡的人物背景，走向极端的故事展开等，平淡的形式对激烈的故事有天然的压制效应，可以产生反作用力来打动观众。所以杨德昌能成为大师绝非偶然。
借东西的小人阿莉埃蒂,8.8,全部 67043 条,我相信他们终有一天还会遇见的。,阿春那种无缘无故的残忍和仇恨是怎么来的呢？不过想想我小时候也爱水淹蚂蚁什么的，大概是同一种心理吧。,吉卜力的动画里，总有个坚强的姑娘。最后送别时阿莉埃蒂摘下发卡，栗色的头发飘起来，她把它送给翔，说把它带在身边，翔微微睁大眼睛。我就是在这个时候，掉下了眼泪。阿莉埃蒂也掉下眼泪。一年多以来几乎没有什么戳中我泪点的电影。少女说“你保护了我，很开心。”而少年只是轻声呼唤着少女的名字。,"正好赶上跟朋友们say goodbye,各自回国的时期，哭的一塌糊涂。尤其是最后那句，“你是我心里的一部分”和“不要忘记我”，那么悲催。",这是千与千寻之后我第一个从心底喜欢的吉卜力，中间那四部mediocre的作品好忘掉了
神偷奶爸,8.6,全部 91495 条,绝对史上top 5级别的动画片！！豆瓣评分不上9没天理,太喜欢里面人物的造型了！！！里面那个扎冲天马尾的小女孩萌到我心都融了。。。,那群黄黄的不知是什么的玩意儿很有爱的说～本片同时适合所有大叔控观赏：）,这个动画片再次证明了，不怕讲老故事，只需要有颗不老的心。打动人的是里面的小情趣，小可爱，小孤独，坚硬外表下谁都渴望一颗被温暖的心。真的远比toy3得我的心。,精彩都在片花，没太大意思
怪兽电力公司,8.7,全部 46170 条,"简直就是最爱啊！编剧太可爱了,居然能想到用孩子的哭声和笑声作为电力能源。什么叫创意?这就叫创意~~",kitty长得有点像姜文~,买了张蓝光碟，再次重看，画质优秀了，似乎离怪物们更近了，原来毛怪10年前的毛发就这么逼真了。再次感叹皮克斯的创意和想象力，最棒的地方也就是这个创意了，皮克斯的动画片过程可能都很相似，唯独创意个个都很独特。★★★★,很容易被错过的精彩故事，感动了被，狠狠的,和女儿一起看的，她比阿布还要可爱。
风之谷,8.9,全部 32766 条,"当女主角在黄金之海上复活的时候,我那发达的泪腺又西里哗啦了..",宫崎骏的主角为什么都是女生==,“火在一天之内把森林烧成灰烬，水和风却需要一百年以上的时间来造林。”环保题材的一部动漫，宫崎骏的作品值得看。,泪了，她复活的时候。,宫崎骏镜头下的美都是最自然、原始、野性的。设定大胆，配乐大气，可惜影院放的是英文吹替版= =。。。【豆瓣的大家！为什么都在讨论娜乌西卡有没有穿内裤呢！。。。
玩具总动员3,8.8,全部 55923 条,"闪耀着万丈光芒的又一动画杰作。每一处笑点都能轻易抓到，让我就像是回到了15年前，开心到得意忘形。最后一场戏动人程度堪比UP的""married life""!",它对于我已经不仅仅是一部电影那么简单，而是代表了对于童年时代的记忆与怀念，整个电影院从头到尾笑声不断，但我相信，更多人会被影片的后半段打动，相信看过前两部的人都会很感慨。★★★★☆,还记得你的那些玩伴么？,感觉很平淡呀，难道童心离我而去了吗？no...另外，3D效果不如驯龙高手。,"虽然是动画片，但没有一味地弘扬真善美，也反映了人性丑恶的一面。
比如抱抱熊罗素，它被替代了，它自己要走，还强行要别人也跟着离开。
胡迪救了它一命，它还恩将仇报。
除此之外，它还挑拨离间，企图让巴斯光年背叛朋友。
软的不行就来硬的，将巴斯光年恢复出厂设置，甚至提醒巴斯光年“当心它们对你用反间计”，太可怕了。
幼儿园充满黑暗和邪恶，连玩具也存在金字塔制度，分阶层和等级，有各种明争暗斗。
有卡车队伍巡逻..."
完美的世界,9.1,全部 36683 条,我只杀过两个人，一个伤害了我妈妈，一个伤害了你,他杀过人，却未动手打过一下菲利普，这段通往地狱的旅行过程中，当他看到妈妈因为怕孩子把新车弄脏而打骂孩子；爷爷嫌孙子动作慢而对孙子抬手耳刮子时，眼底的愤怒与不屑、憎恨与仇视，皆因他拥有一个对任何人都拳脚相加的父亲。这段近似父子的不寻常感情在影片结尾得到升华，我亦哭得稀里哗啦！,灵魂在天上 看着绿草如茵的地方……,喜欢凯文.科思特勒,标准的有点像是教科书里的故事
血战钢锯岭,8.7,全部 130437 条,救人75命，胜造525级浮屠。,"美国抗日神剧：乡巴佬,不杀人,信上帝,救队友。前一小时昏昏欲睡,而且新兵营抄袭<全金属外壳>.全片最好的就是40分钟的战争戏, 剪辑不错,混音很好,配乐能给老美煽哭。电脑特效五毛,化妆能让你吐出来。适合那些从没在电影院看过什么正经战争片的观众。槽点密集,比如日军冲到悬崖边却不扔手雷,人肉小吉普…",李安想告诉我们英雄是会软弱会迷茫的平凡人，梅尔吉布森告诉我们英雄都是神一样的人。但是这部片的好处是，同样是展现人的神化，它可比手撕鬼子的剧真实多了。大概是因为真正的神从来不觉得自己所做的一切常人难以企及，他只是谦卑地认为自己做的还不够。克制是最大的美德。,3.5，救人那段确实挺燃的，但别的部分掐了手心一百多次才没睡去。美国抗日片里的日本人比中国抗日片里的还不像人啊。,3.5 前半小时和爱情戏俗得发指，从入伍开始才走上正轨，上战场就很好看了，虽然时不时出现的槽点还是会让人出戏，但最后成功被煽到。Bromance基友的存在感和感人程度抵十个女主告诉我不是一个人。对加菲的印象也大有改观。
上帝之城,8.9,全部 37241 条,评论这部电影是可耻的,枪杆子里出政权《毛主席思想》,li'l的发小同伙眼镜benny太可爱了...五官一点都不像典型黑人，笑起来还有甜甜的酒窝..迄今我看过的最好的拉丁电影,再凶残的成长和再迷茫的反思最后还不是一场警匪勾结得救之后却扑街了事。一切都是轮回，还是作为乱世摄影师的正当职业好啊。,形式与内容并重的经典。巧妙的多线叙事，人物相互穿插、叠层、牵扯。各种枪击事件的发生以俯拍的九宫格式的构图来呈现。在无主之城里，江山易主是为常事。开始的结束——群人拿着枪捉鸡——结束的开始。“我现在不叫阿炮，我是摄影师威尔森·罗利吉。”
傲慢与偏见,8.6,全部 98421 条,乔·怀特对长镜头有种奇怪的迷恋，总会用那么一两处调度极其复杂的长镜头。美术真棒，布景超华丽，外景也漂亮，摄影很美。情绪很饱满，有几处细节很用心。当然，对于原著党来说，她们是永远不会满意的,"拍得挺美的,拍名著只要不把它拍砸了就是胜利",喜欢导演对光线的运用，很多时候特别唯美。那个时代表达爱情的方式含蓄中有热烈，两人间保持着礼节的距离，目光却可以表达纯净、真挚的情感。片中温馨，平和的氛围，宛如一杯午后红茶，音乐也相当不错。但始终更喜欢BBC版。★★★☆,特別喜歡 看很多次了,"温馨的结局,看到和爸爸谈话的那段,哭了"
时空恋旅人,8.7,全部 89853 条,1、三观够正，道理积极；2、故事想法很有意思；3、原声配乐很好听；4、剧本有问题，过度弱化冲突，故事本身除了舒服外没有说服力，life is much harder；5、太多旁白只说明剧情推进的乏力；6、镜头不时莫名其妙地晃；7、片子质量有三分，给到四分是私心,“我试着过好每一天，就像我已经穿越回去那天一样，去享受它，当它是我非凡却又普通人生的最后一天…跌跌撞撞和摔倒都造就了现在的我。” 扔掉可反悔的《人生遥控器》，过好每一天！50%的浪漫爱情+50%的家庭亲情和人生感悟，不如《真爱至上》《海盗电台》浪漫的彻底，却也直抵人心。打个俗分4星。,一般充满温情正能量，几个容易引起美好共鸣的桥段比如婚礼，生娃之类，再配上一个有点儿笨拙但绝对善良痴情的男主，都能在豆瓣上拿个虚高的分数。,编剧的笔尖犹如乐团指挥家手中的棒子，弹指之间，我们的欢笑与泪水全然失控。每一首配乐，每一段对白，都是如此触动心弦。,"是放在硬盘里很久了的电影。今天无意间看起来，却意外哭得撕心裂肺。比起片中的爱情，更让我触动的是男主与父亲的亲情线，看完电影马上给父母发了我爱你。 btw,仔细想了想，我庆幸自己没有回到过去的能力，否则可能也会不由自主的修正每一段回忆，但其实正是这些遗憾的笨拙的回忆造就了我，让我是我啊"
电锯惊魂,8.7,全部 54504 条,最后五分钟让我全身发抖！,这其实是个励志片好不好，杀手先生告诉俺们即使在生命的尽头还是能干成很多事情滴~,硬伤多，黑人警察傻到爆炸,看第一部的时候着实被他的情节设计给惊讶到了。,第二次看，感觉着仍然是一部顶级的血腥电影，结构和叙事都很牛逼，叙事张弛有度。
喜宴,8.9,全部 47680 条,这片在20年前是多么得前卫出格阿！！,少年时看过后存在硬盘里，想着哪天出柜时放给母亲看。后来母亲走了，我没能给她一场喜宴，也没能给她看过这部电影。这一生再也没有机会了。今晚我囫囵吞枣地又看了一遍，然后删除，从此没有福分将它留在硬盘里。,昨晚看李安的采访，他说「在变化得太快的社会中，孝道该何去何从。人好像只能去接受和追赶这些变化，其实是很无奈与惆怅的。」家庭三部曲终于看完，这部编剧太妙，如果说「饮食男女」是在调和传统伦理与烟火世俗，那么这部则在调和中西、以及传统与现代的文化。PS：李安那惊鸿一瞥的客串。,李安自己在里面演路人甲划重点敲可爱！“让你们见识一下中国人五千年的性压抑”哈哈哈哈哈哈,《喜宴》最好的地方在于拍成了喜剧片，而且真的能让人笑出来，如果板着脸讲这个故事，说不定就味同嚼蜡了。这么多年李安对于乖乖仔的审美一直都没什么变化，从赵文瑄到托比·马奎尔、王力宏和比利林恩，他就是喜欢五官深邃且人畜无害的大男孩。
教父3,8.9,全部 24803 条,维多·柯里昂死于极乐，旁边是一个机灵的毛孩；麦克·柯里昂死于极悲，旁边是一只棕色的小狗。,看到最后要哭死了，可能因为总算有终了，这是教父系列我最喜欢的一部。另外想问问索菲亚小姐，您演技差也没关系但是没见过人死吗。。。。要不是帕西诺在嚎啕就完全没泪点了。,本来冲着索菲亚·科波拉要少打一颗星的，但是看到她被杀死了好开心啊！！！！,《教父》系列完结之作，表现力和深刻性绝不亚于前两部！阿尔·帕西诺老了依然魅力十足，演技更无需赘言。片中依旧是很多一针见血的箴言，另外相比前两作这部感情和家庭戏份增多。影片配乐太动听了，高潮部分那段歌剧演出与腥风血雨明暗平行剪辑的场景真是美！（9.0/10）,对政治的结露辛辣精确，对Michael的刻画终于成熟，影片氛围观感均保持一致，但韵味上留白欠缺。帕西诺的表演令人难忘。
谍影重重3,8.8,全部 33498 条,车站和小镇两段，绝对的经典。,Matt各种有型,作为经典系列的完结篇，依旧成功延续着这系列出色的风格。精练的对白、扎实可靠的表演、华丽的剪辑和原声。无论是过程还是结尾，始终扣人心弦★★★★☆,第三部，男主角终于不再杀人，因为他成佛了。自从他遇见了CIA的女观音菩萨后，就走上了成为斗战胜佛的道路。,浓缩版的《24》，回归版的Jack Paul。细节非常到位，情节紧凑到没时间上洗手间。滑铁卢车站那一段经典。
岁月神偷,8.7,全部 95946 条,每个人都有一场被岁月偷走的记忆。眼泪流了那么多，但丝毫不觉得煸情。节奏虽慢，但不琐碎。很喜欢李治廷的表演。这一场感动，来得无比自然、真实而朴素。难一步，佳一步。一步难，一步佳。有这样的爸妈，我们难道没有理由看得见天空中同时出现的两条彩虹吗。另，海报上明明不可以少了李冶廷的份嘛。,如果你觉得只要电影里有人得白血病那么这部电影就是烂片的话，你不就不要看这部片了。,哭死我算了。,主线太俗套，全靠细节、意象和所谓香港精神支撑。最后小弟弟扔掉英国国旗为了“同亲人重逢”，还真tmd和谐,影院里我哭的跟罗进二似的
英雄本色,8.7,全部 43926 条,“杰仔，你冇错到，我地大家行嘅路唔同，你行嘅路系啱架，以前我行错咗，宜家行翻啱，都唔算太迟。”这句真感动。如果把兄弟情都看成基情，这真的挺可悲的。,“做人有原则，就什么都不怕。” 真的不敢说这是我第一次看《英雄本色》，并不需要多么复杂的炫技，好电影从来都很简单纯粹。怀念最好的港片年代。“他有勇气去改过，你有没有没勇气去接受？” 上海电影节4k修复版。,小时候还看不懂这片的情怀和意义 只看枪战精彩程度 更爱第二部 如今长大 回头看 浓浓的江湖兄弟情 讲义气 在那个年代盛行 如今 这世道变了~ ,早年录像厅模糊印象 夜里被和某人重温了下 大叹原来当年主流片也这么恶心啊！ 张国荣还略显稚嫩 当然这也和面具化的人设不无关系 和十三少 风月 阿飞还远不能相提并论。兄弟情义的问题么，这叫人心慌，这叫人心慌。一向不怎么待见吴宇森的，“我已经倒霉了好多年”令人笑场。,5年没看了，此次在巨幕厅重刷，竟然被感动的热泪盈眶。虽然有着诸多瑕疵，但仍能感受到那份朴实真挚的兄弟情。尤其是下午刚看完《追捕》，高下立判，三十年后的吴宇森电影变得如此浮夸与做作，失去了那种最打动人的底蕴。映后见到垂垂老矣的吴宇森，突然也不想过多地批评他了，口碑如何观众自有评判。
七武士,9.2,全部 26022 条,和教父是一种类型的电影，突出人物性格，故事情节也曲折。最后真的是人民战争海洋。很有几次，都觉得这也可以算一部写中国人的电影，比如农民的狡猾与认命等，到最后的我能！,真正的经典，总是让人无语。,完成度之高啊！三个半小时下来连个低潮都没有，后来的《影武者》、《乱》都比不过这部。每个人物性格都非常鲜明，志村乔仿佛一灯大师，三船敏郎似韦小宝，久葬是独孤求败，胜四郎像段誉……唯一的问题是志村乔剃完头怎么这么像张丰毅呀？！,五十多年前的动作片，久看不厌，历久常新，大师的功力不同凡响,世影史：本片可说是日本名导演黑泽明第一部真正加入西片趣味的时代剧，他虽然意图将这部片子拍成彻底的娱乐动作片，但事实上，整部作品仍充分流露著黑泽明式的人道精神。影片构造了一个包含着深刻隐喻的寓言，揭示了日本武士阶层的特殊生存状态与必然消亡的历史趋势。
被解救的姜戈,8.7,全部 90841 条,舒尔茨大夫不远万里，来到米国。一个德国人，毫无利己的动机，把强哥的解放事业当作他自己的事业，这是什么精神？这是国际主义的精神，这是基友主义的精神，每一个好基友都要学习这种精神。,waltz魅力十足 却死的那么酱油。。。,"昆丁稍微一用心，就足以窃笑着俯瞰众生。我觉得他最牛逼的一点是可以让所有大牌演员在他的电影里集体迷失自我，并被注入昆式狡黠腔调。当然，这种腔调不仅仅是表现在角色身上，配乐、运镜和台词通通昆丁范儿，乖、贱、粗暴、不可复制。Who's the nigger? D-j-a-n-g-o,D不发音。",感觉比《无耻混蛋》都要好看啊！,或许不是年度最佳电影，但极可能是最令影迷们过瘾的电影。不再在结构上费心编排的昆汀这次采用了更为传统的单线程叙事，他向通心粉西部片、香港武侠片甚至自己的《无耻混蛋》致敬。混搭音乐、暴力、语言（特别是外语）再一次成为手下重要的道具。塞缪尔·L·杰克逊奉献了他《低俗小说》以来的最佳表演
功夫,8.5,全部 62163 条,重温星爷的功夫，猛觉得这是部无比伟大的电影！,华丽的夸张，情节倒是紧凑，毫不拖沓,个人认为这是星爷作为导演拍的最好的一部片子。,不知道为什么这部电影的评分这么低,不知道看第几遍了，只感受视听语言和节奏就已经共振到流鼻血的程度。
疯狂原始人,8.7,全部 113196 条,和这个比起来ice age系列弱爆了。。。and没有男人有不要捉急，只要你力气够大，身为女汉子你总有一天能给自己抓一只男盆友,就让动画片拯救全人类吧！！,绝对今年最好的动画片！我凯奇叔和石头姐配音赞爆了！泪点低如我最受不了梦工厂煽亲情！后1/3都在为凯奇叔流泪~老掉牙的外来乱入和一家冒险！但架不住拍的好啊！梦工厂拍成这样再老掉牙的设定我也乐意看！人见人爱无可挑剔五星五星！续集快到碗里来！裤腰带和坦克莫名的萌啊！结尾的飞翔太诺亚方舟了！,绚丽的3D效果+随机乱入的萌物+搞笑亲情大套路+点睛式的人生说教，人见人爱的作品，想象力和娱乐性爆棚；但捧为神作有些过了，它既没有Pixar经典作品的原创性和灵动感，也缺少梦工厂传统大作的独特个性和贱趣味！,同样是「冲破阵规」的主题，这个比brave无论在选题还是故事上都有趣多了。远古生态环境的设定也很有趣。croods一家的戏份摆得很好，都个性鲜明又不会抢了主角的光彩。清新热闹流畅加一点小狗血。当皮克斯变成迪尼斯的时候，梦工厂变成了皮克斯。果然是「爱你就会变成你」，相杀相爱神马的。
哪吒闹海,9.1,全部 17253 条,哪吒要是搁现在，就是一少儿精神病患者：躁郁症、暴力狂、自杀倾向、逆反心理……辅导人员要密切关注他看什么书，听什么音乐，玩什么电脑游戏，业余时间从事什么活动，必须定期参加心理辅导，服用抗躁郁症药……比美国哥伦比亚中学枪击案主谋更犀利的家伙,"哪吒刚刚降生，李靖就想一剑劈了他；
龙王恶人先告状，李靖却丝毫不听哪吒的解释；
哪吒制服了龙王，李靖又叫人把他绑起来；
面对四海龙王的报复，他甚至想杀死哪吒……
是怎样的父亲，才会对自己的亲生骨肉心存偏见？
是怎样的父亲，才会胳膊往外拐，站在别人那边？
是怎样的父亲，才会是非颠倒，不分青红皂白？
并非所有的孩子都是熊孩子，反而是很多父母不配做父母。
在这个“百善孝为先”的国度，《哪吒闹海》没有跟风...",一个彻头彻尾的反叛形象，也是中国银幕史上一段极为少见、如此尖锐、激烈和惨痛的反叛历程，相比于孙悟空和天庭（统治阶级）的对抗，哪吒做出了中国传统观念中最艰难的一种反叛，在于“孝文化”是深植骨血之中的，是几千年不允许触碰的绝对底线，被他用一种最悲壮、最惨烈的方式夺回了自我的控制权，告诉所有人，“身体发肤、父精母血”，所有受之父母，又反过来牵制和束缚的，我统统还给你们，哪怕是我赖以为生的东西，去挑战一种...,拦腰斩断的六十五分钟 被斩还有 吃人 被吃 弑父 权权倾轧 “这还你的骨肉 不连累你” 这是最大的背叛 委屈 和孤独,形式上没能超越《大闹天宫》，却带上了过重的政治隐喻。还是该轻松点儿好。
天书奇谭,9.2,全部 14416 条,中国动画的巅峰。,畸形性格的形成跟这些家伙绝对有关,蛋生不是生蛋。,这个好看，童年回忆,动画好多，经典的却很少，是吧蛋生。。。。
心迷宫,8.7,全部 80953 条,“有些事，非得问出来？不问就是压在他心头，压一辈子；一旦问出来了，这石头就是压在你心头了” 赞叙事结构，过去跟现在将来混合，多人视角交叉重叠连锁反应，最后完美衔接…没有一个多余情节，荒诞讽刺，千奇百巧，抽丝剥茧，百转千回。2015《大象》《全民目击》，超过《烈日》《吾先生》年度最佳。,国产犯罪片越来越好。「烈日灼心」力道够了，然剧本硬伤太重。「心迷宫」的剧本真是惊喜。如此群戏能这样流畅地自圆，已实属不易；时间线打散却又让观众能轻易缕清而不显杂乱无章，确是匠心别具地精巧。开场即惊艳；结尾父子对峙戏太棒。当然，为过审加上的那行字幕让人出戏，不过相信以后会更好。,平顶山版科恩兄弟，作为处女作，看到了新一代年轻人的追求,四星半，《罗生门》架构+《怪尸案》讽刺。麻雀虽小，五脏俱全。第一幕铺垫很满，后两幕循序渐进嵌套在整个宏观的时间体系内，体现了剧本结构的匠心。尸体的几经易主令人哭笑不得，也折射出社会的荒谬与生者潜藏的兽性，罪过只得靠祈求神灵来寻求庇护。父子鸿沟也在尸体的挖(进)埋(退)两难中找到了答案,4.5。1.终于得见[殡棺]，乡村怪尸即视感，叙事结构值五星哈。2.所有秘密都不说出，每个时间节点都恰到好处，昔日看蒙吉[西方]也有类似感受。3.村长苦逼处境被一层层剥开，是全片最华彩部分。4.父子俩隔着棺材沉默站立，那一刻情绪超赞。5.对于风格尚欠、硬件粗陋的新导演来说，整体上可挑剔的不多。
真爱至上,8.6,全部 116701 条,我的圣诞必备，年年都是看这个，年年心情大不同，有时候一个人，有时候两个人，有时候一群人，今晚又是一个人，心里偶尔想着另一个人，偶尔想着一群人。★★★★★,至少能干掉几十部《全城热恋》吧,寂寞的圣诞夜一个人看这种电影，看完觉得更寂寞了！,"我不明白,如果导演早就决定给个皆大欢喜的结局,为什么又不给得彻底点呢?",这才是真正意义上的“全明星贺岁片”，哪怕人家整了十段故事，都觉得是诚意十足洋溢着温暖和幸福的，可以相信如果是在当年英国影院里看一定会是从头笑到尾。各种爱，各种欢乐，各种感动，圣诞节必看！2010.2.26真爱全在你我的生活中。
萤火虫之墓,8.7,全部 55530 条,我发誓我再不敢看第二遍,“我们做错了什么？”这话应该由日本人说么，即使是平民？妹妹的神态、动作、配音都绝了。,虽然事先知道这是个煽情的片子，知道它注定是个悲剧，还是哭了。告诉你这是个悲伤电影，在你准备好的情况下，还能达到效果，的确是个好片子,日本人博取同情的功利 是中国的N倍。,你们为什么会过的清贫？因为美国轰炸你们。美国为什么轰炸你们？因为你们先轰炸的人家…然后你在片中喊为什么要无条件投降？因为你们跟美国达成协议，不要审判天皇的罪行。作为老百姓的你们自己都不会相信吧…就单说你们日本自己，就从来没想过发动战争侵略别国是反人类罪行吧？！那不是活该么。。
三块广告牌,8.7,全部 141270 条,當你完全站在喪女心痛的母親這邊時，你才發現她也可以是一個加害者；當你以為警長就是如廣告牌說的懦弱無用，你才發現他也正在自己的生命旅程面對死亡；當你以為種族歧視的白癡警察已經沒救了，又發現他竟因為一封信而完全改變。沒有誰是絕對正義，沒有誰是絕對邪惡，奉愛之名，可以善也可能是惡。,三块火一样烧红的广告牌，三个人，三封信。角色的面目都是逐渐清晰起来的，就像警局里前一秒两人还针锋相对，局长意外吐血，米尔德脱口而出一句“baby”，全片就充满那样意外又令人心软的转折。,太精彩了，实在想不到今年还有什么影片可以挑战。剧情音乐节奏摄影都接近满分，更可贵的是除了女主弗兰西斯的超水准表演之外，剩下所有演员的演出都精彩到可以颁最佳群戏。由于不妥协与不谅解所引发一系列悲剧，但是悲剧中更有合理的人性，戾气重的浪漫诗。从第一幕路过告示牌咬指甲就最佳女主内定了。,蹦出一条小鹿这个必须减分了…而且还那么像CG做的…,3.5 电影咋看很酷，美国乡村天注定，被人欺负了24小时内一定要报仇。剧作也确实比较大胆，很大的梗就这样撂下了也不觉得哪不对。演员也都很好，还很好笑。但警长一封信道出了内核的问题：你们这样主要是因为缺乏善良友爱。这不对吧，如果这些红脖缺的真的是爱，一年前他们怎么会去投川普呢
纵横四海,8.8,全部 41811 条,香港浪漫主义警匪动作片的巅峰之作！那段发哥和红姑的轮椅舞堪称香港电影史上的经典镜头~~,你们都知道我的性格，我喜欢西逛逛，东逛逛，我喜欢流浪，其实爱一个人并不是要跟她一辈子的，我喜欢花， 难道我摘下来你让我闻闻，我喜欢风，难道你让风停下来，我喜欢云，难道你就让云罩着我，我喜欢海，难道我去跳海？,有些电影，就该在那个时代看……,這個組合太誘惑了……,因为去过巴黎，就更能感到张国荣站在塞纳河上吹风然后潇洒远去的风流，那种气质真是让人倾倒。发哥很多表演细节很风骚，太搞笑了。红姑还是那么美，绝代风华。
我是山姆,8.9,全部 40692 条,真正的戏眼是达科塔·范宁。她才是催泪的原动力,孩子和“傻子”演技都很强大，更重要的是，它表现的一种富于人文精神的理念。,哭得稀里哗啦~,all i need is love~很浓的beatles情结，小女孩好萌 ,“lucy in the sky with diamonds……”十分的亲情，十分的爱，爱的能力并不是取决于智商的高低。原声好，主题好，演员好，但就是有些拖沓与着力过猛。★★★★
达拉斯买家俱乐部,8.8,全部 60057 条,马修麦康纳和杰瑞德·莱托，他们两不拿小金人真是没天理。现在打赌，2014金球奖和奥斯卡，最佳男主或最佳男配，他们至少一个，若没得奖我吃键盘，上图。立此为据！！8.6（PS：键盘君终于舒了一口气，2014-3-3。= =！）,杰瑞德莱托必须最佳男配！演技好到发指！好到让人挠墙发指！马修麦康纳演技也好到爆，尤其是去墨西哥之前趴在方向盘上干嚎那一段，跪求两人冲击奥斯卡。一个沉重题材的电影却毫不伤感，最具震撼力量的是人性的真实，很难讨人喜欢的角色却让人充满敬意。PS：影片中段叙事节奏欠功力，五星是私心,《瘟疫求生指南》的剧情版延伸，配合那个纪录片，将会了解他们的更多困难。这种正邪分明的片子虽然简单，但看起来很过瘾，两位男演员的努力让这部片子更有魅力。有几处细节很棒。比如超市遭遇旧同事，一场戏就把男主的立场和两位演员的关系转变都带出来了。杰瑞德·莱托比很多女演员都有魅力,相比什么白宫管家、为奴十二载里面满满地高大上的要拿奥斯卡的春晚主旋律，这部浓浓地不屌反恐同和反艾滋歧视的片子才真是他妈地好看~里面精妙的小设计无数。男主、男配的演技完爆什么Jennifer Lawrence这种傻大妞~,根据真人真事改编，生动再现了80年代艾滋病患者的生活状态和维权运动。从患者到药贩子本身就很励志，更何况他们对内不放弃生命、消除内部偏见；对外利大于弊的走私药与弊大于利的药监局之间相抗衡，温暖有力。两位演员真是用生命在演戏啊，用演技撑满全片！
东邪西毒,8.6,全部 59911 条,"“每个人都会经历这个阶段，看见一座山，就想知道山后面是什么。我很想告诉他，可能翻过去山后面，你会发觉没有什么特别，回头看会觉得这边更好。但是他不会相信，以他的性格，自己不试试是不会甘心。” 
",090331美嘉——这样的片子还是不适合在电影院看——人多的时候看这样的电影，就是一个旁观者。,王家卫是借金庸的皮拍出了古龙的骨，没有侠之大者，只有浪子、痴女和大漠。　“风也未动，幡也未动，是人心自己在动。” 这漂浪的人生正如大漠一望无垠，在时间的灰烬中只想和你浪迹天涯，客死他乡。太喜欢陈勋奇的配乐《天地孤影任我行》：一去不返，一眼万年。8.6,【B】这不是武侠片，这依然是一部王氏爱情片，故事更加弱化，发散情绪更加严重，最喜欢林青霞的部分，觉得是看过的王家卫电影中质量最一般的一部，虽然依旧是喜欢。（王家卫要是去开个微博，那些爱情鸡汤营销微博都得被他逼死。）,真不知道是王家卫完整了文青的矫情，还是文青的矫情毁了王家卫。
爆裂鼓手,8.7,全部 92205 条,作为第一个打算给两星的人，犹豫了很久。但的确是太不舒服了，我多么庆幸我是一个没有梦想的人，所以我完全无法两个傻逼在那较劲，而且还把自己折磨成那样何必呢？完全无法认同。,J.k.西蒙斯应该能拿下男配！这片子的节奏感实在太棒了，爵士乐和剪辑简直融为一体了，还有西蒙斯机关枪版恶毒的台词，脏字就像鼓点一样密集且激烈，几场打鼓的重头戏在镜头上都是细碎古怪，靠剪辑重新赋予整体戏一气呵成且不断加速的节奏，可惜整部电影还是碎的，否则就真成大卫·芬奇了。★★★★,励志你妹，鸡汤你娘，努力就好是废话，干得不错是毒药，人们只看结果,高水准的演奏和剪辑，看完确实过瘾。但片子的思想只能用极端病态来形容，价值观扭曲到极点。挑战自我=自虐？还是两个偏执狂互虐；仇恨、怒火才能把你push成Jazz大材？简直侮辱爵士乐。技艺再高超你也只是一个灵魂破败不堪的打鼓的，不配被称为一个爵士乐手。,……还以为是我的驾校师傅
记忆碎片,8.6,全部 79346 条,虽然知道多看几遍有可能会看懂，但我觉得应该把这个时间献给更多的电影。,真烧脑子,这片看起来太累了。。。,二十六个碎片，将后十三个碎片倒叙，以彩色片形式拍摄，前十三个正叙，分别加在十三个彩色情节中，并变为黑白片，以突出纪录片的风格。后十三个碎片每个碎片再被分成两半，并颠倒顺序，黑白片时而在两半之前，时而之中，时而之后。,在六月五日的前一天特意看这部电影的，想了解一个没有记忆的组织，是如何确认自我的，在开头的时候还真以为没有记忆也是能确认自我的，然随着电影延伸，最终仍旧证明一个没有记忆的组织是没有自我的。一个没有自我的组织，在这世界做什么呢？复仇，杀人？
荒蛮故事,8.8,全部 68034 条,“跟你做的比起来，我那做的都不算什么” 魔性十足，荒诞满分。每个人都有过一闪而过的犯罪念头，这部片子把我们没敢做出来的那部分呈现出来，狠狠戳中我们的软肋。这个世界总是如此厌倦又可笑。“没人不希望恶有恶报，但又没人愿意脏了自己的手。”,《天注定》与这一比除了形式之外皆落下风，虽然都是怒火中烧的爆发，前者一派阴郁充满戾气的基调，仿佛一切都是体制的错与人无关；而拉美人民告诉你个个文明人身体里都住着凶蛮野兽，用一场撕逼大戏结尾真是看得很爽。除了第一个故事很一般之外其它都相当惊喜。,如果硬要和贾樟柯的[天注定]相比，那科长的叙事节奏就像赵涛那张“演技派”的脸。片中6个小故事叙事包袱一抖再抖，这种一波三折的黑色故事确实很招人喜欢，它们的惊与喜、讽刺和无语都是显而易见的。我在想，大家都别整天想着抄《黑镜》了，这样的黑色操蛋故事整成一个剧集同样会是神作。★★★★,本年度最惊喜的一部喜剧片。6个故事罗列在一起，不拥挤不仓促，每个独立都有各自独立的笑点，整个集合在一起就像一头猎豹一样，用冷冷的双眼观望这个社会。还有每个故事的镜头，场景运动都相对独立，具有新意。非常的阿莫多瓦和鞋拔子昆丁。,除了ICBC植入广告外感觉可以满分，片头出字幕那段+全片配乐太牛逼了，bombita这段开始随着灯闪听到gustavo santaolalla标志的吉他声我激动到浑身打颤全面炸裂！喜欢台译片名，感觉抓到了精髓。阿根廷电影绝对西语世界的良心，想看的演员都看到了还这么充满正能量太开心！！！
贫民窟的百万富翁,8.6,全部 65764 条,他亲吻着她脸上的疤痕，那是为他而受的伤害。这片子挺感人的，可是，现实中又有谁能如此坚持，等待命中注定？,这一次，好莱坞山寨了宝莱坞。,深刻体会到命中注定一词的含义了。怎么那么多人打5星，我客观点还是给了4星。没办法，最高就是5星，我觉得这片子不至于最高，要不然猜火车该往哪放呢！,很好的题材，但还是少了点什么,特别像文艺片导演拍的大片，还是挺有情怀的。不觉得是贩卖贫穷，是人家那种追求真爱的精神嘛~特别符合美国梦的要求。
头号玩家,8.7,全部 249819 条,全场喊牛逼！没啥是斯皮尔伯格做不到的了，在一个商业片中把所有的特效情怀和爱结合得完整而彻底，让影迷乐迷游戏迷接二连三地高潮，即使都不是也能看得花枝乱颤，这样应该算是完美了吧。而最后也竟然默默抹了把眼泪…Reality is the only thing that is real.,9。我爱这部电影，就好像我的梦想是能进入马丁·斯科塞斯的《出租车司机》，看罗伯特德尼罗枪杀嫖客和鸡头，营救朱迪·福斯特。所以，我爱这部电影。,     大开眼界！对我这个只玩过斗地主的电脑游戏盲来说，《头号玩家》的内容确是匪夷所思。年轻观众欢呼雀跃的无数“彩蛋”我常常无从辨识，一头雾水，但是观影体验仍然痛快、满足。比我小四岁的老导演斯皮尔伯格，如此旺盛的艺术想象力和娴熟才华，让人佩服不已。后半部渐显落套，也无可苛求。,要哭了，每个友邻都是五星好评，而我羞愧地半路睡着了……就感觉故事蛮老套的，那些让人嗨的点，心里只是“哦”了一下。,老男孩斯皮尔伯格或许借此片宣告了未来电影的走向，电影不再是用来看的，而是用来玩的
黑天鹅,8.6,全部 128508 条,那一颗星星是被吓掉的,演的太像戏，拍的很刻意，惊你妹悚啊,好看到呛着人，波特曼就是一直被过于标致的容貌给拖累的公主，这是要飞起来了，看到干巴成那样五官依然标致的前公主薇诺娜赖德又出来跑龙套好心酸,"旧酒无味，但新瓶子很美。
","就是个外国版“不疯靡不成活”的故事，加那么一点《钢琴教师》的桥段，怎么说呢，虽然natalie很用力在演，不过总觉得缺了点什么。剧本如人，可能是神经太紧绷了，反就不容易好。
"
人生果实,9.5,全部 28913 条,怎样才能活得像个人一样呢？爷爷90岁奶奶87，身为建筑家居住在二层木结构老屋里，每日在自家庭院里锄地拔草、捡落叶、挖土豆、摘樱桃梅子、采核桃柿子、做木工、熬果酱、烤蛋糕、酿酸奶、打年糕…还要给笔友写十封信，亲自骑车去邮局寄。住得像个人，吃得像个人，像个人一样工作，死得像个人，如此，就有了像个人的尊严一生。,【20180117】很美好。让人不怕老。,爱其实很小，它可以穿过针眼。,风吹枯叶落，落叶生肥土，肥土丰香果，孜孜不倦，不紧不慢。家应该是生活的百宝箱，所有的答案都在伟大的自然界当中，活得越久人生就会愈加美好。,真了不起啊！生命可以活成的最绵延温柔的模样。
花样年华,8.6,全部 71604 条,张曼玉比梁朝伟高，但他们站在一起那么协调。想来，是穿了高跟鞋的她，懂得委婉地低头的缘故。,谁先感到了寂寞，谁就输了。,“回去给我打个电话，你不用说话，响三下就好。”看这部时真的会觉得旗袍就是为张曼玉而生。,最喜欢的一幕，还是突然响起的《Quizas Quizas Quizas》前奏，电话这头的周慕云，电话那头的苏丽珍，没有对话，但彼此好像听得见对方的心跳。无论故事还是爱情本身的可能，一切尽在不言中。这就是王家卫。,一对处处隐忍憋炮的男女，一场原本毫无压力的换妻，一段彼此错过的爱情，一张留在电话声里的船票。再也回不去的时代，再也晾不干的记忆。空余怀念过去的情绪，积满灰尘的玻璃。
你的名字。,8.4,全部 224381 条,新海诚用这样的故事去温暖城市中每一个仍然愿意相信爱的人。在这么大的世界里，能够遇见你，竟然需要如此用力。穿越错位的时空，仰望陨落的星辰，你没留下你的名字，我却无法忘记那句“我爱你”。,"黛玉心中想道：“好生奇怪，倒像在哪里见过一般，何等眼熟到如此!”
宝玉看罢，因笑道：“这个妹妹我曾见过的。”
贾母笑道：“可又是胡说，你又何曾见过他？”
宝玉笑道：“虽然未曾见过他，然我看着面善，心里就算是旧相识，今日只作远别重逢，未为不可。”",错过和努力才是爱和青春的墓志铭,高配版大鱼海棠，奶奶是夏日大作战穿越来的。新海诚老生常谈，节奏没把握好，人物单薄，插入曲太满，突发式琼瑶情节多，怪不得赞新海诚的论文入不了学院派教授的眼。第一次看到电影带OP，简直呆。日本最近几年天灾频频，哭的观众大概被这个触动了吧。总之二次元言情向，影迷慎看。岩井俊二打了个酱油~,新海诚终于会讲一个复杂故事了，真不容易啊！当年那部搔首弄姿、无病呻吟的“言叶之庭”差点让我转成终身黑，“君之名”却轰出了我睽违已久的少女心。彗星降临的末世情怀，穿越时空的灵之绳结，只有7秒钟记忆的鱼...星空、爱情以及所有遇见都是注定。
卢旺达饭店,8.9,全部 32268 条,我不再抱怨我生在中国，我不再抱怨我生在80年代。只希望人类自毁灭亡的那天能来得再晚些。任何敢凌驾于生命之上的东西都是狗屎。,当电影成为我们铭记历史的唯一方式　是幸或不幸,记着人世的罪恶，也记着在罪恶中的人性光芒,人祸最惨。可我们看完新闻，还是会安心的吃完晚餐。,堪与辛德勒名单媲美的影片
釜山行,8.5,全部 166235 条,明知山有釜，偏向釜山行。听名字像福建人拍的。,这部片子里的孕妇和甄嬛传里的孕妇战斗力不是一个次元的,丧尸再也不是西方的专利了！韩国影人再一次向世人证明了他们非凡的叙事能力和精巧的借鉴本事。没有好莱坞式拯救人类的大英雄主义，多了的是人性的反思与情感的刻画。无论怎么看，这部电影都是亚洲影界的头一遭，五星鼓励！,这绝壁是散户在电影史上被黑得最厉害的一次……万恶的基金经理在收割韭菜后依然成了英雄……,同在亞洲，差距好大，越看越沮喪。
忠犬八公物语,9.2,全部 17163 条,看過才感受到美國版跟日本版的極大區別，除去整個情緒上的控制度，看過日本版才能理解為什麼阿八會用牠的餘生去等待主人，因為教授實在太愛牠了啊！教授對牠的那種愛和呵護是美國版完全沒有表現出來的，如果先看美國版會認為這是一隻神犬，跟主人之間的情感是冥冥中的，但日本版告訴我愛絕對是相互的。,喜欢教授那句话：人有人格，狗也有“狗格”。日本动物爱护管理中心主页上写着：1.无法继续豢养的动物，请不要丢弃（以前是免费，现在只需交付2000日元即可由保护中心收容接管）。2. 遗弃、虐待动物是犯罪。3. 遗弃动物者，处以50万日元以下罚款。4. 杀、伤动物者，处以一年以下刑拘或100万元以下罚款。,美国版的更偏童话一点，日版更贴近事实,因为也喜欢小狗狗，所以这部电影让我很感动，爱与责任，一旦选择，终身负责,新藤兼人的劇本裏面應該是有著好幾個不俗的切入點，本可以把這個爛俗的故事導向更深層面。片尾曲坑死爹了...
头脑特工队,8.7,全部 87280 条,不止是卖萌的画面和天马行空的想象力，看完电影后会重新审视自己的情绪，记忆，甚至梦境。BingBong消失的时候我哭得和Toy story3结尾时一样……,好看，想不到一个动画片竟然看得我老泪纵横，从头到尾多处泪点。并不是说有多悲，而是从心底的感动。它会唤起你诸多的回忆，那些亲情与爱，难忘（或已经忘记的）回忆瞬间，一切都是这么真实又细腻，又是在这么一个充满想象力的故事基础上呈现。最终仍是成长与告别。真是服气。,为嘛我觉得不怎么好看，有点无聊,愿我们都不用长大 每一座城堡都能永远存在,这部探索“脑洞”的动画新意十足，重回最高水准的皮克斯用它成熟而独特的叙事节奏牵引观众的内心，成长道路上的阵痛与迷茫最终迸发
雨人,8.7,全部 41473 条,我可不可以把它看成一部公路片，某种程度。,ray……听上去很像rain，愚顿的哥哥曾经对心爱的弟弟说，我是rain man。直到生命进行到成人的阶段，弟弟才突然想起，童年时，他的生活中曾经有一个爱他疼他的雨人……,如果影片可以不那么拖沓.我会把它列为四星.结尾很感人.中间有很多情节可以砍掉.,剧情真的好赞的，没想到自己一直寻找的人就是自己最亲的人，查理从一开始的不接受到后来的分不开，也让人看见了他的成长，哥哥最后没有跟他走，却能得到更好的照顾。有的人觉得结局不好，但我觉得这就是最好的结局。,霍夫曼的眼睛太深了
模仿游戏,8.7,全部 86305 条,看完之后才理解为什么学校的数学楼叫alan turing building，为什么工程学院的咖啡馆叫enigma cafe,“无人所念之人，方能成就无人感想之事” 工整却依然好看。“我们用自己的方式爱着对方，我们能一起过我们想要的生活，你成不了完美丈夫，我也不想做什么完美的妻子，我不会整天给你做羊排，等你从办公室下班回家…我们享受互相的陪伴，我们享受互相的思想，因为我在乎你。我们彼此相知，胜过任何人”,1最佳soul mate是去掉性吸引力 你仍是完美伴侣  2唯一爱你的方式，是建造一部解决人类所有问题的机器，冠以你名。 卷福又上升了一个新高度，演绎淋漓尽致  结巴天才四星半,重度虐伤。我承受不了图灵所承受的这种委屈，這個世界亏欠他太多太多。,最后她去看望他，拥抱他。他孤独地站在那一排为之奉献一生并恩泽全人类的庞大机器面前说，I’m not alone，never have been。然后伸手抚摸那些柔软的冰冷。它是他的恋人。而谁记得，孤独的孩子，你是造物的恩宠。
黑客帝国3：矩阵革命,8.7,全部 24809 条,"见过太多的才子，才发现都是膜拜的傻子。
到底有多少的电影有你的影子。",相对于第一部与第二部，这次的完结篇动作场面和特技场面大幅增加。以表达“和平”为战争的主要目的，并且还有几条感情分支为辅助，以大规模机器人作战和最终一战都堪称完美，也让这个经典的科幻作品画上了完美的休止符。★★★★,"黑客帝国全套都喜欢,有空再看...嘎嘎",第三部主题升华了，华丽丽的锡安大决战,以前科幻看得少，不太能理解，现在再捋一捋剧情发现简直是神作！ 可惜了这俩导演后来再没拍过有点口碑的片子了
一个叫欧维的男人决定去死,8.8,全部 62618 条,忧郁蓝为构色基调，适当的黑色幽默略显温馨，亡妻回忆杀构建出老人高大的男友力max形象，毒舌暴戾的外衣下是颗极感性的心，所有的抱怨均是对这片土地爱的深沉，古板和偏执让人格更显真实。当然，作为北欧片少不了提下环境与人文问题。北欧的天和一个一生爱你的男人，这就是女人一生想要的了吧。,巨人的花园，男主年轻时那副严谨又害羞的样子真是太迷人了。,越多白痴的声音议论她，我对她仅存的回忆就越少。,你讨厌的那种老爷子和你讨厌的那种邻居终于敞开心扉彼此接受的过程。豆瓣最近很流行这种“独婊好，不如众婊妙”的电影，是因为天气太热没有社交所以盲目迷信人与人的亲密关系吗。坦诚面对自己吧，你就是讨人嫌，你就是丧，没必要去跟其他婊子混在一起。,看完第一件事去查了下萨博这车，很屌很牛逼，几经周转，已经停产
你看起来好像很好吃,8.9,全部 60087 条,这个故事告诉我们霸王龙也是可以过肩摔的！！！！！！（小甲龙的声音怎么可以这么萌T▽T（话说这片是天然腐啊兄弟爱父子情敌友CP啥的,治愈。希望霓虹也能在地震中恢复起来，warm hug,萌爆了~~~ umaso到底是神马龙呢=..=?,曾经被这个系列的漫画感动到哭。电影版努力融合了原版的几个故事，但最终把原作的悲剧改成了温情，催泪效果因此减弱。一定要看原作。,一流的制作啊，看哭了
无敌破坏王,8.7,全部 71588 条, 必须今年看过最好看的动画片！在电影院听到我大村姑团的歌曲实在太威武了！,给这片子差评的多半曾是班干部，他们去游戏厅也都是领着老师去逮人的。所以，我认为打低分者才是真的无敌破坏王。,突破的迪士尼，有回忆却无情怀，有佳句无佳章，设定、创意不错，但讲述方式一路下滑。开篇惊喜以为会是游戏世界的《超人特工队》/《超级大坏蛋》+《怪兽电力公司》，没想看完感觉是动画版的《极速赛车手》…无个性，满满都是其他动画片的影子。 “如果那个孩子喜欢我，我还能坏到哪里去呢？”,如果说人设制作配乐什么的是动画的血肉，那创意和情感就是动画的魂。而为什么当初说《勇敢传说》让人失望，因为它虽然将前者做到无可挑剔，但它的后者却弱到爆。《无敌破坏王》游戏机内世界的设定之巧堪比当时的《怪物公司》，而对于主角心理的描摹也令人叫好，小机灵更是遍布全篇。最后我有泪啦。,如别人说的，确实有点皮克斯乱入迪士尼的意思。靠回忆赚分数的电影。像素游戏、街机回忆，尤其是“上上下下左右左右BA”这种，让我这种长泡游戏厅的人实在无法防御。故事简单有趣还带些温馨感动。角色也可爱，特别是那个小女孩，又萌又坏，萨拉·丝沃曼的配音也棒。今年在影院看过的最喜欢的一部动画。
未麻的部屋,8.9,全部 41606 条,达伦，你到底从今敏那里偷了多少灵感，这和《黑天鹅》的设定有很多相似之处啊！镜子的割裂，心理暗示，散碎的剪辑，真他妈牛逼。,想想看这才是1997年的动画电影！今时今日很多真人电影仍然无法比拟它的用心良苦、诚意、和所达到的效果。为了扑朔迷离，今敏用尽心思。,"1小时20多分钟的片子, 却感觉像2个小时的片, 不是因为无聊难耐, 因为涉及几个人的人格分裂和精神错乱等, 情节复杂而且引人入胜, 给人一种内容满满的感觉, 同时故事的节奏处理得相当好, 讲述得干净利落, 一步到位, 点到辄止. 不过真想不到, 今敏也会有这么残忍的作品...",看今敏解读，他自己提到《梦之安魂曲》里浴室镜头的模仿：“什么致敬，明明就是抄袭！那个坐在浴缸里的女主角就是詹妮弗·康纳利。后来我还和她坐过同一架飞机，结果她在头等舱，我在经济舱。”哈哈哈哈哈哈,惊悚得头发梢都立起来了，今敏就是动画界的大卫·林奇啊！虚实切换得让人叹为观止～
恋恋笔记本,8.5,全部 98963 条,我会永远记住你。爱情没有那么多借口，如果不能圆满，只能说明爱的不够。,1.先入为主是王道。2.等人不要等過7年。,俗套的好看。“爱情没有那么多借口，如果最终没能在一起，只能说明爱的不够。”,老人不是诺亚，那是最感人的一笔,本来说富家小姐怎么就非得看上伐木工啊，看到床戏的时候就完全明白了！
冰川时代,8.6,全部 33401 条,不同类，要成为集体，是多么艰难，又是多么简单 类与类融合很难，个体与个体相爱很简单 爱都是个人的事，与种族无关,成年后再次接触动画片的最初几部，当年刚上大一，跟《怪物史瑞克》一样刷新了我们整个宿舍的眼界，动画片可以这样精彩和不分年龄。,喜欢看动画，心情放松。这部迪斯尼动画还是一如继往的提供心灵鸡汤，干了它。地球是人类和所有动物的共同家园，怎么和平共处这个问题被反复提起，我们良心发现爱心汹涌时每个动物都好可爱啊，可也不妨碍当它们影响我们时我们顺理成章的动手，当我们食欲大盛时把它们变成餐桌上的美味佳肴。,说明了人类的孤芳自赏与自大无知，在史前一万年前动物们就已经知道如此了。老虎都这么有情，叫那小孩情何以堪。原来唯一不会使用英语的竟是人类，更讶异的是，那小松鼠直接改变地球生物史。其实他才是主角.8分,哈哈，那只贱贱的松鼠实在是太令人想搓拉几下啦。
哈利·波特与阿兹卡班的囚徒,8.6,全部 32146 条,比前两作进步多了，hp系列电影第一次走出了平铺直叙。并且居然还有了点儿dark的风格。,能感觉导演想拍出不一样的Harry Potter,这一部比前两部好看,回顾一下发现第三部也很喜欢的哎wwwwwwww换了导演整个节奏都不错，双胞胎在这部里各种萌点活点地图也♥♥♥,前半段不知道讲了些什么反正吞掉了很多时间，后半段就相对比较紧张，卢平教授这个人物不错，从人设到演员都很出色，不过剧情很硬伤，完全没想通穿越后的哈利为毛能在毫无预兆的情况下直接放大招，还有这部片子出现了一个很愚蠢的控制时间的道具，有这东西基本无敌了还怕什么伏地魔
海边的曼彻斯特,8.6,全部 102318 条,那些劝我们向前看的朋友，“不是所有人都可以和过去和解”,Lee说话是不是美国周杰伦,逃避虽然可耻但是有用。,又名《回忆杀》。有遗憾和失望，二刷后感觉对角色的好感甚于电影，卡西的角色写得演得太饱满了，让我对这个角色产生了依恋感。,人生的伤口，二十五岁之前怪父母，二十五岁之后怪社会，最惨就是巨大伤口摊开在那里，腐臭流脓永不愈合，然而，无人可怪
海街日记,8.8,全部 74458 条,娶大姐为妻，和二姐谈恋爱，把三妹当妹妹，生一个四妹这样的女儿。我爱这温暖治愈的四姐妹，像爱我用心写过的四首诗。,四姐妹在自己家还得穿胸罩，看来大家的关系也没有很好！,把绫濑遥、长泽雅美、夏帆拍得美，是一件太简单的事——譬如开头。但在多数时候，是枝裕和故意让她们显得没有那么美，与那座老房子和日常事物紧密粘合。一花一世界，一木一浮生。反正打开二十秒，后面就停不下来，不想快进不想暂停更不会想关掉。说很平淡很无聊的，开什么国际玩笑啊。,是枝裕和永远我的菜啊，暖暖慢慢的，有点悲伤有点小高潮却不会改变太多，摄影台词配乐节奏都扎实的要命，没见过写异母姐妹写的这么棒的，夏帆的咖喱，MA酱的长腿啤酒，奶遥的情妇轮回与母性逆转，当然还有小妹，那个最像成人的人，看得人数次落泪。#戛纳电影节#,不能以过去的眼光去看是枝裕和了，发行从艺术院线到东宝，五十多岁的是枝裕和才第一次拍摄人气女优主演映画，一来还是四个，“压力”确实不小。电影虽然剧本和剪辑上都有些问题，但“女优美，长腿美，镰仓美，日料美，生活美”可以掩盖了这些问题。四姐妹几乎都完成了自己最好的表演，年度推荐！
二十二,8.7,全部 52863 条,关于应不应该拍这个问题，没有记录，最后真的会变成从未发生过。记住并不是为了带着恨，只是有一些东西不应该被遗忘。,题材很好，但是这部纪录片几乎没有成形的故事，以大量空镜头表现情绪，对内容进行碎片化的罗列，而挖掘不深，镜头语言上的调度目的太过于显著。虽然知道拍摄很难，但是纪录片毕竟不是写调查报告，必须作为一个成熟影像展现给观众。,"同意“抢救式记录”的说法，初衷值得肯定，但这种题材光以情动人还远远不够。
动不动就以各种漂亮（却做作）的空镜串场，开始还是因受触动而落泪，中段起基本都是因为哈欠了。“去苦难”适得其反，内容单薄隔靴搔痒，素材组接无力，没空镜就成了个短片访谈录。“唯美”的制作思路其实更接近剧情片，然而呈现出的效果却更像一场以慰安妇老人为主题的摄影展。同样是拍采访，得学学人家王兵“人类学影像”的力量是从哪里来的。",3.0。1.相比《三十二》的深植内心，本片更倾注于昔日慰安妇的群体化描摹，或许更具史料价值，而非个体生命价值。2.对于郭柯的拍法，有人觉得投机抑或愤怒，在我以为，仍然算得上是一场值得去做的抢救式纪录。,看看那些整天喊着要打仗的脑残们。
虎口脱险,8.9,全部 24667 条,永远看不腻的喜剧！,老少皆宜，上海译制片厂献声,果真是经典。,笑不出来，想看英文版，可是找不到~~,经典喜剧，看过很多遍，鸳鸯茶鸳鸯茶，哈哈
新世界,8.8,全部 47443 条,好伟大的爱情片，我都快哭了,md，太好看了，害怕她一点点演完。虽然一开始就猜到了结局，但是拍的真带感啊，尤其是戏骨黄的车库突围戏，那叫一个悲壮。棒子又一次感动了我，好电影,香港黑帮电影被弃之如敝屣，逐渐走向末路。韩国拿去玩的得心应手，这部明披着《无间道》皮，暗里却走着《黑社会》路线的影片，在模仿的同时还犹有超越。警匪两道的黑暗，兄弟情义的渲染，几乎让人压抑窒息的节奏掌控，和一黑到底的结局，五星。,韩国电影的山寨路线中心思想就是【西巴！】——要做就做狠一点，于是，新鲜的东西就出现了。,如果没有那么多半天说不到点子上的对话就更好了。这个故事可比无间道有内容多了。现在想想，无间道的故事看完，就记住了梁朝伟的小胡子，其他什么都无。新世界的那种步步进逼，到后来改变人生轨迹的路子，真是好看。还有，仓库揭发两卧底哦片段，和无间道2里相比，李政宰的表演太好看了，余文乐忒嫩。
房间,8.8,全部 61539 条,电影开场一个半小时：卧槽原来这孩子是男的！！！,用孩子视觉掩盖一个冰冷世界，第二次走出“房间”说byebye才真正的走出了房间。“我是个坏妈妈”“但你是妈妈”。世界险恶，但还是很美好的。故事不煽，依然感动。,确实好电影，低成本，无炫技，本以为会很无聊，没想到俩小时里基本没有走神的时候,克制而细腻，在基于母亲的事件论述和儿童视角中获得了平衡。前半部分和后面的节奏把握都很好，小演员的表演令人震惊，一个孩子的真实而纯洁的灵魂，大美。,多伦多人民眼泪奖吧。Room是牢笼，母子俩一直都在逃脱，前半部是身体逃脱，后半部是心理逃脱。前半部有噱头博眼球够精彩，母子第一次在外面世界拥抱时无比催泪。但之后对心理上的转变的处理有点软塌塌，能感觉已经克制煽情，但试图从小孩儿的视角来描述心理上的微妙转变似乎难度过大，没拿捏好。
雨中曲,9.0,全部 26566 条,老电影总是快乐得那么纯粹,“从此以后，我只在乎一个影迷”、“你是我的歌，春夏秋冬”…于是以后，见到这样的路灯，就想扶着灯柱起舞。,我曾无数次从《发条橙》、《AI》、《如果爱》、《WALLE》里看到对《雨中曲》的致敬 今日终于承认：这就是人类歌舞片的巅峰，超越《音乐之声》，秒杀一切，无与伦比。当然 刻画、节奏、布景等等有着非常多的毛病 还是搁置下来 好好看看吉恩凯利俘获美人心时的那副小样吧 这绝对是影史最珍贵的片段之一,经典到无话可说,【A】出乎意料的超精彩，作为一部1952年的电影娱乐性居然超越了大部分现代电影，在火车上笑喷了好几次，后世多少歌舞片和喜剧片是参考了它，当之无愧的经典。
哈利·波特与密室,8.6,全部 30136 条,snape越看越可爱。这部好多梗哈哈。,邓布利多说：让我们成为哪种人的并不是我们的能力，而是我们的选择。,最近在重温这部电影，整个哈利波特系列我最喜欢的就是第一部，看到赫敏、哈利、罗恩小时候稚嫩的模样，最喜欢的场景就是大家刚到霍格沃茨的那部分。,相比于小说中哈利很干净利落地干掉了大蛇，电影里这一场仗可干得很长。,3星半，比哈1加半星，我最不满意就是电影根本都没把要讲的事情讲清楚。如果时间不够的话，变身高尔那对胖子不知道有什么必要描述那么详细，完全是主次不分。金妮的事情根本就没有讲，完全是最后一句话交待，太无语了。
恐怖游轮,8.5,全部 109757 条,不要企图在重复中寻找已经失去的爱,有小聪明，少大智慧~详细一点说：导演有一定匠心，但是全片看太注重一些边边角角部分，整体结构上显欠缺，解释不合理，主线力不从心，细节再装扮的故弄玄虚也算不上上佳之作，姑且三星,太好看了太好看了！！！我要哭了！！！！看得我鸡皮疙瘩乱起！！！六颗星在哪里！！！！在哪里！！！！我要打六颗星！！！！,stay+穆赫兰道+希腊神话+蝴蝶效应,这个237究竟是种么个情况……Jess家门牌号也是它，游轮上恐怖屋房号也是它；最奇怪的是……《闪灵》里面的神秘房间号码还是它……求解释……
人工智能,8.6,全部 54483 条,让我看哭的都是好电影,有些电影，是你在当下觉得了了，而今后偶然回想起某个片段，才会为它痛哭一场的，比如，戴维从残破的大厦上落入水中的那一幕。my love is real，but I‘m not。,不管如果老库在会把片子拍成什么样子，不管有多少漏洞，我都觉得斯皮尔伯格这次都是很成功的，实实在在的打动我了。,这孩子真拧啊！！！话说JUDE怎么能帅得象假的一样。,大卫固然可怜，可小熊比他可怜。每一个都渴望家人的爱，可惜小熊在所有人眼中都只是玩具，包括大卫。虽然他有和大卫一样的思维，却没有和大卫一样的外貌。
魔女宅急便,8.6,全部 39589 条,我喜欢她头顶的大红蝴蝶结，还有狠狠白那个小男生的一眼,宫崎骏的动画总会让人觉得这个世界美好无比。,于是。扫把魔女就变成刷子魔女了啊。。。,我也想当这样的魔女～,这是一部令人身心愉悦的动画片，画面柔和甜美，音乐明快，观影过程如同在海边沐浴着柔美的海风，心旷神怡。两只猫轻轻走过爬满青藤的墙上，那种水粉画般阳光充沛的慵懒午后的感觉在心中荡漾开来，世界是如此美好。这就是我们心目中理想的海边小城，宁静祥和，人们衣着整洁、面带笑容，永远快乐地生活
惊魂记,8.9,全部 34098 条,看这部电影必须回答一个经典的问题：女主角遭到刺杀时，镜头直面花洒，花洒每一条水痕都清晰无误如同肉眼看着一样上镜。请问，摄影机是如何做到的？,且看诺曼的last smile  毛骨悚然！,"""伪""的就是""娘""！",最后那一抹笑容堪称经典。,都不敢洗澡了...
海洋,9.1,全部 31981 条,看完之后深深希望2012快点来，大家抱团死，剩下的生物就可以好好活了。,摄影加一星。影片本身缺乏凝聚力，几乎为单纯的影像展览。,觉得阿凡达很壮丽？你得看看这个。,如果可以给更多的星星，我全部送给这部如诗一般的电影。一个法国老头和他的团队，花了５年时间，耗资５０００万欧元，１２个摄制组，采用蹲点拍摄的“笨”办法，只为你我能够感受到梦一样、诗一般的海洋。７年后，这部电影来到中国，还亏损９００万，我想我们能做点什么，比如一份尊敬。,不需要导演编剧演员，大自然能帮你搞定一切。画面那个美，中途睡着。
疯狂的石头,8.4,全部 58589 条,最可贵的一点是没把观众当傻子。国内电影都指着这样儿拍就行，嗯,难怪老外会看不懂。重庆话版太接地气啊，简直笑死爹了～～～～～～～～,重温。别说，这片还真能经得住考验，也不是简单一句模仿盖里奇或多线叙事就能概括的。特别里面几组的人物都不仅仅是作为结构故事制造笑点等功能性的存在，而是几乎每位出场人物塑造的有头有尾性格鲜明紧扣主线笑果突出，还贴近生活反映现实，这就很难得了，在这方面石头其实做的比烟枪还要好点。,真大很有趣,很精彩，算是里程碑式的作品，带火了同类型的各种电影好几年经久不衰
奇迹男孩,8.6,全部 102080 条,所有人都知道是化妆只有我一个人以为请的真实病人出演吗。。。,其实这更像当代童话，因为，实在是太暖了。里面每个人都那么暖，怎么可以那么暖，怎么可以那么暖！像一个暖心的童话故事。虽然，我也怀疑这样故事的真实性，但是，却喜欢被这样暖的故事感动，一度哭到不行。,秋天排练的话剧春天才会公演，软盘誊抄的论文硬盘才能呈现。你无非是度过了五年级，时间却有魔法经历非凡。躲在卧室里的灵魂最向往蓝天，藏在头盔中的容颜最渴望看见。你其实并没有炸掉死星，楚巴卡会令有些人变得不凡。一杯水能让光影折射，一个男孩能让善良被选择。奥古是杯水，折射出每个人的善意。,"一碗甜而不腻的普世价值鸡汤，非常好喝。

看之前我以为是讲主角小男孩的，原来是章回体，每个人都有故事每个人都有视角每个人都有选择。

每个人都很美很好。

开演前基友给我说这部电影就像夏天一样清新，是啊没错，像泡在透明干净的玻璃瓶中的黄瓜水一样，安心又健康，还有甘甜味。",很久没有一部电影能像《奇迹男孩》那样让我从头哭到尾了。
罗生门,8.8,全部 42090 条,「人对于自己的事不会实话实说，谈他自己的事的时候，不可能不加虚饰。这个剧本描写的就是不加虚饰就活不下去的人的本性。甚至可以这样说：人就算死了也不会放弃虚饰，可见人的罪孽如何之深。这是一幅描绘人与生俱来的罪孽和人难以更改的本性、展示人的利己心的奇妙画卷。诸位说仍然不懂这个剧本，因为,“我听说罗生门里的鬼因为害怕这里人的残忍而逃走。”比起四段论的谎言，乞丐对恶一脸了然于胸与凛然直视的狰狞表情让我浑身发冷，最后那场雨中的逼问竟然把我逼哭了。贫穷逼得善良变成了罪孽，谎言逼得人一步步审问自己无地自容，对错的底线都不再有资格坚守。黑泽续了个光明的尾巴，实在是不得不续。,“住在罗生门这儿的鬼因为害怕人类的凶残而逃走了。”此类电影的开山鼻祖，但相对而言弱于原著不少，但毫无疑问，在50年代能拍出这样的一部电影，带来的震撼可想而知。人性中赤裸裸的谎言、软弱、猜忌和不信任，影片作为一面明镜，直入人心。★★★☆,人类生来就是自私的，在这个故事里没有谁对谁错。谎言＋推翻，即使在近几年这种形式仍旧很时兴。,在那个时代它肯定是一部开创性的好电影，但显然无法取悦现在的观众。所有关于人性的讨论都是以对白给出，并且竟然出自乞丐和樵夫。以三船敏郎为首的几个演员，演技跟《七武士》时期几乎一样表面、浮夸，以及慢半拍。人性部分，相信芥川龙之介的原著剖析得会更深刻。
燃情岁月,8.8,全部 40179 条,我欣赏忠诚于内心，忠诚于野性的灵魂，因为他们坚持自我所付出的代价，我付不起,Tristan非常让人着迷，他是一位真正的自然之子。,又臭又长的电影,看这片时我有一半时间在哭 哭到虚脱……这是美国片 商业片 心甘情愿的被煽情至此 还有它的配乐 放烂了没错 但实在是好 这么通俗入耳的交响曲 当年的彼特真正性感 如骏马 2003，7,被大学生念叨最多的两部电影，一部是《肖申克的救赎》（月黑高飞/刺激1995），一部就这是这个《燃情岁月》（秋日传奇/真爱一世情）了。
终结者2：审判日,8.7,全部 22857 条,少见的超越首部的续集，动作片中的经典~~,液体机器人好帅,这是在1991年啊，重复，这是在1991年啊！,比3强太多了,"詹姆斯卡梅隆的巅峰之作,永远的科幻经典。1.传统模型和化妆特效为主，电脑CG为辅；2.创意十足的最强反派：T-1000；3.施瓦辛格最好的表演；4.兼具动作片的爽快、科幻片的气魄与哲思、喜剧片的爆笑和文艺片的温情；5.机器人学习情感,以机器反思人性,揭示人的自毁倾向；6.""点赞""一幕至为感人。（9.5/10）"
魂断蓝桥,8.8,全部 29709 条,《魂断蓝桥》不愧被誉为电影史上三大凄美不朽爱情影片之一，看过很多遍。,“我爱你，我从未爱过别人。”经典的爱情故事就是无论发生在什么年代，无论是在什么样的文化差异下，都能够唤起大家共鸣的情愫。★★★★,喜欢这部电影的人应该很多。影片描述了第一次世界大战期间，陆军上尉罗伊在休假时偶遇芭蕾舞女郎玛拉，两人一见倾心的浪漫爱情故事。但是残酷的战争改变了人的命运，美妙的爱情也随之化为泡影。观影的过程中体会到悲剧就是把美好的东西毁灭给人看，随着剧情的发展从欢喜到痛苦，还有深深的惋惜。,见一面聊几句就要定终身闪婚？谁给你们俩的勇气，这不是浪漫好吗，这是盲目激情。玛拉也不是真诚，是有心理疾病，当发现自己因为自身原因得不到自己想要的东西，就接受不了自己和现状。,难以想象这部美国电影竟是近80年前拍摄出来，水准之高让人咋舌，观影过程非常投入，纯洁的爱情让人心生感慨，结局之悲哀让人无比痛心，估计当年在电影院赚了不知道多少美国人的眼泪。说回故事，故事脉迹非常简单易懂，一个纯真的女人因爱人之死心灰意冷，落魄到需要出卖自己的肉体，电影在处理这一段时非常含蓄克制，由始至终没有出现过多显眼台词去提醒观众女主角的卖肉事实，可是却让懂的人更为着急，重逢一幕让人感动，最终的...
穿越时空的少女,8.6,全部 56588 条,打多少星都不够,我在未来等你...,我就奇怪她为什么每次回去都是靠滚的,少女因不知道如何面对告白，选择以时空跳跃的方式跳过。最后她才发现，那其实是她生命中最该珍惜的段落。看她大哭着跳跃着，拼命想追回擦肩而过的缘分时，我的少女心咯噔一下发作了。细田守讲了一个很戳人的初恋故事，跟这片一比，“时空恋旅人”简直是块莫名其妙的烂布...,"最后千昭的那句“我在未来等你""足以秒杀一切。 放课后的棒球、蝉鸣、反复跳跃只为吃到一个布丁，缺乏的勇气和自行车一遍遍经过的河堤，所有的一切都融化在那个夏天和你分离。"
爱在午夜降临前,8.8,全部 54419 条,为了看第三部，特意重温了前两部。还把《恋人絮语》找出来读了下。期待第四部Before Death（爱在棺材盒盖时）……,“他们竟然____了”模式开启。从爱情的偶然到爱情的实然，浪漫也终于被相处的实用性取代。“就像日出日落，我们出现，我们消失，可最终只是经过。”那些琐碎的争吵怨念放在时间的河里似乎也就不算什么了。他最后向她朗读了一封40年后的来信——原来前18年还只是序曲，我流泪了...,第一部时还愿意有更多的转换场景，更多的配乐，更多的更像电影的呈现方式。到此时，电影本身就是生活本身。这是导演的野心，也是自信。交谈、争吵与和好，争论与妥协。其实，他们还是18年前那一对年轻的男女。抓住人心的不是电影，永远都是生活本身。,神作！完美！历时18年的最屌三部曲没有之一。俩话痨每隔九年叨叨一个多小时，男主的胡渣+女主的皱纹给予台词无比的润色。累觉不爱人群杀手，夫妻情侣必看典范；音乐、光线和希腊的石头与海完美融合。P.S.近几年最长跨度裸戏～,作为Before的系列路，我终于在中年危机这里转了粉。Sunrise太甜，Sunset偏酸，只有Midnight酸甜苦辣都入了味。数度被台词戳中，我不得不一再提醒自己：那些只是台词，它们不是真的。
初恋这件小事,8.4,全部 164104 条,要不是这狗血的结尾我会打五星的！最让我感动的反而不是初恋了，是这群丑小鸭之间的友谊，让我想起我初中时候的那群小姐妹，“朱古力跳跳队”——谢十三、吴玲、杨秀丽、徐星云、拉链、吴美，还有我，一共七个，傻妞！十二万分怀念那个时候的我们……向青春致敬！,泰国电影是把青春期唯美小清新拍到极致了！,各种狗血...我被评分误导了...,唯独最后一刻他说，我一直等那个人从美国回来，眼泪真要随女主角一样掉下来。可是我，已经不相信这种王子和丑小鸭的故事了呢。要知道，初恋的美好在于，它没有后来。,初恋这件事，谁也逃不过。。再一次被M秒杀>　<
可可西里,8.8,全部 29689 条,看了陆川近年的作品...觉得这片绝壁不是他拍的,只能说陆川选对了题材~~,陆川的寻枪之前看过  没啥感觉 但是这部可可西里 应该向他致敬,带给我的震撼远远超过电影本身,撇开抄袭、媚俗与占据道德制高点的嫌疑，影片本身质量还是没有问题。偏向伪纪录片式的写实主义风格，避免了刻意煽情或戏剧性渲染。摄影极美，表演过硬。流沙段落携带着窒息般的绝望与无言的惊惧；遍地的藏羚羊新鲜骸骨；星空。| 在这里，你留下的每个脚印都有可能是人类留下的第一个脚印。（8.5/10）
2001太空漫游,8.8,全部 51808 条,原作作者克拉克：“如果有人觉得完全弄懂了《太空漫游2001》在讲些什么，那一定是我和库布里克弄错了。”,这不是照着剧本拍的，而是曲谱,"现在这个年代没人敢如此玩观众了。
",人对宇宙的想象力，到此为止。最后半个小时，美到癫狂。本片让我对电影产生敬畏之心。有生之年，不会有任何一部电影能够超越此片。,史上最伟大的装逼片，就连作者克拉克和导演斯坦利都看不懂剧情……不过这丝毫不影响它的伟大，首先在视觉上它领先了同一时代数十年不止，很多星际旅行片都没有给我一种“星际旅行”的感觉，但这部有，关键就在于细节处理细致。还有就是，这部讲述星际旅行的片子拍摄于1968年，而美国登月则在1969
完美陌生人,8.5,全部 107954 条,女主人这个婊啊，睡朋友老公还提议玩看手机的游戏，算准了自己最安全因为这个人不可能当面打给她吧……细思恐极,来啊，互相伤害啊！,人和人的关系有多么的脆弱？你甚至不能给同床的人多看几眼你自己的手机。然而，多少人以亲近关系的名义，忘记了什么叫做界线。人生在世，怎么样才能让感情长久，四个字：难得糊涂。,结局怎么可能是和好，是没有做游戏的平行世界啦，彗星来的那一夜姊妹篇,相爱没有那么容易，每个人有他的手机。过了爱做梦的年纪，轰轰烈烈不如平静。
绿里奇迹,8.8,全部 29930 条,带着满脸的眼泪和鼻涕泡儿看完的,天使也怕黑暗。,耶稣小传,感人.汤姆 汉克斯的演技很牛～,三个小时太长了  抽出时间耐心看还是很触动人心的
小偷家族,8.7,全部 142708 条,如果说爱你，还打你，那一定是说谎；如果爱你，就会像安藤樱一样紧紧抱住你。（沉溺于安藤樱的美色无法自拔,安藤樱那场在警察局双手不停抹眼泪的戏，演技大爆炸，可以说是年度最佳哭戏！,可惜全部的一点点真心，都只能无声地说给自己听。,电影节给了4星，点映二刷改五星。删减只影响心情，不影响剧情。这是一部看着温情，实则让人绝望的电影。六个人，包含人生各个阶段，小女孩也许就是他们的过去，老奶奶也许就是他们的未来。你说这个世界会好吗？这些人从生到死，无人知晓；被弃苟活，步履不停。临时的家人组成羁绊，相互取暖；真正的至亲者却活在谎言之中，不闻不问。就是这样一种“陌路虽有爱，亲者皆祸害”的循环让你心寒至极。,萍水相逢，尽是他乡之客。是枝裕和依旧乐于探讨血缘与亲情究竟有没有必然联系。所谓小偷家族，偷的不止是能填饱肚子的食物，更是一种能够让灵魂产生幸福错觉的情感羁绊。偷生能不能叫偷？如果叫，那我们每个人，或许都是小偷家族的一员。中川雅也追车看得我哭晕，在海边抽了两根烟都没回过神。
牯岭街少年杀人事件,8.8,全部 39609 条,近四个小时的长片，我一直不入戏，张震也青涩得让我无感，直到Honey的出现，我才静了下来。这个小混混里的前老大，竟然穿着海军服，又帅又温和，席地而坐说起他看过的最厚的一本武侠书，叫《战争与和平》，英雄主义浪漫至极致的悲壮。,外国人一定觉得中国人长得都差不多。,那一霎那我什么也没做，只是捅了你一刀。“原来你跟他们一样，对我好就是想改变我。你好可笑啊，你以为你是谁啊？我和这个世界一样是不可改变的…”,杨德昌最好的作品，长镜与叙事完美相结合的力作。,张震小时候好萌...小明同学你好丑
阿飞正传,8.5,全部 65894 条,"在张国荣面前
所有的大牌都黯然失色",物是人非，你是否还记得那一秒，你到底最爱哪一个。刘德华在张国荣面前暗淡无光。,虽然看不太懂，但片中张国荣实在太让人着迷了~~,“我听别人说这世界上有一种鸟是没有脚的，它只能够一直的飞呀飞呀，飞累了就在风里面睡觉，这种鸟一辈子只能下地一次，那一次就是它死的时候。”  “以前我以为有一种鸟从一开始飞就可以飞到死的一天才落地，其实他什么地方都没有去过，这只鸟从一开始就已经死了。” ,我只想知道最后在小阁楼里露脸的梁朝伟代表着什么
无耻混蛋,8.6,全部 63883 条,"放映室里俩人互相枪击那段,音乐配的太好了，我太想钻进去了",这部电影告诉我们：绝对不能相信美国人！,看到女主角对着镜头外的纳粹大笑，简直肾上腺素爆增啊。,Tarantino 真是电影天才.,红衣女子因为恻隐之心送了命，是少数几个正常点的黑色幽默。。。
香水,8.5,全部 79611 条,这简直就是一部资本主义发展史，出生于最肮脏和腐臭的地方，却追求最纯粹的美，通过杀戮得到迷惑人心的力量，就连最痛恨他的人也甘愿俯首称臣，最后犹如寓言一般消失于这个世界......,有人曾告诉我他不顾一切寻找的其实是爱情的味道，爱情也有香吗？他试图拥有世上最奇异圣洁的香水，当世人在广场狂欢，以达爱与欲的颠峰，他却在最后发现他已失去爱人的能力。没有爱情，香味消失了。他仿佛从未存在过。,丫怎么长得那么像郭敬明？！,看到最后原来是个香水广告,假如理解为对自己艺术理想的执着与偏执的话，真的很棒．
谍影重重2,8.6,全部 24145 条,手提摄影，快速剪辑，身体力行，暗藏杀机。间谍动作片由此洗牌,情节步步紧逼，咄咄逼人，丝毫不敢走神。飙车戏份也让观众看的紧张刺激，目不暇接。作为承上启下比较尴尬的第二部，虽然更换了导演，但仍然很好的保留了前作的风格，还加入了一些新的东西。★★★★,专业谍战片就是不一样，各种细节都非常精彩，悬疑揭秘也扣人心弦，却没有靠复杂的要命的剧情,仇恨不知缘起，总有因果业障，于是只好道一声抱歉，原谅我前尘的孽债。节奏惊心动魄，剪辑狠绝凛厉，欲加之罪的亡命特工正面反击，辗转果阿那不勒斯柏林伦敦莫斯科，连环复仇与自证清白，却难以全身而退。两张相片，分别是刻骨铭心的爱和悔。也许非要失去后才会懂，虚惊一场，乃是生活中最美好的词汇。,伯恩可能注定是孤单寂寞冷的，虽然没有华丽的服饰，超酷的装备，美女勾引，但是飙车，搏斗，杀害，也都很精彩。
新龙门客栈,8.6,全部 35217 条,那时甄子丹还没出名，在演大反派，林青霞因为《东方不败》、梁家辉因为《情人》都红到爆，但该片的最大受益人却是张曼玉。那个风骚入骨的客栈老板娘，成了武侠影史上跳不过去的一页。今后恐怕没人能比张曼玉演江湖客栈里的老板娘演得更好了。,当年看到最后把甄子丹的脚剃成骨头的时候我还吓了一跳,这是香港电影最鼎盛时期的佳作！张曼玉的柔媚，林青霞的英气，梁家辉的儒雅，无一不个性鲜明！,昨晚看完就去睡了，一觉醒来，脑子里还全是林青霞抱着缸子喝酒时的一滴泪；张曼玉不穿衣服唱歌，裹着“龙门客栈”的旗子从屋顶跳下来，亦正亦邪的眼神让人看不透，只甘愿被她电死；还有梁家辉一句“我没有你那样的勇气面对沙漠”。有些电影就是这样，一切都恰到好处。话说一直以为是徐克拍的啊🤔,张曼玉将金镶玉风骚入骨敢恨敢爱的性格刻画的入木三分。林青霞和梁家辉亦将江湖儿女的情怀与抱负演绎的丝丝入扣。其它一众配角个个可圈可点，经典之作。
猜火车,8.5,全部 60555 条,令人惊艳的马桶,墮落也需要天分。,啊，马桶世界无比神奇,从马桶走出来一个牛逼的伊万麦克格雷格，这也就是丹尼博伊尔的最高成就了，他对人生啦对艺术啦对人性啦追求也就到这了，有这一个五星片也足够了,平淡和琐碎是生活的本质。我们即使不甘不愿也不得不承认我们需要它向往它。★★★★★
源代码,8.4,全部 110696 条,後面有延續的結局才是perfect！！！而不是傻逼的在那個kiss的時候結束！,还好结局不是停在最后那一吻上，否则我给不了五颗星。希望在美好时停住，其实是内心脆弱的表现。从美好开始，延续下去，才饱含未来充满的坚强和希望的力量。谁的人生没有遗憾？但你要相信，在另一个世界，那些遗憾会被弥补。,8分钟重启一次，不带存档的。,不赖，但是看着没什么心潮澎湃的感觉，激动不起来,继《月球》后，导演邓肯·琼斯再次带来的精彩之作。情节紧凑，逻辑合理，想象力毋庸置疑。作为科幻电影，虽然动作场面少，特效场面少但却始终引人入胜，牢牢抓住观众。唯一有待商榷的就是结局，如若停留在那一吻，或许会更棒。★★★★☆
谍影重重,8.6,全部 36018 条,同类片教材片，唯一遗憾是女一丑。,没有想像中精彩，国外版本的“我是谁”……,简洁有力,只有动作片，才能如此深沉霸气地表达人类的困境吧！,最后一个杀手内忧郁的眼神呐~~~~
战争之王,8.6,全部 31857 条,从影帝蜕变到烂片王也是需要一定的气度，就如同影片最后他被家人抛弃被抓到监狱却十分镇定一样。这片子政治隐喻很多。,喜欢Nicholas Cage片中的表演，影片立意很高，最后的对现实的讽刺稍有些直白。,他弟死得毫不合理,记得住的几部片子之一~很羡慕主角~并不觉得他失去了什么~,记起深夜独自观看这部片子，巨大的投影幕前..一个关于俄国移民铤而走险，爱上人，走大运，终于离开心爱的孩子，变得无比冷酷，被抓却又被体制放生的故事——尤里特地将生意和生活分得很开，但无论是弟弟还是妻子、家庭，一次又一次地卷进去.最后不得不丧人性.孩子拿着铁丝弯成的枪射击，暗示颇深远
青蛇,8.5,全部 52638 条,每个女人，也希望她生命中有两个男人：许仙和法海。是的，法海是用尽千方百计博他偶一欢心的金漆神像，生世位候他稍假词色，仰之弥高；许仙是依依挽手，细细画眉的美少年，给你讲最好听的话语来熨帖心灵。,作为一个性格被阉割的男人，青蛇那一剑捅得好！,"姐姐，你为了一个许仙放弃千年道行，值得吗。
",真正觉得不辜负原著的一个电影,我们以为白蛇迷恋的是许仙，青蛇勾引的是法海，实际上真正的爱情只发生在青蛇和白蛇身上。
地球上的星星,8.9,全部 32073 条,主演就是导演啊...真有才,"我们中间一直都有那样的人,,想要改变世界运行的规律,,因为世界在他们眼中是另外一个样子.他们想法很独特,并不是所有人都能理解他们,他们被孤立了,但他们可能是最后的赢家那时世界将会被震动。",内美术老师能少哭两回我们就给5颗星了,相比起如此优秀的电影好莱坞现在的大部分片简直是biggest joke ever,这是我看的阿米尔汗的第一部电影，其实每一个孩子都是一颗星星，都有自己的闪光点，我们应该去发现。
城市之光,9.3,全部 13993 条,最后一个眼神的特写，直指人心,还真是第一次看卓别林的电影，不简单啊，八十年前的小动作到现在还能把人逗乐，这才意识到成龙最成功的那些动作喜剧都是跟卓别林学的。昨晚在音乐厅看得这片，我市交响乐团伴奏，伟大的默片配现场伴奏真是难得的享受,9.1；當天街角流過你聲線，沿路旅程如歌褪變,高清版，于是拳击那一场看到威亚了。挂钩上的拳击手套落下，正砸中夏尔洛，分明看到是一根细线牵下来的。,【B+】说实话，卓别林式的幽默放到今天确实有些过时了。但幽默并不是卓别林电影的唯一意义，剧本放到今天来看都很棒，对小人物的刻画也是一如既往的出色。不过还是更喜欢摩登时代
血钻,8.6,全部 33756 条,但愿看过这片子的人以后都不再向往钻石,好题材，好风景，好音乐，好演员，普通片……,来昂非凡的演技，非洲大陆的美丽风景和血腥现实。,每个国家都曾经是非洲,钻石，华丽的毒品。 迪卡普里奥，自从无间行者开始已让越来越多的人重新认识他，并知道泰坦尼克之后他一直在努力。 ★★★★
浪潮,8.7,全部 45762 条,奇怪的不是獨裁者而是服從者,由个人魅力领导 不平等社会因素推动的独裁主义遏制除领袖外一切个人主义 妄图以集体的力量去对抗所有不平等 逃避现实 忽视个体的重要性 只要还有贫富不均 那么法西斯主义的民众基础永远都会有的 ,浪潮的手势和上好佳广告里的手势95%相似。,只用了五天时间的“微型纳粹养成课“，最正常的学生往往是最不正常的。,存在即是合理，没有什么主义生来就带着正与邪，集权主义相比自由主义，首先在效率上就是天上地下，对于弱势群体的保护也是自由主义不能相比。为什么最后会走偏，症节就在人的劣根性，这是无解的！马克思哲学提出以变化发展眼光看问题就是这个道理。有人参与其中的任何思想或运动，到最后一定会脱离初衷
朗读者,8.5,全部 57370 条,要不是那天的呕吐，也就不会有这么一段爱情。,汉娜热衷于倾听朗读，她对文化世界中的美好事物的向往越强烈，她对自己文盲身份的厌恶和恐惧也就越强烈，这是同一种感情的两面。这让她近乎疯狂地走上了一条维护、追求尊严的道路，为此不惜撒谎，抛弃工作和爱她的人。为了守护秘密，你会走多远？,"Only one thing can make a soul complete, and that thing is love.",看了爱乐之城，毫无感觉，还以为自己麻木了呢，翻到这部片子，一对比，才知道不是我的问题,还好她选择了自杀……
彗星来的那一夜,8.5,全部 79243 条,镜头晃啊晃啊晃啊晃啊八个人叨逼叨逼叨逼叨逼停电了继续叨逼叨逼叨逼叨逼卧槽多重世界还是叨逼叨逼叨逼叨逼死人了杀人了昏倒了天亮了完全疯了~~~引入薛定谔猫实验，借着平行空间，用混乱叠加的时空展示量子力学理论或揭露黑暗人性都显得过于牵强。,平行时空不稀奇，神奇的是各路平行时空的交汇之后混乱的生活，看完真的有点恐怖。★★★★☆,真·烧脑，认真看了两遍。第二遍主要注意一些细节，杯子啊衣服扣子啊还有走错门二人组拿箱子跑的时候塞进去的隔热手套……最后总结，如果以女主视角来看，到她落单遇上伪老公吓回屋子往后，身边已经没有一个是最早跟着出来的那拨人了，一个觉得自己被全世界抛弃的人其实做出什么来都不奇怪啦,极低的成本，靠对白和设定竟然构建了一个还不错的故事，手持摄影比较克制，家庭DV的效果正合适本片想要营造的氛围。最后那一通电话，比较多余，其实停留在两个戒子的画面，会比现在这样好。,叨逼叨叨逼叨叨逼叨卧槽停电了叨逼叨叨逼叨卧槽那些人是谁叨逼叨叨逼叨卧槽多重世界叨逼叨叨逼叨死人了杀人了昏倒了天亮了完全疯了的片子设计感很重但是巧妙，不过最后居然是部女性心理研究片。惊喜稳步送上，最后几分钟简直超乎想象。【卧槽怎么有人抄袭我短评啊】
步履不停,8.8,全部 46809 条,我了解关于生命的哀伤，总是静默的，漫长的。,"夏至横山家，
小津屋檐下，
周围二三事，
外婆炸玉米，
攀折紫薇花，
追逐黄蝴蝶。
淡然疗心伤，
四肢渐愈合。
有了伴的路，
步履停一停；
牵了手的手，
岁月不回头。
",试图用一个特殊的日子来讲述横山家数十年来的漫长岁月，不运用任何插叙，只是让时间一点点流过，从各人间的对话中了解这个家庭久远已逝的一切哀痛压抑温馨喜悦，然后日子还得淡淡前行。每个人物都刻划得立体有力，但是片长四分之三再往后有些情节：如蝴蝶入屋、孩子晨祈愿、多年后生孩子也开车等稍刻意,是枝裕和的巅峰之作。淡淡的散文化叙事，琐碎平静的日常生活深处潜伏着暗流与潮涌，不动声色而令人莞尔的细节，可爱丰满的人物，凝练而善于留白的对白，耐人寻思的镜头里，是小津逝后的导演们再也拍不出来的日本，和至纯的醍醐味。,生活尽管再平静偶尔也有波澜 不停走着有些东西还是趕不上。
疯狂的麦克斯4：狂暴之路,8.6,全部 82280 条,近年来最具作者性最有风格的好莱坞动作片，且完成度极高，其存在堪称奇迹。单是前30分钟就已经嗨翻天，风暴戏的配乐简直神来之笔！邪典味的疯劲贯穿全片，文戏少没废话直接爽，如此雄性的动作电影竟然没有直男癌反而讲了一个女权觉醒的故事，片中每一个女性角色都实现了自我价值。PS：电吉他碉堡了！,勉强上5星。很爽，这个爽并不来自动作，而来自各种邪典的设计。镜头和剪辑也很到位。有些邪典设计实在太逗了，一帮人开着改装车掐架，旁边还有个弹吉他助威的，后面一片大喇叭，这个场景可以进年度邪典场景前10了吧。,教无脑CG片做人的节奏。,情节？情节？老子的贝斯都可以喷火了！还要特么什么情节！,乔治米勒打造的末日世界完成度之高毫不逊色于中土和潘多拉星，应接不暇的追车打斗和爆炸的场面设计不断刷新着观众的极限，结尾更是将主题升华成一出女权主义的颂歌；如果将本片比作一部奔驰的法拉利，素鸡最多算辆轮椅
色，戒,8.4,全部 74815 条,我怎么一点不觉得色情呢。。。。,好一个汤唯,从头笑到尾 抱歉。。。王力宏的出演简直是本片最大的灾难。。。,李安的控制、梁汤和几个配角的表演，台词，场景，摄影，剧本，音乐，都几近完美。非要挑骨头的话，大概就是抗日大背景交待不够，无法形成王佳芝愿意作如此牺牲的充足理由。,对，我是一个很在意细节的人，甚至有细节偏执狂的倾向。我喜欢王佳芝的嘴角总是倔强地微微翘起，在父亲寄来结婚照片她发去贺信的时候，在她为了王力宏那一心复仇的疯狂甘愿把自己最宝贵的给一个不相干的人的时候，在她接到梁朝伟太太电话的时候，在她和他纠缠在一起的时候，在她看到足以让世界上所有女人疯狂的“鸽子蛋”的时候，在她确认自己是真的爱上他救他一命的时候，她嘴角的弧度，堪称完美。
遗愿清单,8.6,全部 46956 条,在电影最后卡特的念白声中，科尔来到女儿家，俯身亲吻美丽的孙女，随后划去“亲吻世上最美的女孩”，我就开始哭，一直哭到电影结束，太温暖了，这个故事仿佛离我很远啊，可我为什么会被感动成这样子。,渐入佳境，直击心灵。老卡特的问题：在你的生命中，是否有过欢乐？那你这一生，有没有给别人带去快乐？爱德华的经验：想尿别谦让，硬了就快上，屁要小心放！,喜欢定好小计划然后一一划去的小成就感,Fing the joy in your life...在巴黎吃早饭，去香港吃午餐，溜弯儿到长城飙摩托，插缝跳伞，赛车，开飞机去金字塔和泰姬陵……两个老头去全世界旅游，用剩余不多的时间，去燃烧他们的整个生命。我也想如此来一次生命的释然！“这个故事里总有一些你因为今生没有做过而无限懊恼的事情。”When he closed,"so one day when i go to some final resting place,if i happen to wake up next to a certian wall with a  gate i hope that you are there"
大佛普拉斯,8.7,全部 65798 条,「雖然現在已經是太空時代了，人類可以搭乘太空船到達月球，但卻沒辦法看穿每個人心裡的宇宙。」,生而平等是不存在的，死而平等也是不存在的，唯有人类永生的孤独是众生平等的。,有点茶馆听说书的感觉。市井乡氓的卑贱生活，乱象丛生的台湾社会，咿咿呀呀的旁白带来拍案惊奇的效果。在低俗猥琐中接地气，在黑色荒谬中怜悯，人生已是烂泥打滚，揣着一颗佛心才能普度——对小人物来说，平安是福...,放在华语片大年依然是一骑绝尘的好 诙谐过后透着悲悯 前50分钟是小聪明 后50分钟是大智慧,殘酷的是...僅僅是觀看這些人的日常生活都有些獵奇，把悲傷的事情用喜劇來表示，更顯荒謬
小萝莉的猴神大叔,8.4,全部 82957 条,近期唯一泪眼朦胧的电影，不能说电影拍的有多好，只是题材上升到了一种高度，宗教，政府，国家其实都是为人服务的，在爱的面前，这些都要让路，人性是能冲破这种种隔阂最后让奇迹出现发出呐喊声音的，也能判断是非对错的，哪怕那些违犯法律，制度，可这尊重人性，最后的最后那场景的确很震撼。,不说了，洗脸去了,9.有两部宗教相关在前，还可以上升到核心问题。是该片最成功的能量之源。用温情、歧视、信仰和煽情包装的政治隐喻片。折射的却是千百年来相似的问题。从自身宗教的教义瓦解，到全民价值观的取胜。影视剧里帮助完成的，是现实胆小冷漠旁观。“世上所有的安逸都在你脚边，信徒在你仁慈的庇佑下无所畏惧”,太好看了！歌也好好听！哭了好几次，太感人了,1.故事开场的设定还是偏向悲剧的，直到小萝莉遇上猴神大叔才开启喜剧模式，……看得我“悲喜交加”；2.再见《三傻》的Pia，只是如今的Rasika变得更加“丰满”了；3.风景摄影太美，沙希达在山坡奔跑的画面瞬间联想到《阿尔卑斯山的少女》；4.结尾的分别戏怒赞（加★），直接将寻亲主题升华到民族矛盾！
再次出发之纽约遇见你,8.5,全部 73683 条,Keira Knightley的衣服真好看，穿出一种闲闲的、不用力过猛的精致。平胸果然是王道，轻盈、削薄、纤细…像未发育起来的小女生，又像清秀版的小男生。只要不用那著名的下巴颏演戏，KK也不是很讨厌嘛。Mark Ruffalo这只卷毛，每次出来我都想让女猪脚跟他滚床单否则不能尽兴究竟是什么心理。,电影给4星，歌曲加一星。原声带真的是要进入本年度最佳电影原声候选了。,一部好听的电影，来自《曾经》导演新作。由音乐串起来的电影，音乐密布全片，角色的快乐、难过、愤怒、释放，所有表达感情的方法都是音乐。由于原声非常好听，观众也很接受。影片关于一群音乐文青如何用他们的独立音乐对抗世界，虽然很理想主义，但愿望是美好。音乐从心开始。,用音乐写给城市的情书，不算新鲜但很讨人喜欢。,好听、好看的小清新。最棒的是两人没上床，连个吻都没有。
追随,8.9,全部 30956 条,诺兰的牛逼来源于内心散发出的恐惧。,虽然你行的是鸡鸣狗盗之事，但也不用摆出一副鸡鸣狗盗之相,两个发现，一个主角叫Cobb，另一个主角房门上有个蝙蝠侠标志。,关掉声音你会以为这是新浪潮。,天哪，太厉害了，一步步把人引向深渊，不论是男主角还是观众！这就是几千美元成本的电影啊，真是一切皆有可能。。我是多么喜欢最后一个镜头啊！诺兰是神啊。。。
聚焦,8.8,全部 48173 条,唯冷峻克制的表达，更具“于无声处听惊雷”的震撼效果。,四星半 其实我觉得最能挖的是rapist may have been raped这一点,事件的真实性震撼人心！对系统的拷问，对记者工作的刻画（比较更戏剧性的Newsroom)，对事件进展本身的关注而不是沉溺于廉价的抒情，对几位主要记者不同角度不同态度的有节制的描绘，都为此类社会传记剧情片的最高标准做出了表率。不断询问something bigger，我想这该是一切艺术形式的终极责任。,一部非常沉稳扎实的investigative thriller，再现聚焦报道组调查大批天主教神父性侵儿童丑闻的攻坚过程，原报道曾获普利策奖，电影也如厚重的纪实文学，抽丝剥茧，丝丝入扣。基顿、鲁弗洛不动声色展露极高表演水准，麦克亚当斯状态也不错，片很有奥斯卡相。基顿在办公室尽头接电话一声喂聚焦，收尾太棒,国内记者看来更像是一曲纸媒悲歌，近年国内调查新闻环境每况愈下，传统名牌报纸、电视调查栏目纷纷衰落，不仅仅是舆论环境持续收紧，未被政治打败的，也被资本击垮了。对我们而言，这是一部屠龙之技的鸡血片。
东京物语,9.2,全部 23815 条,刚到东京的时候，妈妈说：“原来东京这么近。”决定离开东京的时候，妈妈说：“东京真的太远了。”,东京那么大，如果有一天走失了，恐怕一辈子不能再相见……,这部电影里可以看出的东西太多了。比方说如果注意了尾道家中的鸡冠花，就会明白黑白影像为彩色影像所不能取代的魅力。母亲在热海的防波堤上说，“东京游览过了，热海也来过了，可以回家了”真是对人生非常隽永的总结啊。,黑白画面里孩童歌声中远去的火车，我怎么可能受得了这种画面呢？各自的寂寞难以传递，说到底人活着还是为了自己，我很难过。,小津用他的奇特装置拍出他想象中的日本家庭，害得温德斯跑到东京去寻找所谓的日本，而那早已不存在了，或者说，从来就没有存在过。
一次别离,8.7,全部 49250 条,伊朗人至少有信仰,真心好片，基本可以给五星。肯洛奇（重叠对话）+达内（手持摄影及剧作）+基斯洛夫斯基（道德故事）却不失伊朗本身的位置，基本超出了东方主义的规定。故事做得很复杂（只是因为拿掉了两个关键镜头！），拿捏“政治正确”真是精到舒服，可怜之人必有可恨之处。空间设置很精细，剪辑风格大赞。光糙了……,人与人之间的隔阂，阶级与阶级之间的对立，信仰与现实之间的两难抉择。没有对错之分，只有立场的不同与现状的无奈。,两个平凡的家庭被卷入了一场谎言与真相，道德与信仰的风暴，片尾法院走廊上的夫妻俩中间隔着破碎的大门，看似能轻易跨过却实则深如鸿沟。人与人之间的理解和包容总是这样触不可及。影片始终让观众跟角色们一起处在焦虑怀疑矛盾的情绪之中，直到字幕出现都仍在等待某种答案。或许这本就是一道无解之题。,你有你的谎言，不代表我没有，你有你的固执，碰巧我也有，你有你的信仰，我也有我的信仰。如果没有信仰，如果在一个没有信仰的国家，本片无从谈起，在中国拍这个主题的电影只会成为喜剧片。
驴得水,8.3,全部 157485 条,这样的剧本，这样的电影，任凭你们怎么说风凉话，都休想模仿出来，国产片的普通货色离它差距太大。,幸好有个民国，不然借古讽今都没有抓手,过去的如果就让它过去了，未来只会越来越糟！,对人性的描写太精彩了，中国的好编剧是不是都去写话剧了。女一出色。有人嫌话剧感太重，我倒觉得没有问题，起码是好看的，总比电影感十足的烂片好看。,这个笑话还真把我看哭了，惊喜之作，比夏洛特烦恼的故事高明，但电影感较弱
黑鹰坠落,8.7,全部 28427 条,非洲兄弟命贱，一死一大片！,传说中的欧美男神群芳谱，AKA我的墙头是怎样在一部电影里连成万里长城的。,这是我看过的美国战争大片中最为经典的一部,电影成功告诉我们：任何正义或非正义的战争，带来的只有“残酷”！漂亮的剪辑，紧迫的音乐给了我们最真实的战争场面,老美视角而已
我爱你,9.0,全部 30227 条,你说，如果到人生的尽头，还没找到牵手的人，那咋办啊？,對不起，我是個膽小鬼，沒有妳我怕活不下去。,第一次看没有偶像撑脸面的韩国电影，题材温暖的让人泪流满面，演技精湛的让人唏嘘不已。关于爱情，我们懂得还太少。力荐力荐力荐力荐力荐！,"“我是个胆小鬼，没有你，我怕活不下去。” 
",我曾经也想那样老去
千钧一发,8.8,全部 37854 条,为什么只有5星？全宇宙的星辰都属于你。,当你有梦想 全世界都会帮你,古怪的老电影气质，很励志，有点基。世界若是真的如此不公平，那我们就集体作弊去吧。,长伊桑霍克这样的被认为是基因差……,科幻版天才雷普利
发条橙,8.5,全部 51195 条,我也想买那个瓷的大JJ,看的差点儿吐了~~~,经典的3p节奏..漂亮干净的画面,没办法。。。谁让咱假装是文艺青年呢。。。很喜欢,“我完全康复了”
E.T. 外星人,8.6,全部 26850 条,断断续续看过很多次，而且都是很多年前，看完整版还是第一回，自行车突然飞腾的时候多少有些激动。童心与童年爱做的梦，属于童年的故事。,小伙子骑自行车是十级水平，可以代表国家参加奥运会了。2015.3.24成都,无比美好的科幻童话，触动心底那最柔弱的神经。,电影很好看！小孩子们真的是特别的天真和单纯的群体！,ET被抓进实验室，小埃利奥特也一病不起。孩子们愤怒了，他们自发组织起来，营救外星人。埃利奥特也在心灵的感召下苏醒过来，加入营救行动。他们能成功么
网络谜踪,8.6,全部 97436 条,从头到尾都是电子屏幕这个设定太酷了！导演在形式主义上做到了完美。一个父亲在女儿失踪后抽丝剥茧的寻找真相，各种峰回路转都暗藏铺垫、合情合理，还有亲情的对比反思。是不是今年最好的悬疑片不好说，但绝对够原创、够新颖~~~感谢互联网救命之恩！！！,三星半。感谢google，感谢facebook，感谢twitter，感谢gmail，感谢youtube，感谢youcast，而我一个都上不了,看似牢不可破的密码，跳转几次邮箱就可破译；看似无比相熟的女儿，连吸食大麻都未曾知。本来代表身份的头像，竟是无需版权的图库模特；本来孤立寡言的女孩，却在直播软件里袒露心扉。最亲近的女儿却比密码还难破译，最沉默的女孩却比模特还健谈。面前提供海量信息的屏幕，当你在凝视它，它也在吞食你。,啊 真的好厉害 哎 真的很厉害 学长终于接了一部超棒的片 非常显演技了（。,全程通过一个桌面，把案件的悬疑性带到那么强的地步，佩服！有个细节很赞：当爸爸首次听说汤不热，搜索的是Tumbler，谷歌推荐的是Tumblr。嗯，细致的推理逻辑可见一斑（请点赞）~
四个春天,8.9,全部 43084 条,我自己的片子，我打五星。。。⁄(⁄ ⁄•⁄ω⁄•⁄ ⁄)⁄,真挚的记录，有一对普通老人能遇到的欢乐：香肠熏得好，燕子回巢，邻人送来腊梅苗，「闹热」。也有一个中国家庭能遇到的悲痛，这些我的祖辈也有，但十多年来一直被大家刻意回避掉了。片子叙述极为简洁朴素，没有任何刻意的技巧。凝练了日常生活的韵味，又高于日常生活，这个家庭的生活自有旋律，就像那些餐桌边、山野里、病榻上、坟前、旧视频里响起的歌声。,最喜欢父亲兴高采烈地说“今年燕子又来了”，母亲：“我喊你爸少高兴一点，到时候这些燕子一走，心又灰几天。”,观影完，有人说想到沈从文笔下的湘西，但我第一反应想到的倒是《徒然草》里的一句话：“仔细想来，我在世上已经了无牵挂，只对于时序节令的推移，还不能忘怀。”时光迁流、景致变化，在东亚文艺传统中原就包含了最深的人生感受。日本电影《古都》也是。现在倒是中国人多失去了这种敏感。,"豆瓣青年‘哉悠’生活图景：
找到一个知心人，
拥有一幢小房子，
楼顶垂下迎春花，
天井池塘养金鱼，
再养一头小猫咪，
再养一只土狗子，
不生孩子也可以。
你写字来我浇花，
你吹笛子我饮酒，
一起上山去采蕨，
一起唱歌炒肉吃，
屋后一株花椒树，
树下铁桶熏腊肉，
老了去做养蜂人，
哉悠，哉悠，
闹热，闹热~
天井看月亮，
天井看烟花，
天井看白云，
天井落雪了，
春天燕子飞走了，
春天燕子飞回来"
撞车,8.6,全部 42470 条,《断背山》因你与奥斯卡失之交臂。,奇迹、正义和爱皆无处不在..先说缺点：收尾相对较一般，加入中国人稍有做作感，父亲是糖尿病的警察的那条线，主轴上稍微有些交待不清，奥康纳那条线也有些不够力度..除开这些以外，通过各种犯罪来探讨种族与隔膜并非新鲜事，但仅仅那双隐形的天使的翅膀，仅仅那一组镜头和铺垫就已经值得五星的评价,有点太假的感觉。,表面上是在探讨种族间的偏见与冲突(crash)，本质上是在讲人性的和解与救赎(touch)。,每个人都觉得自己是社会不公的受害者，有的消极待世，有的怨天尤人，有的冷漠对待身边之人，有的则欺凌弱小，殊不知自己也成为了制造社会的不公的轮回的一分子，幸而每个人都有良知，今天的坏人明天也可以是好人，所以，还要怀有希望，五星 
变脸,8.5,全部 36141 条,当发哥的风衣、墨镜出现在了凯奇身上，当凯奇在教堂唱起“哈利路亚”，我完全被他迷倒了~~,"当尼古拉斯·凯奇从监狱顶楼一跃而下，海平面震荡的水花是一个男人恐惧的表情，而当他迎面走来，鸽子飞过扬起的衣角是一个父亲愤怒的心。孩子耳朵里悠扬的歌声稀释了枪林弹雨的场面，那最初的暗战和最后温馨重逢，一切的心机都敌不过一个字那就是爱。白鸽圣殿级的作品，恐怕再难突破，感谢吴雨森。

",白鸽……又见白鸽……,说实话，换脸变成另一个人是一件很可怕的事，想一想在变成另一个的时候可以无视道德和法律的约束，会不会在变换的过程中迷失最初的自己,都说眼睛是心的窗，但这两位叔连眼神都能无极切换，毫无压力。以前看完这片就一个想法，演员真是不能信，装什么像什么，太会忽悠了。虽说是经典，但编剧到底还是没有脱出套路，满是吴宇森的签名镜头。三星半。
梦之安魂曲,8.7,全部 42637 条,一部极好的反吸毒电影……,憨憨说看了这片你就不想吸毒了，恩，真不想了,所有欲望都消失了。只有两部片子让我如此悲伤，悲伤到呕吐：一部是《幸福》，另一部就是《梦之安魂曲》。,哇，那条胳膊！哇，那棵管子！哇，那两张屁股！哇，我要吐了……,由光明坠入黑暗的逆行过程，把外壳剥去，把他人屏蔽，把世界上的光线统统浇灭，一个人在床上蜷成胎儿在子宫里的姿势。黑暗是光明的一部分，更隐匿更深层，却也更难以割舍。孤独迷惘的时候最难抵抗魔鬼的邀约，单纯乐观的时候需要直面沉重来推动成长，并由衷相信那是好事。我是阳光少女所以我爱这神作。
