book_name,rating_num,comments_number,top_comment_01,top_comment_02,top_comment_03,top_comment_04,top_comment_05
红楼梦,9.6,50149,最好的小说。,"第一次看《红楼梦》，是小学五年级。因所有人都说，这是部名著，于是，期末考后，怀着极大的敬意与耐心，准备好好下番苦功夫。不曾想，从头到尾，一点不打绊儿地，没花多长时间，就囫囵吞枣地顺利看完，幼小心灵还因此生出些疑问：怎么一点儿不象名著呀，即不难懂，也不深刻，不就是些家长里短的故事集锦吗！

    留下印象的，不是爱情纠葛，不是阶级矛盾，不是白茫茫一片真干净，而是当时粗糙日常生活中，一些根本无法...",我觉得史湘云是最真的一个女子 黛玉 你就天天伤心吧。宝玉 你就天天游走在各个姐姐之间吧。宝钗 你就世故圆滑你的吧。唯独我的湘云手帕包花作枕醉卧青石凳，蝶舞翩翩。唯独我的湘云真真的直言快语管你是太太还是姊妹。唯独我的湘云妙语连珠诗词连篇造就“寒塘度鹤影”,盛衰之理，本为天命。然而人心就是如此。眼见得他起高楼，于是便不忍心见他楼塌了。见过他鼎盛的时候，再看他的衰败就无比心酸。而更加可悲的是，目睹这场哗变的你，本就是这戏中之人。,长这么大，到今天才把这部奇书读完。觉得并没有那么多微言大义，倒是曹雪芹的文笔实在了得，对人的那些细腻情感拿捏得十分到位。特别想说的一点是，坚决认为林黛玉不能算是什么完美的理想主义者，她非但不完美，而且是毛病最大的一个。所有的问题又都归结于三个字——看不开！
活着,9.4,101700,读《活着》的过程我很平静，除了有庆献血而死的描述让我呼吸急促。在那个年代像福贵式的悲剧小人物多如牛毛，他们愚昧，勤劳，坚强，隐忍，他们被时代的洪流裹挟着无法喘息，唯有努力活下去才能活下去。福贵的悲哀是每一个中国人的悲哀，谁都无法幸免。第一次读余华，他看似沉重冷静的描述却字字见血。,眼里看的是别人的故事 心里想的是自己的生活,我看着那条弯曲着通向城里的小路，听不到我儿子赤脚跑来的声音，月光照在路上，像是撒满了盐。,“人是为了活着本身而活着的，而不是为了活着之外的任何事物而活着”,一打开就一定要看完才睡！
百年孤独,9.2,77836,多年以后，面对 iPhone9，正在发送朋友圈的我将会想起独自一人阅读羊皮卷的那个遥远的夜晚。那时的我坐在书桌前，以几乎不动的姿势一页页的翻阅，眼前的文字在昏暗的灯光下像水一样流过。不可思议的是，沉浸在这由难以承受的痛苦和无法摆脱的孤独构成的故事中时，我竟然涌起了类似于平静恬然的情绪，那是一种比夜晚幽会中疯狂而短暂的快乐更平和深沉的感觉。就好像我知道人终究会老去，但在阳光打到脸上的瞬间，仍然忍不住...,家族谱太混乱，刚看的时候觉得：这么丧尸居然能是名著。看完以后觉得：这么丧尸不是名著太他妈浪费了...,回忆没有归路，春天总是一去不返。车窗外瞬间闪过世间万象，如同将一首飞逝的长诗撕成碎片向着遗忘之乡一路抛洒。,14年间中文读过5遍以上，英文两遍，被水银泻地般的语言携裹到终章时，内心的激动依然不可抑制。那感觉仿佛是亲手将一件精美而无价的珍宝摔碎在地，带着一种秘密的，幸福的震颤 ,一开始我还为华丽的辞藻，荒诞的情节，冗长的姓氏感到烦躁不堪，但随着故事的深入展开，我才发现我错了。那么繁复的一大家庭，七代人的辉煌与落寞，激情与孤独，坚毅与懒惰，世俗与超脱，疯狂与冷静，就这样蔓延开来……叫人感慨的同时不禁也要叹惜一下，孤独的何止是百年
1984,9.3,33277,1984在微博已经成为非法内容了,“我写1984是为了警醒世人，不是他吗的操作说明。”🙃,如果一个政府没有把这本书列为禁书，它的原因一定是：觉得我们不够民主不够自由？看看这本书吧！,看到“那本书”里的内容，令人咋舌，那一段完全可看做乔治奥威尔的个人政治观点阐述。这样精彩的书却被许多人只当做黑天朝黑党的工具，实在太狭隘，乔治奥威尔的担忧是根植于人性的，而不仅是对某个政治派别,这遍读的感受在于发现：爱情和集权政治的共同点是：献身！
飘,9.3,27014,一本好的小说不是爱情小说，不是历史小说，而是一本社会性的小说．,我能说“tomorrow is another day.” 这句话对我人生影响很大吗？,我读的第一个长篇小说.,初中看的时候就觉得斯嘉丽好不一样，看过电影之后更是觉得。原来人从幼稚任性成长到坚韧无所不能只需要一个契机，而这个转折点一定是痛苦。如果可以慢一点就好了。,差不多半年的时间间隙里重看了一遍。快结束时，巴特勒问斯嘉丽多大了，她答28。我突然被狠狠震惊到，两次看书，几次看电影，都觉得看了他们蓬蓬勃勃跌跌荡荡沧海桑田的一辈子，可她才28！
三体全集,9.4,6912,无法评级，看完第一部觉得不错，第二部看到一半就推进不下去了，弃书，看的内心太沉重了。,他们说，读完这套书以后，再抬头看星空感觉就不一样了。嗯，是这样的。,这么个硬核的科幻是怎么装下了程心这朵白莲花婆娘的…,第一点，作者有些话唠，难道是科幻小说界的语文老师吗？！写那么字难道是为了赚稿费哇。@第二点作为三体小说的第一部，感觉很平淡啊，没有那么想象中的精彩，到最后结尾就都成了虫子吗。第三点，因为是第一次看科幻小说，难道科幻小说的宇宙观就酱紫吗，感觉虽然描述的很宏大，但很空洞。故事的结构性不是很强，作为小说而言，章节性的断裂不连贯。看完第一部总体感觉没有看第二部的必要了。目前看到第二部中部，果断弃，看不下去...,不过三部下来可以确定的是，刘老师的女性观真的有问题……
三国演义（全二册）,9.2,14091,讨厌尊刘贬曹!,四大名著中最先看的一本书。不过当时在看时，倒不是跟着传统盲目崇拜起刘备关羽来，而是对被作者百般贬低的人物产生研究兴趣，如周瑜并不心胸狭窄，鲁肃并不平庸，草船“接”箭的是孙权，被关兴杀死的潘璋和孔明同年去世，袁绍深得民心，吕蒙“士别三日”，另外张飞有文采……,我忽然觉得“治世之能臣，乱世之奸雄”其实不是贬义。,这书我看得特慢，只要出现一个地名我就想在谷歌地形图上给找出来，然后细细从战略层面揣摩用兵之道。特别是街亭之战，光在地图上找到街亭这个屯兵的小谷道就花了不少功夫，刚开始始终想不明白这个离汉中十万八千里的地方到底哪儿重要，后来研究了下才知道古时天水通长安的道路并非沿渭水河谷顺流而下，而是走官陇古道，街亭正处于古道的咽喉之处，蜀丢街亭就意味着把背后留给了魏国，腹背受敌，命都难保。总之这本书值得对着地形图...,看的是再版的，好惭愧啊应该是小学时候就读的书。
白夜行,9.2,67213,读完《白夜行》 深感自己的生活简单而阳光 心情大好 o(╯□╰)o,实在是不喜欢东野圭吾的书 这本虽然一直很想拜读 但其实看完了也就这样 不明白为什么这么多人感动得鼻涕眼泪一起流 ,一般推理小说让读者做侦探。作者是最后的法官。。。东野圭吾一点都不屑这一套。把所有的线索一点点浮现出来，任由你拼凑组合，却直到最后一页也不肯把真相说死说穿。是是非非十九年。原来我们才是这个故事最后的法官。,"其实一开始就猜到凶手是谁，可是还是忍不住一直读下去……
真的，一直到最后一句话，寥寥一句话，一下子就把心情变得好差
这真的是一句话见功夫的阿",她一次都没有回头。
福尔摩斯探案全集（上中下）,9.2,11388,6岁上下，我所读的是最早的版本，并不是这个，而是带黑白插画的素面版本。当时甚至看不懂..只知道文字非常好，最喜欢的无过于四签名和血字的研究。稍大些后再看，仍然最喜欢这两篇，这一套书可以说是我的（同时也是很多朋友的）推理启蒙了吧。,这个应该是我人生中第一套书。。。。刚会认字，还不知道“犹他州”（印象深刻）为何物的时候，就在看男主角们搞基了，情何以堪。。。,想重温一次的，可是发现每个故事都已经深深刻在了心里，我拥有的那本盗版的纸张很糟字很小却没有错字的福尔摩斯陪伴了我整个小学，这本书对我的意义不只是一本书而已了，福尔摩斯，3Q,我最爱的侦探小说！！！！！,一直被模仿，从未被超越。
动物农场,9.2,16367,实在是这样。想分清“猪”和“人”太难了。活的最好的还是老本杰明那样的。,再也分不清猪的脸和人的脸,为什么社会主义屡屡出现极权统治和个人崇拜？这是个值得深思的问题。,我还是一直幻想着雪球会杀回来再次解放动物们，或者动物们自己醒悟过来推翻极权，正如我还是觉得现状有改变的可能。,如果每个愤青都能有这么深刻清晰的思考和认知，那“愤青”就不会像现在变成“傻逼”的同义词了。  小说写的特别特备特别牛逼，不愧是经典哇~
小王子,9.0,105962,It is the time you have wasted for your rose that makes your rose so important.,他像一颗树那样倒了下去,不能理解的是，為什么它忽然紅成這樣？,读了好多年，终于读完了，但是实在共鸣不起来，虽然知道那些道理，但真的觉得没什么了不起啊，是我还太幼稚吗？,第一遍读时，我才4岁。等到真的读懂，才明白为什么这是一部“童话”。
房思琪的初恋乐园,9.2,51165,这里来说一说被大家忽视的两个方面：1.作为一部社会作品，它不只是描述诱奸、强奸的过程，同时又有溺水者扭曲的自救——即，令自己爱上老师。这种思想并未得到及时的救助。因此李国华固然应打击，但更重要的、同时也是这个社会更应当在意并实践的是：与其一昧追杀人渣，不如早一步挽救疏导受害者因侵犯过程扭曲的受害者心理及精神健康。2.在行文过程中通过文字已看出逻辑愈发紊乱与歇斯底里。这里并不是严苛地谈她的写作技巧，...,很早就读过了，这书不适合从文学角度打分。结合最近徐钢的事，还是推荐没读过的都去读一读， “对他人的苦难多一点想象力”，即使生活从来不易。,假设不知道作者的新闻，这也是一本很纯粹很优秀的文学作品,读的气结、胸闷，是文学辜负了林奕含，还是林奕含溺死在了文学中？灵气美丽如猫的女子，不食烟火，遭遇了最不堪的命运，却沉溺于文字的假象，把自己再次推入火坑。真的希望从来没有这样一本书，真的希望面对人性的丑陋时，坚强一些，决绝一些，而不要如此无力。命运多是无情，只能逆流而上。,“这些上了讲台才发现自己权力之大，且战且走到人生的中年的男老师们，要荡乱起来是多荡乱，仿佛要一次把前半生所有空旷的夜晚都填满。”
天龙八部,9.1,16100,一阵一阵地真想掐死包不同。,武侠是成人的童话,因为众生皆苦，便觉得自己也不是很苦。,段誉大约是金庸笔下第一让人鄙视之正派情种；王语嫣则堪称女子中的对应。两人凑成一对也算解气。,没看书就不懂江湖事。我爱木婉清，我厌王语嫣。
安徒生童话故事集,9.2,9012,安徒生的童话里没有王子和公主，只有善对恶的悲悯和救赎。,完美到悲伤，每个女孩心中都有一个海的女儿，这是安徒生送给全世界女孩的厚礼，心灵上的厚礼,每次重温都有感动……,小时候看是童话 现在再看的话才发现都是悲剧,《海的女儿》是爱情的启蒙。
撒哈拉的故事,9.2,10342,好多年前读的。,总觉得荷西爱三毛爱得更多，在最初的时候，三毛这个洒脱的女子~哎，看完他的书，我觉得我的人生都活了,。。。心伤,13 三毛的书里最值得一读的一本,自你之后，再无真正流浪自由的灵魂。
哈利•波特,9.7,1082,从初中，高中，一直读到大学。前三部是借李伟的书看，凤凰社和混血王子是买的高仿盗版，为了先睹为快还买过英文版，怀念暑假泡在哈迷论坛追着民间翻译一章一章的看，还参与过最后一部的征名活动，我觉得魂器的名字比死亡圣器好啊！最后一部是大学时，姜昕玫送给我的，谢谢她。后来工作后，我第一个月工资就是买了一套精装珍藏版。没想到后来又出了那么多版本。,我竟然没有标记这个，我太爱了！,自然记得从小学到高中的暑假，坐在空调房间的地板上，一边吃西瓜一边沉浸在魔法世界的时光，记得高中时熬夜刷题的间隙，吃一碗泡面，看一会死亡圣器，枯燥的晚上也充满幻想。再见，我曾经心心念念想去的霍格沃兹。,至今还记得，读第一本哈利波特的时候，是站在厨房的灯下一口气读完的。,小说里的哈利比电影里更完整
围城,8.9,59689,杨绛在附录里写方鸿渐取自两个人物，一个志大才疏，一个狂妄自大。当真是头重脚轻根底浅，嘴笨皮薄腹中空。小时候感觉不深，现在觉得这男人是万万不能轻易托付的,前半部很好，后半部太弱太聒噪。,重温翻出来满纸的谐趣。突然想起《我们仨》里一张钱钟书年老后的照片，一双眼睛依然闪闪发亮，透着孩童般狡黠的神情。,自以为是的烂东西。钱钟书也就剩卖弄聪明了。,读的时候快要笑死了。。。。如果出在现代绝对是腐女最爱orz
人类简史,9.1,32319,作者认为人类（智人）的发展基于两个能力：1、虚构故事的能力。（认知革命，从而带来农业革命。）2、数字化的能力。（从而带来科技革命）。另外，虽然作者始终在小心翼翼地遮掩着他立论的基础——演化论（以免被人指控为纳粹），但是他藏不住的是由演化论导致的虚无——超人类终究会取代智人，我们只是万物演化进程中的意外，我们为吉尔伽美什计划成功的倒数计数，就是我们距离坟墓的步数。,非常不错的一本社科书，涉及丰富的考古学、生物学和历史学等专业知识，但没有专业的晦涩而是通俗易懂的。全书看下来，感觉自己作为一个人类一路跋涉了十万年。作者视野开阔，逻辑清楚，文字风格异常生动有趣，译者文笔流畅如行云，全书都很吸引读者。推荐给对历史和考古感兴趣的朋友。,这种东西就是精神鸦片，不用动脑子的时候看得很爽，动点脑子的时候就觉得到处是扯淡。所以呢，这种书就是适合脑袋轻松的时候从头看到尾，随时保持“哇”“哦”的姿态。,前几章的观点很刺激，后边就水了。,加长版知乎答案。
沉默的大多数,9.1,14407,永远记得1997他离开了，永远记得他是作家，也是程序员。更永远记得他对我们说了那么多终生受用的话。那淡淡的失落，轻轻的唉息，怀才不遇的痛惋，如此的人生的苦楚，随还在我身边存在，我却只有更好的接受它，因为我的路还很长。谢谢你，王老师！,最最最最最最心仪的作家啊，喜欢得想低低地叫唤．．．,王小波就是神。韩寒模仿的不太好,与其别人让我闭嘴，不如我自己赶快沉默了去。你的理又不是我的，我跟你辩个五六七八没意思。,"不乏有趣的观点，但有点絮叨，对罗素更是不厌其烦的引用。豆瓣评分居然9.8,是盲目崇拜还是我打开书的方式不对。倒是在地铁看他妻子写的悼念文章，看到当众流眼泪。"
平凡的世界（全三部）,9.0,45831,渣,是不是我粗俗。真的好无聊,理解不了这么高分都是怎么打的。匠气太重，自作聪明，充满革命现实主义那种莫名其妙的东西。语言平庸甚至有时做作，人物扁平苍白，冲突乱七八糟，故事七零八落，思想简直就差直接高唱一曲忠诚的赞歌。大概唯一可取的地方就是真实，可它给我的直接感觉就是一个高中生费劲巴拉地日记般把所见的毫无筛选的记录了一遍，大哥，大部头不是这样写的！！,一个崇拜的学长倾情推荐，读完以后就再也不崇拜他了,改革如能继续，孙少平的创业史本可以成为一个“中国梦”的典范（用马列文论的话讲叫“典型形象”），可惜政改的倒退和一轮接一轮的权力寻租叫醒了所有怀揣同样梦想的人。今天看来，路遥所描绘的那个“平凡的世界”俨然《新闻联播》里的世界。
霍乱时期的爱情,9.0,49105,他们之间的感觉并不像新婚燕尔的夫妇，更不像相聚恨晚的情人。他们仿佛一举越过了漫长艰辛的夫妻生活，义无反顾地直达爱情的核心。他们像一对经历了生活磨炼的老夫老妻，在宁静中超越了激情的陷阱，超越了幻想的无情嘲弄和醒悟的海市蜃楼:超越了爱情。,"爱情，首先是一种本能，要么生下来就会，要么永远都不会, 以及人心的房间比婊子旅馆里的客房还多",我曾经以为《挪威的森林》是我喜欢的小说，直到我遇到《不能承受的生命之轻》；我一直以为《不能承受的生命之轻》是我最喜欢的小说，直到我遇到《霍乱时期的爱情》。,不同年龄段读这本书都会有不同的感触 至少现在让我恶心的是 一个七十多岁的老头诱骗一个未满14岁的少女做爱 ,竟然舍不得读完。但也不觉得写的是所谓的“爱情”，哪怕结尾多么大无畏和浪漫。写的其实是“孤独”，无论那女人多么“高傲”，那男人多么“卑微”，她在世俗的婚姻中以为拥有了爱情，他在浪荡滥交的生活中以为逃避了空虚，当他们白发苍苍时相拥在一起，才发现他们这一辈子恒久的寂寞的灵魂
局外人,9.0,32226,说实在的我并不喜欢默尔索，比起清醒的冷漠和无知的热情，我更喜欢明知一切荒谬却依然全情投入的人。,书是好书，序真的不行！写了二十多页序的柳鸣九老爷爷，带着太多主观臆断“事先”强加给读者，去为主角辩解这样辩解那样，仿佛忘了读者也会思考......,完全能够想象到当年这本小说问世时有怎样一番振聋发聩的效果。七十年过去，对小说主题和人物性格的解读更加丰富了，比如从心理学的角度来看，默尔索对人情人事的冷漠其实颇有点自闭症的倾向，尤其是对情感上不能满足社会期待的部分完全不屑于掩饰，他的很多逻辑和心理活动都像极了深夜小狗神秘习题里的自闭症小男孩。但是尽管读者完全拥有随其爱好解读的权利，我仍然觉得前言里把默尔索解读成一个善良、真诚、不对矫揉造作的社会曲...,"我之所以觉得这本书中所描写的没什么特别，
只因现实生活中我也像是这世界的局外人。",一开始我就站在主角的一边。突然想起高中同学对我评价:你是一个没有正常道德感的人。
笑傲江湖（全四册）,9.0,14148,令狐冲手中拿着一只死蛙，连连摇晃，说道：“大侠二字，万万不敢当。天下哪有杀青蛙的大侠？”那姑娘笑道：“古时有屠狗英雄，今日岂可无杀蛙大侠？”——过于暴力,世间女子皆浮云，一生只爱小师妹,以前最喜欢杨过，现在越来越喜欢令狐冲，那种越穷途末路越是满腔豪情的末日狂欢气质看着就过瘾。笑傲江湖最近几年看了几遍，某些段落都快会背了。,武侠小说真是给男人看的“杰克苏”YY文，一点没说错。《笑傲江湖》里的女孩儿都是好的，可是竟然都是“意难平”，没有什么太好的结局。别人是看小师妹死最难过，我却是看宁中则死最难过。,觉得那些不看金庸小说的人犯什么错误都能原谅他们，毕竟已经这么不幸福了。
明朝那些事儿（1-9）,9.1,18773,文字太俗了,历史很精彩，历史很无奈。,一部关于厚黑学的血泪史,因为天真的理想主义者纵使执着、纵使顽强，却依然是软弱的。他们并不明白，在这世上，很多事情你可以不理解，却必须接受。只有真正了解这个世界的丑陋与污浊，被现实打击，被痛苦折磨，遍体鳞伤、无所遁形，却从未放弃对光明的追寻，依然微笑着，坚定前行的人，才是真正的勇者。不经历黑暗的人，是无法懂得光明的。,这书应该打六星的。
月亮和六便士,9.0,31278,西方郭敬明，恶心。,大多数人所成为的，并非是他们想成为的人，而是不得不成为的人。“责任”是最大的文明，也是最大的虚伪。,天才、能欣赏天才的庸人、不能欣赏天才的庸人，各有其幸与不幸。,我生命中的奇书，每读一次必定做出一个生命中的决定，到以后看，那决定似乎是错误的。,和《刀锋》一样，毛姆探讨了独特的个体与世俗的价值观之间的关系，他精明地运用了第一人称和第三人称的交叉，把观众与他的角色拉开一段审慎的距离，用简洁流畅的文辞，对他笔下的人物既不贬抑也不过分褒扬，使人保持在热情与冷静的中间地带，对每一种情感的描述都不至于过度夸张。他对欧洲当代风气的描述和把握可谓精准到如同一把手术刀，尤其是文化艺术圈中的种种现象，而这些敏锐的观察与思考即使拿到现代也同样受用，他出于精神...
book_name,rating_num,comments_number,top_comment_01,top_comment_02,top_comment_03,top_comment_04,top_comment_05
杀死一只知更鸟,9.2,18461, 我喜欢这本书的结尾部分，文字很美。这个故事不仅仅关乎父爱，还关乎平等和民主，关乎人类的文明与进步。阿蒂克斯是个先进于时代的人，所以他的孩子一定不会泯然众人。怪人阿瑟是世俗意义上的怪人，可其实他那样温暖。梅科姆镇上的大多数人都平凡又善良，莫迪小姐在茶会上紧紧握住斯库特的手，泰勒法官尽可能引导陪审团做出正确的判断，赫克警官是保有正义心的警察。怪人阿瑟留在树洞里的香皂娃娃不走的怀表和表链是他对孩子们最...,在一个盛产手提电脑和iPod，思想就像空荡荡的房子一样的繁华社会里，我依然与我的书本迈着缓慢的脚步前行。哈珀 李,偏见不仅会消灭肉体（黑人汤姆之死）也会扼杀灵魂（怪人阿瑟·拉德利一生避世）,大多数人都是好人，在你了解他们以后。,伟大。我并不怎么喜欢孩子，更无法想像承担养育他们的职责——我连自己该怎么活着都没弄明白，怎么去协助那个幼小脆弱的生命来认识这个糟糕的世界？当然也有人说孩子是独立聪明的个体，你根本无法真正教授他们什么，你只能陪他们一起成长，可我总难免怀疑恐惧。可即使是这样的我，也曾无数次设想要如何如何回应那两个还不知道在哪儿的小人儿。关于幼儿教育，我最大的期盼是能够教会他们“尊重”两个字，尊重其他人的付出、选择、软...
肖申克的救赎,9.1,13733,里面共四篇小说，读了两篇，最近没有读小说的耐心。肖申克的救赎电影比小说好看很多,金一直在纠结自己被定型的问题，所以这四个中篇故事集结成书几乎成为他对世人的绝佳证明，对自己的一个交代。四季奇谈，金的巅峰。,畅销书作家就是畅销书作家，你买不了吃亏也买不了上当。当然，作者一辈子都被“畅销书作家”这个名头所苦……,除了那篇著名的同名电影原著，强烈推荐《纳粹高徒》。,还蛮好看的啊，我当初居然还因为“看的人这么多，不想看了”这样的理由放弃了这本书……中二病是得好好治一治啊。
基督山伯爵,9.0,15277,“没有人能保护我，也没有人再能打败我。我不信教义，不信律法，我自己的标准就是我的法规。能阻止我的只有死亡，可是我不怕死。”,标记这个已读然后打五星，完全是给自己一个信心，就是大部头的名著虽然貌似牛逼，但只要读下去，其实跟玄幻穿越差不多的难度。非要非自己一个高度，是没有必要的，名著的意义之一，是已经总结了很多矛盾和情感，这样你就不需要再读其他小说了。,在马赛看发生在马赛的故事。,小学的时候捧着这本125万字的书看了四天。,熬夜看完，太好看！大仲马狄更斯雨果你们都是帮无可救药的直男癌！！！！！！！！！
中国历代政治得失,9.2,10016,一位不了解地球历史的外星人读完此书，怕是会产生近代民主政治起源于中国的错觉。,内容和结论上其实毫无资格打星。但布局和笔法是真有利于读者或听众提高入门性学习效果。,二十岁前读过人生会大不一样系列。,不禁又要感慨大师就是大师，能将中国通史研究如此深刻的学者，老先生地位不容动摇。往往几句话就把一个制度解释的既明白还全面，入门者或专业人士两相宜。奇怪为什么没有总结秦制，后代所有制度基本都是以秦制为基础演变而来的。老先生虽力图站在客观角度审视历史，可我觉得他最推崇汉唐，宋明褒贬参半，清基本持批评态度。书虽薄，但料丰富，读起来非常过瘾。我总能从老先生的书里学到课本上没有的观点，受益匪浅。,读完后明白了很多东西，制度这东西不是一朝一夕形成的，它自有它的原因，我们不能因为清朝满族的部落政权而去误会整个中国政治都是专制、封建的。如果你想了解中国，这是一本值得你去读的书，如果要我用一句话说出我的读后感，我想说：“中国”两个字，是值得我自豪与骄傲的。
追风筝的人,8.9,143012,touched how can he write a book just like tell a story?,一般般。炒作的恶心,为什么忠诚善良的人反而遭到这样的结局，面对阿米尔的污蔑，他和阿里选择离去。当房屋需要他时，他又毅然决然的选择坚守，为了阿米尔能够得到父亲的赞许，哈桑却受到那样的凌辱，换来的却是懦弱的阿米尔的回避，身份，阶级，好可笑的头衔，生命与忠诚在那些虚无的名誉不值一提。犹如草芥浮萍.... ,"追到的只有自己的过去
救赎的只有自己的现在",所有的罪只可忏悔，无可救赎。
东方快车谋杀案,9.0,16518,高铁上看完，不禁开始设想故事如果发生在当代，几百号人共同策划一起案件，又该有多复杂精彩……,事实证明，糟糕的翻译可以将神作变成屎。我说的不是这个版本。我看的是盗版。,最好的侦探小说,只能说是杀人设计的非常巧妙的推理小说 不愧是阿婆 从无人生还到东方快车 都堪称经典 但是想想12个人排着队走进被害人的卧铺房间 黑灯瞎火的一人捅上一刀 简直阴森恐怖到了极点 最后的结局有点悔三观,#波洛补完计划#  有人致敬无人生还，有人致敬罗杰疑案，有没有人致敬东快？
万历十五年,8.9,27749,黄仁宇的书有个特点：你从他的叙述中很难说他是左是右，或者更准确地说，左右双方都能从他的书中看出很多东西来。作为一个搞历史的，能做到这一点确实罕见。另外，这书文脉比较曲折，想看明白作者到底在说啥不是很容易。,这样的书读一本，远胜简单的历史故事书看十本啊，不仅了解了文化政治制度的症结所在，人心被制度的扭曲，更是学习了一种大视野看问题的思维。绝赞推荐！,我的明史启蒙书，由此书开启了我研究明史的嗜好。不知道读了多少遍，好书总是越读越有味道，每次读我都有新的心得。,当一个人口众多的国家，各人行动全凭儒家简单粗浅而又无法固定的原则所限制，而法律又缺乏创造性，则其社会发展的程度，必然受到限制。——对这句话印象深刻。,用张居正申时行讲政治 用海瑞讲经济 用戚继光讲军事 用李贽讲思想界 线索一气呵成 事实充分 见解透彻清晰。看带学术性质的书会有点费劲 看的很慢 会想很多 但是收获很多 感觉这本书给 中国历代政治得失打了基础。
嫌疑人X的献身,8.9,76221,结尾像是在快进。,爱情的残酷在于，即便如此，依然不会得到爱。,看的我浑身一个激灵，一身鸡皮疙瘩。要有多爱一个人，才能够做到完全抛弃自己，抛弃自己的生命、声誉、挚爱的数学、爱情、快乐、幸福以及那人生还未发生的未知的美好。当你觉得那个人已经做到极致的时候，你却完全想不到他所给予的远不止你看到的这些，着实很难忍住那激荡的情绪。躺着看书的我，已经忍不住坐了起来，震惊震惊震惊。这就是东野圭吾。这就是这本名符其实的赞誉满满的推理小说！大赞！,确实很牛，我读过的每一本东野圭吾给我感觉都不一样，这本书的感觉是：一个一生都理性的人却用一次感性了结了余生。,逻辑的尽头不是理性与秩序的理想国，而是我用生命奉献的爱情
寻路中国,9.0,13858,迷人的视角与不带戾气的叙述。城市中盛产了太多拿擦破皮当军功章的中二，但世界并非只似这般一尺见方，人们各自按照自己的轨迹与期望非常努力地生活，而这才是世界真实的样子。冰冷的现实令人无力，但无力并不意味着要去麻木，如果能帮助到值得帮助的人，也就不枉此生了……,很想知道这种写法背后的财力和时间支持是什么。书好得评注什么都多余。秋天去怀柔，想到何伟就是驶过这样的路看过这样的长城碾过这路上的粮食，甚至感到与有荣焉。,近年来看过最好的纪实文学作品，作者在中国扎根之深，收集数据之翔实，游历之广，观察之细致入微，情怀之悲悯，视角之客观平等，文笔之流畅，中国三十年改革开放以来的社会变化见闻顺手拈来，旁征博引，无不让人震惊叹服。,何伟书的可读之处就在于，你常常在陌生与熟悉之间徘徊，熟悉的人和事，陌生的角度，魔幻与现实不断交替。,何伟中国三部曲中我感觉质量最平庸的一本，当然也是属于精品的范畴，相较现在这种很理解，很接受，很司空见惯的口吻，我更喜欢江城里那个惶惑不安，有时愤慨，有时激动的年轻人，固然成熟老练风云历尽是更高层的人生状态，我还是喜欢年轻的活力与闯劲啊，在三本书里明显的看到一个人的成长与思想的发展变迁，有趣，而且有味，但是如果何伟有第四本书出现，只怕也不能再高出寻路的水平了，心境已成桎梏，习惯已成自然
夹边沟记事,9.2,9021,从此再没脸浪费一粒粮食,几年前老婆的爷爷委托我购买此书，身为右派的他读起来老泪纵横。我一直没能看下去，实在太惨了，知识、文化、文明、人性都是吃饱之后的奢侈品。这次鼓励学生读，自己也读，学生和我都觉得难以置信。再往后也许就没人再信，更没人再记得了。这书的寿命也不知会多长，但愿有更多的人看到。,李祥年的爱情故事让我掉眼泪了。,大陆文学的厚度加起来不如一本夹边沟 ,全部看完，五星推荐。我在豆瓣写过许多书评和读书笔记，只有两本书的评论笔记被管理员删除过，一是《1984》，一是《夹边沟记事》，前者是政治寓言，后者是历史纪实。……这段历史啊，我也不好多说，推荐大家看看！
江城,9.0,12802,阅读老外撰写的有关中国之书籍最有趣的一点便是视角的独特性。很多本国人根本不会注意到的细节，被不同文化的外来者注意并放大，从中发现新的含义。这本书从结构上而言是松散不成一体的，但正是因为他如流水账般的观察记录，使得我们可以回顾世纪之交偏远西部一个落后小城中折射出的国民性。无论经济如何发展，国人的精神世界却滞后了，这是读完整本书后最令人难过的。,漫涨升爬的江水刻度，像十年二十年时间一样，淹没了一座城市和无数记忆。许多年后回想起何伟的文字，总记得那些努力生活，为了走到外面世界的国人。,太好看了！写得好，翻译也好。,没有一个译本比李雪顺本更好的,说起来并没有什么稀奇的内容，然而，却又让我时而感动不已，时而强忍住笑。其实这只是忠实于自己的内心与经历的报告文学。96到98年，正好是我从初中到高中的时候，书中很多的人和物，完全不令人陌生，甚至就像曾经见过一样充满怀念。
刀锋,9.0,16108,假如拉里有父有母，或是结了婚有小孩了，或是没有每年一笔保障的收入，他还能这样去追寻所谓的真理么？红尘俗世，大多数的人都是身不由己。,文字如犀利的刀锋，闪电般划过混沌的暗夜，将物质与思想世界的边界照得雪亮，剥离出人生千疮百孔的本质——既欣喜又悲伤，既崇高又堕落。而毛姆最了不起的一点，便是在一切的挖苦嘲弄之后，依然保有对人性最大的慈悲。这是部了不起的作品！,想起那本大一暑假时读的《月亮与六便士》，在那之后退掉所有社团和学校里的组织，成为一个没有组织的人，班会都不再去参加。越发喜欢毛姆了！！！求推荐更多他的书~~~,你要尝尝糖的滋味，但不要变做糖,东方情结是大祸害。到最后拉里去了印度，再后来《奥义书》也出来，就知道毛姆把这书写砸了。如果很多人真心喜欢毛姆，也只是因为他跟我们一样是一个俗人，不识真理，没有参透救赎，真心膜拜天才，一句话总结：见解有限。那个时候，西方社会遭遇信仰危机，还有东方可以神秘化来聊以自慰；结果现在东方也现代化了，他们再去哪里找对象呢？书中其他人显然更可爱也丰富，被最推崇的主角拉里是最大的败笔，因为毛姆也没搞明白所谓人生的...
冰与火之歌,9.5,1477,多个内视角的频繁切换硬性地打断了读者的阅读流畅感，也削弱了读者的代入感，然而好处也很明显，上帝视角利于掌握全局全景描述，利于造成史诗氛围 ，但是容易失去细节、逼真感，更容易失去读者和作者自己的客观角度。如今这个方式，是同时拥有了上帝视角和内视角叙述的优点。然而作者自己要在各种角色中切换难度非常大，写得慢很正常，如果是一个叙述角度，这本书可能早就写完了，但不会有如今的地位。,在一片空白中创造一个恢弘的世界，然后给它生命和历史，上帝的感觉啊！,不容易啊，比读完罗马帝国衰亡史还难。。。,我喜欢的人都一个个的死去了啊！这死老头,这套的评分竟然那么高，但我真的觉得比较一般。前两卷节奏太慢，看得断断续续，差点就弃了。第三卷后半部开始节奏紧凑，结果五卷结束发现是个大坑。但这个非常适合地铁里读，内容够长，现在在地铁时间很长，要找适合的书也不容易。
射雕英雄传（全四册）,9.0,7141,"当然我最热爱的还是83的电视剧,然而我已经不再喜欢金庸了.尤其不喜他对女子的描述.",無論是年少，還是現在，每一次，腦海里記得的只有兩個人：一個是吹著碧海潮聲曲的黃藥師，另一個是雙手互搏自己同自己玩的周伯通。都是寂寞的人。,实在是对郭靖黄蓉爱不起来。东邪西毒南帝北丐，当然还是老叫化和老顽童比较招人喜爱。杨康是里面的最杯具，一辈子的身份认同障碍。我忽而想起来很小时候看过黄日华版的射雕，剧情都不记得了，依稀是为杨康的死桑心过，小时候经常会同情和认同电视剧里的坏蛋，是因为他们大抵更符合真实的人性么？,一个智商低一个情商低。。这俩兄弟真绝了。。,黄老邪真是个傲娇的爹啊
呐喊,8.9,9304,老爺子的書 真是良心寫就 看著是那樣眼冷心冷的樣子 卻還是在感覺透著涼意的對荒誕現實的敘述之下 一腔熱血。俯首甘為孺子牛 誠然。那鐵屋的呐喊 警世鐘依然迴蕩。回望殘陽如血 抬頭低頭現實依舊殘缺。,这部小说，大体上是描写了辛亥革命前后乡村发生的一系列的故事，其中以鞭子、革命、秀才、假洋鬼子，扮演出一幅中国传统社会的浮世绘。在这里，我们不妨感慨，鲁迅笔下人物的生命力。鲁迅是描写了辛亥革命前后，我们已经革命胜利六十多年，但是假洋鬼子、赵老太爷难道就绝迹了吗？咸与维新，却一切照旧。,每个痛骂鲁迅的人，都在自觉地站队。,不论是赞成还是反对，不论是激烈或者平淡，你得有自己的主意，木木地毫无所感，两手一摊说事不关己，悲哀。,一个特立独行的人需要金钱来保持他的尊严，否则就只有被毁灭的份，人们是不能容忍一个穷光蛋的异类的。就象一个老姑娘要用钱保持她的高傲，否则就是耻辱。 
城南旧事,9.0,14428,老舍之外，还有另一种北平叙事。多美好。,几乎是两眼含泪看完全书。虽然故事是那个年代的。但是印在脑子里的全是我小时候的魏染儿梁家园儿西郊民巷湖广会馆菜市口。好像听爸爸讲他们小时候大杂院儿里的往事。眼瞅着骡马市的一片废墟，想着书中的种种，酸涩。,一开始觉得文笔很幼稚，看下去才意识到正是这种童真的口吻使得情感流露更纯粹更强烈。孩子分不清好人坏人、不懂什么是疯什么是贼，因而才能从实际感受评价一个人；不懂生死，也会因为突如其来的离别在瞬间长大成人。看到骊歌便在心里唱起来：长亭外，古道边，芳草碧连天…,妞儿她在天桥下唱苏三起解,成长就是一个不断告别的过程
傲慢与偏见,8.8,25503,女人和男人写出来的东西真是不一样。同样是爱情，女人事无巨细的小世界，充满细碎的心理和对话描写，而站在男人的世界，无非就是爱与不爱了,莉兹的独立和聪明，简的善良和宽容，搭配上她们漂亮的脸蛋儿，都是很迷人的。然而简奥斯丁太刻薄了，而这刻薄所针对的，除了那位贵族老寡妇，全是自己最亲近的人，愚蠢的妈妈，没有同情心的父亲，势利眼的表亲，放荡的姊妹…未免太无情了一点。从女人那里，你更明白爱情的发生，是建立在很多现实的条件基础之上的,我不清楚是不是我读的翻译问题，但是！！这本书也是名著我也是醉了。难道19世纪的言情小说两百年以后就变成了名著了？当今言情小说鼻祖简奥斯丁，但是现在的人就和对玛丽苏文鼻祖杜拉斯一样，就学了个皮毛,英国琼瑶！,开启kindle扫击名著模式。
格林童话全集,9.0,6542,"俺想说俺是从社会学的角度看的,你信不.",你依旧成长，因为永远爱看童话。,一本好书可以影响一个人的一生，一本坏书也可以影响一个人的一生。《格林童话全集》是一本好书，非常适合儿童看，成年人也可以看。,各种暗黑系的故事，童年那会儿都没看懂。,那是德国人的幽默，长大了以后我才懂，连巫婆都是可爱的。小时候多么着迷。
黄金时代,8.8,22221,看完全书印象最深的就是陈清扬回忆王二亲自己肚皮，“好危险！差一点爱上你。”还有比这更可爱的桥段吗？！,想不到人生中还有第二本与《麦田里的守望者》一样，十分有名，十分叫座，但我无论如何都无法喜爱的书。,跟余华的小说不同，王小波笔下的人物更多是唯心的，虽然遭受到文革的政治环境压迫，但是在黑暗中总能够找到自己内心所渴望的力量，正如网友毕羽所说，“黄金时代的真正寓意在于，有两个人终于找到并确立了终身的伟大友谊，无论人世如何摧残也无法改变，而世界上无数的人一生却都活在寂寞或虚伪之中。”在某种意义上，王小波是超越了当代其他文人而存在的。,洗炼，洁净，浪漫，迷人,革命时代伟大的打屁股友谊。
乡土中国,9.2,8239,中国恨不得快点摆脱的土气恰恰是最中国的地方啊。,大学里该读却没有读的书。看过之后，觉得正如作者所说，有些随意。,不是一般牛逼，亮点好多。,越读越昏……,印象最深的点在于：作者声称男女只是为了共同的事业在一起，同性之间才是真爱……我越来越像跟熊猫共度余生了怎么办？
历史深处的忧虑,9.0,9033,虽然这本书未必百分百客观，但是还是填补了我许多美国历史知识的空白。不得不说两年的美国生活我仍然只对美国一知半解，读了这本书会让我对在美国的体验有了更深刻的体会。连读wiki都没搞明白的O J Simpson案，这次也终于搞明白了。这书不完美，但是读读有好处。,国内大众对美国民主的认识可能仅停留在骂总统，枪支泛滥的误解上，林达在枪在谁手里中讲述了日本留美学生被开枪打死的案例，非常令人触目，在美国你有可能因为掉以轻心和语言不通，而在误会下被合法的枪杀，更可能发生在别人家门口多转了几圈就被警察逮捕的情况。这就是美国权利法案里表明的，对私人财产的绝对保护，对于这样一个强调保护个人隐私，私人财产和私人领地的国家，发生在中国的强拆强占，文革的抄家都是难以想象的。枪...,看了这本书怎么能不为美国的制度和文化而动容啊.....,写得特别严肃，但很真实，信息量非常大。跟刘瑜完全不一个风格。,了解美国，建议从林达入门，但要超越林达。PS：竟然是十五年前的书了，里面的观察很多都还鲜活地存在着。PPS：这就是所谓的“长销书”吧
无人生还,8.9,17554,这一本除了说是经典之外，已无它言了,诡异，但是法官伪装成枪杀而死又能骗过其它人，这一点实在太牵强。,我甚至以为隆巴尔德和韦拉间会有一段短暂的爱情，但欲望恐惧与道德的边缘显然不允许,不小心把自己剧透之后，全程都在关注凶手杀人的蛛丝马迹…但是、不幸的是…没看出来…感觉其实操作上困难度不小。总有种作者靠上帝之手玩弄角色的感觉。,书是好书，但是，先前借阅的读者在书上加了批注：“他是无罪的，所以他是凶手。”我怒了！
我与地坛,9.0,8004,	史铁生写生命体验是不错，可是一旦文论起来就真是拙计。,因为是选本，太杂，整体一般。但很多篇什还是动人的，史铁生的文字之所以触动人心，并不是因为本身遭受的苦难，也不是字里行间的挣扎与豁达彼此影响，而是那些在苦难面前的收收放放，本身是人性中普遍的东西。,史铁生啊：看你写北京，写地坛，写母亲，写童年，我总流泪。看你写残疾，写热点，我却总瞌睡。《我与地坛》这一篇就够有分量，恨不得通篇摘抄。,那些春夏秋冬的四句比喻句和四句排比句让人跳戏，太规整了，打破了前面流畅的情感表达。遗憾。苦美苦美很打动人，尤其中国人。他不拿出稿子给马悦然的传说觉得很符合他，我在现在的这个年龄，相信是他做得出来的。,你知道，一个文盲的幸运就是，很多大家死了，我才知道去读一读。如果我在史铁生去世前就读《我与地坛》和他的其他作品，当然会不可收拾地喜欢上他的书。要命的是，当他死时，我就得跟那些称史铁生为“史老爷子”的人一样，经历一场要死要活的伤心。所幸我只称他为史铁生。所以当文盲有当文盲的好，你们不要嘲笑我们。
新名字的故事,9.0,12993,蛮好看。就——我以为是高配版七月与安生，但读完发现是正经小说。我以为我经历过的友情独一无二，却发现所谓“女性友谊”你懂她也懂。最后，我以为我的女友是天才，却发现不是，人家的才是。。。,适合出身偏远乡村大山，父母没怎么上过学，自己读到硕士、博士，或者通过其他渠道一心想改变自身贫苦命运走上人生巅峰的女孩阅读借鉴。,好看到就算电子书比实体书还贵，也仍旧毫不犹豫地下单了（并没有，其实还是犹豫了下的）。但一个人都不喜欢了，也受不了那个世界了，那个贫穷逼仄燠热混乱的世界，想要跟着埃莱娜考上大学彻底摆脱，如果做不到，像莉拉一样一无所有地逃离也可以。没想到人生真谛还是要做码农……,好吧我也没忍住把这本看完了。我现在最大的困惑其实是：这个作者为什么什么都懂！不光是女人们，男人们的歇斯底里，在她笔下也能驾轻就熟。生活就是如此无望，彼此桎梏，每个人都想要挣脱，可都没有结果，只留下了故事。,有太多部分让我感同身受以至于全身都起了鸡皮疙瘩。
失踪的孩子,9.1,9959,终于明白莱农对莉拉为何如此重要。她既是映照莉拉人生另一种可能性的镜子，又是她精神上的镇静剂。女权问题首先是阶级问题。莉拉一直在与资本家作斗争，但她的理想主义是生活失衡的根源。为了对抗马尔切洛代表的剥削者，她先后求助了家庭、婚姻、爱情、社会的力量，但失败后认知和现实的断裂让她觉得一切都很脆弱不靠谱，哥哥丈夫也有粗野虚伪贪婪的一面，文字和奋斗也没有她设想的巨大破坏力，这种种都让她充满了无序感和不实在感...,我一度以为二十多岁是一个人最难熬的一段时间，在这段时间里要实现从少年到青年的转换。看了这四本书之后发现人一辈子都在挣扎，只是每个时期面临的困难不同罢了，我们一直都经历着角色的转换。,理想的培养、逻辑的思维、高雅的阅读等不能让别人爱你，但却能让你坦然接受不被爱。,想到tina那个布娃娃的下场就觉得tina的命运不会好过。这本书的宿命意味太强了。其实是我也受不了Elena这种什么都写进书里的朋友,四部完结，从未如此真切地注视过一个女人的一生。我找不出莱农的任何优点，但也不会对她的缺点无法接受——她是一个真实的庸常的女人，你不会爱上她，就像书里所有的男人一样；你也不会逃离她，就像莉拉一样
book_name,rating_num,comments_number,top_comment_01,top_comment_02,top_comment_03,top_comment_04,top_comment_05
文学回忆录（全2册）,9.2,9164,一小时10块的课就是教他们这些自恋到家毫无用处的废话，我宁愿相信陈丹青他们是同情木心，给他口饭吃才没要求退学费,骗不读书的人而已。如果自己读书，必然意识到木心的一家之言。比如，他说中国没有神话。《山海经》里夸父追日那么霸气的故事还不算神话，精卫填海总该算了吧。中国神话不能按照西方的神谱一样成为体系，但说中国没神话是片面的。不过，有些观点还是颇有趣的。,第一本木心的作品，摘抄无数，读第二遍。文学、宗教、爱情、音乐甚至人生都有了，木心那么逗趣儿讨巧儿，悲观却恬淡，偶然不认同也会被逗笑。所谓人格魅力，就是他说好的东西，就变得有魔力。如果是身边人，我一定死皮赖脸和他做朋友。,修行64th。绝对的败笔，木心生前不许出版此书大有缘故在，彼时木心并无那种胸纳百川，不温不火，洋然沛乎的气度，对很多观点很多人物的表达方式略偏激，说从中看出真实的木心，未必能够，老年木心依然有脾气有态度，与这个却大不相同。此外，这本书作为文学史教材更是大大的不合格，优点是木心阅读量大，列举人物作品全面而中肯，而且木心不时爆发的思想精华更让人连呼赞叹。但是，木心观点倾向性太强，对正值发蒙期学子的最初...,我一直反复告诫自己：多读死人（死了半世纪以上的）书，少读活人书，畅销书尽量别读。但有时候还是忍不住。我觉得此书精彩内容固然不少，但最大的问题是木心胃口太大，中国的经史子集，西方的文史哲，通通要讲一遍。正常人都不可能读那么多书且又有真正领悟。于是大部分只能浮光掠影，插科打诨，尤其是论诸子百家部分，是在是疏漏武断得可怕。
神雕侠侣,8.9,10748,如今回头看，只觉一见杨过误终身好没道理。程英妥帖，无双机敏，绿萼善良，又不是草包花痴，何来一个个钟情杨过，这种开挂的模式终究不喜。还有变成鱼眼珠子的蓉儿，不再是射雕里的娇俏女儿，这种改变是可怕的，这种设定是直男癌的。,"我走过山的时候山不说话，走过海的时候海不说话，
我的小毛驴滴滴答答，倚天剑陪我走天涯，
人人都说我是爱上了杨过大侠，才在峨嵋山上出了家，
其实我只是爱上了满山的云和霞，象极了十六岁那年的烟花。",射雕三部曲中最爱的一部，情大于武。,最近重看神雕，第一回中就有这样的文字:  “唉，那女魔头凶恶得很，我打不过。不过朋友有难，可不能不去。”说着拄起铁拐，一跷一拐地疾行而去。 明知打不过，朋友有难，不能不去！武功虽不高，却侠气凛然。重承诺，为朋友两肋插刀，自己的性命不重要，这，才是真正的武侠精神啊！柯镇恶就是“平凡的人给我最多感动”的武侠版诠释。,如果要开一个“我最不喜欢的金庸女主角”的名单，小龙女绝对首当其冲。/最感慨的莫过于欧阳锋和洪七公双双葬身于华山峰顶。凡尘俗事抛诸脑后，只是一笑泯恩仇。绝了。
上帝掷骰子吗,9.2,6289,这种以调侃语气和臆想画面为主的网络文字可谓毁誉参半。当然我承认这样子科普确实阻力更小，但也让这本书沦落为“一次性读物”。写作手法嬉皮笑脸但经不起推敲，看一遍就已经有些勉强，读第二遍的话就会觉得有些无聊了。那些打诨的地方恰恰是书中最多余无聊的地方。历史的东西，最终还是要严肃一些的，快餐性读物有它的存在价值，但是，存活时间很短。,作为一名高中数理化都平衡发展的妹子斗胆翻了这本300多页的史话，前半本作者心中的闪电流星齐飞，八卦故事纵横，内容方面毫无阅读压力，知识集中在高中理化知识范围内，或者说是常识。后半本进入哥本哈根理论，多宇宙理论神马神马的开始晕，但是基本能知道这些个大体神马意思，什么时间顺序，代表人物，最后超弦理论就可以去死了。其中以光的波粒属性作为线索引出了一系列著名的争论，尤以苦x胡克和小心眼牛顿，宽厚的玻尔和执...,必须吐槽，作为《费曼物理学讲义》的Fan，此类戏说乾隆读起来真是，各种概念模糊……物理学必须在非常精准的概念上做延展啊，哪怕是史话也不能如此靠华丽辞藻唬人好么。名字也很商业烂俗，作者顶多算个小说家不是科学家，有此对比，必须向Classic范儿致敬。,我最近一直在想怎么在建筑里搞个双缝干涉的照明,高中的时候读过一遍不要太喜欢！最近重读了一遍……发现好多都看不懂啊！所以我的智商已经退化成这样了么_(:з」∠)_
史记（全十册）,9.5,2063,一个史书，要不要文笔这么好啊？,我想吐槽说有些地方你确定不是太史公编的？不过无韵之离骚不是吹的。,几年前把白话文版本的送给小郡主后就琢磨着再入一套文言的，中华书局的装帧甚得我心。,中国古代，史学是包含在经学范围之内没有自己的独立地位的。所以史部之书在刘歆的《七略》和班固的《艺文志》里，都是附在《春秋》的后面。自从司马迁修成《史记》以后，作者继起，专门的史学著作越来越多。于是，晋朝的荀勖适应新的要求，才把历代的典籍分为四部：甲部记六艺小学，乙部记诸子兵术，丙部记史记皇览，丁部记诗赋图赞。从而，史学一门，在中国学术领域里才取得了独立地位。司马迁的文学修养深厚，其艺术手段特别高妙...,"世袭是最容易培养出贵族气的,而史官正是有那末股书呆子式的贵族气,项羽骑士般的英雄,本朝太祖的流氓,他并不讳言,这就是他的态度,他太爱士的气节了,可是上古的士风已渐渐不存,豫让荆卿几成绝唱,于是乎,历史的真实一再向训诫的褒贬,文章的优美倾斜...我由此可以看到他那颗复杂的心,因为光环褪去而更显伟大..."
看见,8.8,67486,我只是奇怪，她亲历非典地震第一线、家暴反抗杀人的大生大死，为何还囿于今天某（著名）领导一个肯定的眼神、明天某（著名）领导一句敲打的话语？并且花近乎一半的篇幅来记录这些。是自恋？抑或格局有限。,第二遍读完。有空再读第三遍。值得细读，值得认真做笔记的一本书。,看到后面觉得有一点滥情，有一点“过分有同情心”。不过我作为一个滥情的人，觉得一个控制不住想要滥情的人，其实挺可爱的嘛。,后边比前边写得好。她文艺，道德化，也上进，有反省意识，但有意思的是，如果仔细看看，在书里她引出来的，所有人批评她的，都有道理，她自己也承认，“要服务，不要表达”“不能用道德眼光看一切问题”“自我感动、感动先行是准确最大的敌人，真相常流失于涕泪交加中”“柴静是个漂亮姑娘。她自己也知道，所以老忘不了”……但她，就是不改。陈虻说，“你这个人靠语言是没用的，什么事都非得自己经过，不撞南墙不回头”，她的朋友...,看完我在想这不是写得挺好的吗，为什么那么多人吐槽她。后来想到也许时时自省在有些人看来也是一种做作吧。
许三观卖血记,8.8,30635,后期一乐肝炎许三观隔三岔五卖血的那段有点恐怖，想起《活着》里被活活抽血抽干的有庆了（没记错吧）。。。余华很会讲故事。。。陈忠实的《白鹿原》讲得更好，但可惜貌似就那一部，还是余华量大啊。。。,我觉得这是余华写过的最好的书。看完之后，我觉得难受。说不清楚为什么，就像胸口突然堵了一块大石头,从许三观、活着到兄弟，余华的雄心就是用小人物写大历史啊。,一部不那么惨烈的≪活着≫。不管是卖血还是别的途径，中国人的确都是如此活过来的。一生艰难奔波，却只完成了最基本的生活。可是这一本并没有那种绝望，更多的是悲悯和怆然。但是看似有希望并不代表真的有。生命加载的沉重，并不是走得快一点就能卸下的。反而会因为奔波而累加。到头来并没有换来什么，只是活着而已。世界崩塌了，不是轰隆巨响，而是一声唏嘘。,我的笔评不了余华。
悲惨世界（上中下）,9.0,5335,全书最震撼的是沙威这个人物。毁誉难辨，却有几分真实。不过不知道大过年的看完，是不是吉利。。,曾掩卷痛哭,“您不用向我说您是谁。这并不是我的房子，这是耶稣基督的房子。这扇门并不问走进来的人有没有名字，但是要问他是否有痛苦。您有痛苦，您又饿又渴，您安心待下吧。并且不应当谢我，不应当说我把您留在我的家里。除非是需要住处的人，谁也不是在自己家里，倒不如说您是在您的家里。这儿所有的东西都是您的，我为什么要知道您的名字呢？并且在您把您的名字告诉我以前，您已经有了一个名字，是我早知道了的。”,读了就忘了，连人名都记不住。这故事是告诉我们，所有杯具的起源都是婚前性行为吗？,安灼拉
哭泣的骆驼,8.9,4744,每一个故事都那么真实动人，大胡子与我好温馨…,从序言开始的每篇，都令人不仅仅是触动，而是一些更深沉的东西。生与死成为了被世人遗忘了的沙漠里寻常的故事，撕心裂肺也丝毫未见用力过猛。,三毛写的撒哈拉部分都不错。,这标题后面的故事现在想想还是觉得特别悲壮吖,《哑奴》真是看一次哭一次。
浪潮之巅,9.0,8124,还可以，但9分也太高了吧，好像没这么好啊,一般一般，中国人特有的成功学气味太重。没有挣大钱或者很有社会影响就不重要吗？未必。。。,最近在看这本书和李开复的《世界因你不同》，无意中发现这两本书竟颇为互补──李同学是以自己亲身在苹果，微软，google等的工作经验来谈，更为感性和detail。。而吴同学则更以一种理性的旁观者态度来分析这些IT公司的朝代更替原因。恰恰，李博士几乎在每个IT公司势旺时进入，在势弱时退出。恰好吻合了吴同学的兴衰时间表。。没看过这两本书的同学推荐一起看。,细致、全面，绝佳的入门书，只是这个领域的判断众说纷纭，就像张小龙的“我所说的都是错的”，即使再言之凿凿也未必准确。不知道新入门者从此对互联网的认识，有多少已经潜移默化打上了吴军的印记，未必是好事。,生在这个时代最大的幸运就是可以看到商业和科学技术完美结合不断的改变这个世界的面貌，不断的改变我们的生活方式。   吴军博士不断的说能赶上科技发展的浪潮便不枉此生，每次读到这，心里都很不受用。
艺术的故事,9.6,3408,一字一句认真读完，感觉获得了新生。觉得人类真是棒棒哒，有这样多了不起的人前仆后继地开拓创新，呕心沥血地磨练着自己让艺术这种观念的形式一步一步地突破旧有的疆域，有种谜之感动啊,贡布里希早年学人类史，后来专攻艺术史，而且是个完完全全的人道主义者，超级温柔。范景中是老一辈的翻译家，很多名词不是通用翻译，要有一些艺术史的基础才可以对的上。这本书不是简单的艺术史科普，而是一种美学的教育，教人艺术的眼光和艺术的思维，读书的时候一定要思考，是一本不可多得的好书！可能唯一有些遗憾的是，贡布里希的着眼点是整个艺术史，所以给所有画家的笔墨都很均衡，而那些伟大的画家们我很希望他能多写一点。,无法想象从欧洲回来后再看这个会有多么后悔,"其实这本书应该好好电子化,把里面的各种链接做好,在各种平板设备里一点就直接出来了,实体书翻过去翻过来确实稍显麻烦,有可能的话用上高分辨率的图,Google不是都扫描了这么多画么...反正现在屏幕的dpi都印刷品级别的了,可以放大好好研究一番...",280元定价买不来精装也是无奈，好在装订和印色还行。学术价值无需多言，确实娓娓道来，不以大词吓人，直接请君入瓮，阅读体验极佳。绘画雕塑建筑之外艺术门类，或欧洲核心区外艺术流变，或相关社会背景，皆告欠缺，作者志不在此。作为审美教育入门效果很好。校勘小误个位数
灿烂千阳,8.8,19813,"我很喜欢读伊斯兰国家的故事，胡塞尼把我带进这个世界。但是读了那么多关于他们的书，不得不说，穆斯林的人生充满了太多的不幸，苦难，但他们又比谁的人生都更加饱满。虽然不曾经历过战乱，饥饿，流离失所，但却在作者的笔下感受的那么深刻。
生活在天朝的我们，生活也许有很多的不如意，但是相较他们，我们幸福太多了。要懂得珍惜，要懂得的感恩。
如果能有一千个灿烂的太阳去驱逐阿富汗的灰暗当然是好的，但更希望能有一天，纵...",读胡赛尼的书，总有一个感觉：阿富汗曾经真的是一个很美的地方。因为战争……毁了这一切……,我反而没觉得有追风筝的人更震撼，风筝带着命运无常地嘲弄，人在两难境地下的选择，愧疚、友谊、反抗和希望。这部作品节奏分明，时间跨度大，事件进展迅速平稳，但情节都能预料到，比如玛丽雅姆被虐后突然跳接到莱拉，就知道一定是讲两个人的友谊。胡塞尼喜欢先描述结果的样子和表象，再告诉读者结果是什么，因为有前面铺垫带来的猜测，阅读时才更有震撼。一千个灿烂的太阳的意象也没有风筝里的为你千千万万遍更有穿越时代的力量。...,有时，让我很气愤,年度最好看小说
白鹿原,9.2,9220,认认真真看完后记，才愈发觉得这是一部无可取代的奇书。如果赤裸的性描写与不断转折的命运曾是此书广为流传的标签，那么推动这场白鹿两姓家族乃至中国农村的命运起伏的时代则是小说的内在骨干了。白鹿原风云人物迭起，我最喜欢的却不是族长白嘉轩，而是“死后敢对青天”的朱先生。他对于局势变迁的理解不同于乡民的逆来顺受，不是鹿家投身其中也非白嘉轩固守传统信条，只因他看清了党争本质：主义是主义，世道是世道，就像卖荞面的...,我来浓缩一下这本厚厚的书---在历史的车轮面前，我们都是螳臂当车的歹徒。,该死的不死，不该死的却死了。不该死的都死的很冤，该死的依然活蹦乱跳着。,朱先生说：“毛的书我看过，书是写得好，人也有才。可孙先生也有才气，书同样写得好，他们都是治国兴邦的领袖。可你瞅瞅而今这个鸡飞狗跳墙的世道，跟三民主义对不上号嘛！文章里的主义是主义，世道还是兵荒马乱鸡飞狗跳……“黑娃悄声说：”听说延安那边清正廉洁，民众爱戴。”朱先生说：“得了天下以后会怎样，还得看。我看不到了，你能看到。”,1、53万字，完整版。2、再封建腐朽的文化也有值得流世的文明，初衷再文明的革命也有不尽人意的部分。3、前半部农村生活和那些被某些版本删减的部分描写的很精彩，后半部的革命自觉没有前面出彩。
卡拉马佐夫兄弟,9.4,4017,历时五年，终于读完。就像你吃了一个9千年蒸一次的馒头，没有任何味道，还特别大，五年都吃不完，然后旁边各种人说这个馒头太牛逼了，做馒头的师傅太伟大了，这时候不好意思说自己尝不出味道来了，更不好意思说着罗里吧嗦的写得是些个啥啊,"“发现陀思妥耶夫斯基就像发现爱情，发现大海那样，是我们生活中一个值得纪念的日子。” 
——豪尔赫•路易斯•博尔赫斯",愿我这一生没有嫉妒贪婪暴戾，愿纯真善良勇敢伴我永恒,毛姆说“书中处处都是大海剧烈的风暴，森林里疯狂燃烧的大火，以及洪水的汹涌澎湃。”对，就是这样的感受！,老头子扒灰未遂，大儿子杀人未遂，二儿子偷嫂未遂，小儿子出家未遂，作者写作未遂
树上的男爵,9.1,7508,被捧上天了，但是并没有那么好看,树上的小王子，当他爬上树的那一刻，就不再长大。,卡尔维诺的脑回路一定是和普通人不同的。他的文字有魔力，水汽氤氲，烟霞漫天。他是住在树上的人，与凡间有距离，他一开脑洞，就把真实和幻想揉在一起给揉碎了，喂给读者吃。,发人深省的是，男爵成为一个完整的人，是从他疏离人群，爬到树上开始的。另外，三次死亡的描写（男爵的大盗朋友因为迷上了读书，变得对侵略和攻击不再感兴趣，自我打破了江湖上令人闻风丧胆的传说，最后不再害怕他的人们抓住；男爵的母亲在一个气泡停止中死亡，轻与重的处理；男爵的死亡，他一生在树上，热爱大地，飞上天空），让人拍案。,精彩、动人、幽默、充满想象力，卡尔维诺果然名不虚传！他说他阐释了一个知识分子该如何在时代的洪流之中进退，我想，这便是一个理想主义者，为了建设一个美好的世界而坚持不懈的一生。“柯希莫·皮奥瓦斯·迪·隆多——生活在树上——始终热爱大地——升入天空”，男爵的墓志铭总结了一切。他反抗世俗，却不厌世，保持距离是为了“与他人真正的在一起”，是为了“通过对个人的自我抉择矢志不移的努力而达到的非个人主义的完整”。...
窗边的小豆豆,8.7,27474,记得读这本书时，是二年级时的小学图书馆,跟地球上的星星如出一辙,顶级的教育学其实就是因才而教！教育学的设计典范，不知道我的孩子有没有机会去上这样的学校！,在地铁上，两次读到眼睛发湿，赶紧眨了眨眼，把这一段温暖偷偷藏在心里,一边在读小豆豆，一边在看虎妈。两种教育之间不好说哪一种是完美正确的，可教育只有因材施教才是最适合的。不过，这只是小学阶段，在教育竞争愈发激烈的东亚地区，所有的教育都会屈服于考试分数下。
爱你就像爱生命,8.8,21902,他写那么多那么好的信，如果最后他们没在一起，会不会就都成了笑话,“你想知道我对你的爱情是什么吗？就是从心底里喜欢你，觉得你的一举一动都很亲切，不高兴你比喜欢我更喜欢别人。你要是喜欢了别人我会哭，但是还是喜欢你。你肯用这样的爱情回报我吗？就是你高兴我也高兴，你难过时我来安慰你，还有别爱别人！”——读的人比写的人还脸红。,活过 写作过 爱过 最近两个月读了30多本书 这种畅快感远远高于买了一堆没用的Hermes等奢侈品,在你面前，我坦然的诉说着最真实的自己。压抑的现实让我嘲讽自己，而这份爱，是我最重要的救赎，亦是坚持自己观念与坦然表达思绪的源头。我愿意做这浪漫的骑士，把一生中最重的爱放在了你身上。 那好长的路，那好多的事，一起走，不孤单。,你要是回来我就高兴了，马上我就要放个震动北京城的大炮仗。
邓小平时代,9.1,8520,非常推荐，让人理解当下的中国为什么是当下的样子，叙事尺度在想象中，但是对一些敏感事件的叙述也是足够的；另外，很喜欢邓在书中呈现的人设。理性又亲疏有别。可以和自己的部下保持一种理性而有紧密的上下级关系。,盛名之下其实难副，看前言觉得作者好牛逼接触了这么多高端人士总该有点不一样的内容吧，结果无论观点还是材料，几乎没有太多值得称道的地方，总体说来很主流很官方很环球时报，考虑到大陆本的阉割问题还down了港版check了一遍，出入不算大。,优点是资料多文笔通顺，缺点是用官方口吻描述邓的动机，了无新意。对普通读者来说能系统看到邓的生平，不过比不上《中国改革年代的政治斗争》这类书好看。PS.纵观傅高义写作史，这哥们真是紧跟‘为胜利者书写历史’潮流,港版，当时是因为前段时间看蒋经国传，邓老和建丰同志是同学，刚好同期对比下两岸第二代领导人。邓老最厉害的一点就是能抓住事情的本质，事实说话。看完这本书我才了解为什么宣传他是『总设计师』。#国人必读,有人认为傅过于为邓辩解，傅高义所秉承的史学家的立场。而不是记者的立场。
人间词话,9.0,4774,国学庞大、深奥、驳杂，等闲人哪能阅尽全部。还好可以追随大师脚步，走马观花一番。另：看这类书还是实体书好，好久不看文言文，都生疏了。,人间词话的核心是境界，“能写真景物，真感情者，谓之有境界。”,任何艺术评论最有意思的其实是看到作者自己的偏好 王国维对冯延巳、秦观、晏殊、李煜太过偏爱了吧 通篇为花间词正名 写小情小爱的诗词未若不如大家大国啊 任何时代都是这样子,大学问并不一定总是艰涩的.,堪称中国古词赏析的典范了吧，编译者也做了许多补足，以免过于偏颇。以及，姜夔被黑得真惨。
我们仨,8.7,51279,四星半，感深肺腑。不愿摧眉折腰事权贵，并非铁骨铮铮，只是生性腼腆淡泊，但求尽情看自己想读的书，过平静的日子而已。腹有诗书的傲气亦并非盛气凌人，而是精神世界的丰盛，可以让他们在物质最匮乏的时期都能不予介怀。可惜世事动荡如浮萍，远离是非的三人，却仍然历经风雨飘摇。我们仨饱尝苦楚，但杨绛的记忆之笔没有昼吟宵哭，反而满目尽是幸福温馨的甜蜜时刻。钱钟书因为听说安排要和某人握手，立刻溜走回家；留洋学业繁忙占据...,文革之前，中国尚有文人学者大学问家。文革之后，旧人渐卒，再无后生出。所谓“世间好物不坚牢，彩云易散琉璃脆”,“我们只有死别，没有生离。”,我昨天刚刚看完……读到第二部分失散篇简直哭瞎，最后她写“世界好物不坚牢，彩云易散琉璃脆”，心都碎了，现在还缓不过气来。杨绛与我供职的报社羁绊极深：我有一个同事是杨绛生前最后一个、也是百岁之后唯一一个愿意接见交谈的记者；另一个同事几乎被杨绛当成女儿看待（这个是外界猜测，因为这个同事才华品貌酷似钱瑗，且同样罹患癌症。但她们只作书信来往，约定终身不见面）。以前常听她们聊杨绛的琐事，心里其实有点不喜。记得...,一开始不懂第二部分，于是从第三部分开始看，最后再看第二部分，才知道是用梦境的形式写钱钟书和女儿逝世前的日子。非常钦佩杨绛先生书里体现出来的克制，在90多岁的高龄，回忆已经离世的丈夫和女儿，但书里不见痛彻心扉，反而常常因一些生活中的细节感到忍俊不禁。很多人纪念杨绛先生朋友圈刷了屏，她的只言片语也成了感悟人生的鸡汤，可是，先生的学识、背景、品格，我们只不过见了冰山一角而已。知乎上有个问题“如何评价杨绛...
永恒的终结,9.0,9250,妹子你演技这么好一定是第二基地来的,一开始以为是个爱情故事，读到后来发现居然可看作大基地系列外传，读完想了想确实是个爱情故事嘛XD,拍成电影一定很好看！,"看你们天天用『不会写爱情』来黑刘慈欣。
换了阿西莫夫还不是一样？
#无良索隐#",我十年前想到的点子，原来在六十年前就已经被写成小说了。
台北人,8.9,10542,有种注视落日余晖的感觉，虽然绵软无力，依然华丽迷人。十四个短篇写了不同的人，男人女人，贵妇舞娘，商人军人，穷人富人...尤其喜欢白先勇笔下的女人，一举一动一张嘴，简直生动。出生在这样一个家庭真好，登过旧时王谢，见过寻常百姓。,「世事洞明皆学问，人情练达即文章。」白先勇《台北人》写得好，好就好在有「人情」。,大陆象征传统秩序，台北象征西化混乱。如今完全反过来，讽刺之外又一讽刺。每一篇的主题不断重复，重复之中组合成众生相。上至达官将相，下至妓女奴仆，篇篇可哀，人人悲苦。无奈江水东流，大厦倾覆，渺小个体只能如鹅卵石激流颠簸。今昔画面叠加，技法高超，人情复杂，《游园惊梦》《岁除》等可反复习读,《冬夜》看哭了。,乡愁也是有阶级的。
这些人，那些事,8.8,20666,与其忘记，不如记得、沉淀。,又是一个被媒体吹捧过度的作家。。。。,看完这本书之后用google map的街景在台北逛了很久...,前些天重看了一遍《一一》，才忽然意识到扮演NJ的人是吴念真！或许是因为上一次看时没留意到过演员的姓名，也不太知道他是多么有才华的一个人。很佩服他的克制，明明是很渊博，却能以最平易的语言讲述普通人的故事，举重若轻，太佩服了～,原来，“吴念真”是译作“勿念真”，即作者的初恋女友“阿真”。
诗经,9.4,2079,【没能全部细细读完大概这辈子也没法全部细细读完了】诗经中诗歌内容主要可分为1.周祖史诗《大雅·生民》2.农事《豳风·七月》《周南·芣苢》3.宴飨《小雅·鹿鸣》4.战争徭役《豳风·东山》《小雅·采薇》《秦风·无衣》《卫风·伯兮》《王风·君子于役》5.怨刺《魏风·硕鼠》《魏风·伐檀》《陈风·株林》6.婚嫁恋爱《周南·关雎》《邶风·谷风》《邶风·静女》《卫风·氓》,最喜风，雅次之，颂又次之；大学时语文老师讲到，《邶风 击鼓》中那句死生契阔的爱情誓词，无论是环比同时代其他著作的语言习惯或是从这首诗本身的逻辑上解读，都更像是赞美战士之间的深重（革命）情谊，于是，着此玫瑰色之眼镜再刻意留心，那些被后世“误读”为男女爱情诗的作品似乎都可以做另解：《齐风》中的《还》“子之还兮，遭我乎之间兮”（两个猎手互相夸对方敏捷、强壮），《邶风》中的《谷风》“宴尔新婚，如兄如弟”、...,跟中国古人的风雅比，今人真应该为自己的粗俗浅薄汗颜啊,有些真的好美啊～～～,中国古代最早的一部诗集，单冲着孔子编订就必须五星好评…
巨人的陨落,8.9,21339,肯•福莱特是一个坚定的和平主义者，一个温和的女权主义者，一个左派，一个伟大的小说家。,kindle电子版。非常流畅的阅读体验，虽然不是3个通宵读完的，但也是在5天内读完。读完之后我对里面的人物的未来非常的担忧，沃尔特和茉黛在纳粹统治下的德国的未来；格雷戈里在大清洗下的苏联；格斯在二战时的遭遇。这些人应该具有更好的未来，而不是我们已知历史中的未来。,读完后印象最深的人物是平斯基，这哥们沙皇时期当秘密警察抓革命党，二月革命后投身革命党，十月革命后居然又当上了秘密警察，专门搞肃反，帮布尔什维克们抓孟什维克。理想主义者最终都成为他们讨厌的样子，而坏逼永远是坏逼。,一战背景下五路人马五条叙事线：威尔士的矿工少年和他的被伯爵抛弃后成长为女权政治家的女佣姐姐、美国政治权贵家族的青年外交家、穷困潦倒的俄国兄弟、富有英俊的英格兰伯爵和他的致力于民主女权和改革的妹妹，以及痴情的德国特工……俄国贵族的没落，苏维埃政权的出现，英国工会的力量，美国的自由与包容，等等等等。战争的发生其实是各方影响的结果，看大事件是怎样由各路小人物一起推动的，又看小人物在大事件下又受到怎样的影...,我爱死这种多线叙述的故事了
西游记（全二册）,8.9,5448,重读西游记，真的是太太太好看了！小时候读这本书只看降妖除魔，现在反而不在乎什么妖怪什么神通，发现了之前忽略掉的不少段子与人情世故。,每每听到有人说西游记是童话的时候，我的感觉都和惊悚。西游记太忧伤了，怎么会是个童话故事呢，除了鬼佬和小孩会这么想吧  我要终生都明白我意 我要诸佛都烟消云散,四大名著看的第一本，小学时就开始看了，虽然不是很明白但断断续续总算看完了不是…,心猿归正，人情文章。凡是有后台的妖怪都被接走了，没后台的都被一棒子打死了。“只要你见性志诚，念念回首处，即是灵山。”“若将容易得，便作等闲看。”“你去乾坤四海问一问，我是历代驰名第一妖！”“好汉吃我老孙这一棒！”“‘姐姐，我们洗了澡，来蒸那胖和尚吃去。’行者暗笑道：‘这怪物好没算计！煮还省些柴，怎么转要蒸了吃！’”如来二徒金蝉子，不知首徒却是谁？,第一次读。。原来大部分时候是猪八戒在挑担子。
book_name,rating_num,comments_number,top_comment_01,top_comment_02,top_comment_03,top_comment_04,top_comment_05
悉达多,9.0,7457,1、书尾说黑塞完成此书一度精神崩溃，荣格弟子为其诊治，如此美文写就会很伤到元气吧？；2、在来往汉口的火车上刚够读完，要常常翻阅，如译者言，是一本寻道途中自我审视的极佳的样本；3、这个版本的翻译可读性非常好。4、三点：思想、等待、斋戒；5、河流！,總是這樣喜歡黑塞，雖然如果長久不看會忘記他，但每一次閱讀都能感到那樣熟悉的悸動。玻璃球遊戲是他畢生所困擾的極致闡述，它的結局依然是混沌，所以悉達多所給出的那種堅信的正確的道路，其實是為我所不相信的。好在是黑塞，言語表達和厭惡的矛盾，渴望融入和寡情的矛盾，庸碌和自我，規則和愛，字字敲在心間親切無比，每次讀都是一種對峙，我一再看到我所渴望的不可能，一再渴望遵從，然後又再一次想起托老。自我的傲慢大廈仍然...,万古长空，一朝风月。,黑塞的书可奇怪了，老是刚开始看的时候觉得可有共鸣了，看着看着就不对劲了，到了一定程度它就不给你往下深入了转而写七七八八的东西去了。所以他的作品永远只能是轻小说。。。不过现代文学里似乎都是轻小说吧。。。,真想推荐给老妈看。每个人的路都不可复制也不可强行 因缘际会什么的 最玄妙了 
道德经精义,9.4,2076,大音希声.,字数不多，但这是中华文明的精华，被教科书误了，只抓住一个小国寡民在批判。。。真是值得反复和经常的阅读！,"Who is too eager for success will fail, too eager for gain will lose",还是喜欢宇宙生成论，当然这只是个门外汉的想法。。用无为的观点是否无为，即可无所不能为，即万能？,很有趣，窃以为这是一本＂肘后＂之书，寥寥千言，最初年幼，只是因学问而记诵，辞微旨远云云，着实无甚感觉。然而此后十余年至今，偶有一事即触及记忆中三两句，往往有醍醐灌顶之感，故有肘后之感，确实是值得用漫长的时间去慢慢浸透的文字。又及，因此而想到，幼时被要求记诵的诗书典籍甚众，晓事后心中十分抵触，因而对古时私塾科举基础教育深恶痛绝百般苛责。后来，那些被强行写入记忆曾经不求甚解甚至完全不解其意的文字，仿佛...
教父,9.0,4195,可惜短了点,看的txt翻译的实在太不好了，里面居然还夹杂着好多政治参考书的片段！一直听到的说法是小说远不如电影云云，影片把叙事中散乱的线头并拢，重火力的展现了一种形式感的冷酷，而其实小说在对人的理解上其实更为深刻，me很震撼。,对比电影以忏悔为主线作为整个故事的原创后续的第三部，以迈克尔完成被父亲推卸的职责作为结束的原作，是一个更完整更自成体系的故事。另外讲，译林你们真的不行啊。,紳士般有禮、淑女般溫柔地殺死你！,过瘾。
一个叫欧维的男人决定去死,9.0,11361,讲真，蛮无聊的。刚看到简介说是《一个的朝圣》瑞典版，果然我对老头子寻找生活真谛的故事不感兴趣==,明明是個冰冷的人，心尖上卻有那麼一塊柔軟的地方。,简直太、棒、了。最后几章每章都想哭。非常感谢索雅，她如此乐观宽容，并且自始至终坚定地爱着这个世界，也自始至终透过欧维的顽固死板看到了他身上令她最引以为豪的东西——对正义、道德、勤劳以及一个对错分明的世界深信不疑。她因为守住了这样一个人而感到自己无比幸福。对于欧维来说，索雅也是他的幸福，她是他愿意坐几小时反方向的火车就为听到她说话的女孩，她是他黑白分明的世界里唯一的色彩，她是他唯一愿意为之奋斗的那个...,一遍又一遍的死而不成将这个本应该老境颓唐的具有千钧之力的故事生生写成了一个鸡汤文。而且文中的比喻好奇怪，有点为了比喻而比喻的感觉。,怪老头儿的故事，太太太好看了！
看不见的城市,8.8,8225,这本书我读了三遍，事实上这书可以看三十遍，以前有人问流落荒岛只能带一本书的话带什么，我搜寻多年，终于找到了该带的书，不用再带高等数学题集了。。。。,如痴如醉，不能再置一辞。页100：“记忆既不是短暂易散的云雾，也不是干爽的透明，而是烧焦的生灵在城市表面结成的痂，是浸透了不再流动的生命液体的海绵，是过去、现在与未来混合而成的果酱，把运动中的存在给钙化封存起来：这才是你在旅行终点的发现。”这个版本有53个友邻评分，还有个版本有15个友邻评分我很遗憾……,大学毕业一年后终于看完了，大部分的东西我还不能理解，有闲情的话按标题逻辑重新读一遍吧。 #字我都认识组合在一起就不明白系列#,不喜欢这种纯形式的构造。,高三时读不下去，昨日重翻开竟一时读得入了迷。大概还是得心轻了，才能跟着这一座城市飞吧。
呼兰河传,8.9,12641,满天星光，满屋月亮，人生何如，为什么这么悲凉。,说《黄金时代》流水账的人，大概是不明白许鞍华是顺承了萧红的行文呢。,越是轻描淡写越是沉重,呼兰河的人们啊过着努力散漫、没有前路更不回头的日子，他们活在日历里，每一天平板板的，带着些冷漠，活着，然后死掉了。心好像在坠落坠落，字里行间的凄苦苍凉，源于纯真的恶，天性似的，染上了呼兰河的每一指泥土。都死啦最终，挣扎在泥坑里的人，越拼命，越窒息。19岁萧红离家，只带走了她稚拙浑朴的美，是低调大方的，若是我，洞悉往后艰难坎坷，定仍会头也不回、扬长而去，这是我的年纪，愿待我和她的31岁打个照面时，能...,旅行的时候看完的。看到最后，非常难受。因为写得太好了，浑然天成，又那么亮堂。真正优秀的作家一定是脱离派别，用自己独特的方式去写的。
海子的诗,8.9,4592,“今夜我不关心人类/我只想念你” ,当我站在痛苦面前，你不能说我两手空空，你不能说我一无所有。,治疗失恋、忧郁、绝望，也是使之更甚更绝望的诗歌，唯有欣然接受所有的不幸，用生命去品尝。,春天，十个海子,比三联那个超级芜杂的海子全编要好，西川的眼光值得信赖。
最好的告别,9.0,9353,最大的难题是怎么判断到底是不是真没救了，连医生都不能确定 …,3.5分。临近4分是因为作者作为医生的亲身体验让这本书值得一读，生活中许多洞见非亲身体验不可得。但是我最终还是没给4分，因为作者出现了理工科学生谈人文话题的常见问题，每章主题内容交叉、重叠，仔细一看其实主旨思想用几段就可以概括。细节和感性化体验多，但和最终的结论之间的联系并不是那么直接和清晰，总而言之就是一篇篇幅很长的散文，经验洞见深刻，思辨性略差，思维结构是点状辐射，几乎没有形成完整的概念和逻辑...,打算在40岁、50岁、60岁的时候分别再读一次。人终有一死，如何舒服体面的离开以及如何正视身边人的离开是一门值得提前掌握的学问 #书荐,因为疾病或衰老而可能走向生命终点时，我们将如何选择前面的道路。是付出痛苦的代价依赖技术试图延长生命，还是承认生命的有限而专注当下的生活，或者寻求加速死亡的进程。我们的敌人往往不是死亡，而是我们对死亡的无准备和回避、对医学局限性的不了解和不正视。,现代医学常常辜负其本应帮助的人们，把生命的余日交给一点微不足道的好处，优雅的跨越生命的终点需要明白，有时候相比于健康，更重要的是幸福。推荐。
梦里花落知多少,8.8,8721,就是想做像三毛一样的女子，自由，坚韧，三毛的书什么时候读都不晚，有点阅历再去读，又不一样了。青春相伴过，我已满足，感恩，没有遗憾。每当夜深人静的时候，仿佛都能听到耳边的呢喃：记得当时年纪小 你爱谈天我爱笑 有一回并肩坐在桃树下 风在树梢鸟在叫 不知怎么睡着了 梦里花落知多少~ ,三毛所有的泪水都在这一本里流尽了。,矫情的一逼！！高中读完之后完全不理解为什么会有那么多人喜欢她！！丫根本就是精分自虐无聊狂 ,爛泥一樣的日子裏讀完這本書 隻把喫當作生命欠缺的唯一慰藉. 那種喫法使我更像一個自暴自棄的傢伙。我昰看到《克裏斯》才知道三毛姓陳.  急匆匆的去網上查全名。知道答案的人一定會取笑我 因為這昰一個那麼平平無奇的名字 陳惠平。想起16歲那年 我拋棄了爸爸取的名字 用了喜歡女生的姓氏取了新名字 現在想來簡直像是一場私奔。在台灣念過書的作家清一色變成我的死穴.  黃碧雲如是 林夕如是 三毛也如昰.  不喜...,如果说《送你一匹马》是哀伤的话，那么这一本的情绪就是落入深渊般的哀伤。《撒哈拉的故事》里那样灵动愉快的三毛再也看不见了，取而代之是一个悲伤、孤独的有些古怪的三毛，可见荷西在她生命中占有多重要的位置，可以说是她所有快乐的来源。荷西死后三毛作品读起来就不再令人欢欣了，可怜三毛的心情。
鹿鼎记（全五册）,8.8,4729,少男都有喜欢熟女的情节。,金庸最好的小说之一。,每多看一遍就对韦小宝多佩服一分,这次重读鹿鼎记新思路出乎意料的多而且广，这是金庸先生封笔作，标准的江湖套路伪武侠，这些不需多说，首先韦小宝征俄罗斯打的几场硬仗【拥立苏菲亚女皇不算在内】实际上没有出歪招，都是用智力和妙计硬A下俄军的【我的意思是他的招数属于兵家诡道而不是小聪明】，这点与其他情节迥异，似乎金先生也有着民族热血在燃烧，此外，阿珂让我更加讨厌，无情而冷酷，杀韦小宝时毫不留手不说，居然真心想让韦小宝去交换郑克爽被吃掉，后来...,一部长篇的阅读结束好比一次小别离，与各路朋友之一道盛宴，临到末了，众人陆续辞别，筵席散尽，不免有人去楼空，意兴阑珊的失落感、寂寥感。
飞鸟集,8.9,5028,只是被中学生拿来装逼实在过于可惜,世界上最遥远的距离，大概地球人都知道了,隽永,静谧的温度，稚嫩的空气,在我老家里有一个书柜，发现了这本书，打开一看，扉页上竟然是30年前老爸送给老妈的礼物，还附送了一首情诗。。。。我那个囧阿
斯通纳,8.8,13655,突然想到，也许斯通纳的一生将会是我的一生。也许更糟糕，即无子嗣，也无作品，死于更大的反问句问号前。,没想到年度最爱小说是这本。我猜测很多人不会喜欢这本书，但我真是喜欢，越读越喜欢，斯通纳那平凡，但却独特、真挚、深情的一生，不会打动那些渴望成功或复仇等戏剧性人格的读者。我是知道那些孤独而自满、寂寞而美好的日子的，为读书，为学术，为体悟，痛苦但是淋漓尽致。直到现在，我仍然固执的活在品园739的日子。斯通纳是不幸的，因为他从未拥有世俗意义上的成功；但他却如此幸运，对学术如此投入且颇有心得，并从研究中洞...,昨晚心情不佳，打算补剧《国土安全》第一季，剧情本来很精彩，精彩处抱了本书在怀里揣着。是约翰·威廉斯的《斯通纳》，随手翻了两页，不慎着迷其中，暂停美剧，最后竟然看书看了大半夜。,这就是感受过于丰富然而理智和血性跟不上的生活，无边的情感压抑和苦涩，充满无力感，代际创伤无穷无尽。与其说是关于意义和虚无，不如说是关于自己的无力和没有抗争的欲望。正是我最害怕的那种气血两虚的人生。,值得五星推荐。知识分子的形象并不易写，毕竟他们总是与自己为敌
人生的枷锁,9.0,5454,“他不懂得在人生的旅途上，非得越过一大片干旱贫瘠、地形险恶的荒野，才能跨入活生生的现实世界。所谓‘青春多幸福’的说法，不过是一种幻觉，是青春已逝的人们的一种幻觉；而年轻人知道自己是不幸的，因为他们充满了不切实际的幻想，全是从外部灌输到他们头脑里去的，每当他们同实际接触时，他们总是碰得头破血流。看来，他们似乎成了一场共谋的牺牲品，因为他们所读过的书籍（由于经过必然的淘汰，留存下来的都是尽善尽美的），...,塑造我价值观的书,虽然行云流水，但是读的过程中，非常压抑，这种压抑不是来自于文字，而是来自于人的命运,比起《月亮与六便士》和《刀锋》，《人生的枷锁》把那一点残存的理想主义温情都剥掉了。毛姆用清醒到冰冷的笔触描绘了所有人的平庸一生。我们努力地挣脱某一个枷锁，然后徒然发现自己被套入另一个枷锁之中。,第一道枷锁：盲目的信仰，第二道枷锁：自卑的虚荣，第三道枷锁：艺术的妄想，第四道枷锁：爱情的魔障。只有开始直面真实的人生时，菲利普才得以自由。
唐诗三百首,9.3,1339,入世弄微信，地铁绕燕京。闲时三两页，明月照人心。,在热带海风吹拂下 重温古诗,没有李贺居然,杜甫粉。王维这种小清新我是真读不进去。还有就是。。。。堂堂大学生，我读的版本竟然是中小学生必读丛书版=_=,启蒙诗集，反复读了好多遍
朝花夕拾,8.8,7511,從國小到現在，一直讀得斷斷續續，還摻了些應試留下的分析痕跡，有些篇目讀過好多遍，有些篇目卻顯得陌生。先生文字里的戲謔和哀傷，畢竟不是時維少年的我能夠心領神會的，還總和同學打趣說這位大叔怎麼說話顛三倒四自相矛盾彆彆扭扭饒舌拗口得很。但是當時就愛的，卻是這“朝花夕拾”四個字，當時見婉約，現在卻能看得無奈歎息。先生繪風俗寫動物憶舊人，實在是簡練中見真情的，寥寥幾筆，總讓我能回味良久。相比先生的橫眉冷對的...,带露折花，色香自然要好得多，但是我不能够。便是现在心目中的离奇和芜杂，我也还不能使他即刻幻化，转成离奇和芜杂的文章。或者，他日仰看流云时，会在我的眼前一闪烁罢。,薄薄的一本小册子，却花了足足一周才看完。看完后很奇怪，为何会是中小学生课外阅读指定书目？前五篇都是鲁迅和陈西滢隔空互喷的文章，颇有现在微博上大V吵架的风范。而且每篇都充满了隐喻和对当年时事的评论，我看起来都蛮吃力的说，孩子们真的能看懂吗？如果非要说推荐，应该是指后面5篇更像是小说的文章吧。所以，本书前半本三星，后半本五星，综合四星。阅读体验减半星，三星半推荐吧。,最爱《藤野先生》。第一段就被电到，有流氓气，修辞好，节奏感好，反讽的好。,鲁迅写文章真心是成人视角，赤子之心。成年后回首少年事，写出了那种时间差异出来的质感。
边城,8.7,28593,云淡风轻，清涤情灵。吊脚遗风，难存于今。为保住心中的边城，绝不去湘西凤凰旅游。,沈从文的文笔真不是一般得好，沉静从容，底蕴深厚，怎么平淡的故事都能讲出韵味来。,Re-read。一曲对“美”与“爱”的悲哀赞歌，更是对故土湘西的乡土风俗的优美挽歌。渡船被冲走了、白塔坍塌了、爷爷死了，苗族的古老历史也被割断了。美学家朱光潜说边城表现了受到长期压迫而又富于幻想和敏感的少数民族心坎那一股沉郁隐痛。“边城”的人们试图维护自身文化的同一性以抗拒异质文化的冲击。但沈从文还是复原了曾经丢失的存在的整体性：白塔重新修好了、翠翠依然弄渡船，等待二老的归来。但二老什么时候回来呢...,含混不清的暧昧害死了人，不痛快的人有了不痛快的结局。,原来写爱情的最高境界是谁也没说，谁也没说。
罗杰疑案,8.9,6394,百闻不如一见，石破就要天惊。,"有沒有人和我一樣 先看了東野圭吾的《惡意》再看了這本書的?!  我杯具了.  伱懂的。尤其看見謝潑德醫生也做了案情的整理文稿之後 我就已經脫離了推理軌道 我在考慮的隻昰""東野圭吾和阿加莎 伱們到底昰誰在抄誰啊?!"".  所以 和《惡意》一樣 我並不喜歡這個懸案。任由阿加莎·克里斯蒂以及這本書 被追捧得如何神乎其神.  我依然覺得有些言過其實了。看著看著就赱神了 囬過神來的時候已經錯過了一個審判會或...",一层层抽丝剥茧，最后竟然是这样的结局。虽然倒回来想还挺在情在理的。而且罗杰死亡之前的那一起谋杀和自杀更丰富了整起谋杀的关系和可能性，直接归到小说写成自白书的原点。神作。,典型的古典推理，没有一个情节是废笔，太伟大了。,凶手是.......嘘！
金色梦乡,9.0,7185,“不要再活在小框框里了。”某人说分手的时候，正在读它。后来想把这书送给她，又觉得她可能看不下去。没有几个人是樋口晴子，可以确定她不是，那就算啦。,阿西吧，结局竟然是整容继续逃亡啊……贴了“推理小说”的标签，竟然没有真相大白和沉冤昭雪，真是意外,为了能够拥有能被打上“优”的人生而努力暴走吧,"之前刚说过，赤朽叶家的传说可能是我近几年看过的最好的小说。看来现在要改一改了。
如此钟爱是因为太符合现在的心情了。如果你也有过青春，如果你也有过同学，如果你也有过梦想，如果你也有过不舍，如果你也有过压力，如果你也有过前女友。。
算了，太激动也写不来书评了。。。我只能说，阅读太美好了。

也许有一天/我老无所依/请把我留在/在那时光里；如果有一天/我悄然离去/请把我埋在/在这春天里",这个世界上没有十全十美的长篇小说，伊坂幸太郎的《金色梦乡》也不例外。其实有很多办法可以令这本书更好，比如加大晴子的戏份做一个双主线叙事；比如把”Golden Slumbers“换成更理想主义化的”Twist And Shout“；比如把几位反派统合为一个更有代表性的人物；比如……总而言之，伊坂还不是一个成熟的作家。直到现在，我也依然认为伊坂有利用《Postman Blues》的嫌疑。但不管怎样，伊...
时间简史,8.8,9405,中学时候为了装逼看的，结果被另外一个更装逼的同学打败了。。。,物理是最有魅力的学科，物理能学很好的人都必定智商高。,情绪低潮期就靠这本书治愈了。「时空太过大 超脱我的喜与悲」,大学时读过，完全没读懂，不知道他在说什么,我真的有看过，信我。
王尔德童话,9.1,3230,你什么都知道，什么都说。其实不该给小盆友看，我们看看就好。,一本太残酷的童话书。不能讲给小孩听。,人心真好，果然世间还是人最好,最好的童话，其实是我们每个人拥有一个爱人的心,还是喜欢安徒生。
一个陌生女人的来信,8.7,21537,暗恋的极致：嘿，我在想，有没有一天，我也会写这样一封信给你？,我始终为你而紧张，为你而颤抖；可是你对此毫无感觉，就像你口袋里装了怀表，你对它紧绷的发条没有感觉一样；这根发条在暗中耐心地为你数着你的钟点，计算着你的时间，以它听不见的心跳陪着你东奔西走，而你在它那嘀嗒不停的几百万秒当中，只有一次向它匆匆瞥了一眼。,偏执的人总是特别容易打动人,爱情就是一场盛大的误会。,书，不长，很快看完。内心却是煎熬的。陌生女人对作家的爱太执着，太宿命，不予置评。我只是想，是不是总有个人，在你不知道的情况下，曾经爱过你。
陆犯焉识,8.8,12234,先看了电影，再看书，非常大的不同。电影撷取的一段收得小，铺垫少，以情动人。小说则是一个人的史诗，深沉博大。若说有缺陷的话，次要人物的塑造不够“圆形”，市侩儿子等等，有脸谱化倾向。“我”的存在对于叙事角度有调剂作用，特别是最后一部分，不过，或许可以应用得更好？,从电影看，说的是一个发生在特殊年代的爱情故事。从书中看，讲的是知识分子的一生。陆焉识这群人，有自己的优点和弱点，他们骄傲，有道德优越感，向往精神的自由，永远要做少数派，以牺牲和负责为光荣，如恩娘所说“活得清爽，百无一用”，可又能在最艰难的环境中体现人的尊严。,其实陆焉识爱的不是婉喻，只是依赖和习惯，只是作为多年囚犯碎了一地的骄傲与辉煌，最后发现只有她不离不弃。只是经历世事动荡后疲了累了，也没法再去选择最优组合。婉喻若是真爱，不如是退路来的贴切。,个人感觉严歌苓彻词过甚，因词害意。,老早呢，觉得你没用场好，心底里不龌龊，人做得清爽。太有用场的人都是有点下作的。现在看看，没用场就是没用场。中国是个啥地方？做学问做三分，做人做七分。外国的人要紧的是发明这种机器发明那种机器，中国人呢，要紧的就是你跟我搞，我跟你斗。你不懂这个学问，你在中国就是个没用场的人。
叫魂,9.0,6292,孔飞力：＂我这本书也是在写今天的中国，中国人看得懂吗？＂,这书太漂亮了。最后一章是重中之重，对比现实直教人冷汗淋漓。,抱着了解卜卦算命装神弄鬼等繁多江湖伎俩的心态，最终得出冤案的结论，实在有点失望。作者自然并不打算写一出酷刑审出的冤案，而剑指皇权与制度的冲突，解释了文革等群体事件（当我们只有栽赃陷害他人的权利之时，我们为何不做），从中国内部寻找通往现代之路，却不像教科书上说现代化全是美帝外部打入，是本启智的好书。翻译方面做得很好，从后记看，译者并不认同孔飞力的大观点，但译文中并未体现出来。值得买回来多思多看。,每次到这种书需要打分的时候都会深深感觉豆瓣是真逗比,读过老版本，收了新版本。
冬牧场,9.0,6336,这些天在新疆就在读这本，刚好同行有哈萨克族所以能边看书中的内容边马上请教，极有趣的阅读过程。在禾木也是住哈萨克族的牧民家，主人阿徳里一逮到我就问多大啦？21岁？结婚了吗？给你找个漂亮的哈萨克小伙？嫁过来这里好嘛？…我说这几天完全没看到漂亮小伙啊，他说我打个电话就能叫来了～真是把我逗的哈哈哈，就是新疆昼短夜长，很快把书看完了- -,李娟要是进了中文系，估计就写不出这么朴实灵动的文字来了。她的文字就像皑皑白雪，看似没有重量，却无声润泽大地。生活，天赋，这两者赐予了她独到的感悟力。虽然并不完美，她超过所谓完美而带来了清逸。当然，格局是小的。只是，格局对她而言，好像并不能起什么作用。,“人们觉得幸福不是因为他们活得舒适而是因为他们充满希望”，我很好奇她是怎么把这有荒凉又艰难又寂寞的地方写得这么富有诗意的。,看完《冬牧场》，最大的感慨是认识到过去的狭隘。原来游牧生活并不如我们从前想象的那样，是所谓的自由，辽阔，奔放，无忧无虑。真正的游牧民族的生活，是一板一眼，一步一印地谨遵自然法则和传统规律，平稳踏实的经历寒暑酷热的考验，历经一次又一次的拔营迁徙，在漫长的路途，无边无际的荒原中体会着日复一日的单调寂寞。我们以为他们以自然的方式生活，所以有淳朴至真的品格，但这种方式所承受的巨大艰辛和困难我们这样的人却从...,冬天就啃电子书，比起读纸质书手不得不暴露在被窝外这个问题，伤视力算不上什么....很干净质朴的文字，恰像那片气温总在零下三四十度的冬季牧场
孩子你慢慢来,8.8,12832,龙应台卖萌之作,整本书不如大儿子的跋,读书联想：德国禁止学前教育的法令真不错。强烈支持小学入学零起点。大人别着急，孩子慢慢来。,孩子让一个女人成为最完整的人。,如此温暖的一本书
book_name,rating_num,comments_number,top_comment_01,top_comment_02,top_comment_03,top_comment_04,top_comment_05
國史大綱（上下）,9.3,2208,“温情与敬意”,个人认为，历朝典章制度的沿革和利弊、宋元明清学术史、佛教史三部分最为精彩。钱穆治史最有特色的就是能于文化史中见政治史，于政治史中见文化史。,"钱老的很多观点都值得借鉴和思考，正在看。上册读了一半了。对很多钱老的结论都表示有很大的认同。
历时半年，一边看着学生上自习，一边读这本书，断断续续的，终于看完了。我想说，从此我再也不怕竖排繁体的书啦！",錢穆先生讓人感覺孑然一身噶感覺..,对中国历史怀有一种温情和敬意。
人生的智慧,9.2,4807,幸好没有读的太早，一开始还加加书签，后来有太多感慨的句子已经标记不过来了。,此书系为《作为意志（欲）和表象的世界》所写的《附录与补遗》中的一部分，但结构是完整的。第三章和第四章略无聊，第五章的“建议和格言”同前面的论述也有不少重合之处。但是读起来还是很畅快，对于宅在家里的人而言实在是一剂良药，读到最后简直要以为一个星期没有出门的我是全世界最幸福的人了。从这个角度讲，封底上架建议写着“励志”也是合理的。,解疑释惑的好书，值得终生收藏，一读再读。看过之后才知道自己为什么永远内心孤独——雄鹰只把巢建在人不能及的高处。,突然觉得自己可以把什么都看淡了，因为这本书把人生的每个阶段都带着走了边，所有的所有在这一生都是必然的，看透了就不纠结了，尽自己的努力去生活着就好。,同主题的书看了太多了，边际效应已经非常小。青春迷茫期早过了，但人生阅历也没见增加多少，什么人生的智慧十年二十年后再想罢。
史蒂夫·乔布斯传,8.7,12990,乔帮主真是一个矛盾密布的天才、人渣、疯子。,至少我终于知道了1984那个广告还真跟奥威尔有关........,刚刚看完！控制欲一直是主旋律，有看穿人性最本质的力量，非好即坏的处事原则，懂得专注，社交上不走常规路！每个伟人不是完人，只是他创造了值得我们去记得的东西！就如同一直用的iPad一样，突然发现那只是37章的事情了，他的生命也到了最后2年，可是还是一如既往，那么专注于自己喜欢的东西，一直活在当下，这样的人真好，我也要努力！,从来没看过人物传记，这是第一本。内容不是一面倒的溢美之词，乔布斯说他相信作者会写很多他会破口大骂的东西，也确实是，比如他冷酷无情爱说谎等等。但是总的来说，我突然明白了他身上那种让人着迷的特性，他确实改变了世界。,在完美主义者看来，这个世界丑陋不堪。
美的历程,9.2,4356,艺术是一个时代的思想的最好注解，你看那辉煌的开始总有征战的嘹歌，愿景的式微也有一个朝代艺术的出世描摹。很好奇后人如何看待新媒体发展的十年，这个时代的艺术又是如何被定义？,如此挥洒自如，该有多少底气,感谢读到的这本好书，古典文艺入门，接下来是一条漫长的求索之路。,4 相见恨晚！之前想当然以为是谈美学的空话，看了才发现是扎扎实实的中国古典艺术巡礼阿！写的好大气，又不缺细节，边看边查资料，每一页都充满惊喜阿！,"开篇没有期待的那么好，直读到秦汉时期才渐入佳境，独具灵韵，有些观点以西方美学的视角来审视中国传统艺术，魏晋风度和盛唐之音应该是最具感染力的两部分。
美的历程是指向未来的。诚如车尔尼雪夫斯基所说，尽管是莎士比亚，也不能代替今天的作品。艺术只有这样才能流成变异而多彩的巨川，另一方面，艺术也不乏继承性和统一性，因此古典作品中的审美情趣和艺术风格仍然与今天人们的感受爱好相吻合，让人产生亲切感。"
送你一颗子弹,8.6,35512,这本书读了两遍，我喜欢刘瑜那种喋喋不休，絮絮叨叨，形容词连绵起伏，用不正经的语气讲诉时事和生活，轻松地读完，感觉确实有根针扎了你一下,最大的感觉是这本书的编辑杂乱无章，使得那五个章别的分类失去了意义，就如同一本摄影集，经过内容编辑与画面排版的，与只是弄一沓装订成本的在观感与阅读上是有极大区别的，而这本书在编辑上相当欠缺诚意，杂得零零碎碎。其次是，刘瑜很喜欢提出一个个观点与看法，但她抖出了太多名词想要支撑一个观点，却没一个能讨论得透彻，所以那些讨论就只是一个个名词的集中，此处显得观点很狭隘，总结得也很马虎。或者正如后记所说的，这是...,其实就是书读得太多，想得太多，絮絮叨叨，但是忍不住又产生了共鸣，一直对啊对啊就是这样的感觉,共鸣之处多到难以概述。,无论周围有多少人称赞，我还是觉得这位小资的女公知，浪费了这样好的一个书名。
苏菲的世界,8.8,8626,太多人用这本文学书来启发智慧了，可惜这本智慧书里既没有文学，而此卷文学书里也没有智慧,高中的时候，每天晚上熄灯以后，就躲在被窝里看，最晚看到11：30，只好叫自己赶快睡觉了。作为一本出色的哲学入门读物，它为我打开了一个世界，故事本身的写法就是一种新奇的启示方式，一直很精彩，很感激，现在还是很喜欢。,刚开始很易读，到后来就越来越难理清关系。既然每个哲学派别和核心都是发展中的，都是不断演化的，那就是说这些都是为了更接近真相却又永远抵达不了。那么了解每一个哲学家的思想都是片面的，而每个哲学家的思想都是自成一体自圆其说。总体来说，了解哲学史就是了解人类思想构成和进步的过程，所有的基本法则都是可以归一的。不易想深了去看，这书不在于探究而在于普及哲学。可以反复读。若觉得看起来吃力要放一放。,这就是一本披着小说外衣的西方哲学史！,It's a good book for girls.
爱的艺术,8.8,8546,客观来讲，这本书有值得一看的内容。但是作者在第二章第一节里强调“男子和女子只有在阴阳两极结合中才能找到内心的统一”，并且毫无根据地说“因此同性恋爱者永远不会脱离孤独的折磨”，实在是叫我无法认同和忍受。,学术版的《当我们谈论爱情的时候我们在谈论什么》，爱情首先是能力问题而非对象问题，人格健全的人才能有生产性的爱。建议这本书从两个角度来读。一是自己作为爱者，反思自己有没有爱的能力。二是自己作为被爱者，有没有从伴侣那里得到这样的爱，考察对方是不是一个有能力爱的人。如果只从第一个角度读，很容易感受召唤使自己变成圣母而伤痕累累。,书薄，但分量重。爱是一面镜子，一到准绳，映照出人的灵魂面貌，核断出生活的质量。枚举下【爱的圣书】，柏拉图《会饮》-保罗《哥林多前书》-卢梭《爱弥儿》-马克思《1844年哲学经济学手稿》-尼采《查拉图斯特拉如是说》-里尔克《给青年诗人的信》-弗洛伊德《爱欲与文明》-罗素《幸福之路》-艾伦·布鲁姆《爱与友爱》……,天真的，孩童式的爱情遵循下列原则：我爱，因为我被人爱。成熟的爱的原则是：我被人爱，因为我爱人。不成熟的，幼稚的爱是：我爱你，因为我需要你。而成熟的爱是：我需要你，因为我爱你。如果两个人能从自己的生命的本质出发，体验到通过与自己的一致，与对方结成一体，而不是逃离自我，那么在这样的基本事实面前，就连和谐、冲突，欢乐和悲伤这样的东西也就只能退居第二位了。爱情的存在只有一个证明，那就是双方联系的深度和每个...,看之前没有预料他会用这么短的篇幅写的这么深，涉及了社会宗教心理学哲学性等诸多方面。我想他否定了大多数人对于大爱及爱情的普遍观念，虽然在简短的实践篇中又回落了一些，但是总的来说主线我认为仍旧是人格的独立健全。如果我爱他人，我应该感到和他一致，而且接受他本来的面目，而不是要求他成为我希望的样子，以便使我能把他当作使用的对象。
我也有一个梦想,9.0,2424,应该是在2011年看过的，重新标记下。林达而人的书，每本都很精彩！,书名真是顺应当下“我的中国梦”这一潮流。但作为一个中国人，我想不管我们的中国梦有多么的现实诉求，都不会实际到去渴望“希望我天生的肤色能让我获得同等的社会地位和权力”，因为我们从未担心过这个问题。读过林达夫妇合著的这本书，让我再去看诸如《勇者无惧》、《林肯》之类题材的电影，我想我会感概万千、欣慰万千。,类别：社会制度。萨姆达事件，斯高特案例，美国内战，马丁路德金非暴力运动，1964年的民权法。核心：人权的自由。人生而平等的权利。,"林达的书，看到第三本，难免有种疲惫感。可读性依然很强，但是..废话略多啊(￣▽￣"") ",恩，我也有一个梦想
九州·缥缈录,8.9,970,我只有一句话想说——您再版的同时能把坑给填了吗？,天长地久有时尽，此坑绵绵无绝期,这套书的副标题叫《我的青春》,"干什么玩意儿，居然再版！？
另，简介里“堪称中国版《冰火》”，还真是敢说。
大概翻了下前言，江南我果然没有看错你…讲真别让他填坑了，现在写不出来的。
附带的那本设定集倒是不错，可以的话想单独买。",铁甲依然在
彷徨,8.9,2512,《伤逝》为最，《祝福》次之。,因为贺喜引过其中的两篇小说，并几乎花一小时把《伤逝》读了一遍，于是自己找来《彷徨》重新读了一遍。鲁迅的短篇在我看来最大的特点就是形式的多样性，《伤逝》的自我回忆，《示众》的场景白描，《在酒楼上》的对话驱动，《长明灯》的对象淡化，《高老夫子》《肥皂》的言不由衷，《离婚》《弟兄》《幸福的家庭》的强烈对比，《孤独者》的人生聚焦，可以体现出鲁迅独特的创造力和想象力。上一次读《彷徨》似乎是在高二的时候，和《...,大抵是要重读的,相比《呐喊》，更厚重精微，技巧也更高超。《呐喊》的出发点常常是来自社会的，而《彷徨》则更多是向人生的。,我在少年时，看见蜂子或蝇子停在一个地方，给什么来一吓，即刻飞去了，但是飞了一个小圈子，便又回来停在原地点，便以为这实在很可笑，也可怜。可不料现在我自己也飞回来了，不过绕了一点小圈子，又不料你也回来了。
浮生六记,8.8,10338,沈复真是一个不上进、没责任心、自以为是而又内心细腻感情丰富的废柴呀。,作男作女的始祖。吹捧这两位的人那么多，可见未来中产开放性关系的概率有多高。,沈复真是个懦弱的男人啊！只能发这种感慨，所谓一生坎坷，不过是离开父亲的钱财就无法谋生，携芸娘寄人篱下，借债度日，即使如此潦倒，还要终日品茗论诗，招待朋友，让芸娘拔钗沽酒。被逐离家，是芸娘不待见于翁姑；芸娘之死，是被本应给自己作妾的娼妓辜负，他沈复唯一的错就是不该和芸娘恩爱甚笃，致招天妒。芸娘是跟着你个没用的男人颠沛流离有病没钱治死掉的好吗！！！,去青岛的车上看的。我要是男的，得芸娘足矣。,季羡林：“那一部是贵在心灵之自由的记录，写布衣寒窗的风月往事。”“不只是说生命的短促，更是指着生命不系于任何庞然重物。生命处于自在自为的状态。自由的渺小，渺小的自由，却昭示了生命本质上的尊严。”
目送,8.6,34716,坐在美国中部大农村的院子里，几乎每看一篇，就要离开一下。文字里的感情异常浓烈，虽然用了克制的笔触。到最后写她父亲，尤其入土一节，她不再克制，而我则几乎几句话，就要移开下眼神，望望远处灰蒙蒙的天空，平复下情绪……除了感动，更是体会到生命的无奈。生命中只有几个人，对你才最重要的。,这本书我看得很慢，除了代序第一篇就是很出名的＜＜目送＞＞。不错，感人；然后到＜＜明白＞＞，啊，挺感人的；再然后到＜＜回家＞＞，到＜＜母亲节＞＞，我看不下去了，能把这一点嚼烂到两百多页的书真是让人身心疲惫。另，龙的照片真的拍得。。。。呵呵后了,不能让妈妈读的书。,我总觉得，这书形式大过内容……,"人生本来就是旅程。夫妻、父子、父女一场，情再深、义再厚，也是电光石火，青草叶上一点露水，只是，在我们心中,有万分不舍。"
亲爱的安德烈,8.6,18914,龙老板的儿子真的好帅啊。。。德国是个好地方,你需要的伴侣，最好是那能够和你并肩立在船头，浅斟低唱两岸风光，同时更能在惊涛骇浪中紧紧握住你的手不放的人。换句话说，最好他本身不是你必须应付的惊涛骇浪。,我知道他愛我，但是，愛，不等於喜歡，愛，不等於認識。愛，其實是很多不喜歡，不認識，不溝通的藉口。因為有愛，所以正常的溝通彷彿可以不必了。,我实在很好奇母子之间的对话居然是关乎天下苍生关乎人生哲学关乎严肃的生活态度，难道不应该是最近没钱求打钱最近生病了最近谈女朋友了最近学习不太好之类的么？,用“太赞了”来形容还是嫌苍白。
万水千山走遍,8.8,3712,用一生的力气去行走，去记录。重读时，又有和儿时不同的感触。多了羡慕却少了向往，做不到如此洒脱也就只有在她的故事里沉迷的资格。,喜欢三毛的文字，却不太受得了她的性格……但可能只有如此脾性的人才可有这般文采。,"她去过的地方都很有意思
应该说她很能发现有趣的东西",三毛相信前世今生和来世。南美，该是留有她前世的乡愁，她在今生抵达。没有了写沙漠故事时的快乐和风趣，荷西之后的世界再没有这两样东西了。,就是最普通的游记啊，就是不知道为啥她的文字会火，谁来告诉我……
野草,9.3,2307,修行134th，彼时大先生白话文已臻绝顶。这本书是我爹私人藏书中唯一一本鲁迅，我六七岁的时候读过一次，不过必然是有读没有懂，今天读时受到了极大的震撼和感动，昨晚读到手心出汗心绪波动，另外这绝对不是肾虚的表现，我的损友们。最喜欢的是大先生借以自况的复仇者I，于是只剩下广漠的旷野，而他们俩在其间裸着全身，捏着利刃，干枯地立着；以死人似的眼光，赏鉴这路人们的干枯，无血的大戮，而永远沉浸于生命的飞扬的极致...,放现在迅哥可能就要稍微改一下标题了——《爷，草泥马》,照见灵魂之大苦痛大悲悯。绝爱之。,“鲁迅是一位极有自我意识的作家”，这话是不错的。这本集子中所写，虽然乍看如鲁迅本人所说“含糊不清”，实则全是利刃，直指向自己，以及一切人。简单说就是虐心……,野草，根本不深，花叶不美，然而吸取露，吸取水，吸取陈死人的血和肉，各各多去它的生存。当生存时，还是将遭践踏，将遭删刈，直至与死亡而朽腐。但我坦然，欣然。我将大笑，我将歌唱。
野火集,8.8,5662,时代需要这样简洁有力的声音!,初看觉得震撼，现在大陆有的颇多问题原来在30年前的台湾一样存在，于是看到未来，也许有一天大陆也会像台湾一样干净、整洁、有序；临看完又觉得书中说的好多价值观早就被大家接受了，看多了居然有些反感，作者高高在上自以为是教科书；噢，对了，30年前台湾民众普遍能接受自称中国人，短短30年，身份认知为何转变得如此之快？,仿佛看到了大陆的前世,政治三毛,真的写得很差很差，龙应台，你妈问你为什么不生气？
昨日的世界,9.2,2511,翻译的那么恶心怎么还有这么高的评分…………,   很直白的散文叙述，自传性质浓厚，颇能一见当时社会的风貌和思想，也是作者观察入微之故。那段历史，也恰应和，我国自五四以来至今的世事变迁。读来唏嘘，更有压力感，深恐自我见识不足，以至于堕入时代的洪流中而犯下错误，这恐怕也是文革之后的心理暗疾。,和爱伦堡一样，茨威格经历了人类历史上空前动荡和风起云涌的20世纪。他和爱伦堡的回忆录本身就像是历史遗迹中的一株标本。这样的回忆录比夏多布里昂《墓中回忆录》之类的要有价值多了。作为奥地利人，对1914年前的认识并不能代表当时整个世界。对比高尔基的自传三部曲和爱伦堡的回忆录就能看出来。对一战后德国通货膨胀的情况，可以参照雷马克的《黑色方尖碑》。对1924年后欧洲经济黄金期直到经济危机的情况，可以参照莫...,读的过程中不知多少次感到“这一幕似曾相识”，继而想问“这个世界是否真的改变过”。看到最后，看到他说“战争的暗影大概也蒙住了这本书的某些章页。可是不管怎么说，每一个影子毕竟还是光明的产儿，而且只有经历过光明和黑暗、和平和战争、兴盛和衰败的人，他才算真正生活过”，再想到他最后的选择，真是百感交集。,终于想起来我为什么觉得茨威格不错却没有办法喜欢他。人教版小学4年级教材当年收录了这本书里茨威格见到罗丹的片段，起名叫《成功的秘诀》，活生生的把谦逊的大师搞成了卑微的贩卖成功学的拍马屁鸡汤作者，现在这篇课文好像改叫《从罗丹得到的启示》。
情书,8.6,15387,昨夜从毅的手上拿到书回家看到凌晨。世界上最美好的爱情也许从来没来得及表达，从来没来得及出口，甚至从来没意识到过。,好像圆满，好像遗憾，又温暖，又凄凉，于此成为了极致。,文字的细腻有点让我惊讶这是出于男子之手……,这种冗长的寡淡的感情真要命，暗恋恋一辈子就成了包袱，居然还是让后来的女朋友发现，我操，简直阴魂不散。,在看电影前先看了小说不知道是好是坏……淡淡的，很喜欢
球状闪电,8.7,12812,刘慈欣真是喜欢这种空想型女神，未免YY过了头,我兔初级军迷，在意淫和民科的道路上越走越嗨。,大刘泥文笔能再烂一点嘛,《三体零》，里面的林云就是一个女版的章北海。,只要不想到我高中物理老师的脸，物理是多么性感啊。
经济学原理（上下）,9.1,2247,就我的脑子得读多少遍啊- -,年度最佳小说,非常好的经济学教材 多用图形解决问题 些许翻译错误美中不足 总体来说是非常经典的经济学入门读物 不仅可以当作课本来用 有兴趣的也可以当作科普书来增长一下知识 可惜案例多以西方视角入手 特别讲到宏观部分的时候对中国有些水土不服,作为一本初级的西方经济学教科书，它十分成功。对于绝大多数渴望了解西方经济学的非专业人员，读完这本书足矣。但是，我不肯定此书的汉译水平。它的拙劣将影响至少一代中国经济学人的专业表达能力。,曼昆+梁小民
银河系漫游指南,8.8,4441,贫的可爱。好短的小说。印象最深的一句话：人类总是认为自己比海豚聪明，因为他们创造了如此之多的成就—车轮、纽约、战争等等—而海豚所做的全部事情就是在书中游荡。但另一方面，海豚总是认为自己比人类聪明得多——基于几乎完全相同的原因。,贫逼,笑点太密集了以至于肯定要最少再读一遍XD,实在是太红了，有点迫于压力不得不看的意思，可是我开始过三次，每次都看不下去，这次也只坚持了一半 - - - -,为什么评价都这么高……我理解力不够吗……
倾城之恋,8.7,3630,张爱玲的警句颇多啊。《金锁记》便是仿写红楼梦，外国人的题材经她一写倒出了几分奇怪的味道。,"凌波不过横塘路,易求无价宝，难得有情郎.",高中的一个中午读完的。读好书带着满心的绝望上学去。其实就是哪里有那么多爱与不爱，说白了是为了逃避异样的世俗眼光，说白了是为了走一条主流的路，说白了是半推半就。什么惊心动魄，大概只是一瞬的幻觉。张是太聪明的人，反被聪明误。其实有些事，糊涂一点比较好。又想起冯唐说应该让张和钱钟书凑一对，看谁刻薄死谁。哈哈~,不过是棋逢对手吧，谁又真正爱过谁完全看不出来。,不知舆论宣传为何硬把她往言情里面塞，读完这本更知道她写的是荒芜凋敝的东西：世道差，人情薄，不管多精明的人，还是得在勉强和忍耐中消磨生命。提两篇很有教育意义的，《沉香屑：第二炉香》写了性教育匮乏酿成的惨剧，《心经》则是大胆处理了畸形的恋父情节。
解忧杂货店,8.5,163283,非常好看啊，他的书从来没让我失望过。腰封上有个人的评价我觉得很贴切“人们总是在不经意间与他人的人生紧密相连”。可以向陌生人咨询烦恼真好，有时候不为解惑只为说出来。,书里面附赠了一个书签 也许编辑没意识到 有些书是不需要书签的,谢谢你，浪矢爷爷。,这说是张嘉佳写的我也信,技巧近乎完美，但内容其实……老套路啊。真是厉害的作家，可惜只能是个匠人——没有原创灵魂，写别人故事的匠人
你当像鸟飞往你的山,9.0,11442,气死我了，女主他爹就是一个大傻比,令我们震撼、鼓舞我们的从来都不是那些荒诞和光环，正如塔拉的轻描淡写一样，而是别的，比如非凡的勇气、不妥协、不放弃爱，以及在探寻未知的艰难人生旅途中，你为自己争取来的开阔与无限的可能。,那些我经历过的、有触动的、甚至是伤害过我的，都成为了自我教育的一部分。教育，也如同麦克利兰的冰山模型：那些在海平面之上的知识技能，是最容易获得也最显而易见的；海平面之下，是自我疗愈的能力、自知自明、以及自我价值观的形成，这些是成年累月才慢慢磨出来的。而后者，更决定了“我”，是一个什么样的“我”。,读完就能理解为什么一本新人处女作能得到如此赞誉，这本书就是她的前半生、她的全世界，那是一个令人无法想象的扭曲的世界，所以从那个世界中站起来走出去的她，本身就值得五星。,听到的各种传闻，像极打了血的鸡汤，看的时候才知道多么极致的人生书写，没有波澜滔天的叙事，没有豪言壮励，隐匿于原生家庭诉说下那份勇气与自我的倔强，轻拨点染却足以迷思震动
孽子,9.1,4895,有些秘密说给旁人听，对于旁人反倒是一种伤害。它只在开满红色睡莲的池塘边兀自散开便是最好,喜欢透了。这里的路数更似我熟悉的台湾文学，天文天心那种交错的故事肆意的感情延绵的气氛，好像随时能涌起一个浪把人卷走。况且他的中文实在是好，描情写景间浓浓的韵致，连”一排倒钩着油淋淋焦黄金亮的麻油鸭“都写到让我落泪。印象深刻的东西太多，比如阿凤和红莲花，台北的月亮，静静发着霉的屋子，有爱情有聚散有沉重有慈悲有苍凉。正如这个长篇的名字“孽子”所揭示的那样，“父”“子”间的对峙才是主题。主线阿青背负的十...,我关上书的时候 刚好下起雨 从昨晚开始 我从床尾睡到了床头 对着我唯一的小窗户 像能飞出去一样 ,客观的说，这本书并不能打动我，最多向我展示了一个人群。书里人物我最喜欢小玉，就像现实中我对大多数女人保持距离的同时，尤其偏爱男同性恋中阴柔的那一方，他们敏感，细腻，温柔，富有才情，但也有时暴戾又决绝，性子比野马还烈，有魅力极了，足够让很多女人自惭形秽。,白先勇先生深受尊敬。也是依了他剧作的写本，唯一的这本长篇小说字字句句堆砌后耳有画面流动。框架充满外国小说虚实之色，整体叙事一气呵成。鲜少有不耐人寻味之处，但很少利用创作技巧，算是全篇“白描”。敢用这样的方式作出磅礴的剪影，极具大家风范。人物繁重，但个个鲜明特性，活动在读者的脑海里，念念不忘。其实也可以算作“纪事”类的小说，不用吸引人的话语透着暧昧的氛围。冲突和亲情相持，通读潸然泪下。国外译者评价这...
book_name,rating_num,comments_number,top_comment_01,top_comment_02,top_comment_03,top_comment_04,top_comment_05
亮剑,8.9,4489,叱咤风云、百战沙场的共军草莽战神李云龙，棋逢对手、将遇良材的国军对手柳云飞，抗日、内战的战神，在文革中毁灭，“如果我以毕生精力投身的这场革命到头来不符合我的初衷，那么这党籍和职务还有什么意义呢？”都梁最出名的军旅力作,小说远比电视剧好看哦,结尾让人胸闷。,【2019第9本】看完以后，心里真他娘的堵得慌。都梁说《亮剑》是“以人带史”，确实带得好，打鬼子斗汉奸、与楚云飞亦敌亦友，前半本有多快意恩仇，后半本就有多惆怅悲怆。李云龙臭毛病很多，没文化还看不起有文化，大男子主义根深蒂固，聪明只用在战略战术上，而不屑用在政治上，近乎盲目愚昧地崇拜伟大领袖毛。然而，当他看到岳父被打成右派、饿死在劳改农场时，当他看到三年灾害饿死无数无辜百姓时，尤其是当他看到患难与共...,电视剧没拍的后半段才是亮剑精髓
激荡三十年,8.6,2688,也许繁荣生成的时候 腐烂已经开始,"l  如果你曾经因为中国人恶待外国人、或外国人恶待中国人而沮丧，那么想想这个也许能得到些许安慰：中国人对中国人更恶。
 ","三十年民企岁月, 是在权贵和恶政的夹缝中艰难生存的历史, 也是在混沌世界中大放异彩的历史",值得一读，在这个看不见刀光剑影，但同样血雨腥风的商业江湖，人与制度之间的博弈，上层设计与底层时间之间的互相试探，豪迈而又悲壮。本书的广度够了，但深度还需要更多的挖掘。,回顾历史，我们是伴随着改革开放长大的一代，了解历史，定位自己，憧憬未来，吴晓波文笔真牛逼~
枪炮、病菌与钢铁,8.8,8312,印第安人和澳洲人在冰河期吃光了当地的大型动物，于是永远失去了驯化家畜的机会；欧亚人与家畜的相伴中练就了强大的抗病基因。结论：猫奴统治世界，吃货没有未来。,本书运用多学科的知识来回答“为什么是欧亚大陆的人征服非洲、美洲、大洋洲的人，而不是反过来？”这个问题。最后得出答案：“不同民族的历史遵循不同的道路前进，其原因是民族环境的差异，而不是民族自身在生物学上的差异。”作者的治学态度令人钦佩，5星收藏书籍！,说“环境改变人”是不准确的，应该说，人类的学习能力和适应能力在动物中出类拔萃，不同的环境会让人类学习进化出不同的能力。＃混是很好混的，然而获取一种能力几乎必然是痛苦＃,本书的一系列关于新西兰等诸岛的发展实例一句话总结：群落在适合种地的地方抱团发展是最优化的，人类居住时间长短反而不是很重要.狩猎为主的群落按照加尔文主义者的说法反而应比农业部落更聪明，但农业部落的阶级分化对整个群落今后的发展起到决定作用.本书没有多提精英化以及个人天才对历史的影响，但毋庸置疑的是：在一个人口稀少的狩猎为主的部落里，即使不顾当地的知识和教育发展水平出现天才，也只有被埋没的命运.生物地理...,麦高登同学说，他在重庆大厦后面看到一个瘾君子在硬纸板房里面看这本书。而麦同学则是在理论课上把这本书列为研究生书目。——这只能说明，重庆大厦的确是文化地标。
不能承受的生命之轻,8.5,36964,非常喜欢伟大的进军一章中关于媚俗的话题。,如果你打算只看一遍 那还是别看了,每个人都能在这里面看到自己的影子，我看到爱到极致的悲哀,人永远不知道自己想要什么，因为人只能活一次，既不能拿他和前世比，也不能在来世加以修正。,"　哲学味和文学味搁在一起一点不冲的小说，值得我读第三遍，对灵与肉的诠释很到位，带来的影响是前些年人们的力避“媚俗”，可悲的是，——
逃避媚俗本身就是媚俗。"
鼠疫,9.1,5720,这一场鼠疫，使那座死亡之城看透了生活的真谛，但是自由来临时，他们似乎已经忘却曾经经受过的重大灾难与痛苦。老人所得没有错，什么是鼠疫，鼠疫就是生活。不管是相隔两地的恋人，还是在身边承受着病痛折磨的亲人，当生与死只在一念之间，你就会发现，你的恐惧被放大，你全部的生活不过是为了生存。而往往那种时候，绝望就无处不在了。人性的考验需要这样的歇斯底里，也是这样，你会看到，丑陋的面目横陈而出。,重读。“鼠疫杆菌永远不会死绝，也不会消失，它们能在家具、衣被中存活几十年；在房间、地窖、旅行箱、手帕和废纸里耐心等待。也许有一天，鼠疫会再度唤醒它的鼠群，让它们葬身于某座幸福的城市，使人们再罹祸患，重新吸取教训。”,不大喜欢。,不悲天，不悯人，不煽情，不刻画英雄。有的只是极端环境下所必需的生活与抗争。加缪很讨厌上帝视角，却要比上帝视角牛逼不知道多少倍。,“人的內心裡值得讚賞的東西總歸比應該唾棄的東西多。” 加謬眼裏的人類幽暗昏惑，卻仿佛若有光。加謬教人如何對待這個世界：淡然而不淡漠，就如裏厄一樣。他讓我願意為了一本書而活下去。
麦琪的礼物,8.6,5252,欧亨利式的反转，看三五篇觉得是神作，可惜他几百篇篇篇都这个调调，就觉得滥俗了。,"任何一篇拿出来都很好看,但是连在一起看多了,就会觉得雷同到反胃...就好像阿加莎的侦探小说,最不可能的人就是凶手,慢慢的你会猜到结局.",感觉到了童话的味道，但她在大人们的世界更成立……,一字一泪 一字一笑,《警察与赞美诗》真好
面纱,8.7,13035,“我对你根本没抱幻想，我知道你愚蠢、轻佻、头脑空虚，然而我爱你。我知道你的企图、你的理想，你势利、庸俗，然而我爱你。我知道你是个二流货色，然而我爱你。”,《面纱》如果仅仅是个缠绵动人的爱情故事那就太不毛姆了。凯蒂不爱瓦尔特到他死都不爱。最后她爱上了自由。,看完小说感觉电影和作者的用意完全相反啊。把小说的用心之处抹去了。但小说也使人矛盾，虽然知道是更丰富的人性，对女主角最终却真的没法抱有亲近感，可怜的男主角其实自始至终都只是配角吧。不爱就是不爱，真是残忍啊。,从此书断定毛姆是个基佬,比《月亮和六便士》好看，讲述女主在经历过幻灭，背版、生离死别后揭开人性中虚伪与虚荣的面纱（而这面纱美其名曰为爱），最终在黑暗与孤独中找到一条安宁之路。非常建议未涉世的小姑娘读一读。
绿毛水怪,9.0,3649,“到目前为止，没有一件事能让我相信我是对的，就是人生来有趣，过去有趣，渴望有趣，内心有趣却假装无趣。也没有一件事证明我是错的，让我相信人生来无趣，过去无趣现在也无趣，不喜欢有趣的事而且表里如一。所以到目前为止，我只能强忍着绝望活在这个世界上。”,一直以为《绿毛水怪》是友情故事，昨天才发觉是个爱情故事。最早的时候是友情，初中再相见，友谊渐渐变成朦胧的爱恋。老陈天天送杨素瑶回家，一路上谈论诗歌，文学和理想。真喜欢这一段，他们互相喜欢，可是没有一句暧昧的言语，纯粹坦然，与其说相互吸引，不如说互为知己。 ,稚嫩的手稿，却始终是我最喜欢的故事。从一个月亮走向另一个月亮。,大团的蒲公英漂浮在街道的河流上＼吞吐着柔软的针一样的光＼我们好像在池塘的水底＼从一个月亮走向另一个月亮,里面提及的那么多书，只知道廖廖几本，顿时觉得知识面太狭隘了。
我的阿勒泰,8.8,6317,充满真情实感、不矫揉造作的文字，连风和雨都是可哭可笑的，连阳光和羊群都是通情达意的，信手拈来的浑然天成；阿泰勒森林里无尽苍茫的绿，幽深到暗黑的苍苔与木耳，跳舞到天明欢乐、树木被砍的缓慢痛苦、吵吵闹闹的热意日子、永远乐观明朗的生活态度……愿李娟能永葆童真之心，继续书写北疆风情。,最美的文字都是用心写出来的。这样一个偏僻的悠远的角落，李娟就这样恪守着属于阿勒泰和她自己的孤独，动用身体各个器官去观察去发现，去寻美，那里的人群和草原，牧牛和河流都成了流动的美丽风景，她也没有做什么，只是用自己手里的笔一笔一划地记录下她的所见所闻所感，没有华丽装扮的文字，就像是一个讲述者絮絮叨叨地向读者讲述着那个远离人间的属于新疆的小小角落，她的朋友，她的母亲，她的外婆，还有去她家商店买酒喝的酒鬼...,不喜欢李娟的文字，尤其是那种过于发散还没有来得及沉淀和过滤的文字，但有些细节确实写得好，末尾的诗也还好。我更喜欢的是她生活的那个不为我们所知的世界。还有，这本书里的省略号也忒多了。,接地气的好文字。在李娟面前，有多少人会因为自己写作的矫情而羞愧至死。,印象最深刻的是作者简介里的【在孤寂中迸发天才的力量，以浑然天成的笔触抒写生之爱恋。】觉得完全不同于国外的天才女作家孤僻又格格不入，阿勒泰的淳朴辽阔指引着她，自在又乐观。让她对身边保持着好奇和理解，什么样的事她写出来，都觉得有趣。大家喜欢她大约是觉得她是普通的，又是这么的与众不同。
渴望生活,9.2,2389,第三次读它，仍然一遍，一遍的哭。真正的伟大的艺术，都是作品加上他全部的生命。 梵高说，“我以生命为赌注作画。为了它，我已经丧失了正常人的理智。”只有生命与作品水乳交融，他的躯壳才有被悼念的价值。,再伟大的艺术也比不上孤独偏执的一生所经受的磨难,梵高是个善良和勤奋到执拗的人，灵魂极为高尚。但艺术家那种半疯的状态真的让普通人没法接受，他没能力和任何一个人和一个社区和平相处，不停地迁徙，因为哪个地方都容不下他。常年的不会理财、饿肚子、生病、每天只睡3-4个小时、无比兴奋地工作，让他提前燃烧了生命全部的能源。,善良 炙热 天才的灵魂 一生孤独 悲伤永驻 看得又感动又伤心 止不住地在地铁上掉眼泪 红色葡萄园卖出的消息 虽然早就知道 但看到弟弟的信寄来 还是激动得不得了 希望兄弟俩在天有灵,翻译真的太垃圾了，读者这本书会完全忘记梵高的画，浮于表面的热情不可能是那些油画下面藏着的东西。作者写进了太多自己的态度，呈现出来的梵高不完全可信，作为一本小说它也缺乏深度。总而言之，非常平庸。
半生缘,8.6,10975,怨只怨人在风中，聚散都不由我。,後面愈看愈生氣，世鈞是個懦弱蠢蛋，鴻才是無良人渣，曼璐推妹妹入火坑死有餘辜!!!!!,可是对于年轻人，三年五载就可以是一生一世。,李碧华形容张是口古井——大方得放心，古井无波，越淘越有。,在张爱玲的小说中，这是我第二爱的。一直想写个书评，没找到感觉。给我最大的感触是，婚姻中的一对怨偶，有可能是他人的佳偶，反之亦然。
古文观止,9.1,1483,总之多读一些书是很有意义的，特别是像古文观止这种！,少时读《古文观止》，爱不释手，手不释卷，挑灯夜读，琅琅达旦。其中最爱《滕王阁序》，气势浩荡，满口生香，当为骈文之冠。,优点不说了，说下遗憾，比如出于正统观念考虑，忽略了建安文学的代表曹操、曹丕的文章。比如选了韩愈24篇文章，但像《蓝田县丞厅壁记》这样可以反映官员铨选制度与士人精神的文章却遗漏了。当然因为是清人所编，所以清大家方苞、归有光、曾国藩的要另外找看。古文“至此观止矣”是不可能的，但选家的工作已接近完美。,这两本书我辞职之后背下来了,小时看书皮上的宣传语：鲁迅说，文学作品可以看见作者的意图，那么选本则可以看见选者的意图（大意），此书就是那类可以看见选者意图的书。且不说这两位选者在文学史上没有丝毫地位，本书刨去文章本身的魅力之外，并没有什么研究价值，只是可以作为风靡一时的思想史例而已。
民主的细节,8.6,16539,刘瑜本人也必定是个妙语连珠的妙人,本来，我只是听说刘瑜是傻逼；看了此书，我终于可以确信了，在中国谈社会问题的人太多，而有能力谈社会问题的人太少。不过刘写的有些无关政治的随笔倒还可一读，对于一个开口闭口公知的人来说有点哭笑不得。,很好吗？？过誉了吧。,"赶脚这本书其实就是在说明一个道理：“民主是最差的一种政治制度,除了所有那些其它被实验过的政治制度之外”","关于购买《民主的细节》的n个理由，刘瑜自己说的：
   1. 使您对美帝的批判更加有的放矢。 
   2.在公共场合手持此书会吸引大量有理想有文化异性的目光 
   3. 送给孩子有助于他们培养正确的人生观世界观 
   4. 送给老人有助于他们培养更正确的人生观世界观 
   5. 反正也买不起钻戒送女朋友 
   6. 光读《环球时报》已经不能满足您日益增长的吹牛需求 
   7..."
温柔的夜,9.1,1824,❤ ❤ ❤ ❤ ❤ ,喜欢《撒哈拉沙漠》里的荷西。这本书读起来不是很舒服，有太多让人不喜欢的人和事。,我在想为什么三毛如此美丽神奇，【因为，她有眼睛。】我还是喜欢三毛的文字。看的有着直指人心的体贴和温暖。这样的女子敏感却豁达，细腻却随性，忧郁却快乐，简单却满足。她说人生到处有青山，何必刻意安排计划未来的旅程。她说夜，像一张温柔的毯子，温柔地像我覆盖。她说上帝是公义的。她说，人生同船过渡都算是一份姻缘，那么今天坐在阳台上的我们，又是多少年才等待得来的一聚。她说，对人说了重话，自己先就很难过，一天闷闷...,1.14-1.21 这是本记录幸福生活的书 我想这是她短暂一生中最幸福快乐的日子吧 接下来的我不忍往下看 ,我果然比较爱那个跟荷西在一起时的三毛~
尼罗河上的惨案,8.7,5612,“人们甚至不认识你就在恨你了，这是很可怕的。”——林内特（P176）,这本倒是很早就猜出了凶手，但是没有想到他是怎么做到的。爱情使人盲目，太过炽热的爱到最后却成为了悲剧的起源。配角里面，很喜欢共产主义青年和小表妹，不过他们的感情支线有点搞笑。= =,作家往往都对自己小说里的人物有特殊的感情，比如钱钟书钟爱笔下的唐晓芙，所以不愿意让她和方鸿渐这个屌丝在一起。《尼罗河》里阿加莎一定也是喜欢爱的昏了头的杰基的，所以不让她和西蒙那个傻屌一起被绞刑，让她有机会自杀。,这个故事告诉我们，金钱不足以让人失去理智，酒精也不足以让人失去理智，但爱情会。,写得挺有意思的，但是推理并不复杂，属于正常逻辑范畴。没有“我操！是丫干的”那种快感
万物有灵且美,8.8,7030,我真没读出来什么好。。。我只是个又一次被书名和评分欺骗了的土包子。。,会写书的兽医，很有爱，只是碰到不礼貌的客人会心里闹点小脾气,最喜欢《爱管闲事的佟太太》这篇，看完竟然失声哭了出来，“你瞧我重塑了这条狗，对不？”当个兽医多美好啊,继卖水果的阿城后爱上兽医哈利...第一本推荐母亲阅读的书 她读的开心 躺在床上对我复述剧情 感觉真是好极了...,30年代应该是蓄牧业最为昌盛的年代，当时还没有机械化的装备，农业的经营都要靠牲口，正因为这样所以当时人与动物相互依赖相互珍惜，当年时代背景下人与动物间的情感已经难以再现，所以作者在这个环境下描述出来的人和物都令人觉得可爱又向往。另外也很喜欢作者那含蓄的幽默感，他文字表达出来的口吻或许不会令你捧腹，但绝对字字句句都令你不禁宛尔。难能可贵的是，作者作为一名兽医所拥有的内在与品德，令人崇敬。这是一本能微...
最好的我们,8.8,13833,好书要有饱满的人物，不落俗的情节，漂亮的语言，更重要的是要引起读者的共鸣。青春三部曲我更喜欢这个终结篇。我也曾像耿耿一样，侥幸进入重点高中，对听听全懂做做全错的数学无能为力，暗恋着一个不敢表白的优秀男生，毕业时和伙伴挥泪说再见。现在回想起来，学生时代有一种偷偷暗恋却不敢说出口的小情愫，大概是青春时期最美好的事情了。偷瞄过的侧颜，收藏过的字迹，擦肩而过的脸红，永远送不出去的情书，最好的我们，恰是那个...,“光阴如梭，未必是时间良药；念念相续，苦痛里都是执着。”,对我来讲，最完满的，有且只有洛枳跟盛淮南这一对。十年前，洛枳爱盛淮南，谁也不知道。十年后，盛淮南爱洛枳，全世界都知道。,看完写了篇5千字日志……有种再次看到你好，旧时光的感觉。,劳资信了9.5分的邪，半夜看完，哭成傻逼。。
总统是靠不住的,8.8,3411,到现在我也会经常犯糊涂分不清Republican和Democrats。对于我这种政治白痴，这书却依然看的津津有味，足以说明作者的实力了。美国的大选还真是写也写不完。上一本搞明白了O J Simpson，这次搞明白了水门。想起Prof. Downes之前课上表现出的对politics的兴趣和大家毫不含糊的参与，现在的确更容易理解了。如果当时我已看过这书，一定也更有兴趣去听大家的想法，而不是像当时和其...,好书，深入浅出，通俗易懂，了解美国的入门书,这本书的每一个字都在告诉大家为什么美利坚合众国是一个伟大的国家,是对美国政治体制及三权分立内涵的一个浅显的了解途径,一个好的“收银机”是一个不可估量的力量，是维护美国乱中有序的重要基础。
阿勒泰的角落,9.1,3598,李娟的文字好，但我并不感冒，怎么说呢，就像我也不感冒蔡明亮的电影长片一样。,在李娟浑然天成的文字面前，任何华丽的词语都成为了笑话。她再一次证明了好的文学是对生活与生命的感悟，并不是精雕细琢的技巧就能取代。特别喜欢她对万事的态度，比方她说“自然总是公平的，总会平息一切突兀的情感”，“假如我们尝试改变，说不定会更好一些，但也说不定会更差一些。 但是，无论干什么都不会比此时此刻更为确定、更有把握一些了。”她让我重新思考一些人类所谓的道德和意义，就像她说人类认为老鼠偷食是坏的，但...,难得一见，非常干净的散文，读得心里又静又喜悦,这本书给我的第一感觉是真实，第二感觉是真挚，再感觉就是真诚了，只有真心实意的去拥抱这个世界，才能让人真切的产生共鸣。我喜欢这本书，它让我心底沉静。,悲伤往往轻于表达，美好不易言说。清澈的生活，宁静的阿勒泰，所以又干净的文字。
离开的，留下的,8.7,9560,埃莱娜没有意识到，这一切或许只存在于她的想象之中，她的力量的根本源泉不在尼诺那儿，不在老师那儿，不在阿黛尔那儿。当然也不在莉拉那儿。一切成就她的，以及毁灭她的力量都来自于她本身。,看到后来可以说是很厌烦了，莉拉被写得像个魔女，只要一眼男人就会爱上她。埃莱娜则是集自卑自怜自恋于一身的戏精本精，书中大段大段的自问自答内心戏看得人十分疲惫。她不停强调自己爱莉拉，可实际只有嫉妒和防备；她说自己爱彼得罗，可表现出来的从来都只有瞧不起、不耐烦、和戳心口的背叛。能用第一人称把自己写得那么让人讨厌，也是很稀奇了。,连续剧在步入中年后变得有些无聊，但故事倒是更女权了。不得不说，中年真是生活的推进器，或者是爆破机，婚姻、出轨、家庭……一切都在高速地撕裂变化着。过去变得陈旧，未来不可预料，而当下则在颤抖，正如最后一句所形容：“我脚下的地板——我唯一可以踩到的地板——在颤抖”。,莉拉是女孩都想成为的自己，无坚不摧，无所畏惧；莱农是女孩真实的自己，一路攀爬，一身枷锁。,到了中年似乎没有发生多么大情节的事情，放弃写作或者又开始写作，生了孩子感到痛苦结果又生了一个，把性剥离人性的枯燥的婚姻，几通电话几顿饭……却读得惊心动魄，比前两本那些跌宕的情节更为惊心动魄。
德米安,9.0,4667,对于每个人而言，真正的职责只有一个：找到自我——找到自己的命运——而不是他人的命运——然后在心中坚守其一生，全心全意，永不停息。所有其他的路都是不完整的，是人的逃避方式，是对大众理想的懦弱回归，是随波逐流，是对内心的恐惧。,《德米安》像是《悉达多》的前传，通向自我的道路是曲折的，只有走完这条路的人，才能最终意识到自我的空幻。,想起了尼采的一句话：“人靠什么创造呢?人靠自我对立而创造。”,“鸟要挣脱出壳。蛋就是世界。人要诞生于世上，就得摧毁这个世界。鸟飞向神。神的名字叫阿布拉克萨斯。”一口气看完，也许是因为相较写数学，读黑塞要有趣一万倍，又或是因为这大概是我很久以来读到的最精妙、最神秘且最有共鸣之bildungsroman。在短短一个多小时的阅读过程中，我几乎带着某种讶然和微痛完整地回顾了自己的中学时光，那些表里世界的分裂与融合，亲手摔碎并粘合的三观，从他者的投影中获取的自我，不断...,病中昏昏沉沉地翻完，脑中只萦绕着一个问题——黑塞真的不是同性恋么？
全球通史,9.1,1754,高屋建瓴，直入本原。王朝更替不重要，战争不重要，重要的是经济和人心。,"嚼蜡,写的象教材",确实是我想要的书，过了一遍，补上了高中没学过的全球史。对历史有个大致的概念了。缺点是图还是略少，尤其是地图，提到那些半岛的时候总是反应不过来在哪。有些段落在各章重复出现。历史这门学科信息量太大了天哪粗略讲一遍大事表都有这么厚。不过真的很有意思,对这本书的评价高低似乎很大程度上取决于读者以往的知识储备。就我这个历史知识停留在高一的人来说，还是很受益的。基本上可以算全面中立，流畅易读。可以作为工具书常备家中。比起地区史国别史断代史，这种浓缩的世界史最大的意义应该在于横向时间线上的比较和推进，更能明显的看到没有什么事是孤立发生的，环球同此凉热。缺点是还是能看出作者的政治倾向，以及不可抗力下的删节又加剧了这种偏颇。看的时候不禁在想，如果由一个有...,渣，观点非常落后
荆棘鸟,8.6,8444,现在回想起来，这本书其实是本大叔控小说,要不是有大段的风土、环境描写，这本书的评分就直接降为了2。。。几段虐恋实在不懂其存在的意义，不美确实实在在传承着畸形。如果能衬托大环境对人的历练那必定是佳作，可这本书的主题无非是妈和女儿都爱上了不该爱的人，悲剧代代上演，主要原因却是基因作祟。。。结局的美好也毫无让人动心，不懂得怎能和《简爱》或者《飘》相提并论！！！,写得很细腻，非常坦然，情欲也好，乱伦也好，野心也好，所有的情感都磊落光明，像荒漠里生机勃勃的杂草和虫蚁，交易和占有欲都是天赋人权，无人为此羞愧。麦卡洛的大胆和平静令我惊讶，她书写通常被隐匿和讳言的生活：通奸、未婚生子、“恋母弑父”、背叛、恋童、天生的流浪者、甚至更深层的女权和恋子……在大多数文章中会被处理为纸醉金迷中的荒淫无度，被嘲讽的藏污纳垢，或封闭蛮荒小镇的不伦剧，我们内心愁苦却无力自救，但麦...,可说是初中爱情启蒙教材之一,但是当我们把荆棘放进胸膛时，我们是知道的，我们是了解的，但是我们仍然要，仍然要把荆棘放进胸膛。回想起这本书，自己的那些爱恋未免都太轻飘飘。很多精致的带有宿命感的句子，淡淡的颓废和深深的执着与绝望之情，倒蛮有古希腊悲剧精神的。但是我脑海中有一种想法总是挥之不去：我肿么觉得这本的情节主线和百年孤独极为相似？！！！！
罗生门,8.7,7415,1他的笑容门可罗雀2 莫泊桑像一块冰，有时候也像一块冰糖3婚姻可有效调节性欲，但不能调节恋爱。这三句话非常好笑，哈哈哈哈，侏儒那章简直像在刷作者的朋友圈,为啥书评都写得那么牛，我看完完全没感觉真是......,我们各干各的，你偷你的头发，我打我的劫。,几篇小说的合集，风格各异，简直不像一个人写出来的,大学时看的，是日文原文。文章有些压抑，但是不失为很棒的小说。
献给阿尔吉侬的花束,9.0,5488,如果有时间，请帮我放一些花在后院阿尔吉侬的坟墓上。 ,中篇已经够好了，长篇细腻是细腻但整体并没比中篇好太多，没体现出扩写的必要（但还是哭晕了18回（然后看到有人因为“错字太多”给了3星，哭晕第19回,另人心碎的便匆名之路,黑暗不可怕，可怕的是见识过了光明又重归黑暗。“我不会忘记阅读那本淡蓝色封面的书的美好感觉”，这是我读过的的，对知识的最高，最真挚的礼赞，不含一丝矫揉造作和虚荣刻奇。总之，此生，知识与爱，都不可或缺。,受教育越多越容易自恃优越，这跟从网上看了些二手信息转头嘲笑他人无知也没啥区别，鄙视链这种东西不能当真，保持一颗开放谦卑的心，自勉～
book_name,rating_num,comments_number,top_comment_01,top_comment_02,top_comment_03,top_comment_04,top_comment_05
天朝的崩溃,9.1,2672,因为史学的学术功夫不够，我还很难比较准确和专业地评判本书的价值和高度，但至少对于大部分非史学研究背景的读者而言，《天朝的崩溃》已经足够颠覆他们从官方正统教科书上得来的诸多可怜的历史“常识”了。,典范啊，典范。中国近代史研究的经典之作，史实、史笔、史识，无一不佳。对中国传统（乃至当代）文化的批判鞭辟入里。,以前学鸦片战争，我总感觉不对劲，如今读了这本书，虽然不至于像被洗了个脑，但气总算顺过来了。作者通过丰富而细致的解读，把事情的来龙去脉讲得十分清楚（特别是军事分析部分），难能可贵。如果要吹毛求疵的话，那就是文字功夫还有所欠缺，有些叙述显得笨重，感性与理性之间的处理，也有失分寸。最大的收获是：永远不停地去接受新知，对个人，对国家，都是十分重要的事情。,在鸦片战争以前，我们不肯给外国平等待遇；在以后，他们不肯给我们平等待遇。,重读，真是厉害的著作，简洁有力，情理交融。在史料详实、避免意识形态和道德先行的前提下，这种“倒放电影”的写法能给读者以最大程度上的启发，也能让评论更加有的放矢。“历史不能重演。历史学家并不因此而停止假设、推论等工作。历史学的许多意义就在其中”。可惜茅老师后来似乎不走这条路子了。
霸王别姬,9.1,2967,张国荣的电影几乎把小说的精髓都演出来了,他知道他知道原来他什么都知道！！！！（老泪纵横，今晚果断重温电影啊！）,比电影冷静得多，结局也没那么戏剧化，“就算少一个时辰都不算一辈子”这种话果然还是在心里默默想想而不要讲出来的比较好……这个故事跨越了民国、抗日、内战、反右、文革等足足六十年，读的时候一直在想要是涵盖的命题更多些该多宏大多好看，不过李碧华自然清楚自己的优缺点，因而对每个时期都是浅尝辄止，既能引起读者共鸣又不至于暴露任何知识上的匮乏，并且每一个历史上的巨变都创造/迎合了情感上的巨变，这样的自知之明比不...,【经得起岁月的只是轮廓，后人永远不知道他们原来是什么颜色，淡印子，不走。】【男人，别当他们是大人物，要哄，要在适当的时候装笨，要求。】李碧华：“对于三〇年代，我有一种'来过了'的感觉，所以特别熟悉。说得不玄一点，就是我特别喜欢那个时空——那是中国开始繁华的时代，中西交流刚起步，战争还没开始，就像一个美丽的梦境，人们特别懒散、优雅、绮丽。但是一切不过十年就消失了。”,李碧华原名李白
社会心理学,9.0,2939,这类书，应该算教材，实际上，如果做成精简版的结论快餐书，对非学生来说，则是一个福音。,这本书断断续续的看了几个月才看完，实在收获太多，书签加了一大摞，记号笔大概都用空了一根，有空再看一遍……,内容海量啊，总体感觉是一门还未成熟的学科。我是这样理解的。因为很多解释仍然只是一种“假设”。,"先说不同看法  他的全球变暖（持怀疑态度） 公地悲剧（更相信经济学解释） 辛普森谋杀案（李昌钰参与此案 可以看他的相关报道）判断不同意      
经济学解释行为的时候 对于一些非理性 应激性的反应 往往解释力不充足。社会心理学比经济学对此方面做了更多的研究。 《乌合之众》是本好书，但是弗洛伊德对它的批评也是正确的，没有更细致的研究。而社会心理学给出了较好的解释，对于从众行为的解释。同时也给出了...",咳咳，邪教教主必备。【这么厉害的书你用这种推荐词？
倚天屠龙记(共四册),8.6,6084,"我走过山的时候山不说话，我路过海的时候海不说话； 　 
　　 我坐着的毛驴一步一步滴滴答答，我带着的倚天暗哑。 
　　
　　 　　 大家说我因为爱着杨过大侠，找不到所以在峨嵋安家；　 
　　 　　 
　　 其实我只是喜欢峨嵋的雾和霞，像十六岁那年绽放的烟花。
　　
　　 　　我路过海的时候海不说话，我走过山的时候也听不到回答； 
　　
　　 我骑的毛驴步步滴滴答答，悠悠飘向远处却从不想回家。",射雕三部曲中最为喜欢的一部！张无忌也是金庸笔下最喜欢的一位！真正的佛系男子，优柔寡断恰是温柔慈悲。许多人最喜欢令狐冲的潇洒不羁，其实未必有张无忌放得下。屠龙宝刀，武林至尊。号令天下，莫敢不从。倚天不出，谁与争锋？他强由他强，清风拂山冈；他横任他横，明月照大江。从医而武、明教、乾坤大挪移、光明左使。,他强由他强，清风拂山冈；他横任他横，明月照大江。,被张无忌气死了，就算钻进书里他有九阳神功护体也杀不了他，赵敏大智大勇敢爱敢恨顶天立地响当当一条汉子，配了如此怂货，她应该爱苦头陀大师！要是不毁容多般配！周芷若典型碧池，小昭典型男人意淫中的充气女仆。可惜这就是人生，所以三部曲里觉得最好看。。,曾经喜欢小昭，如今喜欢敏敏。张无忌最可恨，但正常人是不是都这样，想不清楚自己要做什么。
上学记,8.9,3169,听知识分子说上学。好书,读得泪水涟涟，想如今，“时无英雄，使得竖子成名”啊！,一部个人版的中国现代教育发展史。从废科举立新学 到民国教育体系 到抗战时期亲历西南联大 再到内战时在两岸的漂泊 那些口述的生活与过往里 闪现又隐没了太多我们所能触及的文字里所抽象的人物 但在作者的眼中 那不是符号 而是他的老师 朋友与同学 是他的经历 他的岁月 他的人生。,非常有趣且真诚的一本书，读起来很快,像何先生自己说的一样，他不是用数据而是用感性的笔触尽现西南联大诸位达人风范。朴实。关于教育，关于意识形态。关于幸福，关于快与慢，关于文明。
牧羊少年奇幻之旅,8.6,33379,虽然两个小时就读完了，但是其中的道理不是两个小时就能领悟的,在这个时期读到它 也算种征兆吧,风格非常平实，甚至充满了童趣，又毫不装B、做作，真让我这个成天在晦涩的文字里钻进钻出的人眼前一亮。结局果然不出我所料，却仍然不失其意义。我觉得这本书的内容完全可以概括为那两句著名的歌词：“敢问路在何方？路在脚下。” 自从碰到XX王之后，这位牧羊少年的生活不再围绕着羊群转悠，梦中的利益的驱动点燃了他乃至他父亲沉睡的梦想。既然下定决心要通往梦想的彼岸，便不顾风雨兼程。说实话，有过前面那些终极思索和不平...,宿命论心灵鸡汤大合辑。各种说教，多得我都有点恶心了。全书总结就一句：要信命哦亲～,确实十分意识和理想主义，过分强调人的意志和主观能动性，外加心灵鸡汤一般的抚慰和各种如童话一般出现的人物和故事，道理其实大家都懂。至于文字吗，有佳句无佳章。
一句顶一万句,8.7,12298,写了我们每个人的别扭，每个人的孤独。,和其他当代作家一样，时代的焦距一旦推近，厚重感即削弱，所以小说下半部比上半部弱许多。小说的视角独特、平实：和身边的人说不说得着话。喜欢书中由此对《论语》和《圣经》的解读。“有朋自远方来”是孔子感慨身边没有人说得上话，《圣经》是要人在心里忧愁没处说话的时候知道去找神~前半段那些小故事很有爱。,书里的人物都亲切，好像小时候听妈妈讲姥姥的故事。回到循环的人情世故，村庄和田野都装着小人物们类似的命运。北京的凌晨相比之下寡然无味，书里最辽远的一桩孤独，就是巧玲“一梦醒来，窗外的月牙，映在枣树的树杈间。”,1、和平年代的战乱感；2、说不出来的苦才是真正的苦；3、我从未见过比刘震云更啰嗦的人。,世上的事情，件件藏着委屈。永不来往，就是永远和好。
四世同堂,9.3,3465,为什么要出个删节版呢莫明其妙,战争到来时，你会是谁？,北平受难图，国民泣血书。战场杀人，沦陷吃人。老舍完全控制不住自己对北平的眷恋，对蝇营狗苟，吃里扒外的汉奸、特务，对涂炭生灵的鬼子的无情控诉，虽把人物脸谱化严重，但他的激动正好印证了他的话：一个被征服国家的悲哀和痛苦，是不能像桌子上的灰尘那样一擦就掉的。我坚信他死时一定像自己笔下的名士钱默吟一样，铮铮铁骨投湖自尽。读罢此书我会时刻提醒自己摸摸良心。,在我这并不是老舍写的最好的小说 却是他最不淡定最力透纸背的书写 秒杀绝大多数国仇家恨的奋笔描述 老舍太懂得中国人 一腔子对国与民的爱与耻波涛汹涌 他笔下却还是毫不掺水的炎黄众生相 他是伟大的。 ,看来抗日是靠的美国
顾城的诗,8.8,2478,她转过头 像是行最后的亲吻 一下子咬下了 丈夫的头颅 回光还亮着 照着彩色的万物 散落在草间的断翅 还想轻轻飞舞 这螳螂的爱情 将永远从一而终 不像我们人间 总是许多变故,中国的诗人里面，顾城可以说是我最喜欢的诗人，总是可以在他的诗里面发现一种魔力，然后久久不能自拔...沉浸许久。,【高一】土拨鼠在挖土/有人问/土里有什么/土拨鼠说：土里有土,我要在大地上画满窗子，让所有习惯了黑暗的眼睛都习惯光明。,这本书就是我的青春，我背诵他，为他的某一句而哭泣。这本书让我觉得，顾城离开这个世界最大的原因，就是他用他那黑色的眼睛把这个世界看的太清楚。我无法不迷恋他，尽管他是如此的疯狂。
正见,8.8,4038,2013-05-04读毕，有几点感触：1）佛佗曾说：“你是自己的主宰”；2）佛教基本上是非神论的，不相信有全能神控制一切；3）佛佗曾说：我们不应该崇拜个人，而应崇拜此人所教导的智慧；4）对无常的体认是个关键，让我们不再害怕身陷于某种情境、习气或模式，而永远无法逃脱；5）任何具有不确定和不可预测性质的事物，即是痛苦。,差评。真是的，佛学这么深这么大的东西怎么写得和不转不是中国人似的呢。,看了一半看不下去了。。。。像是给乡野村夫看的。。。。,一切和合事物皆无常。我们没有勇气和能力善用真正的自由，只因为我们无法免除自己的傲慢、贪求、期待与恐惧。,不能再读下去了，佛陀可能是东方世界的亚里士多德，且仅此而已
此生未完成,8.9,6322,后面的博文不加还能给人印象深一点，不然分分钟沦为路边三流新浪写手。大家愿意看癌症病人的书一是因为死亡这一普世永恒之题，一是因为距离生活远。写鸡毛蒜皮的共同经验，秀显而易见有虚构成分的幸福，是不会被待见的。,“现世安稳，岁月静好是现实生活最平稳的底色，至于人生梦想，且作个信念，犹如锦上添花的金丝线，若不得机会绣上去，不添花也没有啥，也罢了。毕竟，人不能没有心气儿，却不是仅仅活那口子心气儿。”/她的临终日记是让人动容的。可是，这书的后面一小半全是搭售的她的早年日记（博文？）或者说随笔，我越看越不耐烦，读到众多爱情故事那里，我简直都开始心生怨怼了......,不忍去读。是怎样的无奈才会让一个人如此坦然地面对生死。记得张清芳有句歌词是“我不要经历沧桑”，传奇人物、励志人物……此类头衔与生命、亲人的朝夕相伴相比，谁又想要？哪个母亲不想看着自己的孩子长大成人、娶妻生子？,前半部非常值得一看,没有感觉多么的好
棋王,8.7,4733,“阿城是懂得十分，只说二分”——王朔,篇幅很短，意犹未尽，有点像《故事会》上的小说，人物刻画的很棒。,"下乡时在火车上我结识了棋痴，后来来我部里见我时又认识了上海知识青年脚卵，后相约参加文体运动会。然而棋痴因故来迟，却仍然执意挑战前三强，随展开与九人同时对战的去情节，最终夺取了胜利。而我也从中看到专注自己所爱所带来的精神乐趣。

这人放现在可以去参加最强大脑稳拿冠军了",太适合改编成漫画了。,《棋王》被誉为“寻根文学”的扛鼎之作，发表虽早，但文字简劲，结构精巧，气度超逸，为后出作品所不及，又有超迈于流派之外的内涵与趣味。汪曾祺先生曾说：“读了阿城的小说，我觉得，这样的小说我写不出来。我相信，不但是我，很多人都写不出来。这样就增加了一篇新的小说，给小说的这个概念带进了一点新的东西。否则，多写一篇，少写一篇，写，或不写，差不多。” 
我不知道该说什么，关于死亡还是爱情,9.0,5219,历史应该要好好地被记录。,就是《切尔诺贝利的回忆》的新译本,我们闭口不谈 我们相安无事,口述的层级如此丰富，竟有不可承受之感。历史事件如同晶体，是被每一种回忆、每一个口述立场打造和雕刻出来的，只要增加一人，便是多了一种趋近于本真的可能性。因而，这个晶体本身也是混沌的，人们对切尔诺贝利事件的叙事夹杂着痛苦胆怯，但又有无罪感和麻木的“过日子”哲学。首尾两篇摧人心肝。,书荒不是没有书看，而是一部好作品看完后，找不到与之比肩的作品，陷入深深的空寂。PS 鄙视书名10000次。
小径分岔的花园,8.9,6156,这里的作品是纯文学性的，其构筑的影像世界异常华丽而丰富，它本身就是座无限的图书馆、花园、迷宫。,2016年已读001：博尔赫斯的故事不在空间中展开，而在时间中延续，他将这些关于时间的、支离破碎的梦境编织成一个个庞大的谜语，在这些背离的、汇合的和平行的时间里，当下无法确定，过去与未来也并不真实。“在大部分时间里，我们并不存在；在某些时间，有你而没有我；在另一些时间，有我而没有你；再有一些时间，你我都存在。目前这个时刻，偶然的机会使您光临舍间；在另一个时刻，您穿过花园，发现我已死去；再在另一个时...,《特隆》设定覆盖整个世界的世界，《吉诃德》设定覆盖塞万提斯的梅纳尔，《通天塔》设定覆盖字母所有排列的图书馆，《废墟》设定梦中人覆盖梦者的回环，《赫伯特》设定覆盖推理小说的小说，《小径》设定覆盖所有人生的花园，四十岁左右的博尔赫斯，借助庞杂阅读和聪明的头脑，仿佛没有年龄的约等于人类规则的代言人，简短的书写透露着庞大的野心，高超的技巧掩盖着情感的不足。十几年后重读，和十几年前巧然都在《巴比伦彩票》这篇...,博尔赫斯在此部小说集中明显的反映出自身的创作主旨：形而上学。以玄学来揣度人、宇宙本质的奇妙可能。是亚里士多德古代哲学的反照，重认识轻实践，这放在文学中开脱写作空间，而不是放在科学应用中也未尝不可。《小径分叉的花园》以伏笔、前后呼应来展现”因果律“的无常之妙。《特隆、乌克巴尔、奥比斯·特蒂乌斯》创造了一个奇特的唯心主义宇宙观，《通天塔图书馆》把书籍作为宇宙”本体论“的根源，幻想出六角形图书馆的无限空...,刘慈欣用百万字写三体，告诉我们宇宙是什么，时间是什么，博尔赫斯用几百字就做到了。
雷雨,8.6,6791,其实吧。。。蛮雷的。,"一个具备血腥,伦理,爱情,悬疑的好故事.",人真是一种复杂的动物；虽说作为一部剧本，我反倒觉得曹禺在每个人物初登场时一段注解般的人物描写最为精彩,你是萍。。萍。，，凭什么打我的孩子,因为你读的周朴园 因为我演的鲁侍萍
雨季不再来,8.7,3926,我想我已过了那个敏感得有些神经质的雨季。,十六岁的花季。,初中，那时候缺书看啊,少女三毛性格是很可爱的，不酷不洒脱，带着敏感和中二，可爱极了。文笔是一点也不喜欢，有几篇简直到了莫名其妙讨厌的地步。,因为我现在的年龄和这本书中的三毛很是相似，于是我也似乎在这本书中看到了几个自己。每在这个时候，就是很满足和安慰。以前总以为自己有这样的想法是天真的，或者说是有时觉得自己不入群或是过于偏薄，但在这里我找了一个和我一样的人，感觉她就站在我的身旁，如同一个坚定的支持这我的挚友，这种感觉真好。
故事,9.2,2852,"感觉作者就是在说 我没法教你如何成为梵高 我只能教你怎样拿笔… 嗯 还有一个我觉得很重要但是应该会被大多数人忽视的句子 “你必须发展你的判断力和趣味""",你无序的创作思维开始重组，自此，你不由分说挑出每根骨头，细究骨骼缝合处奇妙的力学和生物学原理，为何故事行之甚远，你感动或失望的理由何在。作为解构及建构故事的指南书，你终于明白“人性”正是机器人智能化核心难关，你讲故事，就是在纸上造机器人。大受启发，感谢罗伯特·麦基。,中戏老师和BFA的剧作老师们和讲台底下的小伙伴们说，你们要是信奉麦基，那就回家看《故事》去吧。。,感謝命運，沒有讓我在創作慾望最旺盛的中學二年級遇到這本書，才沒有留下成噸的黑歷史，保全了我的清白。,讲故事和写剧本的经典指导书，内行看门道，外行看热闹。这书值得以后琢磨琢磨。
认识电影,8.9,2908,很好的入门,整个一个“唯美国论”、“唯奥斯卡论”，这让欧洲电影情何以堪？让戛纳、柏林、威尼斯情何以堪？作者一副“美国电影，舍我其谁，其他国家，众星拱月”的嘴脸，令人生厌；总体来说，尚算一本比较全面的电影入门级读物。,布努埃尔说：“本着自由精神，电影是绝妙又危险的武器，是最佳的表达梦、情感和直觉的工具。制造影响的过程最像我们在睡梦中的脑中活动。”对我等尚远在电影门外徘徊的电影爱好者来说，此书作为入门版确实获益良多，怎奈自身看片量实在太少，案例中提到的影片很多都没看过。,插图最好都能是正文提到的例子 不然看着很累 而且绝大部分是剧照而非电影正片的截图 很难说明实际情况 在这点上大波爷爷那本《电影艺术：形式与风格》完胜了,果真是本“影迷必读”，从图书馆霸占了将近半年，终于看完了。作为一本入门书，讲述得很全面，值得一看
受戒,9.2,3075,描写两小无猜竹马青梅的又一新高境界，暖萌得人心都化了，发糖发到天女散花呀。,　腻了张爱玲等沪上名媛淡淡忧郁，自寻烦恼的小资情调；烦了鲁迅似的横眉冷对，冷嘲热讽。不想沈从文和汪曾祺的文章确是另一番天地，带着浓浓的乡土气息。文章终于回到了生活本身,文笔炼到了句句入画的境界，语言回归了最质朴的家常话，情感回到了最真。文章回归到文章本身，不再浓妆艳抹，一切都淡淡的，却淡得悠远，淡得深沉。,点灯说话儿，吹灯做伴儿，清早起来梳小辫儿。,太美了 这大概就是中国的童话故事了
从一到无穷大,9.1,2510,前面的不错，可是后面的很多知识，比如生命起源，遗传变异，细胞学说，宇宙学说，这些在之前已经有过了解了。不过在读简单数论和四维空间时，的确非常受用！,中学极品读物,科普四大神作之二,《三体》外传。除了最后两部分讲生物和宇宙的比较过时外，数学和物理的几个方面特别好。,有些地方没读懂，有些理论已经过时了。但是这本书让我学会了很重要的思考方式，复杂的理论用简单的语言来描绘。非常可惜没有在小时候读到这本书，这本书我会留给我的子女去阅读！
黑客与画家,8.7,6525,3.5，没那么好，作者在专家领域的学识无可置疑，但各种信心十足的联想，三观的灌输就让人有些不耐烦了。也许我现在就看不了这种充斥着自信世界观的浅显随笔集。想到这事国庆在家看完的唯一一本书，就更恼怒了。,我做笔记和划重点的地方大概占到书的30%。每个段落里忽闪忽闪的思维火花，都在告诉我们什么叫「远见卓识」。在被说服后常常惊讶他是怎么想到那个角度和比喻的。不要被书中大量IT案例阻隔，事实上它适合所有人阅读，让你重新思考要过什么样的生活，或如何尽快过上你想有的生活。,作者试图回答的问题：如何好奇地探索这个世界，做喜欢的事情，并阳光地获取财富？ 作者回答得怎么样：非常棒 评价：创业的书，或讲究细节，比如如何撰写商务计划书；或摆资历，比如我的成功如何复制；或讲大道理，用一个术语串起整本书，你不服还不行，比如长尾比如蓝海比如紫牛；或写小说，比如如何从小秘到跨国公司CEO；或吹牛，比如全中国最穷小伙子如何发财。 有没有一本，心平气和，不讲细节不摆资历不讲大道理不写小说...,如果有两个选择，尽量选择较难的那个。坐在家里看电视还是出去跑步？出去跑步吧。人们往往出于懒惰的缘故，选择较易的那个选项。在意识深处，你其实知道不懒惰的做法会带来更好的结果，这个方法只是迫使你接受这一点。,8月份研究式阅读书本。Paul优美的语言，精密的逻辑，非常适合练脑和作为写作训练的学习对象。耗时2个月，终于读完了。还是很推荐。
理想国,8.7,4602,柏拉图笔下的苏格拉底实在是太罗嗦了导致大段的举例（扯淡）我跳过了很多所以我一天就读了将近一半，小伙伴们如果看到这条状态请尽情感受一下…【话不能说太满，剩下一半我竟然读了一个星期！】再者这已经是我开学来读的关于苏格拉底的第五本书了【好了现在向第六本进发】，西哲真是个不可触碰的神领域…【正义和不正义都到碗里来吧我把你们都一口吃下所以别废话了】,不得不说苏格拉底的思想已经过时了好几个世纪了,诡辩的艺术。 在这一点上，同时代的庄子似乎更胜一筹。,真是高逼格的闲扯淡啊，的确是个充满人文精神的知识分子的黄金年代。老柏确实能忽悠，但几位捧哏的角色是不是也太弱了点儿？三下五除二就给绕进去了，然后就剩下对对对，跟白痴一样不停表示赞同。当然其中有很多荒诞不经的地方（比如“对那些身体不健全的，城邦就让其去死”、“必须妇女公有，儿童公有，全部教育公有”等等等等），让人觉得得亏老柏也就跟那儿吹吹牛逼，没动真格儿的；还看到了他老人家作为哲学巨擎对艺术的咬牙切...,每次重读倒不一定有新收获，但肯定都像是没读过。
巨流河,8.7,8831,在戰火的年歲里讀雪萊，在一日一日的轟炸里讀濟慈，和一個長空上翱翔的人維持著一種脆弱而深刻地情誼。想起富特傳記里讀到的，盟軍的轟炸后在臨時場館里聽貝多芬。我真是做夢都想回到那樣的歲月。,　　＂看这本书，会真的发现，台湾跟大陆真是一脉相承，却又格局迥异。台湾很好得延续了民国文化，而大陆，至少现在是群魔乱舞。 ＂,作者自称一生不爱政治，但颇喜欢居高临下品评政治人物。自称一生爱文学，此书文笔普通到平庸。歌颂父亲清廉，又时常彰显出自己贵小姐的身份，比如抗战结束后坐军机，同学往来不是将领就是有钱子弟。总之现在网络上有一干人，只要看见“民国”“台湾”等标签就一律给高分，实在名不副实。,齐家父女的故事让我们知道，原来铁岭这地方也不是只孕育得出本山大叔。,守着一座富矿，写成流水账。相比之下，章诒和作品虽有其傲慢与偏见，但文笔真是好太多了。
圣经,9.0,2122,豆瓣够狠，这书都拿出来打分。我敢说不好吗？还是国内出的好，没定价啊。虽然也得买，但比明码标价还是好点。,我打算入教了。,这版《圣经》，连续三天出现在琴房钢琴上，于是我把它带回我的书架上，断断续续地读，于是离它越来越近，与我出生时的穆斯林世界越来越远。,它的翻译很奇怪，但是我现在的烂水平还看不懂英文版……我问了教会的一个学姐，为什么圣经的翻译这么不通顺，读起来十分拗口，她解释说，那是因为圣经是清朝的一位翻译的，一直沿用至今，我释然了~,这我妈从小给的床头读物....
一千零一夜,8.7,3545,实在有趣。,小时候最喜欢的,性启蒙读物..当年无知的我还查字典交媾是啥意思....,最不喜欢的童话。宗教感和时代感十足十。奇葩的价值观和莫名其妙的逻辑，唯一可取的是题材范围较广。,整本书都是各种富二代官二代最终白发千古的故事（拜拜）各种黑基督教（拜拜）大故事套小故事套小小故事其实一句话就可以终结了：“求你放了我，我才把故事讲完”“——你留着别说好了”2333 阿拉丁居然是中国人。。马尔基娜简直是女神！！
book_name,rating_num,comments_number,top_comment_01,top_comment_02,top_comment_03,top_comment_04,top_comment_05
水浒传（全二册）,8.6,5880,如人一生，从年少轻狂，到纵横四海，到盛极而衰，到曲终人散，再到千里坟茔何处话凄凉。,关于四大名著，我永远找不到我正在看的版本，壮哉我大中华盗版,行文凶猛如龙漫笔纸上！哪里是一群忠义之士？分明是一群土匪精英！施耐庵写动作场面的难度，比曹雪芹写儿女私情的难度，要高出一筹。曹雪芹是情怀好，施耐庵更接近叙述。单论里面的诗，施耐庵没曹雪芹那么自恋自嘲。,招安以前好看，说透了人情，给6星；招安以后，庙堂之事一塌糊涂，帝王怎么会单凭口述就相信燕青呢？到底是小说家之言，2星不解释。综合评分4星，顺便吐槽：你那只狗眼看出来里面的人都是农民？宋江？玉麒麟？吴用？还农民起义！起义你妹夫,小说其实是反道德的，好汉也常滥杀无辜，等级观念严重。坐头三把交椅的宋江、柴进、卢俊义其实就是黑白两道通吃的地方官员。下一个等级是朝廷叛将，再下是逃跑的公务员、再下才是贩夫走卒，像圣手书生萧让、铁教子乐和之类的文艺工作者，则还在神医安到全、小偷时迁的下面
火星救援,8.9,5087,这么萌的人设怎么可以是马特达蒙,"“另外，请注意你的用词，你打出来的每个字都会被实时转播给全世界”“沃特尼：快看！好大一对奶子->(.Y.)""",我看的是台版，繁体竖排，都快看成斗鸡眼了……所以内地简体字版出来后还是要买一本的。（简体版也看完了，感觉翻译的不错。）,芝加哥小熊队排名垫底不是科幻。,硬到掉牙的科幻，主人公在火星唯一的娱乐是看70年代的美剧...
青铜时代,8.7,2075,只有临近deadline读王小波才能领会神韵。越近越神。,也就是皇帝本人，拖着一条射过精、疲软的鸡巴从她身上爬开。我们所说的就是历史，这根疲软的鸡巴，就是历史的脐带。,我已很久未被中文小说打动，读完青铜时代，心里五味杂陈。王二在这三个故事里探讨了一个少有人谈论的话题，即我们应当如何生活？即便是在盛唐那不见使人愁的长安城里，人们依旧苦闷地活着，权力、欲望、遗忘、真实依附着我们，我们躲不开它们，小说里薛松、李靖、红佛、王仙客和王二都没能逃掉，在盛唐的长安城逃不掉，在绝望的当下又怎能躲得开呢？这些自由的人们都被永远的困在了长安城里，我合上书，和王二一同离开万寿寺，一切...,鱼玄机被绞死前骂了一句“操你妈”是这段日子里让我觉得最开心的事情了,虽然在前两部《白银》《黄金》中已经熟悉了王的天马行空、恣意汪洋，但《青铜》依然以它的狂放、蔓杂和体量，足以让读者在其中沉没，但那是一种多么具有快感的沉没！这也是时代三部曲中，指涉和戏仿最集中的，它像是会按照王的风格，自我繁殖下去，永远没有尽头。最后只是因为篇幅和印刷关系，作者临时在迷宫上打了一个出口。
一桩事先张扬的凶杀案,8.7,8116,【一个风暴必然卷进很多、废纸、尘土、包装袋是不可避免的，没有这些，你还看不出它是一个风暴呢】：因为有了马尔克斯的招牌，一切复杂都将被津津乐道，而这只是一种纷乱的技巧，也只是一种技巧而已（科恩兄弟的冰血暴推进事件都比这个好，只是那个一般人还体会不到，往往出名的作品是因为里面包含了一个复杂的技巧，然后这个复杂度刚好能让读者体会到，这样读者就觉得自己不那么无知罢了），排除这些，所谓的宿命论、本地的风俗、...,看到书名你会以为是一本推理小说，其实如果你了解马尔克斯你就不会这么想了。永远的闭塞小镇，多人物多视角描写，孤独与疯狂，这些都是他的标签。《一桩事先张扬的凶杀案》的整个故事让我觉得后来的电影《拼贴幸福》和《狩猎》都多多少少参照了它。这部中篇写尽了宿命与巧合，其中安赫拉对巴亚尔多疯狂的爱仿佛是在为后一部巨作《霍乱时期的爱情》练笔。,光里面的人名已经足够把人绕晕了……此外，出版社把这个故事单独成册，翻开内页，上下大片的空白，这两点可以基本认定出版社除了坑爹还是坑爹。,命运竟然动用了这么多巧合，毫无阻碍地最终铸成这桩事先张扬的凶杀案。而引起这一切的女人，却在同消共长的爱与恨之中，在讲述心中慢慢溃烂的苦楚与身上永难消除的伤痕的过程中，陷入自己的痴念不可自拔。仿佛，这命中注定的谋杀，只是为了成全她。,他们把我杀了，韦内姑娘。
草房子,9.0,3793,文笔烂兮烂,盲校指定，要求10月底前录完。,重读了一遍。最大的感受是中短篇可以这么写，长篇不能全这样写，读到后来就审美疲劳了。,开始的时候，有一种青草茅屋，炊烟袅袅的感觉，少年童趣跃然纸上。但是看到大红门，细马那部分的时候，慢慢有点像看《活着》的那种在平淡的语气中蕴含的沉重的压抑感，几次都想哭却不能，好的小说，平淡而厚重的感情。,挺好的，中间几度落泪。就是觉得不大写实。
金锁记,8.5,7566,“她摸索着腕上的翠玉镯子，徐徐将那镯子顺着骨瘦如柴的手臂往上推，一直推到腋下。她自己也不能相信她年轻的时候有过滚圆的胳膊。就连出了嫁之后几年，镯子里也只塞得进一条洋绉手帕。十八九岁做姑娘的时候，高高挽起了大镶大滚的蓝夏布衫袖，露出一双雪白的手腕，上街买菜去。喜欢她的有肉店里的朝禄，她哥哥的结拜弟兄丁玉根，张少泉，还有沈裁缝的儿子。喜欢她，也许只是喜欢跟她开开玩笑，然而如果她挑中了他们之中的一个，往...,她不太说你的好，甚至总说你的不好，偶尔也夸赞你的乖巧懂事，但她更多的是说你的不是，就像你在她眼里永远不够好，她希望你不要像她一样，然而又不想你脱离她的掌控。有几代人，大概就是这样罢。,同为早期的作品，金锁记远胜于倾城之恋。,爱玲笔下的寡妇在阴性描写中凸显女性无以依附的饥饿而四处寻找替罪的羔羊。被时代的巨轮忽略的王朝背影下迷糊而陈旧的眼泪，是时代抛弃的落伍者，没有人理会张狂背后的辛酸。是一个在物欲和情欲的枷锁中畸形变态的怨妇，用魔性凸显着人性的剥离。阴性描写更多诚服于阳性的角落里，永远的陪衬，成为第二性的叙述。月亮，镜子等意象来暗示这种阴性的描写，描写的背后往往是阴霾夹杂着恐怖无声的叫喊在一个个疯狂的颠倒的世界。,她就是不放过，不放过自己上半辈子的苦，也不放过自己后半辈子的寂寞，到头来还要把所有的苦都加注在儿子女儿身上，连带着也苦了儿媳妇，和那进不来门的好女婿。正如结尾处写的“三十年前的月亮早已沉了下去，三十年前的人也死了，然而三十年前的故事还没完——完不了。”
简爱（英文全本）,8.5,25539,女生必读难道就因为我贫穷、低微、长相平庸、个子矮小，就没有灵魂，也没有心吗？——你错了！——我跟你一样有灵魂，也同样有一颗心！要是上帝曾赐予我一点美貌和大量的财富，我也会让你难以离开我，就像我现在难以离开你一样。每次被人嫌弃就对自己说这句话,最讨厌的名著吧大概是 “我穷我丑可我有尊严也值得爱” 遇到这种铮铮人格就绕道走。。,这是一个真正的童话．他日如果有孩子，一定要反复讲这个故事给她听,中考前夜一夜读完的小说。,现在看来也是个落了套的爱情故事，然而写的确实神秘而诱人。。。
设计中的设计,8.6,5529,每个设计师都有自己的类型或者说风格。线条、空间、温度、气味、感受等等。与其不断的崇拜或者批判，不如冷静的思考。关键是把信息传递到位，给人期望的温度。里面还是有几件作品让人觉得很有趣、很可爱、很温暖。传达到了，就理解了。,讨论设计的意义事实上早已经超出了纯粹意义上的设计~或者可以用生活一词~~从人类开始在陶罐上描画鱼和山林之时~设计已经成为生活的一部分~,我很不明白这本书为啥被炒得火热，总之充斥期间的基本是原研哉一个人的絮絮叨叨+对建筑、汽车等各个艺术领域的强大yy，很不满他老意图把纸变成奢侈品的倾向，这不等于隐加速被电子书取代的进程嘛，少有的亮点是无印良品和地平线概念的那张大照片，超级有爱，非常牛,最多算设计类散文吧？感觉有点水,原研哉的设计很好，书中的案例不错，但原研哉讲东西却含浑无物。
繁花,8.7,7877,乱搞乱搞乱搞乱搞……也就是用上海话写成的超长天涯八卦帖。,金老师写出了这个时代所有上海作家梦寐以求的小说。,繁花照眼，终是虚空。赞。,这么广泛受赞誉的书，我看了3次都过不去100页，我还是个魔都人，真心惭愧。 可是我喜欢魔都旧时代的轰轰烈烈，不喜欢繁琐市井（奇怪的是，我喜欢老北京的市井生活），看书这个东西，真心是甲之熊掌，乙之砒霜啊！,看罢最后一页，像是过完了一生。
罪与罚,9.1,2675,为什么你会原谅一个拿斧头杀人的人。明明是凶手，却希望他不要去自首。,陀氏的书真是太宏大了。只是我不喜欢结尾，我仍然觉得没有解救之道，爱只不过是缓解疼痛和罪恶，却还不能根除。而且罪恶究竟是什么呢，惩罚又是什么呢？书中在争辩，却没给出正确答案，因为都不能断定。,读老陀总能感受到令人晕眩的疯狂、纠结和痛苦，以及一波又一波直抵人心的冲击，掩卷之后，好像醍醐灌顶，又好像什么都没有发生。尾声实在动人。此版译文差强人意。 读书计划进度6%。,如果说卡拉是本社会白描的大手笔，那么罪与罚就是一本精神分析手册。从陀氏的视角来看，不可赦免之罪仍然根源在骄傲的原罪，圣经中一再强调理顺的罪-律法-恩典之间拉扯的张力，唯有挣脱狭小的自爱，接受救赎与宽恕才能平复精神的燥热。说罪与罚是罗马书的扩写绝不为过，再高尚的犯罪都是犯罪。,“不能再这样活。。。。”俄罗斯时代语言。数学是可以翻译的，因为它是逻辑的；物理可以翻译，因为它的对象是所有人面对的同样的对象；陀思妥耶夫斯基更是可以翻译的，即使最差的翻译，也可以揭示出他的那不朽的精神带给所有人类精神的颤动。日本作家写作风格多为抄袭俄罗斯作家的精神，可惜仅仅是皮毛。每次读到陀思妥耶夫斯基，我都感到离自己的灵魂更近了一步
人间草木,9.0,4136,隔段时间就读读汪曾祺，真是件惬意的事情,想成为这样的人，他妈的,曾以为阳春白雪的才能代表品味，后来发现，汪曾祺身上这浓浓的人间烟火味儿才是真情趣。,心静的人，感官最敏锐,这本算是合集吧，除了人间草木、五味，后面还有讲西南联大、沈从文、父亲、祖父的，文字都很“疏朗清淡”，但读来却很有感觉，沈从文去世那段看湿眼眶。
恶意,8.4,44907,看到三分之一的时候我以为快完了，吓一跳说这也太短结论的太突兀了吧，果然真正的内容还没开始。东野圭吾的想象力非常非常丰富。但看了几个作品以后，总多少觉得他太刻意的想制造那种意想不到的效果，推理的过程常常很精彩，但是结论未必上乘。这次的结果虽然也没有说不过去，但还是觉得他把精力全用在了动机的推理过程上，可动机本身，被发掘剖析的不够深。这次的主题，如果能够在这个社会心理问题上多用些心思，这个小说就会突破...,他的故事总觉得缺点什么。笔法好，故事结构很时尚。而已。,要不怎么说嫉妒是七宗罪之一呢。,不看到最后一页不会知道书名的由来。我得反思下自己，别做日高邦彦那样的朋友……,继续标记 东野的三佳作之一 确实算是手记体中不错的作品 过程及推理倒是可以略去不计的 全书的关键不在命案本身和最后的拆穿 而在身患绝症野野口修的动机：希望能够彻底侵占作家旧友的一切 不止生命 还包括他多年来苦心经营的一切 此种恶意并不与复仇相关 说穿了无非不平心和自我中心主义而已
银河帝国：基地七部曲,9.5,1000,铎丝真是个美人。断断续续看完，已经跨年了，却正是阿西莫夫的生日。,一气读完7本，一部比一部精彩，但读到最后，感觉结尾太潦草了，怎么能整个人类的社会都被机器人丹尼尔掌控着呢？阿西莫夫选择了盖娅这种集体融合制社会，是因为他来自俄罗斯吗？没有隐私、没有个体自由，这样的人生，难道就是人类最后的结局？我不喜欢。,这个系列反倒是最早写的几篇最好，就是基地刚成立，那个市长、行商的故事，带有很强的政治隐喻，后来的故事没有那么锐利了。,包罗万象感 在银河历史的背景下描写了许多典型的美式冒险故事 更重要的是对人类不同文明以及走向的思索 傲慢的美国精神太浓重让人感觉这只是美国的银河 最后一本书主人公间愚蠢的互动简直让人痛苦 等我休息休息再看机器人吧,"《基地》系列在这套“银河帝国”中,被编排为一到七,但排序非常奇怪,既没有按照书的写作顺序,也没有按照故事的时间线顺序。假设我们用故事的时间线顺序把《基地》的七本书排成一、二、三、四、五、六、七的话,这套书的排列顺序则是三、四、五、一、二、六、七。如果你购买的是这套《基地》,我建议的阅读顺序有两种:或者严格按照原著小说的写作顺序来阅读,就是一、二、三、六、七、四、五;或者按照故事的时间线顺序来阅读,..."
世界尽头与冷酷仙境,8.6,6514,感情有很多侧面都不明确。对自己的怜悯，对他人的迁怒，对他人的怜悯，对自己的迁怒—凡此种种都是疲劳。最后一切都变得稀里糊涂，分辨不出彼此，终归一片混沌,在解读哲学的本我与自我命题中，村上用了极致的想像力与具象来表达，并给出了他的态度“我是作为我自身而存在”，太精彩了。我到最后真后悔自己读得太快了。,中间一度以为是盗墓笔记,很喜欢这本书的设定以及探讨identity的主题，不过我真心受不了村上在“冷酷仙境”里不断秀小资及掉书袋的行为。这个红酒那个威士忌，这个西装那个CD。相比之下“世界尽头”的节奏流畅得多，大概“冷酷仙境”就那些情节，为了跟“世界尽头”凑成二十章也只能靠秀威士忌来放慢节奏了。,你是一只独角兽，头骨里盛满了我的梦。
孙子兵法,9.4,1427,2011 3 纸质本。我原来以为我不需要看这本书的。。事实上，的确是值得人手一本,不只是军事思想，更是哲学体现。PS：“今译”的“主席高参”全程马克思主义唯物辩证法解读，鲜明的时代特征啊！,自认为还是没能吸收其中精髓，隔段时间再看一遍吧,言简意赅，读完后的收获与读者的生活经验在头脑中的反射成正比,最早的成功学大全，大意是你怎么怎么做就会打胜仗，好多外夷信啊
海风中失落的血色馈赠,9.1,3963,看到最后一篇，竟然已是深夜。最后的一篇看完，有种看电影的感觉，冷冽得想钻入一个温暖的所在。作者无声息地拓开了一片全新的水域。晚安，海风中所有的船只。,布雷顿角，又一个“约克纳帕塔法”式的文学模式，七个短篇虽无情节勾连，但呈现出时空上的共通和情感上的相偕，自传成分微妙嵌入其中，文本和现实的互文，读来感慨怅然；世世代代在地下煤矿匍匐耕耘，或在灰蓝怒吼的大西洋上搏击风雨，床尾映照着浪花的莹白，呼吸里充斥着咸涩的冰晶，举目皆是巉岩，人类渴求温饱和温暖的希望如此微渺而不可及；新生的一代永远在逃离，此乡非吾乡，去时和来时的路一样漫长，回溯时却已是“有病的、...,讲真，严重力荐《海风中失落的血色馈赠》，我向来对文字有着奇怪的清高感，可这是去年读到最惊艳的收获，它的翻译令人喜出望外，属于极其少有的、让我读着读着特意去查翻译是谁的一本书。故事性本身是弱的，私以为本身麦克劳德可能没有写出的精彩和神韵，都让译者陈以侃老师润色修饰出了东方美，看得出遣词造句的推敲上下了不少功夫。此人功力文笔了得，这本《海风》的美，最起码有四成功力仰赖于译者。后来去关注了陈以侃的微博，...,没有评价的那么高吧。就像跋里说得文笔“考究雕琢”，也太考究雕琢了吧，我都怀疑这些是不是处女作，像是练笔的中学生，一到人物就极尽其能地从头到脚描写一遍，以为是哪个旧世纪的手法。唯一自然点儿的是同名小说，其他主题都太一致，与出生地的离合、自然与城市的龃龉、亲情、血统的传承。还有这些人真能生啊。,花一辈子去做自己厌烦的事，比永远自私地追逐梦想、随心所欲，要勇敢得多！
中国哲学简史,8.9,2844,居然评分这么高？可见豆瓣烂文青真多,说来惭愧，我对中国哲学的了解还没对西方哲学的了解多——或许我是太听鲁迅的话了。不过，作为从小就实践着（被迫）中国哲学的中国人，倒是也没什么好遗憾的。尤其现在都对哲学不感兴趣了，所以并没什么好惭愧的其实。话说回来，虽然我也认为中国哲学对过日子非常有意义非常伟大（中国哲学就是在教人怎样好好过日子），但也的确让人“沉下去”。我本来认为至少比印度好——至少没出泰戈尔，灵修大师一类的人，但现实情况看来，还是...,真羡慕美国读者，几十年前能看到这种书。,随便翻翻就行了。,“人往往需要说很多话，然后才能归入潜默。”
茶馆,9.0,2608,初中学这文章，年少无知，不能理解每句话的意思。如今再看，常四爷嘴一张，一条汉子立了起来，众生百态，轮番登场，道尽几代人的苍凉。,寫北京只服老舍。,《龙须沟》里的所描绘的憧憬有多美好，文革时的老舍一定就有多绝望。,四角儿的跟夫，本家赏钱一百二十吊！T T,我爱我们的国，可是谁爱我呢。
众病之王,9.1,3095,2015年第115本：作者临床实践与癌症的历史双线交织，不仅是众病之王的病理学发展史，也是一代又一代医护工作者从手术到化疗到放疗到靶向到临终关怀等治疗之路的曲折探索，更是无数病人在被癌症吞噬的边缘与死亡博弈、苦苦挣扎积极求生的艰辛尝试。“癌症是一个莫大的机会，让你的脸紧贴在你无法逃避的死亡的玻璃上”，作为一种令人绝望的现代恐怖幽灵，癌症否定了在它自身之外和凌驾于它之上的所有生命的可能。在与癌症的这...,我们未曾胜利，但我们永不服输。,在雾霾引爆的争论中，柴静的叙述策略其实数十年前在美国抗击癌症时就运用娴熟了。社会问题要引起公众关注，除这方面专家之外，需要记者、公关、广告人的参与，以激起全社会的讨论并召唤行动，而这首先要让人们的心灵感到震撼和迫切。各NGO的人，快去发现你们自己的柴静吧！,看了40% 实在看不下去了，不明白为什么豆瓣分那么高。,毫无争议的年度最佳。政府应该给每个公民都配发一本。
我的天才女友,8.5,17373,很棒的故事，作者很厉害！从书里想起很多年少的事。也是像“那不勒斯”这样破败落后的城镇，对于眼界尚未开阔的孩子们来说，生活的地方就是全世界。,稀里糊涂看了大半本，到“庶民”那段时被感动了。“我们就是庶民，庶民就是争抢食物和酒，就是为了上菜的先后次序、服务好坏而争吵，就是那面肮脏的地步——服务员正在上面走来走去，就是那些越来越粗俗的祝酒词。”,"确实是page-turner, 易读性很强。第一人称把原本就很细腻的心理描写往深扩了一层，更有代入感，从读者的角度却不由在想第三人称写会是什么效果。更喜欢童年那部分，写法也更讲究，看似顺序，时不时这里埋一个暗针那里露一个线头，之后再连上。不太喜欢“丑陋的秘密”或“战争”这样的形容，作家其实蛮好地刻画了女孩儿友谊间微妙的距离感，但过度挖掘动机让人感觉少了一种友谊中天然“真心为你”的成分。期待之后几本...",就……没什么特别的……,因为太好看而扣一星，还因为还得再等好几个月才能看接下来的故事。表面上是传统意义上的小说，一气呵成，无法停止的贫民区史诗，写法也是传统的不能再传统，看不到一丁点儿现代小说的影子，但是人物却绝对是鲜活，关系是毫不掩饰且直接的，妒忌也好疏离也罢，情感是不会因为这些而消失，因为“天才”般的心灵，而得以延续并放大。故事才刚刚开始，背叛也只是一双鞋，但是两个女孩接下来的人生让人翘首以盼，会迸发出多少深沉而痛苦...
ZOO,8.6,8601,真刺激，总感觉看多了会精神恍惚,《七个房间》印象深刻,暗黑的故事在他笔下生根发芽，细微处却能看到爱的灌溉。百变的作品风格，峰回路转的情节，暗黑中淡淡的一抹素净。,乙一真是中二病的祖师。,日本小说的倾向之一就是神经病
额尔古纳河右岸,9.0,4176,有种《百年孤独》范儿。好书。,到最后已分不清祖辈、儿辈和孙辈了……我是读得太不用心了,愚昧而充满美感。,刚开始看的时候，并不是对这部小说很感兴趣。今天天太冷，洗了两回澡，当经历了这30个小时的喧嚣之后，靠在床上不知不觉间用了一个半小时读完了下半部，读完的那一刻升腾的是主角的灵魂，净化了我躁动的心灵，生活还是要一步一个脚印继续前行！这是我看完《金翼》的半年以来，最感动的一部巨著小说！,虽然之前一直很喜欢迟子建空灵温暖的文字，但这本之后应该不会再多看了，有点审美疲劳：被压缩在300页内的、长达数十年的历史变迁，靠人物波折的命运和频繁的死亡串起，最后只剩下对情节的攀附；以往触及心灵的文字，现在看来太过唯美童话，对异族文化的陌生导致消化不良。
狂热分子,9.0,3414,恐怖的不是狂热分子，而是煽动鼓动他们的人或势力。【在我们的小我看来，天上地下没有一样东西是值得为之效死的。只有当我们自视为舞台上的演员，死亡才会失去其恐怖性和终极性，而成为一种模拟行为和戏剧姿态】,kindle阅读第一本，感觉还不错。这本书牛逼的地方在于，霍弗指出了自由并非对于每个人都是憧憬和福祉，事实上对于大部分人而言可能是不堪的重负，他们害怕去选择和决定自己的人生，于是便把自己的命运交给一场“伟大事业”或是某个“伟大领袖”,"都在夸这本书“每一句话都可以拿出来当格言警句”。问题在于这些格言警句并不全都符合事实，很大一部分在这本书中也没有合理的论证过程，甚至某些小结论彼此之间还出现了冲突。不懂为什么分数这么高（摊手

好比第一部分，概括起来三句话，“loser感到失落，他们会选择报复社会，甚至压根不挑剔报复的方式”。结果这里头每一句话几乎都有再讨论的余地。尤其是他反复强调的“群众运动的替代性”，无疑是拿群众心理结构的相似...",自我若是软弱无力，再多的自由又有何用？,有友邻评论说，本书是作者从个人的生活经验（社会观察）中提炼的观点，是由一句句断语构成的，并非科学严谨的社科著作，没有多少学术含金量。我不这么看。研究人的学问，以概念和逻辑为工具，以统计数字为论据，得出的结论，未必比敏锐的洞察力更可靠。
毛姆短篇小说精选集,9.1,2804,毛姆是那么洞悉人性，他在戏谑讽刺的同时又充满悲悯，而且，他还十分会讲故事。,我已成毛姆脑残粉儿。故事怎么能个个好看！又都长得不一样！游历四方，见多识广，知人识相。我不想看精选，我想看完所有他写的短篇小说！,GAY真是太毒舌了……很好看！（不过因为他被后来的女人们抄袭太多次，所以 会觉得有些情节似曾相识。）,第二篇还挺像浓缩版《刀锋》的,休憩145th，老成精了，老成精了！任何对毛姆的赞美都已属多余，老家伙已经达到菜逼达人读过都要俯首以敬的程度，我夸不夸没什么分别了。另外陆谷孙先生译者后记应该刻在所有翻译的脑门上，哼
影响力,8.6,8594,可读性强，清晰明了，事例多；这类的入门级水平。强烈建议读完后紧接着读《怪诞行为学》一书，涉及很多一样的事例和现象，但两本书分别从不同或略有不同的角度来分析和解读，对比着看会很有趣。（若时间有限个人更推荐怪诞，因其更深刻严谨丰富。）,1 网络节点＝意见领袖，2 要改变他人之前先考虑：这值得么，这能做到么？ 3 关键性行为必须简单明确 4 故事比说教有用，因为说故事的时候人们能感同身受，而忘了去反驳或是质疑 5 一个人的网络数量远比他的智商重要，要利用社会资本 6 微小的奖励能导致巨大的改变 7 要奖励关键性行为而不是结果 7 让人们容易做正确的事，比如要瘦身的人把健身器材移到身边，把甜食放远,不过是包装贩卖了几个概念而已,对这种书一直没什么感觉,绝圣弃智，民利百倍；绝仁弃义，民复孝慈；绝巧弃利，盗贼无有。此三者以为文，不足，故令有所属：见素抱朴，少私寡欲。
book_name,rating_num,comments_number,top_comment_01,top_comment_02,top_comment_03,top_comment_04,top_comment_05
象棋的故事,9.1,1969,尤其爱《一个女人一生中的二十四小时》，被蛊惑的爱情 ,豆瓣真是好呀，这些多年前的记忆，都一一跑到眼前来。,茨威格笔下的主人公，往往被一种激情驱使，不单是急待发泄的情欲，几乎囊括了人类情感中全部暴烈的情绪：嫉妒、虚荣、爱慕、憎恶、仇恨……而他总能通过绝不乏味的大段心理描写，将这些生活中少见的癫狂与病态深化，带领读者跟随主角走过复杂跌宕的心路历程，让再理智的人，也不得不信服它的合理性。,【17年第四本】私以为，有些书，确是需要在特定的人生阶段来读的，诸如茨威格和毛姆的小说，在人生混沌的时期，他们的文字，能给生命勾勒出某种轮廓，使其不蔓不枝，亭亭净植。,对我而言，《象棋的故事》一篇，是至今为止读过的最好的中短篇小说，没有之一。
世界的凛冬,8.8,6728,几百万人的死亡，是个数字。一个人的死亡，才是悲剧！我亲眼目睹，每个迈向死亡的人都在热烈成长！,几点感想：1、纳粹和苏联是世界两大毒瘤   2、就算是为了正义去当间谍最后还是没有好下场    3、英国和美国表示民主自由的重要性。    4、不管是正义与否，战败国的民众都会很惨     5、现在自由和平民主的美好生活,国会大厦纵火案，西班牙内战及国际纵队，苏联肃反运动，偷袭珍珠港，莫斯科保卫战，中途岛转折，决战柏林，曼哈顿工程，丘吉尔落选，联合国的建立，RDS-1苏联原子弹实验成功，马歇尔计划，东西德分裂。一幕幕身临其境的阅读体验。人类历史上破坏毁灭最多的大战和向死而生顽强生长的生命。,大气恢弘！非常好看！,终于看完了，几乎是一目十行的翻完最后的10%。比第一部差好多，尤其是后半部越写越单薄。人物描写苍白又单薄，第一代都是有血有肉的人，第二代慢慢的圣母光环，异常的真善美，男帅女美，聪明能干上名校做议员，在各种灾难中都能大难不死。对人物的心理描述也是一笔带过，比如卡拉等人为什么能不顾前线德国亲人的生死而做了苏联的间谍，比如威廉伏龙芝如此轻易的就把原子弹的制造图交给了沃洛佳，比如沃纳这么快就能接受卡拉被强...
香水,8.5,6870,“为了占有这种香水，他用一生的时间在追求……”使人在兴致盎然的文字气味王国中感到一丝毛骨悚然的快感。很好奇用年轻处女的体香、发丝、衣物提炼出来的一流香水闻起来到底会是什么味道？如果追求完美需要付出如此极端的手段换作是我也会去做的，杀戮不是为了毁灭圣洁的灵魂，而是偏执地将其永远独享,当你想吃炸鸡，你分得清楚想念的是炸鸡上面的甘梅粉呢，还是炸鸡本身？, 昨晚看完的，从晚上1点多到东方既白之凌晨6点多。用手机看的在线小说。先是看电影《香水》，那部影片看过好几次了，然后在豆瓣上看影评，好奇然后读小说。还不错，没有评论。,彻头彻尾反理性，恐怖！就算是德国式的反思，也略略让人作呕。算是一个寓言吧,“人可以在伟大之前、恐惧之前、在美之前闭上眼睛，可以不倾听美妙的旋律或诱骗的言词，却不能逃避味道，因为味道和呼吸同在，人呼吸的时候，味道就同时渗透进去了，人若是要活下去就无法拒绝味道，味道直接渗进人心，鲜明地决定人的癖好，藐视和厌恶的事情，决定欲、爱、恨。主宰味道的人就主宰了人的内心。”
你一生的故事,8.6,8010,一口气看了八集黑镜的感觉！,从一开始我就知道我的归宿，我按着它去选择我人生的路线。但我是在极度欢愉中工作着，还是痛苦中？我会达到最小化，还是最大化？我正想着这个问题，你父亲问我：“你想要个宝宝吗？”我笑着答道：“是的。”我展开他围绕着我的手，我们手拉手，走了进去，去做爱，创造了你。 ,以科幻故事的形式探讨诸多严肃主题：上帝与人类、智慧与道德、情感与理性、信仰与爱、语言学与时间因果、命名学与物种存续、审美与偏见、超级智力与未来科研、自由意志、时间循环……虽然并非每篇尽善尽美，但已经是杰作中有神作，是想象力与科学思维与文学功底相结合的最美的成果。向作者致敬。,《超体(Lucy)》这部电影真的不是从《领悟》这则短篇改编来的吗？！,"热爱语言学的姜老师。《你一生的故事》十分的赞，试图与“七肢桶”交流的故事和女儿一生的几个片段巧妙地交织，探讨了“预知未来”和“自由意志”。作者为此文耗费了四年时间研究语言学，对于七肢桶文字的想象有趣且合理。《巴比伦塔》气势恢宏，象征人类对未知的探索。《领悟》情节性极强，两位""超人“的对决描写得令人心神激荡，其中出现了类似于《你一生的故事》中的”新语言“的创造。《除以零》表现信仰的崩溃，然而其实质是..."
失明症漫记,9.0,4003,我们没有失明，却在做着全世界都失明之后的事情。,虽然我活得很好，但这个世界却不好。,加缪说人类会胜利，但不是永恒的胜利。萨拉马戈说我们是瞎子，是看得见的瞎子。,如果这就是萨拉马戈最好的作品，不能令人信服；总期待想像力可以不断爆破，但感觉越读越憋屈，最后复明的结局太怂了，不能幸福。,"看到有人读完小说，感叹真实的人性是多么黑暗，其实那就是每个人都不愿被人看到的本性，扯掉道德这块遮羞布，大家都粗鄙不堪。用帕斯卡尔的话说人是有思想的芦苇。温饱都解决不了的时候，兽性暴露出来不是很正常的么。谁还会在乎看不见摸不着的理性与尊严呢？生物的基因注定我们是自私的，活下去的意志支配人类从远古走到现在。驯养动物，培育植物，无不遵循自己的意志。
看过一篇文章讲阎连科对本书的感受，阎说即便情节记不清了..."
庄子,9.4,1064,中华不朽经典中的一部宝书，一朵奇葩！思想上继承和发扬了老子道家学说，而其创意天马行空、行文俊逸洒脱，亦极富艺术性和文学性。“乘天地之正，而御六气之辩”——庄子这种天人合一、淡泊清净、逍遥无我的境界，我永远可望而不可及。给四星是因为中华书局出的这版不全，只全部收录了七篇“内篇”，而“外篇”和“杂篇”都是选录，以后要收本别的，把其余部分补上。,从文风、意义各方面来看，外篇《达生》应该是很符合庄子思想的作品，我就很不理解编者为什么要将其中操舟若神等片段删去，只剩了达生、承蜩、木鸡几段。,读过之后，好像对很多执着的东西变得无所谓，或是无所畏惧起来，其实人生一世，很多不过是欲望，人们常常以为，能去满足自己所谓的欲望就是幸福，但…内心的平静与祥和，才是真正令人喜悦的。这和叔本华写的《人生的智慧》也有很多道理相通的地方。喜欢老庄。,喜欢庄子这样神游物外的人,并非世人所言那般“消极避世”，反而是一种超脱豁达，真挚而不搬弄巧智……在己无居，形物自著。
告白,8.5,3040,诺，渡边君，这才是真正的复仇吧？,《告白》前五章的阅读过程 就像是朝着一座高耸的悬崖攀登 暗黑的制裁 人性的扭曲 价值观的崩塌 伦理的异化 通过五个不同角色之人的“告白”一步步地升级 而最后一章的“传道”则像是从悬崖跳落 既有知晓结局的震撼 又有一种尘埃落定的平静 《告白》全书没有本格式的诡计 也没有猜测凶手的悬疑 而是全部由所谓“动机”作为骨架撑起全书 却给人以巨大的震撼 尤其如果你读完全书再回头看各章节的安排与名称 会发现更深...,有点意思~,看过电影再去看小说，自然少了很多悬念的乐趣，不过仍是一本有意思的小说，相比电影社会性更强，整个也更暧昧些,当然，比电影更细致，电影两个小时不可能面面俱到
稻草人手记,8.9,1847,荷西的信太可爱啦!,最喜欢的是序,死的人死了，生的人一样继续要活下去,小学五年级左右第一次接触三毛《雨季不再来》，并不喜欢她的文字。但奇怪的却喜欢她的率性和浪荡，写过一篇随笔。下午一口气读完这本，相隔多年，也许因为三毛和陌都长大了，更成熟了，惊叹不已。实在太爱三毛了，荷西也是个漂亮的男人。,偷干净世界，填不起今天。
夏洛的网,8.6,6949,我看的不是这个译本，是黄色的漫画封面。但是，不管怎样，这是我小时候很喜欢的一本童话书。教会了我在逆境中也要保持乐观。最后夏洛结网，我也哭了。,因为你是我的朋友，所以我愿意为你做任何事，不用你回报我，你是我的朋友，这本身就是最好的回报，而我希望你幸福。简单的故事往往最不简单，读罢让人重新定义友情。,不知道一起看的小孩子能看懂多少，有时候经常觉得有些童话未必适合小孩子看，比如《海的女儿》《雪孩子》...,年少时那个人推荐我读的，现在才看，虽然才过去不到2年，却感觉沧桑的辨不出模样,家羚说：“图克尼 你知道这个故事里最让人伤心的是那一段吗? ”“哪一段? 夏洛蒂吐光了蜘蛛丝救了小猪 然后自己死了? ”“不。不是那里。是小女孩再也听不懂动物们说话那时起。那之前 他俩是朋友、是恋人。那之后 小猪被抛弃至绝对的孤独和恐惧之境。那时发生了什么事? 使她离开它 加入了屠杀它族类的那个族类 不再愿意同情它、理解它。让它变回一只彻头彻尾的猪。”——from《西夏旅馆》。在《西夏旅馆》看见这...
挪威的森林,8.5,24243,"“喜欢我喜欢到什么程度？”“整个世界森林里的老虎全都溶化成黄油。”这个回答真是太秒了。我想，纵使人的感情再怎么发生变化，几经风雨挫折，但凡所谓的“成熟”是以冷漠为代价，我便会拒绝。“我爱过直子，如今仍同样爱她，但我同绿子之间存在的东西带有某种决定性的力量，并且恍惚觉得自己势必随波逐流，被迅速冲往遥远的前方。”
有些东西不期而来，倏忽而去，而且一去不复返。一生中只有碰巧来那么一次。若是能像初美一样拥...",重读才发现1968的大背景……“死并非生的对立面，而作为生的一部分永存”，漫长的悼亡故事。,这是一个男主的朋友不是疯了就是死了的故事。。。村上大叔还是跑步吧。。。。,原来那些大名鼎鼎的情话都不是说给大名鼎鼎的直子小姐的。,真心读不下去⋯⋯
强风吹拂,9.0,4798,三浦紫苑确实强，轻描淡写，看似什么都没做，却默默的表达了很多。看的很赶，很想跟着阿走的脚步快点看完。我这么懒得人都萌生了出门跑步的想法，多难得啊。,不是每个人都被称为飞人，不是每次奔跑都能不留遗憾，但你总归在往前，风景变换，属于你的路却有且只有一条，就在脚下。跑步如此，人生亦如此。,新年第一刷，会跑步的热血青年简直燃爆了！三浦紫苑刻画了十个栩栩如生的跑者，细腻而又动人。人生在世，即使非常努力，才华有时也派不上用场，梦想也不见得能实现。尽管如此，我们还是会拼命跑下去，一切无非只是为了更加接近，并成为一个更好的人。奔跑吧，2015！,读到泪流。终于明白为什么这本书能够打分这么高。难得一见的热血青春，难得一见的关于体育题材的小说。三浦紫苑长达六年时间的打磨，果然交出了一份绝不让人失望的作品。让我想起高考结束后在图书馆看的一本书，也是关于跑步，《我生命的速度》，也是很燃烧很热血，最后一口气读完，赞叹不已。,"开始读的时候觉得有点儿平淡
“无非就是几个追梦少年努力挑战箱根驿传的故事嘛”
但是越读越有劲儿越读越入迷

后五分之二都是在讲这支拼凑起来的杂牌军挑战箱根驿传的过程。每一个人跑步的过程中都对这个角色做了深层次的描写和分析。不知不觉 你记住了这十个拗口的名字 经历了他们的这一年的人生。

跑步究竟有什么意义。意义究竟有什么意义。我们生活在这里 凡事都要讲求意义吗。这是我看完强风吹拂最大的感受。
做一..."
佐贺的超级阿嬷,8.7,4565,很简单的故事，很平实的讲述，却处处透着浓浓的爱，阿嬷实在太可爱了。,我一直觉得，人的生活中，比钱更重要的是对待生活的心态。比心态更重要的是为人处世中的体贴与善良。阿嬷教会德永的不只是怎样生活，而是怎样才能用更好的样子去面对人生。,皮的,“让人察觉不到的体贴才是真正的体贴、真正的关切。”积极乐观的人生态度融在一个个小故事当中，尽管琐碎但却能让人感受到暖暖的爱。,看过这部电影，但没有读这本书来的感触深。我觉得人都该有这种品质，而且这样的生活态度应当是人的终极目标。我很庆幸以前自己的阴暗面和坏的情绪很多，这几年一直在看这样的书，慢慢引导自己，并逐渐改善，虽然还没有做的很成功。有时候会看看同期的人并没有进步，虽然也在改变，但方向可能不对或者没找到方向，我就觉得自己很幸运。
步履不停,8.7,10007,一个半小时完读，用荧光笔划了重点。用轻盈平淡如菜粉蝶羽翼一样的笔触，描绘出平凡而真实的人生。导演回答现场提问时说：＂比起跑步，我更喜欢走路。＂人啊，有时以为自己能飞翔，能奔跑，有时因挫败或痛苦而停滞不前。时光流逝不休，在我们想明白一切之前，生命哗的一下结束了，仿佛破茧成蝶。所以，步履不停。,电影要比书更好一些。在电影里，可以看得出哪些是导演后来又增加了、完善了、改变了的细节，电影的厚度由此更丰富了一些。但总的来说，基本上已经是完成度非常高的剧本了，导演在写的时候，脑海里已经想好了“这一幕是怎么样的”了吧，但对电影语言不熟悉的我，有时候光靠人物的语言，实际上是无法想象那一幕的。看完书后又重把电影看了一遍，镜头语言真美。,生活啊，美的像每次家庭团聚都不知如何去珍惜便草草结束。,每当我这么说，父亲就故意用他的下巴蹭我的脸。我突然想起那时候的触感，一人在棺材旁边哭泣。而一旦开始哭泣，我的眼泪就再也停不下来了。,断断续续两天看完的，喜欢。小说以第一人称视角叙事，视角来自次子，有比电影更多的细节，但是这个视角同时也是局限，改编成的电影里那些超越视角的情节在小说里是没有的或者是移植到其他角色身上了。还可以发现几处《比海更深》的情节在其中，或者可以说《比海更深》是这部小说改编成同名电影以后的残余加了点料拼凑起来的一部电影。
欢乐英雄,8.8,3508,谁说英雄寂寞，我们的英雄就是欢乐的。有些人啊 需要一辈子的缘分才得以遇见 有些人啊 一辈子也不一定能遇到一个。我们的英雄不是从来都快乐的 但是真诚 信赖 宽容让一切都好起来 哪怕遭遇很多困难 适逢不少坎坷 一壶好酒 几个可以在疲倦时倚靠的肩膀 这一生 足矣,你老对一个人用情很深，那么你对他的判断就不会正确；因为，你平时只能看到他的好处，但只要一有了个小小的变化和打击，你就立刻会自责自怨，患得患失，所以就忍不住要往最坏的地方去想。,古龙还差一步就可以成为腐文作家了 为什么燕七最后反转成女的！为什么燕七的秘密不是“其实我喜欢男人”！为什么！郭大路又不会介意！！！,王动的被子，此乃一绝，欲效仿而不可得。,差点以为燕七和郭大路是男男一对了，燕七性别揭晓后看下去差点又以为林太平也是女扮男装，还想着这可好，哥们儿们内部消化.........
通往奴役之路,8.8,3491,这本书是目前为止对我的思想影响最大的一本书，具有思想启蒙的意义。基于苏联社会主义的历史经验，以及中国改革开放前后的发展对比，该书的观点对当前中国社会转型无疑具有重要的现实意义：市场经济是迄今最有效率且较为理想的资源配置体制；经济自由是政治自由的基础；私有财产制度是自由最重要的保障；法治的含义首先指政府的行为在法律约束之下；法治之下才有真正的自由；民主是实现自由和保障安全的手段而非目的。等等。,社会主义、国家社会主义、集体主义和纳粹主义都是危险的理想主义，而通往地狱的阴森小道往往都由人们本属良好的愿景所铺就。,仿佛是命中注定的巧合，我在今年春晚的歌声中看完了这本书。看着电视里的假面，看着书中的洞见，一切那么荒诞，一切却那么真实，而这一切都已被预言。,最近颠覆我三观最厉害的一本书，这书简直是你匪的操作指南。。。#喜马拉雅#,对全体中华人民共和国公民来说，这一切都太熟悉不过了~ PS：我可以吐槽一下译者的译文么~！
荒原狼,9.0,3001,字字戳心，看前面觉得仿佛从书中看到了自己，读着读着又自愧不如，较前读过的黑塞这本更难以理解，结尾简直是意识流作品，他好像把什么都告诉你了，又好像什么都没说，现在唯一可以确定的是，我身体里也存在荒原狼，而且不止一个。,他一心想着死这件事，一定是因为活得太认真了。,这个世界把你吐了出来。,瞧不起小市民阶级却又身在其中，没能超越的可怜蛋儿~,还是会想起东方的智慧。无论是佛祖的苦行六年菩提悟道，还是老子的青牛出关不争无为，还是庄子的曳尾涂中相忘江湖，同样是面对朝生暮死轮回难绝，面对纷纷扰扰呕哑嘲哳，圣贤的“道”是不着一念无我极乐，而不似荒原狼般的画地为牢作茧自缚。从《悉达多》到《荒原狼》，黑塞的“体验哲学”的缘起、过程和结果都不能令我信服，而且还令我反感，看来是无缘了。
牡丹亭,9.0,1850,至今覺得最後的下場詩有一層後退一步的意義在，不知道是不是讀飛了。,汉字都是单音节，跟英语比，虽然也有弱读、连读；但单个汉字（即单个音节）在句子中占的分量比英语单个音节要重要很多。英语多音节的单词一堆，连读、吞音，一句话丢两个音节是正常不过的事儿，但中文不会，中文一句话直接扔两个字的情况非常少。英语读惯了呢，在写中文时，会忍不住追着英文的感觉，那种音与意的联系，我最喜欢用「呢」，它既能活化语气，又能柔化表达的锋利感，习惯了后它能传递中一种看文章却像听作者讲的感受，...,情不知所起，一往而深。曹公也愛牡丹亭。,红杏深花，菖蒲浅芽，春畴渐暖年华，似空花水月，影儿相照，从来雨打中秋月，更值风摇长命灯，世间何物似情浓，整一片断魂心痛，华发不堪回首，浪卷云浮，今夕何年，今夕何年。,能流传下来的都是俗的，没看原文的时候我是不知道牡丹亭耻度这么大的
多情剑客无情剑(上、中、下),8.7,3545,满眼的“剑已出手！！”。。。= = ,你除了记得主角叫李寻欢还能想起啥情节吗？,李寻欢和阿飞就算了，念在小时候多喜欢阿飞、多仰慕李寻欢的份上……但是荆无命和上官飞虹啊，惊世大发现……古大侠 你快承认你是腐男吧 =3=,应该是古龙水准最高的小说之一，金庸确实是更好的小说家，古龙是更好的诗人，我现在反而更加容易被古龙打动了。,真想穿越回去摇古龙肩膀：“求你别再以为自己很懂女人了！”
人类的群星闪耀时,8.7,4612,八成篇章都很棒,命运——这世上的另一位神，只愿意用热烈的双臂把勇敢者高高举起，送上英雄们的天堂。,茨威格的风格似乎不是很适合历史纪实，有点夸张的感觉，还是小说赞,“历史是真正的诗人和剧作家”，茨威格于人类浩瀚历史中撷取的历史特写。在某些瞬间，我们与命运狭路相逢，而决定一个人的一生，乃至整个名族与时代命运的，往往只是这一瞬之间。,书中瞬间决定历史的观点我觉得有点偏差【表打我！】
论语,9.0,1858,洋人对于中国古典哲学的印象，多半(if not全部)来自论语。本是断章取义的语录，却被作为中国人“哲学不求甚解缺乏逻辑性”的尾巴，实在是可笑。且不说“微言大义”以及“中国人才思敏捷”之类自矜的话，他们的东西与其说是逻辑缜密，多半也不过是话比较多而已。和夫子同时的自不必说，哪怕是启蒙运动的各位以及弗洛伊德这个老色狼，逻辑也是满嘴跑火车，碰上孟亚圣荀夫子也就是被吊着打的份。当然了，论语这东西毕竟是断章...,用了两个半多月，终于读完，有些道理，至今受用。 其实经典离我们没有那么遥远，建议大家有空都可以读下,我发现那些很伟大的思想往往建立在一个很愚蠢的基础上：人性本善,暮春者，春服既成，冠者五六人，童子六七人，浴乎沂，风乎舞雩，咏而归。,儒家经典
社会契约论,8.8,2757,"自然状态,主权者,公意.古典德行.以及现实层面潜在的暴政.卢梭说""我探讨的是权利的道理,我不要争论事实.""因而放在事实层面,由于对理性的盲目信任与自傲,导致的是乌托邦的毁灭和贫瘠的现实. 但正因有乌托邦,人类才存在美好的愿景.",都说人生而自由，忘了后半句，但无往不在枷索之中；强调公意，故可解约；否认有普世制度；自然法国家法间推崇前者；推崇斯巴达，认为欧洲最高理想是罗马；提出人民、公民、主权者概念，主权者/政府=政府/国家；对美宪法、列宁专政的影响；说基督教培养奴隶就是尼采的道德谱系，最后一章谈公民宗教简直直接启发了康德实践批判嘛，太牛逼了。,卢梭的思想具有鲜明的时代特征 本书核心的社会契约思想是法国大革命思潮的重要体现 所谓社会契约 就是说我们的整个社会国家 是所有人民舍弃自己的一部分权利而达成的契约 构成一个主权体 以便获得更大的利益 这个思想直到今天仍然是西方民主政治的一个根本基础 而这个契约在今天可以看做是法律 当然 由于时代所限 卢梭的思想还是大多停留在思辨阶段 对于实际操作时遇到的 诸如小团体争斗 全体普选困难 政府越权等问...,"大学的时候，教西法哲的老师是个狂热卢梭粉，于是我们人手一本社会契约论了=_=
非常值得看的一本，即使你不接受他的观点，也一定会被他漂亮的逻辑和文采所吸引。这简直是我看过的立论和论证写的最精彩的书……之一|||
即使如此，卢梭的自由定义并非绝对的自由，而是在社会契约下的，体现出多数人意志的自由。",自然立法与权利交易，卢梭没说要给你们体制，没说要给你们自由
当呼吸化为空气,8.8,5763,"看奇葩说的时候很喜欢这句话：我们拼尽全力，过着平凡的一生。但看完这本书，我觉得大部分的人是没有资格说这句话的，我们得过且过我们甘于平凡，我们并未对珍贵的生命拼尽全力。谁是真正的勇士/请他来到近前……/一切虚妄过眼/他会在意他人所言/他会昼夜不停劳作/成为朝圣者不断向前。",“谁是真正的勇士/请他来到近前/一切虚妄过眼/他不会在意他人所言/他会昼夜不停劳作/成为朝圣者不断向前”。读到最后几页，沉重到不能呼吸。当呼吸化为空气，生命又有何意义。,没有哗众取宠的用死亡煽情，也没有劝人珍惜时光的心灵鸡汤，而是诚实告诉大家在这条路上会遇到什么，不仅从病人，还有从医生的角度。最后妻子写的后记是这本书我最喜欢的章节。,最近总是读关于生死的书，无论死亡是主动选择还是被动接受，最难面对的总是家人，自己反而是最坦然的,作者也许医术不错，但文笔实在不敢恭维，记述平铺直叙，思考没有深度，很多事例以为会有一个散发或引申却突然草草结束，对作者的遭遇深表同情，但这本书真的很普通。
别闹了，费曼先生,8.9,2686,总觉得这本书抖机灵的书被过誉了,虽然他确实是个牛人，但是我还是讨厌装逼男,一本理科生写给世界的情书。——和菜头,legend,太有意思了。副标题确实很准确，科学顽童。他就是那种极其聪明，又对各种事情都充满好奇心，并且不管什么业余爱好都可以玩得一流，特别爱尝试新鲜事物的那种天才geek，并且热爱美女，哈。这样的人生，怎么可能乏味啊！
西方哲学史（上卷）,8.9,1814,越来越读不进去这种书了,罗素也许不是最好的哲学家，但肯定是最深入浅出的。,研究一个哲学家的时候，正确的态度既不是尊崇也不是蔑视，而是应该首先要有一种假设的同情，直到可能知道在他的理论里有些什么东西大概是可以相信的为止；唯有到了这个时候才可以重新采取批判的态度，这种批判的态度应该尽可能地类似于一个人放弃了他所一直坚持的意见之后的那种精神状态。蔑视便妨害了这一过程的前一部分，而尊崇便妨害了这一过程的后一部分。,听的有声书，没有精读，但是语言很美，内容很全，尤其是对于柏拉图之后中世纪宗教哲学的转变，介绍很系统，让我很喜欢，不愧是大家经典！,太值得花时间了
美国宪政历程,9.1,2024,由于作者有好几个，文章水平参差不齐，共同特点是极有煽动性，让人看了觉得卧槽美国太他妈好了！有些叙事逻辑比较混乱，而且用的是马克思主义经济学的叙事方式，看着十分蛋疼，不过作为一本大众读物，倒是情有可原。,虽然作者们观点基本不错，理论水平也值得学习，但行文中所刻意追求的“可读性”却暴露了其中式的思想背景的和国人的度猜心理，明显不如刘瑜的《民主的细节》以及林达的《近距离看美国》系列。,今天的世界上几乎每一个国家都有宪法，但是，又有多少国家实行了宪政和法治呢？没有宪政的宪法实际上只是统治者装饰自己文治武功的花瓶。在人类历史上，曾经有过很多比美国宪法不知美妙多少倍、甚至可谓是尽善尽美的宪法，但却都沦为明日黄花，它们试图构造的人间天堂尤如过眼烟云，好则成为后人的笑柄，恶则成为百姓的炼狱。,同样作为普及读物，本书比《民主的细节》更系统理性。读后最大的感受：一个好的制度，不是完美的制度，而是能够自我完善的制度。,内容简明，语言也不错。
book_name,rating_num,comments_number,top_comment_01,top_comment_02,top_comment_03,top_comment_04,top_comment_05
老人与海,8.4,17276,故事很好，译者文笔不好。。。类似这种经典都该去读原著，读不下去只能说你的英文亟待提高。。。别怪别的，只怪贪玩太多，读书太少。,圣地亚哥终于梦到了狮子。,小学的时候学校让买课外读物，于是我买这本书。 原因是因为这本书比较薄，很便宜，省下的钱可以让我去打游戏！ 后来认真的看完了两遍，才发觉这本书写的真好。,唯一一本看过不下五遍的书,靠荷尔蒙写作的海明威就算一把浓密的大胡子也该归入青春写作的行列。海明威的成就应该得自他的浅薄，实际上是大鱼填补了生命的空隙。因为陆地上有一种直立行走的猴子，倘若不去海里与大鱼拔河，就会怀疑人生。
一个人的村庄,8.9,3266,他的散文最适合做成阅读题，百试不爽。,当年很迷刘亮程，最开始看读者发现的。图书馆借阅！,刘亮程是个诗人，这样独特的散文写作，令我想到《巴黎的忧郁》写法。刘表面上看是现代陶渊明，其实很有魔幻现实主义的味道。看完电子版之后我决定立马买纸质版放在床头随时翻。,诗一样的语言，塞外茫茫下的孤独美学。,找了很久，看完后并不觉得好
批评官员的尺度,8.9,2997,允许空气中充满不和谐的声音，不是软弱的表现而是力量的象征。译者在前言中对我国现状的阐述也非常精彩有力。,没有一蹴而就的完美体制，完美国家。民主的前提是自由的表达，为此美国的大法官们凭着自己的职业操守，专业素养，对自由的执着信念，对司法执行的可行性考量，不断地作出自己的努力。这是一个伟大的国家。这是一本值得推荐的书。,"在大洋彼岸有一帮人，他们希望，表达自由最终能够创造一个更有力的公民社会、更优良的政治制度。他们也相信，对言论自由的任何限制与约束，都与这一目的所依赖的个体尊严与自由选择格格不入。从这个意义上来讲，允许这一自由的存在，或许会导致尘世喧嚣，杂音纷扰，有时会有一些冒犯性的言论，但也只不过是挣扎、争取路上的一点点副作用。 
正确的结论，往往来自多元化的声音，而不是权威的选择。
容许空气中充满异议与不和谐的...",读本书，除了对言论自由的反思外，我还在想我们如何培养维护“好制度”的精英。任何制度都不会是尽善尽美的，都是需要人维护的。美国言论自由的历史，同样是一群精英为维护其理念而奋斗的历史。以为有个好制度就能解决所有问题的人，不免遗忘了制度也会变样走形，这是制度决定论者的硬伤。,美国的确存在自由的权利被滥用的现象，但这不因成为鸡国扼杀自由的理由，因为，不能以发展过度的消极影响来为自己的发展不充分而正名。
金阁寺,8.7,6149,父亲的巨掌遮盖了我所看到的地狱。人体内侧悚然的丑陋&蔷薇花瓣的内外兼美。南泉斩猫，是斩断自我的迷妄。唯且沉浸于内心的罪恶，而不以行动来体验。“没有目击者、没有见证人”的喜悦。X型的腿&耽溺的虚构→失去童贞。透明的结构体，亦即金阁寺，亦即人。搬运细红土的蚂蚁。人类容易毁灭的形象反而浮现永生的幻想，而金阁坚固的美反而露出毁灭的可能性。没有所谓“各自的认识”这种东西。柏木：改变世界的，不是行动而是认识，...,虽然看的书不多，看的日本文学也不多，但是所看过的日本文学里面，三岛的文风真是独具一格，如果说有的人写书有画面感，那个画面感里有颜色也有声音，那么三岛写的东西总觉得是偷窥的画面，画面是黑白灰的，人物张嘴说话却听不到什么声音。总觉得是这种读后感。,多年前读了小说的前半，以为这是那种永远都不舍得读完的小说。昨日读完最后一页，不过尔尔。人事遭际变迁，心性有别当年。,在京都读完，惊得遍地蝉鸣,追求纯粹之美的人都有一颗黑暗的心。借着这颗黑暗的心，他们可以驱走所有虚伪的光亮。
哈姆莱特,8.6,3076,我能背出英文獨白，嘻嘻。,To be or not to be.,聪明灵秀却不谨慎的天真王子，傻乎乎只能躲在温室中被呵护被言辞轻易左右的姑娘。这样的更像艺术家的王子偏偏有着复仇大业，这种姑娘却有勇气自杀。王后就像一个普通的女人，容易寂寞、禁受不住诱惑、对恶毒的真相掩耳盗铃，可她有着母爱的天性。人生如戏，他们只不过都选择了最容易的那个。,我知道朱译不准确，但翻译自有比“准确”更重要的事情在,to be or not to be
2001太空漫游,9.1,1857,结尾太震撼了！整本从前读到后感觉像是一个本来严肃的科学家老头子突然嗑药了喝醉了于是开始手舞足蹈幻象丛生，不少场景让人想起之前看别人写的LSD致幻体验。。实在是有点不习惯啊。好像前面的一切都是切实存在的现实（虽然其实也是想象，但依然建立在牢固的物理规律基础上，或者说未来的现实更合适），但是终于写到与外星文明接触时，作者飞快地以迅猛的节奏、奔逸的思维、大胆的设想打破了那些确定的存在、推翻了一切现实，将...,情节的发展是一个指数函数,他看见的似乎是银河照片的底片……,想起《触不到的恋人》里，2006年的女主角告诉2004年的男主角：“现在是2006年，不过我们还没有发明可以飞在天上的汽车。”,减一星全是因为这版里“哈儿”和“图林”这种名字无法接受。
二手时间,8.8,4897,一本让人震撼的书，读后对中国情况有了很多相对的思考。,制度塑造人。苏联分子接受了苏联的乌托邦理想，沉醉在诗歌和鲜花中。苏联制度却不可能给他们学习操作民主政治的条件和机会。以至于解体之时，想飞的人们已不知如何正常走路。所以极权政治的最大危害不是集中营，而是麻痹普通人的良知，掩盖常识，混淆是非，制造昏聩自私的人。这些不可能在这本书中出现的人也是一种苏联的产物，将继续伤害极权崩溃后的社会。,打了很多字最后都删去了，很难描述心里的复杂感受，同是社会主义国家，我们和苏联一度交集，又走了不同的两条路，他们建设，然后建设的一切成了废墟，他们在废墟上重建，又充满一切不安。我们在高空奋力前行，也不知是否大厦将倾,最开始对这本书并没有太高期待，只是当作普通口述历史，配合苏联历史来读。断断续续看了两三百页以后，突然感觉极为震撼。苏联解体基本就在我出生前一点点，而如今已经二十多年。这次人类伟大的实验算是以一种极为壮烈的形式结束了，而很多『薅社会主义羊毛』的人成为了石油天然气寡头，知识分子和做『诚实工作』的人活得一塌糊涂。随之消失的，还有俄罗斯的『大国梦』以及和大国梦和无产阶级理想相配合的高尚理想（比如，种族平等...,还不看，就看不到了
心是孤独的猎手,8.5,6795,镇上有两个哑巴，他们总是在一起。故事的开始就是这样子的。,孤独是与生俱来的。我们像哑巴一样说，聋子一样听。我们爱着但永远不了解彼此，追求的到头来都是虚空。,发表于麦卡勒斯23岁……真正的天才少女,人总是有许多的自以为，自以为有一个完全理解的知己，自以为能跳出平凡，自以为能实现伟大的抱负，但终究还是在时间的锤钝下慢慢变老。,在機場擺渡車上一手拎著兩瓶酒，一手拿著kindle，已經沒有多餘的手去擦眼淚。
娱乐至死,8.5,8802,2012.8.25开始。4年前翻过一遍，看了几十页再也看不下去：什么垃圾玩意……四年后一顿早餐的功夫，越翻越耐看！最后掏出笔认真阅读，句句击中要害！2012.8.28读完。确实，奥威尔的担心很难发生，赫胥黎的预言更容易成真。文化精神枯萎最好的方式就是让文化成为一场滑稽戏。,已弃。。。 再次觉得豆瓣读书应该增加‘我不想读这本书’、‘我读不下去这本书’和‘已弃’=。=,关键是奥威尔和赫胥黎都没有想到的是，今天的我国是神奇的《一九八四》和《美丽新世界》的结合版……,从出生到现在被各种媒体紧紧的包围，从某种程度上我比一般的人更加的依赖媒体，享受资讯充斥感官。然而直到最近两年我才注意到，话语的方式影响着话语的内容。而直到这本书，我才发觉方式不仅仅是“影响”甚至是“决定”内容的，每一种媒介都把内容或多或少的重新定义。不知道尼尔·波兹曼看到现在的时代会作何感想。我不能批判这种娱乐的生活，电脑、电视、手机、杂志、因为我就过着这样的生活而且深陷其中，爱的要命。或许从这本...,看到有一评论认为浅薄、堕落也是一种自由，所以认为作者是在妨碍自由，还获得了很多点赞，真是可笑。本书的最后一页写到：危险的不是他们笑和不思考，而是他们不知道自己为什么笑也不知道自己为什么不思考。对于无意识的个体，自由毫无意义。作者不是要限制你看电视的自由，而是要唤起你看电视时的自我意识。
尘埃落定,8.5,9281,高中时第一次读，当时基本就当它是个黄色小说了吧，哈哈，各种的野合，各种把头埋到女人高挺的胸脯中，各种对于性的比喻，留下了最深的印象。这两天重读，又读出了不同的体会。首先，藏族风格的展示，这点阿来有亲身的生活经验，描绘起来十分到位，日常的习俗、人物面貌、语言特点。它不太喜欢描写器物，看上去就像是大面积涂的色块，十分酣畅。第二是文字，书里有很多非常精彩的描写，那种对辽阔藏区的描写真的和我去时候心里涌起...,楼上再好，也总是要下楼的,又是一本高中时代不经意读完的色情书,既是历史的一部分，也是历史的旁观者,你们不觉得阿来的小说在茅盾文学奖里是性价比最高的咩？
故事新编,9.2,1665,一知半解，大家都读明白了？,课本对于鲁迅作品的节选以及传统课堂上的解读确实固化了鲁迅在我们心中的形象。《故事新编》中的鲁迅，是极丰满的“人”的形象，而不是那个怼天怼地的斗士。诸如“烙三百五十二张大饼的工夫”和“煮熟三锅小米的工夫”这样的独特诙谐的句子，是我们在课文中很难了解到的。,他爱的是生命中难以名状的原始冲动和沉默寡言的执行效率，因此他偏爱女娲，眉间尺和、黑衣人（哪怕眉间尺有些懦弱呢）和墨子。老子到底骑着青牛出了函谷关，后羿每日也为着生计来回奔波。而庄子的生死之间物我两忘的瑰丽想象到底救不了国民。不食周粟的伯夷叔齐保守腐旧最不可要。先生也在时刻提醒自己不要陷入油滑（所以那些抖机灵的段子手还是算了吧~）,短短百页的短篇小说集，先锋到今人尚且不及的地步，佩服。,烏鴉雜醬面
海底两万里,8.5,8113,喜欢！,可爱的书,没有凡尔纳就没有潜水艇。小时候为数不多的娱乐就是看科幻，在没有魔戒和龙枪的年代凡尔纳是我的最大缴税对象......,比我当年看时，再小一点的时候看就好了......,"毫无疑问
凡尔纳是最棒的科幻小说家"
骆驼祥子,8.4,16005,被嫌弃的祥子的一生,这就是所谓的旧社会把人逼作鬼了，可新社会又在哪里？祥子的车，和我们的房也没什么分别。都是一样无望的人生，日子一天天往下挨，心口里塞着块粗石头，走一步，磨出一口血，把这一身的血都磨光了，磨冷了，脊背往下出溜，也就算还完了债，走到了头。,我相当相当喜欢老舍，觉得他是最棒的作家,骆驼祥子一等一的老实人，被虎妞看上不奇怪，奇怪的是以前不喜欢虎妞觉得是真虎啊，现在看居然理解她了,我要是说里面我最喜欢虎妞的话，你们会觉得我很变态么？ = = 
过于喧嚣的孤独,8.8,4311,1、曼卡倩的部分真是写的好喜欢。2、果然是白羊座所以哲学意味表达得如此赤裸裸且莽撞。3、鉴于第二点作为小说我还是想达四星，但这是今年看到的第一本让我觉得惊艳的书，所以加一星。4、年过半百出版第一部处女座，并获得奥斯卡最佳外语片奖，所以人生巅峰和谷底在哪里，谁都不知道，年轻人不要着急，不要着急。,一个书迷的悲剧，成了众多书迷的狂欢。,读书会上有人问过我一个问题：“你能理解作者的思想么？” 这个问题我其实羞于回答。因为长久以来都是作者在理解我，他们的文字包裹着我微茫的灵魂的火焰，燃烧成纷纷无数纯白的蝴蝶。而我由此，看到了更高远的彼方。,三十五年来置身废纸堆中的love story：天道不仁慈，而至少通过阅读，我们得以进入一个广阔无垠、威力无边的天地之中，在梦境的世界、真理的中心与稠密的思想中，享受着自我的孤独，并以此抵达无限与永恒。,当有了这么好的名字，一个写作者就很难做出对不起它的事儿了。
规训与惩罚,9.2,1461,大一上读到这本书，真正地惊为天人，那是第一感觉到什么叫做深刻的思想，透彻的论述。后来看到的很多文艺作品一而再再而三地呼应着这本书的结论。记一辈子。,建议人手一本。如果能在本科时读，我还会那么“信仰”社工么……,进入内心的规训最难以反抗。,在这本书里，福柯用深邃而优美的语言，将西方社会规训与惩罚行为演变背后的权力运作和控制机制娓娓道来。他敏锐的视角和深刻的洞察力让人叹服。三联新版的这个版本装帧精美，译文准确流畅，让人爱不释手，大力推荐！,天才的作品，觉得在读的时候能有思想碰撞的火花，大师想的太深，看得我好难过，好压抑，好无奈。
美丽新世界,8.6,5856,"　　奥威尔害怕的是那些强行禁书的人，赫胥黎担心的是失去任何禁书的理由，因为再也没有人愿意读书；奥威尔害怕的是那些剥夺我们信息的人，赫胥黎担心的是人们在汪洋如海的信息中日益变得被动和自私；奥威尔害怕的是真理被隐瞒，赫胥黎担心的是真理被淹没在无聊烦琐的世事中；奥威尔害怕的是我们的文化成为受制文化，赫胥黎担心的是我们的文化成为充满感官刺激、欲望和无规则游戏的庸俗文化。
　　——尼尔·波兹曼",不知道是否翻译差劲，读起来没有劲头。,放弃独立思考的幸福安逸是种放纵，痛苦责任牵绊带来的不自由给了生命重量,这本书的伟大之处在于它不仅仅给你写出了乌托邦的可怖、极权的荒诞，同时还是展现了“乌托邦”一定程度的合理性。我感觉这是一本难得有写出“度”的概念的反乌托邦小说。在可读性上，娱乐至死的愤怒反击也很有劲。,天啊！我们以前活在1984，现在活在美丽新世界！！
那些回不去的年少时光·终场,8.7,4265,再见，张骏,克制会有遗憾，可是这遗憾是美的，遗憾才能在记忆里保存一辈子，才算没有白白经过那些时间。不会克制自己的人只会把一切消耗殆尽什么也留不下。,爱你依旧是我做过做美好的事儿。（比第一部更好看！）,少女奋斗史 小波才是真汉子,小女生的故事，我看着有点无趣。结局没看。
陆小凤传奇,8.7,2842,这本和楚留香是我最喜欢的两本古龙，这本比楚留香好，好在陆小凤从来没有莫名其妙的使用诡异的手段战胜不可能战胜的敌人，水母阴姬和石观音败给楚留香实在是太坑爹了，龙九这个人虽然厉害，但是从来没正经出过手，可以忽略不计，西门吹雪就是一缺爱的娃，和袁承志一样，被见到的第一个妹子拿下，嗯,花了几天时间读完了，可是我还是对陆小凤和西门吹雪喜欢不起来。印象最深的是花满楼和他的名句：“你有没有听见过雪花飘落在屋顶上的声音？你能不能感觉到花蕾在春风里慢慢开放时那种美妙的生命力？你知不知道秋风中常常都带着种从远山上传过来的木叶清香？……” ,峰回路转的思路很棒，可是古龙大爷写的实在是太绕了。。。,古龙说陆小凤喜欢交朋友，朋友遍天下。可是纵观全集，整个就是一陆小凤被朋友出卖的历史。《大金鹏王》中被霍修出卖；《绣花大盗》中被金九龄和蛇头出卖；《决战前后》中被叶孤城出卖；《银钩赌坊》中被方玉飞出卖；《幽灵山庄》中被木道人和古松居士出卖；《凤舞九天》中被鹰眼老七出卖。唯一没有被出卖的是《剑神一笑》，因为这一集中，陆小凤死了。只有一种人不会被人出卖：死人。,三星半。四条眉毛可以有，两个酒窝不能有。PS：银钩赌坊一章严重拖累总评分。每个女人都不当影后会shi。
呼啸山庄,8.4,14862,"据说作者没有谈过恋爱，却写下了这样一个荡气回肠的爱情故事。
我想她的确应该没有恋爱的经历，因为书中的爱情不带一点性，纯粹是灵魂的碰撞。
没有性，没有油盐柴米，没有阶级.......一个不现实的故事。人物的所做所为一点也不可信。他们张牙舞爪，歇斯底里，没有理智。却都是那么生机勃勃。在这本书里，作者构建了一个自己的世界。
这个世界包含着大爱和大恨。它拥有两种力量:一种力量产生于混沌，把一切都融合起来。...",如果给我一个机会，让我同任何一个时代、任何一个地区的任何一位作家相爱。。。我的选择是埃米莉·勃朗特,我感觉比简爱要好……,天哪终于看完了……感想1穷山恶水出刁民2人物关系就两种极端 要不恨得要死要不爱的要死3书里人类的神经和生命就像面条一样脆弱4到底男主是怎么发家的啊玛丽苏啊,他们都是神经病
带一本书去巴黎,8.5,5357,一直很想成为林达夫妇这样的作家，但是在学识和流畅度上简直是望尘莫及。相比其他旅美/欧的作家，他们看事物的角度非常丰富，从文学、历史、政治、文明史、建筑、美学等方面挖掘一个城市/国家的内涵与深度，而毫无学究气，可谓是极好的介绍。,从另一个角度解读法国史，以更深沉更内省的方式来看一段被误解的历史。林达夫妇的博闻强识，人道主义，悠然自得和那份才气不得不让人佩服。而我印象中的法国大革命也给来了个“拨乱反正”，其中还属伏尔泰那章最为感动。也读过许多游记，旅行随笔和旅游指南，只有这样的书才算得上是真正的游记。,写的太赞了，有深度的游记。另外雅各宾派简直就是恐怖组织啊，依稀记得我们的历史书上对他们革命的正面定义。。。不寒而栗。。。,很硬有料的旅行指南，适合深度游巴黎，边走边读,很多的观点都不能认同.....写论文的时候充当发思古幽情的触发点....不过看到公墓的那篇，就是拉法耶特全家那段，还是忍不住被打动了
小姨多鹤,8.6,6496,你的人生如此，可你却不仅仅如此。,四星半。这是一个多么圆润的故事，每个人都被完美地纳入其中，没有任何突兀。小环的刀子嘴豆腐心真是让人稀罕，一栋楼的孩子看她骂街还不时给她提醒可以骂得更精妙的场景让我生生笑死了；多鹤的身世和性格也非常让人怜惜，让人想去摸摸她后脖颈上的茸毛来安抚她的心。严歌苓的语言依旧柔软而动人，已经看别人写过千百次的话题，在她笔下仍然有直写到心底的力量。只不过跟《额尔古纳河右岸》一样，仍然免不到到后面力度稍懈的命运…...,沉默能让生命变长，能让一切都变为虚无。,很惨吧，一个被压抑了的情感世界，但想想，这一家人谁不惨，小环不惨吗？多鹤不惨吗？两个小孩不惨吗？全都被命运裹挟着，最后在这个小家庭小世界里找到了平衡，这种平衡是一种带着苦涩的幸福，或者说是带着幸福的苦涩，到底苦多点还是幸福多一点，只有当局者知。,张爱玲、亦舒写女人当然也犀利也深刻，但多少带一点批评和自嘲的意思，更多的是懂，而不是爱。严歌苓不一样。从少女小渔到妓女扶桑到寡妇王葡萄，都是既天真又性感，既卑微又高尚，被侮辱被损害，依然坚持宽恕和悲天悯人
心理学与生活,8.8,2900,如何认识自己是一件有意思的事，更有意思的事发现在别人身上也是能得到验证的…… ,作为心理学入门很不错，假如不是专业学生，概念有点多。如果想要深入了解，可以后续阅读《认知心理学》《人格心理学》《社会心理学》《发展心理学》等,要不是日子这么苦逼，我估计也没耐心读这么厚的教科书。  美国的教科书真不错，虽然有好几处没看懂，但也算对心理学有了个基本的认识。,四月的最后一本书。笔记记了将近三十页，就最后两章最有趣。五百多页的书看完了，作者在结语里告诉我：“你仅仅学习了点皮毛。”愿二十一号的心理咨询能顺利通过，心理学的梦能实现。,最困扰着我们自己的，永远不是外界的困难和社会的黑暗，而是我们对于自己内心的无知，和面对一切时候的茫然
社会性动物,9.1,2203,例子简单易懂，作为科普读物还不错，深究就没什么看点了。选了作者认为社会心理学中最该重视与人类生活社会发展最息息相关的内容，大多数例子都是比较经典的社会心理学实验的简单陈述而已，也没写出实验的本质，如果不知道那些实验的话看起来肯定一知半解。唯一喜欢的地方只有观点不死板比较多角度。,社会性动物最具有吸引力的一面就是，人们有将自己视为理性和完美的需要，而这种需要又使得人们频繁地采取不完美又没理性的行动。,亮点是案例丰富，然后没了,"从众大致分为依从、认同、内化三类。
自尊与说服的关系，宣传者与接受者的微妙关系。观点差异程度与宣传者可信性的关系。
观点呈现的次序，首因效应与近因效应。以及差异大小与立场、喜好、吸引力、认同对宣传效果的影响。
微妙的预防接种效应。轻微攻击反而能激发更强的抵抗力。
自证预言，虚假关联，内群体效应等心理暗示因素。
人类认知的保守性，自我偏差。
失调理论。挫折与攻击的关系。挫折与绝对剥夺无关，来源于相对...",本书的实验看起来很严谨（以外行的眼光），作者的态度充满心理学家的社会责任感，让我对怎么用控制变量法设计实验稍微有了一点了解。在学心理学之前要搞清楚一件事：我到底对基础心理学还是应用心理学感兴趣。前者主要搞研究做实验，后者主要从事心理治疗。看来我果然对做实验不耐烦，相比大规模的统计，对一对一的治愈更有兴趣。
论美国的民主,9.2,1423,墙推，写得真好，优秀的风投家大概可以看到一个新公司十来年的成长，而一个真正的思想家可以看到一个新国家百余年的命运。想点赞的观点太多，民主最大的威胁不是专制，而是不断庸俗化的精神奴役，细思恐极。,美国民主的原型其实就是乡镇自治。乡镇是一个人日常生活所能够到的物理空间，也是熟人社会，她踩实了个人利益，能涤荡空洞的群众、人民、国家等大词的蛊惑。所以，乡镇自由才会有健全的个人主义，由乡镇自治往上发展到县、市、省、国民主，才是健康的立国思路。美国人施坚雅认为，中国农民生活在一个自给自足的区域社会中，这个社会不是村庄，而是基层市场社区，就是集市，等于现在的乡镇。他能洞见这点，估计是其美国乡镇生活经验...,《纸牌屋》第三季固然令人失望，但却促使我拿出这本买了好多年的书决心认真开始读。它属于极少数你只看到十分之一就能确信属于最顶级的不朽著述之列的作品，生平十佳书备选,"多数专制危险的存在是民主制度本身最根本的致命伤。
“当各政党只为明天而忙碌时，我已驰想于未来。”",大量被引用的遗珠...用一句话来形容可否直接叫做论【美国模式】？哈哈哈
了不起的盖茨比,8.7,6067,“他绝望地伸出手，仿佛想抓住一缕空气，将这座因她而可爱的城市存留一个碎片。然后在他朦胧的泪眼中，这一切都跑得太快，他知道自己已经失去了那一部分，永远地是去了最新鲜、最美好的那一部分。”但凡敏感的心，读来一直悸动一直感触；重译文字更顺畅更清新更贴近原文氛围。,有时候我觉得这种不堪的结局才是最好的，那盏绿灯因为无法企及而光芒四射，如果擎于完满，灯火便会熄灭，且无论如何也不能承接他的深情。恩，就让他被所有人抛弃，让梦想在开局时就成为一个泡影，这才是值得书写的部分。（译本又把语感丢了）,我新译的书。,万能文友们，请问这部小说，哪里伟大了？哪里牛逼了？我觉得平庸得超乎想象啊。花了三晚上刚才看完，只有一个念头：我他妈跳蛋都换上新电池了，你就给我看这个？！,拿别人书的后记做自己书的序是什么意思？看介绍以为村上春树给这书写的序，烂噱头！
