电影名,评分,短评数量,热评1,热评2,热评3,热评4,热评5
肖申克的救赎 The Shawshank Redemption,9.7,343535,不需要女主角的好电影,当年的奥斯卡颁奖礼上，被如日中天的《阿甘正传》掩盖了它的光彩，而随着时间的推移，这部电影在越来越多的人们心中的地位已超越了《阿甘》。每当现实令我疲惫得产生无力感，翻出这张碟，就重获力量。毫无疑问，本片位列男人必看的电影前三名！回顾那一段经典台词：“有的人的羽翼是如此光辉，即使世界上最黑暗的牢狱，也无法长久地将他围困！”,"忒经典的东西,我要带去我的坟墓","Fear Can Hold You Prisoner, Hope Can Set You Free",没有人会不喜欢吧！书和电影都好。
霸王别姬,9.6,276890,在野路子出身的张国荣面前，学院出身的张丰毅显得那么单薄,最优秀的中国电影,仨小时的电影，我没上一次厕所，一直专注的在看，除了牛逼我想不出其他的词儿了。直男对于gay来说终究是祸害，他们不敢爱，面对自己的感情畏畏缩缩，伤了别人还假惺惺。每个人都演的很好，蒋雯丽虽然出场不到半小时，也是把角色诠释的淋漓尽致。这真是陈导的巅峰之作了。,你凝视你的脸，几亿人在爱恋。,程蝶衣，和《海上钢琴师》的主角，都是一类人。
阿甘正传 Forrest Gump,9.5,220620,羡慕珍妮，不管她多么叛逆、落魄、堕落，永远有阿甘在等她回来,妈妈说，生活就像一盒巧克力……请不要再续下一句，耳朵听的起了茧子。,阿甘奔跑的意象，应该留在了很多人心里。,我生命里最温暖的一部电影,又是七年后，重温一遍。上帝是仁慈的，妈妈走了，珍妮走了，朋友走了，可是给阿甘留下了一个孩子。要是没有孩子他该怎么活下去。也是电影的仁慈。
这个杀手不太冷 Léon,9.4,269881,我开始想要过得快乐，睡在床上，有牵挂,一个杀手被一个萝莉害死的故事,小妞造型不错，赶在长残之前拍完了,喜欢这个喝牛奶的男人,莱昂用死换来的钱，竟被人轻松地据为己有。这一点令我百感交集。
美丽人生 La vita è bella,9.5,189573,如果谎言可以这样美丽，我也情愿生活在谎言之中,绝对难忘的一部片子----影片结尾美国大兵的那句 hei! boy! 叫人已经凉透了的心又感到了温暖。,"世界上最美丽的谎言与微笑。Surprise her, forever!","看过很多遍，我会背很多台词：我想和你做爱，我见你的第一眼就想和你连续做三次爱。如果你违反了三条规定中的任何一条，你的得分就会被扣光：一、如果你哭，二、如果你想要见妈妈，三、如果你饿了，想要吃点心！想都别想！第一句爱情性感，第二句父爱如山 
最爱的还是那句：早安，公主！","从天而降的钥匙打开了她的心房，却打不开奴役的枷锁；
骑马逃离婚姻的羁绊，却逃不出法西斯的束缚。
现实残酷，他就用温柔回敬现实。
战争凶猛，他就用父爱打赢这场战争。
做一块蛋糕，他就融化了她的心窝；
铺一张地毯，她就走进了他的生活。
一句广播，一首音乐，让妻子重新看见希望。
一个善意的谎言，一个属于父子之间的游戏，给孩子一个没有阴影的童年。
我只是一个普通人，你却让我做了公主。
我只是想要一个玩具坦..."
泰坦尼克号 Titanic,9.4,203345,还是会哭。,若干年后，2010年12月27日凌晨一点半，我不知道还有谁醒着没睡，还有谁和我一样，刚重温过这片子，或是刚刚打开准备重温。我又哭得很惨，这是毫无疑问的。我想，之所以不情愿活着，是因为没有那个如此相爱想要厮守的人；不情愿死去，是因为没有一个人如此爱我，值得我为他去死。,一部应该被记住的电影.,我想失去的才是永恒的。,1998年，哈尔滨火车站地下给初恋女友买的盗版光盘。
千与千寻 千と千尋の神隠し,9.3,253804,"每次看这些神作的时候想到这是动画片这是一群牛人一笔一笔画出来的,就觉得漏看掉一帧都实在是对不起他们啊",十年后重看只想大哭，其实我们都明白这个结局。,最好的宫崎骏，最好的久石让。,内个白龙好像塔矢亮！其实这是个爱丽丝漫游奇遇记的东方版呢！,欲望无限，就会让你失去自己，进而痛失所爱；在残酷的环境下，只有努力去适应并寻求改变，才能有突破的可能；成功路人，伯乐很重要，一定要记得感恩；奋斗途中，会有妖魔鬼怪，也有可爱温暖的无脸男和小白。节制欲望、不断进阶、知世故而不世故、做个善良有温度的人。千寻，你是最棒的！
辛德勒的名单 Schindler's List,9.5,109120,不仅仅是犹太人，而是整个人类的悲剧。,救人一命等于救全人类。集中营进得来，出不去，除非你从焚尸炉的烟囱里爬出去。,最后辛德勒摘下自己的胸针，说自己原本还能再救一个人，痛哭失声的时候，我也已经哭得不成人形。从电影的任何一个角度都达到了直击人心的力量，面对人性，面对生命，辛德勒做出了让历史铭记的选择。经典之至，感人至深。,献给导演认真的态度和无数个小高潮,每一次看都有新鲜发现，每一次看都会内牛满面。/ 记第一次在中国大银幕观看 20190413 @天幕新彩云巨幕厅
盗梦空间 Inception,9.3,258242,我的陀螺停不下来了。,一直在牛逼，从未被超越。只有Nolan才能达到这种境界！！！,我还能说什么呢 出影院第一件事就是拿iphone 上豆瓣 至少5颗星啊 第156个评分的 哈哈哈哈 一直要用心用脑看的电影 内容很严谨 逻辑性强 非常好看 等高人仔细分析。。 又去影院 看了一遍 很爽 很抖擞,列奥纳多干完这票肯定是要去Shutter Island修养一阵了。,诺兰+莱昂纳多的电影，我无话可说！
忠犬八公的故事 Hachi: A Dog's Tale,9.4,194875,Hachi就是爱一个人过一生了。,“永远都不能忘记你所爱的人” 狗尚如此，人何以堪？5星给动情的真实故事。,"哭死啦...想去涉谷看看那尊雕像...by the way,那个帅老头我好喜欢...!!!",纸巾抽到还剩最后一张,....明早眼睛又肿了
海上钢琴师 La leggenda del pianista sull'oceano,9.3,223022,我总觉得这是一个真实的故事，因为他的懦弱，懦弱得真实。,最喜欢的电影，喜欢，不是之一，而是唯一 ,每天睁眼，去面对这个世界都需要勇气。,键盘有始有终，你确切知道 88 个键就在那儿，错不了。它并不是无限的，而你，才是无限的。你能在键盘上表现的音乐是无限的，我喜欢这样，我能轻松应对，而你现在让我走过跳板，走到城市里，等着我的是一个没有尽头的键盘，我又怎能在这样的键盘上弹奏呢？那是上帝的键盘啊！,"在船上出生，在船上死亡，他是一个从来没有存在过的人。
第一次放弃下船，他放弃了财富和名气。
第二次放弃下船，他放弃了生命。
人们把音乐当成一种比赛，他不在意虚名和输赢。
人们想利用他的才华致富，他不愿意让他的音乐离开他。
人们浪费了太多的时间去问“为什么”，他想活得简单点。
宁愿一生孤独，不愿随波逐流。
人可以下船，但是不能离开大海。
每个人的心中都有一片海，而他的大海是音乐，是钢琴，是那个女孩。"
机器人总动员 WALL·E,9.3,150380,陈奕迅都为你唱歌了,機器人談戀愛也避免不了男女搭配的窠臼(叫Eva倒有夠諷刺)，就更不用説亙古不變的雙眼雙手擬人造型...人類的想象力其實很貧瘠,堪称完美的动画作品。,到底有多少人是因为《机器人总动员》这个烂译名错过它的！太出色的一部动画了，你找不到替代品的。默片，看似简单又非常复杂的设计，怎么那么棒，那么感人。,Just need someone who will look after you
三傻大闹宝莱坞 3 Idiots,9.2,242758,看了这部电影是我2010年最幸运的一件事 力荐！,"【温馨提示：请忽略这傻逼名字.不然你会错过一部好电影】1、病毒的鸟巢飞来了一只自由之鸟；2、Ta有没有告诉你,朋友就是给你一枚硬币教你自己独立做出选择的那个人.这个人才是你最大的财富 ：）",很棒的印度电影，这当中一样的可以看到中印相似的教育体制与贫富阶层问题。轻松、暴笑、热泪中感受积极人生的力量。梦想与事业，做我们喜欢的事情，是成就的不变真理。,近三个小时的片长，却没有一个多余的情节，剧情前后呼应之巧妙值得称奇。好电影不一定要苦大仇深，能真正愉悦观众，那也是一种巅峰。“做一名摄影家又会怎样呢？挣得少一点，房子小一点，车小一点，但我会很快乐，很幸福……紧跟你的天赋。” 温暖励志美妙如2010年的《天堂电影院》+《阿甘正传》,六星都不够。最后男主角戴眼镜那个形象好像吴彦祖！
楚门的世界 The Truman Show,9.3,187302,每个人都向往自由而不仅仅是安定,就算是已经完全知道剧情走向也还是被震撼被感动。就算你能摄影我的一切也无法在我脑内安装摄影机。,要想阻挡我 只有杀我,打开这道门，即便现实再最肮脏也请让我自己感受！关掉你的镜头，即使现实再无奈你也必须自己体验！,年轻时候的金凯瑞真TMD 帅。尤其一头柔顺的头发。
放牛班的春天 Les choristes,9.3,141199,那漫天飘扬的纸飞机是我对你最诚挚的敬意。,被那些孩子们所感动。天籁一般的童声，定是最接近上帝的存在。,所以我一直坚信最好的教育人才应该放在学前教育和初等教育。小学老师对孩子的未来产生的影响远大于大学老师。可现状却是，大批自己都没学会怎么做人的人被随随便便扔到了小学、初中做老师，放纵霸凌，根据权势财势“因材施教”，惩罚性教育，把孩子逼上绝路就让天性不良背锅，呸。,问题孩子何其多，善良老师却难觅，但是还好有你。纸飞机送别那一段哭了。,一日为师 终生为父
星际穿越 Interstellar,9.3,235080,时间可以伸缩和折叠，唯独不能倒退。你的鹤发或许是我的童颜，而我一次呼吸能抵过你此生的岁月。,太壮阔了，无以言表！40'渐入佳境，80'叹为观止，120'泪流满面，160'恍如隔世…不曾如此贴近浩瀚星空，被它环抱；不曾如此触摸生命之弦，遁入五维幻境。瑕不掩瑜的科幻神作，刷新视觉的IMAX体验，观影前撒好尿，准备接受近三小时的泪腺洗礼。“爱是一种力量，让我们超越时空感知它的存在”-发自豆瓣App,我想给100颗星，这可能是我至今看过最令我震撼的电影了。到电影结束时候还不断流泪，奇迹不是因为有上帝 也不是有什么不可知的 某种力量，正是我们自己，人类不相信人类的力量把那些我们无可预知的奇迹都认为是上帝的功劳。若兰把我的世界观如此震撼人心的展现出来，我感觉我现在都激动得语无伦次了,三体迷们不用担心电影版会拍的稀烂啦！章北海船长，面壁人希恩斯，高维碎片，青铜时代和万有引力舰太空大战，冬眠和星际航行，三体世界的荒芜，高维世界的样貌，云天明的童话，诺兰新作中一次性看完！#刚刚看完星际穿越interstellar，感觉自己萌萌哒#,一边太空冒险，一边是通俗的情感戏。无论外表多硬科幻：虫洞、黑洞、太空冒险、多维空间……最核心的仍是亲情与爱。科学与理论其实都是为感情服务的，用很硬的外壳包裹最柔软的情感。也因为此，它不会是2001那样严肃伟大的科幻片，但却有更饱满的感情。包括那些泪点
大话西游之大圣娶亲 西遊記大結局之仙履奇緣,9.2,152296,无论是看第三十遍，还是第三十一遍，我都会对着那个寂寥的背影流泪。那落寞的大圣身上烙印着我青春时所有梦想，我们曾以为自己会成为盖世英雄，以为自己是这个世界的唯一，以为爱情专为自己存在，可是渐渐发现自己和别人没有什么不同，当你踏上社会时，总会有人看着你的背影说：看，他好像条狗啊！,为什么越看越觉得悲伤,"经历过和正在经历着悟空式的命运和紫霞式的爱情，才发现生命的本质是以最低的姿态出现的。英雄？你为什么不问问做英雄的代价？  
“想不到经过这五百年，我要找的并不是她，而是你。”人生际遇真是难以言喻。",我猜中了开头，却猜不到这结局。/ 20141024 在影院哭死,因为你还没有遇到给你三颗痣的人
熔炉 도가니,9.3,135942,想起一级恐惧的片头台词来：想找公平就到妓院，想被人干才到法庭。深雾中到处是颤栗的呻吟。,。。。套用 被嫌弃的松子的一生 里面的一句话：生而为人，对不起。,我们无法改变世界，但我们可以选择不被世界改变...,大概只有套用《让子弹飞》里的一句经典台词才能略为表达我看完本片时的心情——震撼！震撼！！还是TMD震撼！！！我可以理解部分人站在纯粹艺术的角度对这部电影技法上的乏善可陈评头论足，但是我无法相信有人面对它由始至终散发出的那股震撼人心的力量时居然能做到完全无动于衷。,“奋起反抗不是为了改变这个世界，而是为了不让这个世界改变我们。”电影以真实故事改编，又一部极其精彩反映社会阴暗的题材。每个人物都刻画的立体丰满，情感同样控制得当，无力感充斥全身。电影完结，愤怒、无奈、唏嘘、悲伤各种情感如同“雾津”的浓雾一般，久久未能飘散，始终萦绕心头。★★★★
疯狂动物城 Zootopia,9.2,228222,看过了这一部，我好像能够更坚定地说我会当迪士尼一辈子的粉丝。迪士尼给我们营造的乌托邦就是这样，永远善良勇敢，永远出乎意料。,无论是人设，世界观，动画制作，还是剧本，都挑不出毛病来啊啊啊！！细节多到爆！！好幸福！！！！>w< 最难能可贵的是配角们的人物性格和形象设置都非常饱满（教父梗好惊喜>< ） 虽然是动画，但是剧本还是隐射很多人类社会的种族问题，以及政治两党上位之争的问题。另外我狐Nick的眼神是在太苏了TwT...,完爆冰雪超能头脑，动物再次证明了动画片不止是给小朋友看的，而是全年龄段和世界级的，尖端数码特技、新意剧情、老梗新用搭配萌Q画风，乌托励志、搞笑温情、自然销魂、阴谋反转，用动物来映射人类，涉及种族歧视和两党斗争，无论从制作技术还是政治倾向或是社会意义来说，基本锁定今年奥斯卡最佳动画,做冰棍那机智的不像话！！！全片最爱！！！想吃！！！,"想嫁给又吊儿郎当又酷得不像话的狐狸先生。
自认为是奥斯卡长篇动画的有力候选。
啊啊啊，真的好好看，我要去二刷。"
无间道 無間道,9.2,111414,看了美版的，才知道港版有多好看~55555555,最后那一下爆头，刘德华和梁朝伟的眼神里都是震惊，他死在电梯里，电梯门来回的开关，我们也从震惊中恢复，觉得残酷，谁说的，好人有好报，那些为民除害的，都死了。会有人惦记着他们吗？把他们视为英雄吗？又有什么用呢，这个社会还不都是恶人当道。,港片的里程碑,一气呵成。梁朝伟的眼神令人揪心。,怎么形容梁朝伟的分量呢？就我个人来看，影坛少了一个梁朝伟，就等于少了一百个刘德华。
龙猫 となりのトトロ,9.2,147960,"龙猫，好烂漫的幻想。
消失的乡下风景、慈祥的爷爷奶奶、嬉笑追逐的儿时玩伴，是童年最纯真美好的回忆。",宫崎骏真是个内心柔软的天才。能给这个残酷的世界这么多温暖。龙猫真像童年时的一场梦，长大之后似乎忘记了，突然看见它毛茸茸的身躯，就想起了所有的奢望。这大概就是我们得以在孤独中相互告慰的东西吧。无论怎样，成熟都是一场病，而能够治愈它的，大概只有对这个世界最温存的渴望。,萌啊，给我一只龙猫吧,因为缺少重看的观影经历，又被那套网络上的都市传说所影响（已辟谣），一直在疑心，年少时，是不是真有遗漏掉关键信息。得益于二十年后的重映，大银幕上重温，依然觉得是个单纯无比、被孩童想象所充盈和浇筑的成长故事。里面有美化过后，昭和年间的田园风貌回忆。樟树王、老房子、水稻田、乡间小路和巴士车。 小孩子能看见龙猫，自然是关于童心无邪。除了制造人类与大自然的连接，更多是因为，小孩子才能看见美好、已经失去的东西...,"宫崎骏最纯净无邪、恬淡温情的一部作品。没有反角、猜忌、冲突与灾难，即便是""鬼屋""、密林、神怪也都浸染着童趣可人之色。呆萌的龙猫，喜欢水珠落在雨伞上的声音，乘着陀螺起飞，催种子发芽，在树梢上吹橡子。煤炭精灵同[千与千寻]。十脚猫巴士与老鼠车灯。母亲的病也不致命，一切都很美好。（9.0/10）"
教父 The Godfather,9.3,96802,"男人。
千万不要记恨你的对手，这样会让你失去理智。","""Because a man who doesn't spend time with his family can never be a real man.""",2010-02-17 看过。对权力有清醒的认识才能写出这样的剧本。只知道引用台词或把此片当作所谓“男人圣经”的观众退散！,科波拉是有厌女症吧？这片子里的女人要么圣母得让人恶心，要么就傻逼得遭人烦，除了哭哭啼啼就是无理取闹。最后一个镜头，麦克成为新的教父，一道门隔开他的妻子，不是没有理由的。这是一个男人的世界。相对来说我最喜欢医院里那场戏，拍得相当有张力，第一场婚礼戏也喜欢。,这男人。。。牛逼又孤独吧。。
当幸福来敲门 The Pursuit of Happyness,9.1,152611,看到开头就知道结局，不过这并不重要，重要的是过程。。。最感人的不是赢得职位，而是在厕所里捂住儿子的耳朵。。。作为一名容易感情用事的中国观众，感动比励志对我来说更重要=。=,"There is no ""why""　in happiness, there is an ""I""
里面立志的桥段很多，比如说打篮球时候威尔对他儿子说的话.这是中国父母需要学到的...尽可能地给孩子一个美好的世界.","孩子母亲颤抖着说你会照顾好他；
装扮成时光机器来安抚孩子，子夜洗手间中独自哭泣；
“你是个好爸爸”，孩子说。
看电影的时候，我的手经常不自觉的紧握着，为那揪心的困窘。
幸福在这里敲门了，可是那些没有被敲门的人呢？",有点失望...感觉是为了励志而励志......要不是导演和演员功力，就沦落成俗套励志片了......,生活时常会让我们感到艰辛，并会让我们无数次目睹生命在各种重压下的扭曲与变形。——《生命不可承受之轻》
怦然心动 Flipped,9.1,265081,当你喜欢我的时候，我不喜欢你；当你爱上我的时候，我喜欢上你；当你离开我的时候，我却爱上你；是你走得太快，还是我跟不上你的脚步……,篮子男孩，好萌的活动，怎么我们学校以前没有啊！,"Some of us get dipped in flat, some in satin, some in gloss. But every once in a while, you find someone who's iridescent. And when you do, nothing will ever compare.有些人浅薄，有些人金玉其外而败絮其中。有天你会遇到一个彩虹般绚丽的人...",斯人若彩虹，遇上方知有,越看越觉得自己真是老了。。。。。
触不可及 Intouchables,9.2,145325,毫不基情的友情片！,就像Ludovico Einaudi的钢琴配乐，古典，氛围，轻易就可以打动人心，我对于此人的印象，还停留在【这就是英格兰】电影原声阶段。欢乐和温情并存的法式温情喜剧，台词很精准，刻画人物的同时还让人捧腹，力道精准，火候尚佳，这应该就是点到即止的魅力！高雅和喜剧细胞还真不是随便就能学来的。★★★★,其实是一份无甚惊喜的叙事和感动。,黑&白，老&少，超越种族和阶级的友情，感人至深的温情，细腻动人的剧情，以及极赞的电影配乐，不禁让人想再次回味...,又被神话了的电影。
蝙蝠侠：黑暗骑士 The Dark Knight,9.2,112451,"伟大之作,与其在文艺片里奋战,不如像这样提升商业片的水准!",Christopher Nolan太厉害了，好莱坞漫画类型片居然能拍到这样的高度...,赞誉众口一致夸上了天，百闻不如一见，这种连环画超级英雄故事居然能扯到第六集真是要把编剧逼跳楼了，最后呈现的暗夜骑士全然超越了原著，悲怆到迷人的境界，着实是个奇迹。剧本确实很卓越，导演确实很出色，还有演技真是不得不叹服一下太tmd震撼,诺兰的叙事能力不但在于结构上。。他总有一个与众不同的主题,一直在搜索“为什么还有人想住在哥谭市”
控方证人 Witness for the Prosecution,9.6,69599,好片遇上好字幕~爽,当结尾旁白说“影院友情提示，为了保证您没有看过这部电影的朋友，有机会获得更大观影乐趣，请您不要像任何人透露这部电影的结局”时，真爽，这个电影真是骗足了同情心，飚足了演技，压足了节奏，然后唰唰大释放。一场英国男人和德国女人之间爱情与欺骗的故事，现在才看，对不起比利·怀尔德老人家。,又是让我尖叫打滚的经典佳片！绅士又纯青的表演，奇妙而精巧的情节推进，幽默且风趣的细节，当然还有巧夺天工的结局！尽管后来的电影常常窥见模仿此处环节之处，但查尔斯劳顿、玛德琳黛德丽和比利怀尔德终究是无法复制的！,律师三寸舌，妇人宫心计，两者皆不敌，最坏男人心，花心郎算尽太聪明，反算了戚戚性命,比利怀尔德的电影总是那么好看，老律师的一言一行都充满了喜感，法庭场面非常精彩，整个过程中的一些阴暗交易和最好的反转，有让影片有了一丝黑色电影的气质，力荐！
活着,9.2,102544,"活着就是受罪 活着就是劳累 
活着就是互相折磨 活着就是不对 
活着就是受罪 活着就是劳累 
活着还得互相安慰 活着就会憔悴 
活着就是受罪 活着就是劳累 
活着就得拼命挣扎 活着就得干脆
——尹吾 你笑着流出了泪",长太息以掩涕兮，哀民生之多艰,没有原著好看啊,活着就是一切！戛纳评委会大奖，老谋子最好的电影。,改编自余华的小说【活着】。很好看。书和电影都好看。活着的人比死了的人还痛苦。我觉得是的。
乱世佳人 Gone with the Wind,9.3,87526,整整4、5个小时啊，看到我中途昏死了过去。郝思嘉最后的那句“tomorrow is another day”鼓励了多少脑残志坚的女性呀！（包括我在内）,永远的经典，永不被打倒的勇气。,将近４个钟头却还是让人意犹未尽．淋漓尽致了～,我不说。什么都不说。,"永远的银幕经典.再说了,乱世佳人是我最爱看的书."
末代皇帝 The Last Emperor,9.2,90963,所有的离开你都赶不上，所有的门你都打不开。所有的人都是撒谎者。,溥仪只是那个大时代里一个无法左右自己命运的小人物，注定在历史洪流中成为悲剧人物。……贝托鲁奇并没有洋洋洒洒的去讲溥仪的故事与中国的历史，而是选择了一个独特的视角来看待末代皇帝的人生。只是……紫禁城太监还有皇帝与皇妃在后宫都是一口英文……★★★★☆,我觉得对于一个外国人拍的中国人物传记来说，它最可贵的不是那些对比强烈的色彩和镜头，而是他的态度，他对这个人物的理解，他并没有评判什么但是他把故事默默地摆在那里，到结束，你会一时觉得心情复杂，而且更重要的一点是，电影里不仅仅塑造了溥仪一个角色，而是通过细节也讲述了围绕着他的一些人的沧桑，这对于一个外国人来说，我觉得异常珍贵。虽然还是有些次要人物显得有些脸谱化，呵呵。。。CC版本，3小时38分。。。,"走過傳奇顛簸的一生，曾經被囚禁在紫禁城裡的少年皇帝變成一個兩鬢花白的老人。走到龍椅前面，對年幼無知的孩子說，this used to be my home。孩子無邪得說prove it，他伸出手去搜尋，破舊的竹籃裡，少年時的蟈蟈還在唱歡快的歌。這韶光，確早已不知換了幾回。
",26岁的陈冲真是美得叫人目瞪口呆
摔跤吧！爸爸 Dangal,9.0,216346,关于本片价值观－不看社会背景就评判三观就是耍流氓。在印度的社会状况下，女性是没有自由选择职业的氛围的，先破才能立。就像片中父亲对女儿说的－你不是在为你一个人战斗，你要让千千万万的女性看到女生并不是只能相夫教子。最后，这场斗争的意义早已超脱出父亲一己的梦想，升华了呀。,根据真人真事改编，讲述印度一块女子摔跤金牌的诞生。剧情热血逗乐，竞技惊心动魄，挑不出什么毛病的宝莱坞电影，父女情尽在不言中。阿米尔·汗太敬业了，为了一闪而过的几秒就把自己的身材从肥胖练成魔鬼，好演员都是用生命在演戏啊～,豆瓣文青们可能已经成功被白左的西方政治正确洗脑了：不放在具体语境下，以西方女权衡量一切本来就是一种偏见和武断。在整体状况还不如中国的印度，本片已经适当地展现了一种进步的女性生活方式，即便在父权的引导之下。让符号化的解读蒙蔽影片传达的真情实感，令人感到可悲。,在印度看得169分钟，一部处处衬着男权和父权的女性电影，女儿没有任何选择权，被父亲残暴地教育成为世界冠军，这个冠军的“正确“结果就意味着父亲教育的正确了。意外这部电影宣传期在国内口碑这么好，大家去看完整版吧认知会反转的,最喜欢开头女儿埋怨爸爸的那段歌舞，叙事和歌舞互相成全，流畅至极。动作戏最喜欢吉塔初战男跤手和半决赛两场，人物与动作交融。为平权奋斗的主题和父女情都感人至深。民族主义煽情则显生硬。奉劝豆瓣那些不沾土不沾灰六亲不认的女权婊们，趁早移民欧美澳吧，我们发展中国家的小庙容不下你们这些大神。
寻梦环游记 Coco,9.1,254474,不得不服皮克斯，一边和你探讨梦想、成功、家庭的意义；一边用各种充满想象力的情节、画面、音乐，让你叹为观止；这样的电影，怎能不爱。（家长指导：6岁以上推荐看，虽然有亡灵情节，但这可是一个关于爱的故事。）,老人不图儿女为家做多大贡献呀，一辈子不容易就图个团团圆圆。皮克斯替蔡国庆唱了回春晚。,亲情催泪弹。所以，动画会不会好看，除了技术，更重要的还是如何讲好故事，把感情放进去，借作品把情感传递开，包括这部以及头脑特工队等很多能成功，皆是如此。不过，有些人似乎总是搞不懂这件事。,1、对不起，梦想和亲情永远不该对立。男孩最后怎么就能主动放弃了呢？2、我爱这个死亡和分离的故事，感谢皮克斯，将墨西哥的亡灵节变成了温馨的生之欢喜。3、依然催泪，但你流泪了，不代表这就是一个好故事。泪水不该廉价。,一个基于文化传统的完整世界观，挖掘了死亡与回忆的意义。绚烂热闹的亡灵界令人神往，皮克斯技术上的优势再度体现的淋漓尽致。故事上更像《飞屋》和《头脑》的墨西哥音乐MV版，家族的温情对应的是偶像的坍塌，成长的叛逆与梦想总有归宿。亡灵们的骷髅梗真是个百试不爽的笑点宝库阿。
少年派的奇幻漂流 Life of Pi,9.1,217794,深邃阔海，浩缈星空，绝境谕旨接踵而来，漩流深处响起弥撒之音。李安从来都不会纵情，他只是个温柔的人，腼腆着讲述内心的哲学。,李安的片子越来越有得道升仙的感觉。。。把奇幻的世界也拍的太美了/见证上帝的说辞是真是让人羡慕有信仰真好/男主角π说人生虽然要放开一些事物，但是放开的时候还是要好好的道别呀。然后我就哭了。。。,每个人内心深处都渴望美好的事物，却总是无力改变现实的残酷，唯有调整自身的态度，方能为生活寻得一条出路。派将穿透漫天乌云的一线曙光视为神迹，我们又何尝不是因为对光明的憧憬而找到前行的勇气。人生就是不断放下的过程，终有一天能够坦然面对生命中那些遗憾的如影随形。,基督在旷野修炼，魔鬼要求他展示奇迹将石头变成面包。但基督拒绝了，因为奇迹就是魔鬼的诱惑。故事出现第二个版本正是印证了这一点。它让电影主旨反转：不再是关于信仰的确立，而是它的缺失——信仰不能建立在奇迹之上，但假如你面对一个奇迹，却选择拒绝去相信，这就是没有信仰的悲哀了。,同樣是關於少年和冒險的故事，不得不說，勝過老馬的《雨果》不止一兩點。第一次，3D的感覺不再那麼商業。50屆紐約電影節光榮開幕影片！More than just amazing and great. 
指环王3：王者无敌 The Lord of the Rings: The Return of the King,9.2,55219,我就不明白甘道夫升级为白袍巫师了怎么不爱使魔法，改成肉搏战士了。一直期待他使一招毁天灭地……,终于结束了，一切如常，我却回不去了,巨制就是巨制魔幻这题材少了美刀那不是人玩的感想如下：幽灵大军战斗力堪称最强阿拉贡你早调人马来省事好多 就是看着像清鼻涕 甘道夫你这个白袍儿怎么灰头土脸没有人家萨鲁曼当得有气势捏？精灵弓箭手萌~萌~萌~一大笑点是矮人金利 四个霍比特人就数弗罗多不讨喜这是角色设定没有办法 嫁人就嫁阿拉贡介样的人不过丽芙你脸也太长了我设定成宽屏还盛不下你的脸 有人说山姆和弗罗多其实是断背我看很有根据 所谓那会心一笑一切...,魔戒比其他魔幻系列的厲害之處在於中心的設定，没有一貫的非黑即白，魔戒就是一個赤裸裸的誘惑。每個人面對他，都會遲疑。是選擇克服這種誘惑還是被它所俘虜，全在於你自己。甘道夫最後給孩子們說：我不會讓你們【不哭】，是人都會【哭】。我們需要的，是實實在在的幸福。【魔戒系列結束。成仙了！哈】,"彼得大帝告诉你：什么叫做史诗！
本片荣获第76届奥斯卡最佳影片、最佳导演、最佳改编剧本、最佳视觉效果等11项大奖，和《泰坦尼克号》《宾虚》并列“获得奥斯卡最多的电影”。"
飞屋环游记 Up,9.0,135397,有史以来最强壮的老爷爷和最轻便的房屋~一群最不靠谱的狗和一只引人发笑的怪鸟~外加一位惹人喜爱却戏份不多的老奶奶，组成了一部我大爱的好片！,最让我感动的是电影开头，这对夫妻志趣相投、相濡以沫，我想自己能不能找到这样的另一半呢,前12分钟完美，后面剧作不及技术好。,爱和梦想，勇气和希望,近乎无可挑剔..
十二怒汉 12 Angry Men,9.4,65865,其意义不在于“无罪”的结果，而在于整个辩论过程，那是关于人类和世界的哲学大命题，借助12陪审团之辩，对个人和集体，个人和社会，真相和怀疑，等级和尊严，意见和理解，理性和情绪，坚持和盲从，法律和良心，激情和冷静，大胆假设和小心求证等命题，进行交流和探讨，那是火花四溅的碰撞，直指人心。,精湛的表演，恰到好处的对话与矛盾设计。,民主、人性、理智、原则。合理怀疑。,傻了B了，竟然先看介绍，结果观影过程觉得影片本身十分做作。,1.看罢暗惊，但细想之下，并非最爱的吕美特电影。2.把罪案摊在阳光下。3.我从小到大住在纽约，却从来没去过那里。4.并非称言其无罪，而是不确定是否有罪。5.最棒的钟表匠都在欧洲。6.不论去到哪里，偏见总是遮蔽了真相。
鬼子来了,9.2,72112,陆川快来学习一下牛叉电影是怎么回事吧，不卑不亢不装逼，爱姜文,中国最好的电影。,太善良、吹牛比、窝里横、不惹事、中庸，中国人的劣根性太他妈多了。这种以个体视角的抗日影片，才是王道。,就让我一手一个，掐吧死俩！,姜文：“我拍《鬼子来了》就是试图让观众明白，如果想避免我们大家都知道的那段不愉快的历史，除了过嘴瘾还有什么办法。我不敢说这部电影给出了这个结论，事实上我一个导演和一部影片也做不到，最高的理想也就是有个方向吧！”结果，这是一部能在日本公映的内地禁片。我觉得这基本就说明一切了。→19.2 二刷
天空之城 天空の城ラピュタ,9.1,71488,多年后重看天空之城才能更加明白，宫崎骏对细节的处理的用心不仅仅是一时的感动你，宫崎骏能通过他的作品来让你逐渐明白生活的可贵，来明白爱与和平的作用。但就……还是早恋！,不看人生不圆满!!!宫爷爷的所有电影都是!,剧情无甚佳，但天空之城的景象忘不掉，尤其是废墟中布满杂草的死掉机器人出现的时候,很美 无法忘记配乐,人类历史上昙花一现的飞艇时代竟然衍生出了这么波澜壮阔的故事，尽管早期画风有点幼稚，但想象力就是让人叹为观止。我最敬佩的，是当初决定离开天空之城的先人，因为那需要太多的勇气！
何以为家 كفرناحوم,9.1,152025,生，继续生，越穷越要生，扔在地上嚎两年，能走路能说话也就能干活了。大的带小的，小的带更小的，再养几年就能送出去打工了。男孩传宗接代，女孩能挣彩礼钱，生那么多个，总有一个出息的，吃牢他，吃牢她！生！凭什么不生？,"在这里，女孩是一种商品，可以换钱；男孩是一种工具，负责养家糊口、照顾更小的小孩。
父母只管生，不管养，将孩子当做摇钱树和免费劳动力。他们不但不能给孩子带来快乐，只会给他们带来苦难和折磨。
现在做什么都要考证，做父母却不需要考证。然而并不是所有人都配当父母，也并不是生了孩子就自动成为妈妈。
他们只图一时的快活，让孩子跟着他们来到这个世界一起受苦，他们根本不配做父母。
如果不能给予孩子幸福，当初就不应...",从一句话的简介 就直击心灵 再到120分钟完整故事 一直受到着冲击与震撼。 三个看片小伙伴 开篇就哭的稀里哗啦 结束 已经泣不成声  真的是一部还没看完就想让全世界去看的电影。那句在法院上12岁的小ZEIN的发言：我要控诉父母生下我。我想让那些无法养活孩子的父母 不要生下孩子。,【B】一些场景台词的表现过分激烈和直接，尤其是最后借小男孩之口的控诉。但仍是一次非常打动人的现实主义，尤其喜欢摩天轮的意象，上一秒zain飞到顶端，看见海平线和晚霞，眼前是希冀中的美好天堂，下一秒落入凡间，嘈杂袭来，耳边处处疮痍。,这题材...这手法...锁定奥斯卡外语片提名。小男主的表演太厉害了！有点煽，可看性很高但艺术层面低些。技巧很干净，但偶见被安排的剧情。希望有更多人看到这部电影。
大话西游之月光宝盒 西遊記第壹佰零壹回之月光寶盒,9.0,72921,2000年。周星星结尾背着金箍棒转身时看得流眼泪。,这才叫旷古烁今。,那年的蓝洁瑛怎么那么好看 好看到我眼里完全没有莫女神。                                             18.11.03更新 今天瑛姑过世了，这一辈子太苦，但愿天堂里有属于你的月光宝盒。,【B+】小时候电视上看过很多次段落，却没完整看过。其实我喜欢晶晶姑娘多过紫霞,哈哈，星爷的经典该怎么评呢？小时候看不太懂，长大了才看懂还看过好多遍，星爷的喜剧电影是唯一可以让我看3遍以上的电影。
哈尔的移动城堡 ハウルの動く城,9.0,97434,目前为止觉得哈尔是宫崎骏作品里最帅的男角,虽然它确实不如宫崎骏的很多作品，也不是最受欢迎的，但却是我最爱。每次响起俩人初遇时在屋顶跳跃的那段音乐，都觉得莫名的悲伤。也正是因为这种感觉，它才是最爱。,爱给了苏菲勇气，哈尔爱苏菲的勇气。,爱是：1.成为你的仆人；2.拥抱你最丑陋时的模样（人不漂亮因为你才有意思）；3.融化仇敌，卸下巫术；4.秘密小屋只允许你闯入；5.了解你的过去，相信我会在未来等你；6.真心亲吻，解除魔咒；7.放“心”自由，感觉温暖；8.接受爱人的选择，平息一场战争；9.和你建造一所移动城堡，取名为家。10.相信你。,1，哈尔变身之后的造型就是折了翼的天使。2，王后是女同，看上苏菲了。3，每个宫崎骏都要有老巫婆，善良女，宠物狗，无语怪。还有各种帅男！
天堂电影院 Nuovo Cinema Paradiso,9.2,79891,出去闯荡吧，永远不要回来，不要打电话，不要写信。我不要在这里跟你谈话，我要听别人谈论你。。。,和女主角的感情结尾部分相当拖沓，简直罪大恶极。,是的，一场伟大的失恋。,在中国电影资料馆先看了177分钟版本的导剪版，感觉后半段特别糟心；随后立刻找来124分钟国际版扫了一眼，感叹这片的制片人和国际发行商够牛逼，直接将一个狗血剧剪成了未央歌：爱情无果而终，影院坍塌解体，不完美的完美。,电影与电影..影史上双重的“最为感人”
素媛 소원,9.2,81262,"""最孤独的人最亲切，受过伤的人总是笑的最灿烂，因为他们不愿让身边的人承受一样的痛苦"" 从素媛到素望，生活有阳光才有希望，可可梦是全片最治愈点，哭成傻逼。“我总想睡一觉就能回到过去，可早上起来发现，还是没有任何变化，太伤心了...以前奶奶说，哎哟要死要死了，这大概就是人活在世的意义”",1，现实还是那么恶心，家人和童话让我们活下去。2，如果心灵得不到安慰，再公正的判决也终是悲剧。,难得的是没有利用亲情过度煽情，也没有过分纠缠于法律漏洞，避开了韩影最爱用的两个梗，而是更多的聚焦在创伤之后一家人的心理状态变化。重创之后生活始终继续，但你能选择如何面对。此片的所有感动点是来源于细节中和一家人共同努力渡过难关表现出来的积极心态，感动之余，倍感欣慰。有几处台词真心好,爸爸和小女孩演的都太好了，爸爸的基友一家人真不错，这样的人在世上少有了。还好孩子没有受到欺负，能有人正确的引导她，帮助她。人渣们都该死~！我哭死了,泪流满面。
罗马假日 Roman Holiday,9.0,106763,当他把手伸进去，她的表情美丽极了……,完美的公主，天使的笑容，魅力的男人,她说 我最爱罗马,"不错,但也不至于让人欲仙欲死吧?",公主与拍小照的穷光蛋，影史上不灭的永恒瞬间
闻香识女人 Scent of a Woman,9.1,107550,"当我心中的正直感逐渐淡去之时,我庆幸我看到此片.",改编自一本意大利小说。个人认为电影比原著出色。主演Al Pacino演技出众。一段探戈，一篇演讲，皆令人印象深刻。,"喜欢TANGO那段
",看名字我一直以为是爱情片,这个故事告诉我们……看得见看不见其实无所谓，长得帅怎么都行……
辩护人 변호인,9.2,87559,如果在影院看这部电影，我会起立鼓掌，只是不知道有生之年有没有在中国影院看到这样电影的机会。当我们在自卑到狂妄的心理下吹嘘自己贬低邻国时；当我们对一切黑暗和罪恶习以为常并理所应当时；当我们成为这些行为的帮凶时...我们闭上眼睛装作看不见，其实已经落后人家30年，并且差距只会越来越大...,“国家，证人所说的国家到底是什么？大韩民国宪法第一条第二项，大韩民国主权属于国家，所有的权力都由国民产生，国家即国民。但是证人毫无法律依据，一味强调国家安保，就把国家镇压践踏在了脚下······你是让善良无罪的国家生病的蛆虫，你是军事政权肮脏的帮手。”,不是很清楚卢武铉是个什么样的总统，不过电影是根据真实事件改编的， 至少他做过这样的事情。韩国电影一直有在自省历史，令人敬佩。大脸影帝之一的宋康昊演的太好，法庭上完全被他带入了。最后一幕特别加分，得人心者得天下！,只有更卖力地骂内地院线片了。原来是改编了卢武铉的故事，法庭戏倒是一般，煽情没错，但合理性和逻辑性似乎不太够，结尾超级感人。宋康昊曾用那双大小眼注视着银幕观众，如今，又是直面冷血暴力机器，非常之动情,在韩国维权人士最后可以做总统。。。。。。
搏击俱乐部 Fight Club,9.0,115466,我看这个的时候才知道，电影可以这么牛B，一直到现在，重看最多次的电影。,这种类型片很多，这也不是第一个讲述人格分裂题材的电影，不知为何评价很高~~,邪恶与平庸蛰伏于同一个母体。在特定的时间互相对峙。,看着所有的摩天大楼在我们面前轰然坍塌，结尾真他妈浪漫啊,各位亲们。。。精神分裂真的不是影片的重点。。。痛是我们感受活着的唯一方式。
哈利·波特与魔法石 Harry Potter and the Sorcerer's Stone,9.0,69407,一整个世界被打开了的感觉啊。,你信不信，我也养了一只猫头鹰^^,"还是觉得很幼稚,始终没有看进去~~",第一部好看啊  哈哈,初中时看过的小说，喜欢哈利，赫敏和罗恩，小时候的哈利太可怜了，受尽了欺负和凌辱，幸好成功进入了霍格沃兹魔法学校学习，演员的演技在线，画面优美，特效炫酷，是一部很优秀的电影
死亡诗社 Dead Poets Society,9.1,98735,开场精彩，中场尽显疲态，结局来了个绝杀，最后终于反败为胜，深入我心。凶手毋庸置疑是那个“船长”，他教会了学生追求快乐，但是却没有教会他们反抗，他教学生成为一个理想主义的诗人，却没有教会他们现实的残酷。充满理想的开篇却以悲剧性的事件结尾，理想终归要回到现实，并一直被现实压制。,最后大家还是屈服了，但是永远不会忘记seize the day.,结局相当完美。不需要再多说什么，在荡气回肠的片尾曲中回味无穷，让人思考的好电影。“Captain，my captain。”★★★★☆,"明明不是悲剧,就是不停的被感动着",我和Nill有个一样的父亲，却从来没有遇见过像Mr. Keating那样的老师。所以我哭了。
窃听风暴 Das Leben der Anderen,9.1,81943,国安局血的教训：千万别请文艺青年做秘密警察～,东诺士马克的电影用了很多当初东德的机关大楼实地拍摄， 但是监狱博物馆的馆长却拒绝了他拍摄的请求。原因？馆长说，因为东诺士马克的剧本不符合史实:整个东德历史，像魏斯乐那样“良心发现”的秘密警察，对不起，一个都没有。,2006年最佳奥斯卡外语提名。用自己的后半生成全了理想，沉默又坚定的男人，最后只得到“献给好人的奏鸣曲”。有时选择坚持自己的路，是用幸福去交换的。,专制意味着有些人可以做另一些人的主人。,最后一句，不，这是给我的。一语双关，瞬间落泪。这种利落的结尾，漂亮。
教父2 The Godfather: Part Ⅱ,9.2,36365,【720P】这部电影告诉我们，为什么“富不过三代”——因为富二代们的生活总是很混乱。,罗斯之死是因为迈克赶尽杀绝的处事方式，潘坦居里之死体现着黑道规则，弗雷多的死则纯粹出于家族伦理。迈克在坚持父亲家族至上的价值观念，但时代的变迁使他的家族价值观无以为继，而缺乏亲和力的他也无法像父亲一样对自己的亲信恩威并施，这既令敌人与亲信都对他心生恐惧，也使他自己陷入孤独与偏执。,虽然有点儿长，但你会知道为什么三个小时你都坐在这里～（不明白自己2009年5月27日怎么留下了这样的短评，而且还被打了104个有用，毛用啊，对于回忆当时看完这片儿的感受一点用木有。2015.8.8重看，不如1爽，相比之下节奏氛围人物塑造都差了些，自然还有其精致所在但已经没了那种生猛，太可惜了）,优雅的孤独,既是前传，也是续集，两条线交错着叙述，一边是创业一边是奋斗。无论镜头还是画面色调的处理都一如既往的出色。作为一部续集来说，堪称完美。但作为《教父》的续集，却始终缺了点什么……★★★★
狮子王 The Lion King,9.0,56840,“太阳所能照到的地方，都是我们的国土” 随时随地、再看百遍、都会感动如初的经典。,经典之所以称之为经典正是因为他无法复制，狮子王就是这样的经典，每一个细节都那么出色，每个音乐都那么动听，恰到好处的搞笑和贯彻始终的感动。这样的片子不管放到什么时候都不会落伍，因为他本身就是传奇,台湾佳译影院译制的，非常用心的翻唱了所有曲目，相当不错。不过故事就次了点儿。,童年回忆。故事就是哈姆雷特，但画面，配乐都非常棒，特意买了原声反复听。,四星半吧…真的很喜欢…小时候看的…还看哭了哈哈哈…和家人每次说起The Lion King反倒不是提起辛巴…而是那三只hyena（好像是狗吧没记错的话）…被质问的时候第三只点头的笨蛋样子太深刻了哈哈哈…
指环王2：双塔奇兵 The Lord of the Rings: The Two Towers,9.1,37603,第二部，树精很萌，甘道夫升级了，〔尊敬的用户甘道夫，恭喜你升级为vip1白袍巫师！〕→_→精灵王子吕秀才越来越帅了！,“这个世上一定有某种善良，值得我们奋战到底。” 其实最喜欢这个第二部。第一部刚开始，很多故事还没展开，也没有大场面的决战；第三部大场面战斗又太过饱和，容易疲劳。所以第二部末尾的圣盔谷大战，承前启后，来的刚刚好，“各路神仙”先后登场对付萨撸曼军队，也看得最酣畅淋漓。,比第一部有意思，树人开闸放水冲毁艾辛格的时候，其中一个着火的树人赶紧把头伸进水里笑死我了，好萌啊。假如一开始魔戒就被丢到末日火焰哪来这么多战争和死亡，和异形一样，都是人类的贪欲，自作孽。,2010-04-07 看过。主要情节：甘道夫漂白、精灵哥翻身上马。其他情节虽然号称是多线，实乃按照商业电影运作硬塞而成的大杂烩。以目前技术只能把资源集中在构造宏大感觉上，整个电影笨重得像头只能往前冲的猛兽，最后把无辜的阿拉贡一同带下了悬崖。囧,"great novel, great movie"
我不是药神,9.0,389874,放在豆瓣语境下，是部时至今日终于拍出来的国产“高分韩国电影”。拿现实题材拍商业类型片，社会意义摆在那，群戏也处理得相当不错。对我们国家而言，这样的电影多一部是一部，走一步是一步。,最大的病，其实是穷病。真的被感动了，整体都很成熟，也有些许韩片的影子。几个演员表演都非常出色。可看性和内在的表达都不错。这个世界最荒诞在于，越贴近真实，真实越荒诞。人这一生，太不易了。最后，王传君，加油哦！,文牧野眼睛太毒了，观众的笑点、泪点、痛点被他牢牢抓住，徐峥现在不拼演技开始掏心炸肺放脱自我了，药物在中国绝对是个“不可说”，但这个电影说了它能说的，也不显山不漏水的说了它所不能说的，讲的是现实，但看过电影之后才会明白其实是超现实，2018最佳!,你的一个举动可能会改变别人的一生，酒吧领班从此爱上了钢管舞。,为一句“谁家还没个病人”泪流满面 感叹生命在“穷病”面前无药可救 感慨中国终于有了属于我们自己的有力量的电影 所有演员都非常出色 近年最好的群像表演 请记住这些电影人 宁浩 文牧野 徐峥 周一围 王传君 谭卓 章宇 杨新铭 王砚辉 咱们电影还是有希望的 愿中国的电影越来越好 谢谢
大闹天宫,9.3,25060,这个猴子是我们国产动画片的骄傲，到了今天依然得指望着它说事儿～,真纯粹的中国动画,没有阉割的猴子,“怎么能抵的过我这一锤——呀~”,中国最好的动画片，来自50年前。
"两杆大烟枪 Lock, Stock and Two Smoking Barrels",9.1,75980,嘛叫编剧功夫？界就叫编剧的功夫！,疯狂的石头在他面前只是浮云,犯罪都那么的英伦范，盖·里奇构造了一出无巧不成书的黑色喜剧，调侃、刺激，别有一番滋味。“四个臭皮匠顶个诸葛亮，盖·里奇果然不是盖的。”,（9/10）对于脸盲而言前半段大概会看得很痛苦，但后半部理清线索后会是各种神奇……不算入赌场BOSS，这片一共有五股主要势力在斗殴：欠50万的（买了两支大烟枪去抢劫卖白粉的）、卖白粉的（高尔夫球）、毒品供应商（黑人势力）、强盗团体、讨债父子和两个不认识赌场大BOSS的小混混……,你敢骗我，我就杀了你。如果你敢耍我，或者我认为你在耍我，我也杀了你。如果你忘了，我也会杀了你。事实上你要很努力才能保住小命，我说的话你听懂了没有？因为如果你不懂，我就杀了你。
指环王1：魔戒再现 The Lord of the Rings: The Fellowship of the Ring,9.0,54717,于我，魔戒永远是不可逾越的史诗。,一口气看完三部白金加长版，对于这样的片子，只有两个字形容：经典。相对于骇客帝国，这三部的连续性非常好，值得称赞。,All time favorite!,人性与其他生灵都有自身的脆弱性，所以，即使是选择了善，也有可以脆弱导向其他的方向，就像森林女王。更可怕的是，用恶的手段达到善良的目的，本质上的以毒攻毒，以恶抗恶，就像人类国王贡多的儿子，都是人类信念不够坚定，内心的力量越来越弱时产生的。 ,再看一遍终于理解小时候没看明白的原因了 故事冗长曲折 情节还没加勒比吸引 但不得不说画面实在很美
飞越疯人院 One Flew Over the Cuckoo's Nest,9.1,75329,“至少我试过了”  ★★★★,没啥感觉的公认好片,谁是疯子？谁又是正常人？没有答案。,为什么我联想到在7中的日子,高能神结尾，酋长举起盥洗台时莫名的感动…身虽死，但信念犹存！唤起大家对自由的向往才是最重要的，尼克尔森把这个虽不安分守己但是心地善良的角色演活了…口吃小哥那段真想掐死护士长，孩子发型多in啊！每位卡司的表现都很精彩，比精神病还精神病，特别是那位翻飞的大爷，您的舞步好喜感啊…
美丽心灵 A Beautiful Mind,9.0,84584,"我觉得你很有魅力, 你对我的主动性说明你对我有同感。尽管如此，传统的信任仍然需要我们在做爱之前进行数多次柏拉图式恋爱。我正在往这方面发展，但事实说来，我真正想做的只是尽快和你XXXX。",“我的追求带我穿越了物理、形而上学、幻觉，又带了回来”，顶尖科学家的世界已经足够神奇，何况他还有着伟大的爱情。这部电影不仅是纳什的精彩传记，更是对爱情的崇高礼赞——爱是无限，爱是信仰，爱是一切逻辑和原由。,是的，你必须学会分清哪些是幻觉，哪些是梦，哪些是真实的人生，才可以活下去。,看哭了，在约翰坐在餐厅里，大家挨个来给他送钢笔的时候。,有你终生美丽
饮食男女 飲食男女,9.1,84131,看似最不能守住传统和孤独的人，坚持到最后。,我会告诉你我反复看了五遍开头？口水留成海,李安最好的作品。太流畅了，调遣得宜，全无废句。,细腻又不做作，李安的一贯风格。,假如94年有豆瓣 着一定会是当年最精彩的一个直播贴
V字仇杀队 V for Vendetta,8.9,129640,人民不应该惧怕政府，政府应该惧怕人民。现实和电影的区别是，他们没开枪。,一个无政府主义者的非意外死亡,"Behind this mask is a man, and behind this man is an idea. And ideas are bulletproof. 异常兴奋，爽到窒息。",还好没摘，摘了就俗了，但是作为演员一直不露脸是不是很憋屈？这个角色80％是用声音塑造的，太TM深邃了好听了！主题很好，后面鸡皮疙瘩起的。。OST棒，尤其是中间有段弥撒曲太好听了啊！！,这种电影掺了情爱那些东西就得降档次
黑客帝国 The Matrix,9.0,69696,新的哲学，开创动作片之先河,装逼哲学的开始,划时代的作品，Keanu Reeves成名之作。作为奠基之作，无论是故事内容，还是电影的表现手法，都十分出众。而作为商业科幻片又蕴含丰富的哲理，带来的是视觉与心灵的双重冲击。只可惜结尾为续集的铺垫而略微显得狗血。★★★★☆,FUCKING DAMN COOL!,1999年的电影，脑洞大得不止一点两点。更好玩的是，好像全世界正往那个方向走。这两天看完《未来简史》后不断想到这个电影，就复习了一遍。真是毫无违和感，一点都不像18年前的电影。
猫鼠游戏 Catch Me If You Can,9.0,86180,事实证明，聪明的头脑永远可以赚钱。,很难想象是根据真人真事改编的，很牛，不过在中国估计出不了这种人吧...除非，中国也有个FBI？很好莱坞的片子~~,这结局还真是没想到！绝不浪费一个人才！疏忽+牛B this is all,诚实的人最自信，所以——我会尽量让自己不那么害怕。精彩绝伦的猫鼠游戏，现实比电影还牛叉闪闪，斯皮尔伯格真是拍传记片的天才！,“how did u do this frank?”片头十分有意思，悬念里蕴含温馨，两人亦敌亦友，是一种值得去享受的矛盾关系。虽然是根据真实故事改编，但看下来还是能发现不少容易推敲的漏洞，亦或者在那个纯真的年代，其实并不需要多么复杂也能得到想要得到的。★★★★ 
钢琴家 The Pianist,9.1,55487,从此就喜欢上Adrien那张驴脸了,前半段一直觉得很沉重后半段直接被我当腐片看了（跪。。。 我爱德国军官攻。。给犹太钢琴师送食物和大衣神马的，结果最后连名字也没留下死在俄国战俘营了。另：纳粹军装真的太好看了！,这片子，跟男主角那两抹气质超群的眉毛一样耐看！哈哈,那个耳鸣太震撼了。,在影院看，恐惧和难受真是无孔不入。波兰斯基以一个观察者的角度展现了波兰的二战场景，看似冷静却又是最可惧的。而人活下去的信念到底能有多强大，恐怕不到死神擦肩而过的关头是无法预料的。如果说一部电影能给人信念，那《钢琴家》就是这样。
本杰明·巴顿奇事 The Curious Case of Benjamin Button,8.9,116579,你前进，我倒退，我们爱对方整整一个曾经。,前半部太冗长了，我现在对这些都市童话不大有耐心了。也许我老了,细节成功，但缺乏整体性。,时间的玩笑，时间的重量。这惊天动地的化妆...,和原著相比改动很大啊...甚至都很难说是同一个故事了...不过还是看的出来有菲茨杰拉德的那种享乐主义调调...应该说这是一部各方面技巧都比较纯熟的作品...特别是化妆...太赞了...不过看影片的时候总不自觉的想起<时间旅行者的妻子>...都是包着幻想外壳但实质是纯粹的爱情故事...
看不见的客人 Contratiempo,8.8,182712,跟媳妇一起看的。看到一半的时候说了句最毒妇人心，指的那个情妇。后来看完，我媳妇特别藐视我，说了句男人都不是个好东西后睡了~。。我一脸尴尬~。。。总之。。。这是个好电影。,现在能有意外结局还让人颠覆的故事，真的很难得了。结局半小时的反转再反转，能自圆其说，能刷新认识，能大呼过瘾，对一部悬疑推理片来说已经完成的相当漂亮。不会苛求太多，这样的故事和设定已经满足。,好看，强烈推荐。问题是如此重要的辩护人竟然不是当面引荐的。,2015年看的《罪恶之家》，2016年看的《完美陌生人》，2017年看的《看不见的客人》，共通之处就是利用剧作上的巧合和人性的叵测，将一个充满黑色悬疑的精彩故事有条不紊地讲述出来，虽然过程中猜测出女律师古德曼的身份，但劳拉却并非我预测地来个《大卫·戈尔的一生》的自我救赎……人言可畏亦难信？！,调度上有种将阿加莎小说当代化的直感 谷仓之冰和密室的三重解答亦是对黄金时代的致敬 拍推理片需要的是娓娓道来 不急不缓的叙述 以及临近收尾时暴风骤雨般地揭晓真相 本片都做到了 虽然对于非脸盲症而言这个最早来自莎士比亚的诡计略显累赘 讲义系列若拍成电影 要的也是这种感觉
让子弹飞,8.8,190813,因为对《让子弹飞》吹捧得无耻到惊世骇俗的地步，本短评已被和谐。,一个土匪碰上一个恶霸的故事，讲得真……他妈的惊喜。,说姜文用力过猛的  那只能说明您受功不够 受用不起！影志老师在各方压力下更新短评 缓和了语气“姜文导演作品里最差的，远不如《阳光灿烂》和《鬼子来了》。”  难道这也是打一星的理由？您明知道阳光灿烂和鬼子来了都是中国影史经典  难道在您看来不如经典就是一星？！牛掰就别改短评！,如果说电影是个男人，冯小刚不中看，张艺谋中看不给力，陈凯歌早泄，姜文纯爷们！,姜文玩出来的电影，从头到尾都很放松，或者是太放松了，节奏总有点怪，有些情节也太儿戏。对白也不好，细节不如《鬼子来了》那么智慧，即便如此，这仍然是今年华语片最棒的。或者只能怪剩下那些太面货。请千万一定尽量降低期待。重看一遍，感觉这片舞台味真重啊。
海豚湾 The Cove,9.3,58117,最具艺术感的纪录片。真相都真的让人难以想象，所以他们还在否认南京大屠杀。,看关于环保，动保的纪录片的最大意义就是转化为自身的行动。现在这种片子很多，如果看到10部你还没素食我怀疑你是不是要人格分裂了。,“海豚的微笑，是世界上最高明的伪装”《海豚湾》之前，太多生态纪录片披着唯美和说教的空皮，这一部所上升到的意识高度以及呈现的残忍，令人震撼。09最佳当之无愧。“当我看着一条海豚，他的眼睛跟着我转，当我们四目相对，我有一种由内而外的感觉，毋庸置疑，我正在和一个智慧生命进行交流”,自己在家里看都能鼓掌,"很有冲击力的片子，但主题却很不成熟。本片倒底是想呼吁：
1.反对捕杀海豚？（就因为海豚是智慧生物？所以智力较低的家畜、家禽、农作物就活该被切碎了当人类的食物？）
2.反对非人道地捕杀海豚？
3.反对食用有毒的海豚肉？
4.还是其他？"
西西里的美丽传说 Malèna,8.9,114916,有人问我是讲什么的：一个青少年的性幻想和女人美到一个程度就会很悲惨（大概）。,即使美丽也不能太招摇，招摇总会惹来悲惨的下场。男人在小的时候都喜欢成熟的女人吗？那为什么长大了却又喜欢小姑娘？......,"“时光飞逝，我爱过许多女人，问我可否忆起她们，我说是的，我可记起你们，但唯一我不能忘怀的，是那个从未问过我的……玛莲娜”
",美丽无罪，不忍心看美丽在暴民政治下低头,@贺炜：一个出色的女人，她的全部罪恶在于她过于出众，庸众总是想亲近她的，可是发现她高不可攀，于是流言四起，每个人都不遗余力，直到她被流言所伤，被生活击溃，被拉回庸众的行列，终于学会对周围人道声早安，大家才心安理得起来。于是，平庸又杀死了一个人。
情书 Love Letter,8.9,139914,暗恋的极致,无论如何都会流下热泪的电影，五星又怎么够！,"关于藤井树的种种回忆，是你拥有的，我把它寄还给你。
",最后卡片翻过来后，我真的哭了。,"从相恋开始准备看，分手后真的看成了
"
拯救大兵瑞恩 Saving Private Ryan,9.0,51756,战争电影No1，美利坚精神输出大片。,我心目中的永恒经典。不知道集结号借用了他多少情节。反正不少。,其实……我并不赞同这部片子所宣扬的精神……,每场战争都是一幕荒诞剧,哭死我了，真的哭的我眼睛都肿了
小鞋子 بچههای آسمان,9.2,52964,"当他知道他得了第一名却拿不到第三名的奖品时,他伤心的哭了.",身体欠佳妈妈让孩子给疲惫的爸爸倒茶，富人爷爷给认真工作的爸爸丰厚报酬，富人弟弟和哥哥一起开心玩耍，爸爸赚了钱想给妈妈买电熨斗，哥哥想跑步比赛给妹妹赢得一双鞋，老师为经常迟到的哥哥求情继续上学，妹妹把心爱的鞋子让给另一可怜人家的女儿，这另一可怜的女儿把捡到的漂亮铅笔还给妹妹……,一点儿都不造作的那种 ,孩子的眼神动人；朴素的煽情极富感染力。结尾好，戛然而止，干干净净。,世影史：影片与很多伊朗电影一样清新、质朴，真诚地描摹伊朗人的真实生活，表现窘迫艰难的平民生活中隐含的人性的善良，带领观众回到纯真澄净的世界。导演以一种极其温情的目光关注了一个普通儿童去以自己的方式去实现一个梦想的全过程。结尾金鱼亲吻孩子双脚的画面，以其美感和创意备受推崇。
美国往事 Once Upon a Time in America,9.2,55570,一年多以后，我将它从四星改为了五星，期间未曾多看一遍。,两场强暴戏毕竟是吃不消，男性的传奇之路上似乎最少不得的就是美丽而无人格的女性牺牲品,当年姜文拍阳光灿烂的日子前拉美国往事拉了五十多遍，今次看来，果然颇多神似,时间真是一把无情的杀猪刀，想当初青葱的詹妮弗·康纳利一回头惊艳了多少人,史诗叙事大师笔法，黄昏已近青春已远。而今男人的理想已改变太多。配乐绝佳。
音乐之声 The Sound of Music,9.0,46876,原谅我，我真的不知道它好看在哪里。,用音乐化解仇恨，让歌声串起美好。,不知看过多少遍的经典 阿尔卑斯山脚美如画 纯真美好得不行,里面的音乐剧已经载入教材，《哆唻咪》《孤独的牧羊人》《雪绒花》《音乐之声》等歌曲至今让我们耳熟能详。而更让我动容的，是隐藏在音乐背后的那博大而深沉的爱。最后特拉普带领他们逃到广袤而无限秀丽的阿尔比斯山脉，那是从专制走向了自由。8.8,会好看的电影，音乐非常好听，男主角的小孩真多啊！好可爱
穿条纹睡衣的男孩 The Boy in the Striped Pajamas,9.1,68404,穿小短西裤衬衫背心的宝贝，眼睛像透明湖水能看穿一切的纯净。以为穿条纹睡衣的男孩会化作烟囱里的浓烟，可这么一个仓促的结局，大雨像硫酸一样砸向心脏。,你还当这是一场游戏么？,大半夜很容易走进情绪，最后的结局压抑得我说不出话。最可怕的教育是价值观的强行灌输，而最可怕的价值观是被一件条纹睡衣分割，看着姐姐满墙的贴画真是触目惊心的疼。,我一直以为会有传统电影中“最后一分钟营救”的那种结局，我一直理所当然地认为主角不死的光环会在这个男孩的身上，以至于看到最后一幕后我很久都没法接受。说到底这是一部纳粹电影。,如果你看完之后只是为这一个小男孩而伤心，那么你是真的有种族歧视了。
致命魔术 The Prestige,8.9,102851,孪生蝙蝠侠大战克隆金刚狼,他选择了和他妻子一样的死法。100次。,第二遍才发现其实那个小男孩说小鸟的时候已经道出了玄机 撒~撒~,这个片子有两个败点，其一：模式天才的胞弟出现太过唐突，显得有些老套；其二：用科幻成分作为支点，略显编剧底气不足。不过整体看来，属于上乘之作。,故事编不下去就弄成科幻了。。。
七宗罪 Se7en,8.8,96268,为什么拍出来十几年我才看到呢？,结局真的很惊人。惨绝人寰……,结局让我喜欢这部电影,从它开始喜欢上摩根弗里曼,那么，学会克制，远离se7en sins
低俗小说 Pulp Fiction,8.8,104077,我爱特拉沃塔的舞。,"太正点了，那妞。。。
",你的漫漫人生，我有多少戏份,文森特你不要总是在关键时刻上厕所啊喂,昆汀在这部集中展现了他的恶趣味：恋脚，屁眼，假奶，穿洞，SM，血浆。台词功力超屌！杀人时间还太早，再聊一会儿。
沉默的羔羊 The Silence of the Lambs,8.8,79421,如果汉尼拜尔教授不整天嘴上念叨着吃人，和他共进晚餐一定是世界上最迷人的事情。★★★★★,所谓经典就是无论什么时候翻出来，都能让人回味许久，值得反复琢磨研究。其实小说本身并没有多么出彩，但安东尼·霍普金斯却超一流的演技诠释到了近乎完美的境界。★★★★☆,T-BAG出现之前，安东尼大叔一直是我的绝对偶像。,喜歡那場變態者在鏡前的独舞，實話說這篇小說真是不怎么樣，但電影成就了奇跡。,狼受重伤救下羊，约定三生诉衷肠。为爱流浪有歌唱，相互扶持去远方。
被嫌弃的松子的一生 嫌われ松子の一生,8.9,133757,可她最后还不是绝望了…这又何止是松子一人的人生…所以，孩子小时候一定不能缺爱，我以为松子悲剧的起源就在于从小她父亲对她的漠视…使得她在爱与被爱上充满了渴望，却又总是处于极卑微的状态，这样的卑微岂能不悲剧…,她只是怕寂寞……,生まれて、すみません。,不过想说所谓爱情以及生活远没有那么崇高，把愚昧夸大成宽容和勇敢令人深感无趣。,一个连自我都没有的人，不配得到幸福。永远只为别人而活，永远只想着怎样讨好别人，只能越来越低，低到尘埃里。
蝴蝶效应 The Butterfly Effect,8.8,102750,都是我们至尊宝玩剩下的……,"尽管有破绽,但是构思的巧妙和创新足以弥补,不能用科学的角度来分析艺术",你本不屬于這個世界,原来是导演剪辑版，结尾的改动让它加了一颗星。这就一恐怖片呀...如果不讲剧情在哲学上的自洽和科学上的合理，编剧还挺不错的。怎么可能一次爆炸就把人格完全改变呢，人格是很稳定的嘛。蝴蝶效应可以改变事件，但说改变人格就有点扯了。【2009年9月25日看的，豆瓣记录有误】,前半段是“诱惑肌肤”，后半段是“疾走罗拉”。通过大脑开外挂，不断拓扑出各种现实，最后一步步修正回原点。你无法改变一个人又不毁掉他。软科幻，硬惊悚，震撼结尾。
绿皮书 Green Book,8.9,258844,“如果我不够黑人，也不够白人，又或不够男人，那请你告诉我，托尼，那我到底算是什么人？！”——恭喜，你是最政治正确的人。,让人印象最深的片段是他们的车在南部的乡间小路上抛锚，和田里劳作的黑奴对视的那一幕，无声却发出巨响。,肤色、阶层、性格和性取向天差地远的两个男人，因为音乐而结缘，因为公路旅行而成为一生朋友。有时候才华并不够，还需要勇敢，推倒心中那面墙才能开门见山。电影就像一颗绿色小石子，投入黑白分明的美国社会，激起轻小而美丽的涟漪。虽然有刻意营造的温暖感，但我就是愿意买单~！,"肤色对调版《触不可及》，一场跨越美国的公路之旅，更是一场跨越种族与肤色、身份与阶层的人性之旅。
所有下属都对唐毕恭毕敬，唯有托尼把他当普通人对待，给他吃炸鸡、对他说出真实想法。
不把他当成黑人，才是真正不歧视他的表现。
另一方面，唐又受到外人的歧视和侮辱，他始终忍气吞声，低声下气。
听他演奏的观众可以在餐厅吃饭，而他作为表演者却不可以。
正是托尼教会他反击，教会他为自己发声、捍卫自己的权利和尊严。...",表面种族平权，内核白人救赎
春光乍泄 春光乍洩,8.9,84462,光棍节给自己准备的电影《春光乍泄》，根本就是找虐。。。。黎耀辉简直是八心八箭4个9的纯GAY，极品中的极品，GAY中的爱马仕，GAY中的劳力士，GAY中的劳斯莱斯，上下5000年不可多得的尤物！！！我想变男人要这样的男朋友啊啊啊啊,我敲诈你，人质是我自己,Love is the best ，the world is the rest .,感情说穿了 一人挣脱的 一人去捡,影片两个男主人公的名字竟然就是两个摄影助手的名字，感叹于王家卫随性而行的个性。
禁闭岛 Shutter Island,8.8,110218,非阴谋结局 泰迪确实病了 最后泰迪是被治好了 但他不愿活在痛苦中 因而假装自己又犯病了而去做切除手术,他只是厌倦了，所以将错就错，结束了自己。,"看的过程中一直想给leo擦擦汗或者擦擦泪,整部戏他的表情都好痛苦哦,辛苦了~",结局是开放式的，随便你怎么演绎都有理。所以大概不能断定说看到一半就猜到吧。,他到底会像怪物一样活着，还是会像好人一样死去呢？
心灵捕手 Good Will Hunting,8.9,80851,比起心灵捕手更让我触动的是男人的友情。“我每天到你家接你，我们出去喝酒笑闹，那很棒。但我一天中最棒的时刻，只有十秒，从停车到你家门口，每次我敲门，都希望你不在了，不说再见，什么都没有，你就走了，我懂得不多，但我很清楚。”,我每天到你家接你，我们出去喝酒笑闹，那很棒是我一天中最棒的时刻，只有十秒，从停车到你家门口，每次我敲门，都希望你不在了，不说再见，什么都没有，你就走了，我懂得不多，但我很清楚。 ,人生中应该拥有这样的一段豁然开朗。,我每天到你家接你，我们出去喝酒笑闹，那很棒但我一天中最棒的时刻，只有十秒，从停车到你家门口，每次我敲门，都希望你不在了，不说再见，什么都没有，你就走了，我懂得不多，但我很清楚。,我想找个像Sean一样懂爱的人。
布达佩斯大饭店 The Grand Budapest Hotel,8.8,132272,故事并不怎么吸引人，完全靠导演的个人风格来博取毫无鉴别力观众的好评。,依然还是韦斯-安德森标志性的复古色调、悦耳配乐，神经兮兮的冷幽默。不像前作那么随意松散，《大饭店》故事紧凑、层层剥茧，而且居然有点“重口味”。也许只有韦斯-安德森才能把一个混合谋杀、越狱、械斗的故事拍得那么喜感。,"未見過Wes如此有野心,將作者風與故事及內涵融合得非常出色,一層層的敘事模式,畫面1:85進2:35再進4:3,大量電影語言,有搞笑有奇情有懷舊有懸疑有驚慄有黑色幽默最重要有那份人性真情,明明是喜劇但最後結尾一段傷感的況味揮之不去,目前Wes處理得最成熟,圓渾之作!",刺激的色彩，独特的人物，湍急的镜头运动起飞的节奏，停不下来的爽与赞。对于这样的导演，不论多么细微的角色，演员都会愿意接受，因为最细微的角色，也有足够的个性，让观众记住。,一张寄往旧时欧洲的精致明信片，L’Air de Panache的味道充斥整个屏幕，冷幽默和由慢至快的节奏依旧，尾声的高潮之后迷漫着令人惆怅的尾香。逝去的终将逝去，这童话式的一瞥令人难忘。
勇敢的心 Braveheart,8.9,66160,一句“freedom”煽的我眼泪哗哗的,Freedom！自由从未来得这么震撼心灵过~~,综合一切娱乐元素的优秀电影。,被曲解的历史，詹姆斯霍纳的巅峰配乐,生命诚可贵，自由价更高。
剪刀手爱德华 Edward Scissorhands,8.7,113803,爱德华的眼睛让人心疼,"JohnnyDepp最经典的一部片.
很美丽的童话.
那个孤独而美丽的爱德华让我至少哭了两遍!",童话真美好 现实太聒噪,CCTV6，爱上爱德华。从此不改变。,这片居然没有修复版！即使在TB的作品中，这都算得至纯真的一部。发明家死的时候Ed弄坏了原本是要送他作为圣诞礼物的人造手，他试图抚摸至亲的脸却只留下血痕<--姐的泪点在这里。想不到这次边上有人几乎同时开哭，而且哭得好大声。灯亮之后发现那是个清朗的白发大叔，好可爱
海蒂和爷爷 Heidi,9.2,66666,这是一部被翻拍多次的剧本。小的时候看过秀兰邓波的版本，只记得阿尔卑斯的山景。不知为何，看过这部电影，仿佛回到了上个世纪，简单地剧本，没有特效，专注于人物的情感与内心。这才是艺术真正动人的地方。,凭着取景在瑞士宛如天堂的阿尔卑斯山就值得打十星！！！我十分赞同曾经看过的一个观点：每个人童年时期与大自然的亲密接触是十分必要的，与自然相处你才会有更高的审美，才会在内心深处更准确的悟出人是什么活着是为什么这样问题的答案。对社会的认识越深，才会越发觉得返璞归真才最珍贵。棒。,"愿意穷尽这一生，去守护海蒂洁白无瑕的笑容。Peter失手推下山的轮椅，反而成了帮助Klara重新站起来的助力，真的给人一种生命的美好会创造无限miracle的感觉。“If something in life brings you joy, then you simply have to do it, regardless of what people say.”",“大家都笑我，因为我想写故事”“那是因为大家知道的太少，而你看过更大的世界。如果你觉得这个世界有那些东西会让你快乐，就去做，无论别人说什么”,想说的是：这才是人生中最美好的童年时光。
阿凡达 Avatar,8.7,141587,"抱歉，2012？在Avatar面前不过是小儿科！
只有一句话：这是史上最强科幻！
可恶的卡梅隆，你要让未来十年的所有科幻片都味同嚼蜡了！
因为所有观众的审美标准已经一口气被你提高了几个档次！
这部电影，不去剧院看绝对一辈子后悔
最后，感谢上帝赐给我们一个James Cameron", James Cameron闭上眼，全是电影的明天。,"有一天,意中人会踏着飞着的大怪兽来救我.然后I see you...",这电影的特效是自指环王以后见过的最令人惊艳的。我觉得可以打6星！去看的时候一定要去看3D版的。,天空之城+幽灵公主+魔兽世界。
天使爱美丽 Le fabuleux destin d'Amélie Poulain,8.7,134790,左上唇，右脸颊，左眼，右后脖颈。,洋溢着法国人的性格风情,配乐大好，剪辑大好.别的不够好. 至少不对胃口 到现在只对片子最开始的部分 也即艾米莉的自述印象深刻了 尝试做爱如何，但是感觉不太好. 那个微笑的表情,浓重的法国情调，舒缓，镜头语言动听。女主角漂亮。唯一的不足就是……这样的爱情会不会太作了？爱情就是门口经过的大巴，现在不上，以后都不能再上了……,浪漫到骨子里，忧郁，神经质，跳跃，文艺是很典型的法国电影啊！喜欢的人为它如痴如醉，不喜欢的人看的昏昏欲睡，两种极端。我只能说非常好，非常适合一遍一遍地欣赏。艾米丽是天使，拥抱世人，容纳那些不美好。
摩登时代 Modern Times,9.3,23350,"惭愧死了，这才是我第一次真正看卓别林的电影。在放映之前我还想，为什么人们要叫他“大师”？不就是一个演员么。结果几秒以后，字幕上映，导演，编剧，主演，甚至音乐配乐都是卓别林创作的。我完全被震撼，真的是大师啊……

这是一部又辛酸又喜剧的片子，对当时的社会不论是在工业，政治，还是生活",如果电影不曾有过卓别林，该会是一个多么无趣的世界。光前30分钟就让我几度笑岔了气。荒谬有理，喜谑至极！,永远的卓别林,卓别林系列儿时看得太多记不清谁是谁了……,大时代里的小人物，可悲可叹可怜。夸张的表演，展现那个时代中苦不堪言的资本主义国家的底层阶段，从笑声中看到当时社会现实，结局时主角相依微笑走向远方却又给观众留下希望。无论是表演力还是影片所传达的思想均足以让百年后的今天羞愧
加勒比海盗 Pirates of the Caribbean: The Curse of the Black Pearl,8.7,57154,讲个小故事吧，有个小女孩给JohnnyDepp写信，希望他带着他的部下去学校铲除校长，于是JohnnyDepp打电话给学校，让学校把学生带到礼堂，这时候JohnnyDepp带着演员么冲上舞台，全场欢呼。嗯，我爱如此感人的故事,我看了六遍.好不好已经和商业无关了.,加勒比海盗这一系列我都特别喜欢，喜欢杰克幽默风趣，顽强，坚韧勇敢，像永远也打不死的小强，还有他的黑珍珠海盗船，太神奇了！,船长登陆那一段，有点创意。,放荡不羁的杰克船长，以海为家，以船为马的海盗们，那是属于你们的航海时代，升起骷髅旗，去远航吧！
致命ID Identity,8.8,94614,吓得我都要人格分裂了！！！以后打死都不要再看恐怖烧脑片！！！！！,没办法不打五星啊，虽然不到一半就猜到了结局。,本以为是娱乐片，却是一部精彩的悬疑片，和《记忆碎片》一样，不到结尾不见真相。前段或许有些老套，但进行到中段的解谜阶段就很紧张了，后面的真相揭开后，又将剧情推向一个让人瞠目结舌的高潮，难得的是在结尾，居然再次给了观众心灵一记刺痛。善与恶，原本就是一体的。 PS:1.以罪犯幻想之情节名义给剧本许多地方逻辑推理不足找到了借口2.Mhotel又有何寓意呢3.对影片营造的黑夜，阴冷，潮湿氛围很中意last....,和多种人格有过的惊悚片还是很好看，前半部分有点乱，导演不会拍杀人，也不会拍被杀，感觉类似场面既不震撼，也不后怕。约翰.库萨克是个很奇怪的演员，有亲和力，有演技、很敬业，就是记不住他的五官,哇！我是那个被剧透了也觉得好看的人，我好厉害！
喜剧之王 喜劇之王,8.7,80571,我养你啊！,星星说“我养你啊”。张柏芝在回去的路上哭得浑身发抖。,以前看的时候，电影里真正隐含的意思我都不懂，但当我慢慢长大，经历的东西越来越多的时候，再回顾这些，我能领悟到星爷电影里人生的真谛，同理也可以套用在《大话西游》。ps，每次看到那句“我养你啊！”都会毫无疑问的飙泪。★★★★☆,戏梦人生，笑中带泪，好作品,不工作你养我吗？我养你啊！尹天仇对柳飘飘的爱就是这么简单又真挚，没有太多甜言蜜语，却一句让你温暖心窝。虽然事业屡屡受挫，但是不妨碍他那份对演员事业的热爱。喜欢他这种不怕挫折迎难而上，有机会会牢牢把握的人。但是，如果只为生计，有时候可能也要看方向的选择。但是尹天仇好像要追梦！祝福！
断背山 Brokeback Mountain,8.8,90721,老公哭的稀里哗啦，我怀疑他有隐情，所以我都没看进去……,【剧透】你有一个挚爱你的人，但我不敢说你也挚爱着他，因为你有太多的怯懦。我当然知道你爱他，你哭着对那两件衬衣发誓，让我也跟着掉泪。只不过我还是会想：或许你更爱你自己。他死了，再也不能爱你了，你后悔了吗？,近乎完美的杰作，震撼心灵。,断背山讲述的并不仅仅是性，而是爱，一种因为犹疑而备受阻碍、最终化为心底悲哀的爱。,乐是一大亮点。Gustavo.Santaolallan扎实的技术功底和开阔的音乐眼界用最简约的拨弦即勾勒出怀俄明州广漠的草原景色，铺展出朴实隽永的意象。识了山间的寂寞废墟的晕眩，帐下的寒冷。这世上原没有禁忌，和不能解释的事。你没有获得切身的感受，也就没有体恤。生命是极滑稽的，因为它那样地贴近死。
幽灵公主 もののけ姫,8.9,47904,宫骑骏就是个生态环保大师啊。,飞鸟的一句你好美，把我心都化了。还有六部宫崎骏的动画片没看，这样算来岂不是比诸位都幸福多了？,史诗，叹为观止。可以想见它启迪了多少动画和电影！男主情绪层次的递进变化啊（他从头至尾的行为都很值得细细考究），树上的精灵们好可爱。多么让人心动的一个故事。【。。看了一个下午各种版本的阿凡达啊我】太好看了看哭了。,宫崎骏果然是最关注女性的导演之一。,都不知道在说些什么，但是受伤的时候很让人心疼
杀人回忆 살인의 추억,8.8,85338,想到真凶可能会若无其事坐在电影院里面，与电影最后一个镜头里宋康昊含泪的双眼四目相对就觉得好惊悚,电影告诉我一个有良心的警察是如何被逼成一个暴力狂的。,好狠，楞是悬而不破,那种抓不到、还被调戏的无力感,无懈可击！影片的焦点从不在连环杀人案本身，主线是每个人深陷泥潭的不能自拔，副线则是当时整个韩国社会的动荡不安，时间的推移不能洗刷罪恶，宋康昊结尾处的眼神映射出无限的沧桑；第一次犯罪现场的长镜头和追捕手淫者的快速剪辑这两段都快要让我哭出来了。
入殓师 おくりびと,8.8,78003,整矫情了..做殡葬业需要那么多感怀身世和心理建设吗...在我们中国，这是一个超级暴利而令人羡慕的行业,对待死的敬意，犹如对待生的真诚。举重若轻。,日本人的表演还是太做作,剧情编排、台词及表演均过于刻意，看到某个伏笔马上就能知道后招（澡堂老板娘，石头，鸡，怀孕，父亲，各样的误解与释怀）几乎感动不到人...因为前段看过验尸官记录片的缘故，设定上也没能打动我。广末凉子很萌很贴心，让人觉得有这样的妻子太幸福了.西施乳真有那么好吃么？那个炸鸡看起来倒是不错,很想再继续看下去，很有味的电影
狩猎 Jagten,9.1,62916,1、看的人想死的心都有了；2、……还得活着。,天真无邪才是最大的邪，童言无忌才是最大的忌，天使有时候才是恶魔。能说出口的委屈都不叫委屈，最大的委屈是承受不白之冤还百口莫辩。,❶本片极度绝望压抑（但毫不沉闷），易产生诸如替男主抬起猎枪从幼儿园园长超市店员开始杀起这样的冲动，请谨慎观看。❷我们都可能成为那些抛弃卢卡斯的人。就像我们认定一个人精神病，他的所有举止就是精神病。❸熊孩子的恶意比任何恶意都可怕，因为他们不知道后果。,这个男人从始至终都善良、宽容的对待每一个人，这是最让我感动的，最后Lucas教堂里爆发那场戏看哭了，Mads演得真心好，个人认为结尾开枪的是Klara的哥哥~,4.5。1.猎人与猎物的悖逆寓言，辩诬无可能。2.以孩童之谎倾覆成人世界，此题材惊艳度着实绝佳，然影像的本体外延有待加强，可参考雷诺阿[游戏规则]。3.战栗时刻：超市被殴重返、雨夜葬犬、林中暗枪。4.以教堂为爆发地，将集体无意识与赞美诗黑白同构。5.你在我的眼睛里看见了什么，你什么也没看见。
阳光灿烂的日子,8.8,71513,大陆电影的巅峰之作。,没办法，只能打五星。,那阳光，灿烂到心里,中影史：根据王朔的小说《动物凶猛》改编，是著名演员姜文的导演处女作。作品对文革时期青少年的生活状态和青春期的困惑有着极为真实的描绘，使用了当时在中国较为新鲜的一些超现实手法，反映了那个年代青少年的暴力和朦胧的爱情。用对青少年故事的描画，展示了一个时代和一个国家的混乱与成长。,性显然是姜文创作的原动力，当[阳光灿烂的日子]的主人公爬上了高高的烟囱，他似乎把世界都踩在了脚下，正是这种年轻人凶猛的征服欲让电影显得那么可爱。无论哪个年代的青春都意味着永恒的大太阳和过不完的日子。唯一的乌云来自旁白，它无数次地提醒我们韶华已逝，人终归要被独自落在泳池里自己扑腾。
重庆森林 重慶森林,8.7,107702,"那时她还被叫做王靖雯,小鹿様闪烁的眼神,细痩无邪的身体,疯狂的暗恋也不过是纯真执着的本能",看了28遍,城市里的现代童话..加州住着不同的人，流泪的房子和变胖的香皂,阿菲及這個電影它屬於治癒系，不開心就會看。,两个故事，似乎梁朝伟的故事更是我的菜。原来爱情还可以这样——梦游。无论是633的家里，还是“加州”，都是相同的地点，不同的时间。空间的距离，最终却都会重逢。“她走了之后，家里很多东西都很伤心，每天晚上，我都要安慰它们才能睡觉”——瘦了的肥皂、哭着滴水的毛巾、寂寞的衬衫
第六感 The Sixth Sense,8.9,71968,操，看之前让人给剧透了,这小孩太正了！,他们无处不在，就像正常人一样到处行走，他们彼此看不到对方，只能看到他们想看到的东西。-“你想要什么？”-“我想要不再害怕……”,四次情节升华：第一次是Cole帮助死去的小女孩如愿，代表与自己和解；第二次是Cole拔出石中剑，代表与同龄人和解；第三次是告诉妈妈真相，代表与家人和解，而妈妈也与自己的妈妈和解。第四次，也就是全篇最精彩的一笔，即Mike与妻子以及自己的和解。那些正常世界无法言语的，只能透过非正常的世界告知。,一开始看以为是心理片，看了一半失望的发现是老套的鬼片，看到最后惊奇的发现原来是鬼心理片，晕~~
请以你的名字呼唤我 Call Me by Your Name,8.9,125732,elio坐在火炉前，一会儿落泪，一会儿抿着泪水笑了，一会儿眼睛里又恢复了冷漠，仿佛在短短几分钟内，他把那个夏天又度过了一次，且此生还要度过很多次。,后劲太大，沉醉在电影的情感和视听氛围中无法自拔。雕像下的长镜头，午夜约会时的触碰，深夜教堂外和陌生人的尬舞。最终所有乌托邦似的美好都凝固在了80年代初那个夏天的意大利小镇，就像父亲说的那些炽热纯粹又隐秘的欲望和情感，以及用尽全力去探索、去爱、去失去、去心碎的那个自己，再也没有了。,细腻、唯美、慵懒，带着浮生若梦的气息。我们大多数要等到青年时才能将蒙昧的性觉醒付诸实践，而CMBYN呈现了同志电影绝无仅有的“少年时代”。这个叫Timothée Chalamet的男孩是世间最美的珍宝，他的一颦一笑、从脚趾到发梢都让人疯狂。请以你的名字呼唤我，因为在这一刻You're MINE,"看书的时候就像我的日记被人偷看了一样, 几乎每一个细节和心理描写我都能感同身受. 电影还原地很棒, 但是你们这样刷高分会让人觉得LGBT群体没看过什么好电影",能等到它拍成电影 活着真好
小森林 夏秋篇 リトル・フォレスト 夏・秋,9.0,65914,事已至此，先吃飯吧。時已至此，先吃飯吧。詩意至此，先吃飯吧。【所有的美景都在意料之中，出乎意料的是配樂，終於不再只是是吉他或者尤克里里或者鋼琴或者手風琴了~電電的帶感】,劳作令人无暇烦恼，片中的人物时而离凡世很远，时而又触手可及。我们有舌尖上的中国，通篇累述奉献、感恩，手艺传承和文化气节，却没人教导我们劳作本身的意义。一屋一田一人食，已是最令人羡慕的事。,世外桃源啊！单单一个人洗衣做饭在乡村过归隐生活，这浮躁如我，定是守不住，那寂寞空虚冷。不过这里的乡间，实在是太清新了！单单这一片绿色，就在心里变的十足清澈。还有这美食美景美女，一脸天然呆、内心白，悠闲自然的状态，还有农家乐、草木青，哎哟，真心是奢望啊！8.7,人生在世，无非就是过日子，而如何能让过日子变的有滋有味，我想不到除了充实的劳动/工作+美味的食物更好的方式了。桥本爱不矫作真自然，让人心生欢喜宁静。也许中国需要等待很久很久之后，才能拍出这种气息的片子了。,当成舌尖上的日本看了。
哈利·波特与死亡圣器(下) Harry Potter and the Deathly Hallows: Part 2,8.8,87612,前戏了十年，终于高潮了。,丹尼尔终极大叔的面庞标刻着我们的少年时代彻底完结,我就想问问，年轻的格林德沃和邓布利多在哪儿？！都是坑爹的噱头啊！！,终结篇还不给满星的人Voldy不会放过乃们唷！,3.5★ 不談感情，這是我看完HP7.2的感受。如果你睡得朦朦朧朧的去看早場，也許會冷靜幾倍。HP7.2給我的感覺是結構很鬆散，簡略帶過、細節位少、3D失敗、配樂還算可以，有炫酷的特技、奈威和露娜的出場成亮點，說到笑位應該屬於最後成老爸、老媽那一段了。最後只能說：我們長大了，電影沒一起長大。
消失的爱人 Gone Girl,8.7,148881,"男：我们互相折磨，互相控制，这样有什么意义呢？
女：这就是婚姻。",爱人不见了，千夫所指。爱人回来了，万丈深渊；婚姻是一袭华美的袍，这是面子。爬满了虱子，这是里子。,年度最佳date movie💄,这片无敌了。故事太尼玛牛了。人物状态看得我蛋都疼了。芬奇就是我的神！,人渣大战
7号房的礼物 7번방의 선물,8.9,69401,又一颗韩式催泪弹，亲情总是泪点，让你无法躲开。影片套用的是《我是山姆》那样的人物关系，而在情节上则更有戏剧性。冤案加亲情的双重催泪保障。监狱里的温情更感人是因为，相比善人做好事，人们更喜欢浪子回头，恶人行善的故事。无论我们怎么吐槽韩式催泪片的套路，但是真的很有效，也确实很感人。,电影本身还不错，但分数严重虚高。从外壳到内核依然是韩式煽情大餐不变的套路，然而有趣之处在于，尽管影片始终在讲述一个完全不切实际的故事，但其中很多地方却又让人感觉无比现实。,看那么些年韩国电影，多少了解到一些韩国警界法则，电影里面把孩子送去监狱没有人告发这些看似无厘头、没有根据的情节在以前的大韩民国是完全可以实现的，所以啊更多时候不是为亲情而哭，而为这样的社会现状而哭,影片的核心是亲情，包括父亲对孩子的照料，孩子对父亲的反哺，虽然存在过度的煽情，但是影片不仅是亲情片，通过狱中的亲情和友情营造的温暖，与现实中司法不公媒体跟风权力滥用阴暗面的对比，起到了鲜明的讽刺作用。,"他们甚至不惜冒险将艺胜带入牢房与父亲相会。
黑暗冰冷的监牢内，7号牢房阳光满满"
玛丽和马克思 Mary and Max,8.9,75659,伤心电影，好电影。结尾告诉我们，网友见面要早。,我们为什么需要3D？,"PS,娘的，我看哭了。PPS,推荐给所有的人看。PPPS,可以打十星吗？",love yourself first,我一直不明白一个问题，有趣是不是源于自卑和寂寞？
红辣椒 パプリカ,9.0,58526,如果说盗梦空间像是工科生拍的 充满了逻辑 数学 推理 极尽聪明之事 那红辣椒就像是文科生拍的 天马行空 无所不能 是一个真正的梦,好多场景跟《盗梦空间》好像啊~巧合么？。。。,今敏的画风太好了吧,"有些失望,有些混乱",Parade太好听了吧！我愿为原声多看几遍这电影！！！终于补完今敏了这部最有想象力最费脑细胞也最cult……但我还是最喜欢千年女优
爱在黎明破晓前 Before Sunrise,8.8,93453,这要是在中国，还没开始就结束了，因为火车上根本没有空位。,成就了男人的幻想：遇见一个陌生的美貌女人，靠魅力跟她上床。成就了女人的幻想：遇见了一个陌生的帅气男人，拉着他的手叨逼叨一整天。,倆主角都太加分了！！黑胶碟店里那一幕真逗。。,河畔之诗：“浸入白日梦中的幻觉/ 眨动了密长的睫毛/ 哦，亲爱的，滑过你美丽的脸庞/ 在我的酒杯里坠入一滴清泪/ 凝视你纯净的双眸/ 了然了你是我生命的意义/ 仿佛奶昔在蛋糕的甜美中交融/ 我像那恍惚中浮现的天使/ 在梦幻中游戈飘荡/ 怎忍在看你芳心百转/ 却如何才能两情相悦…”,有一次，在旅途上认识一姑娘，漂亮温柔。我们一起玩儿的挺开心，傍晚一起坐在草地上喝啤酒看流星，突然她问我：”看过《爱在黎明破晓前》那部电影没？“我说没看过呀！........后来我们喝完各自回房间睡了，等我回家，想起她说的话，下了一部看，看完我肠子都悔青了！
告白,8.7,130885,都是你爸害的（《松子》），都是你妈逼的（《告白》），中岛哲也太喜欢成长阴影了吧……,这片告诉我们，正太与萝莉都是斗不过御姐的……,中岛哲也再次把我震撼了.在看过小说的前提下，映画竟然一点都不冷场，镜头和剪辑简直神了！爱radiohead那么多年，第一次把thom的质感视觉化的，就是这次了.....实在太爱了！赶紧出碟吧我要珍藏,有三个理由给五星。其一，短评前几页充斥着“你丫要是打五星就是十足的傻逼弱智加白痴”，没错白痴总是是很多的，不介意加我一个；其二，没看过原著，没资格对其差异说三道四，但片子的流畅有足够的理由吸引我满106分钟；其三，中岛哲也一次不同以往的尝试，华丽的中岛很好看，阴暗的一样精彩。,电影表现的方式与以往比较相当不同，全片充斥着大量的慢镜大量的特写，画面也甚是唯美。有很多人说此片因为拍摄、剪辑与音乐的搭配十足就是一部超长版的MV，但至少代表这部电影很美；也有人说内容空洞苍白，那只能说原著本身就有这样的问题。最后那句“开玩笑的……”比原著带来的震撼还大。★★★★
一一,9.0,63244,我这样说好了，你不在的时候，我有个机会去过了一段年轻时候的日子，本来以为我再活一次的话也许会有什么不一样，结果还是差不多，没什么不同。只是突然间觉得，再活一次的话，好像真的没那个必要。真的没那个必要……★★★★★★,从一个婚礼开始，到一个葬礼结束。 ,这就是传说中那种我一分钟暂停三次花三四天才能看完的那种无聊电影。,"你知道的太多了 其实 杨德昌很像小波，那么的冷静和尖锐，你看完以后永远不记得他说了什么故事，却一直记得他的句子。
","看似平淡无奇,其实蕴含深意"
侧耳倾听 耳をすませば,8.9,59619,喜歡《夢幻街少女》的男孩值得託付終生。,原来图书卡寻人是这里来的呀。他们的城市是立体的，真漂亮，恋爱要翻山越岭才行。电影几乎集结了所有少女时代的美好回忆，完美、理想到失真，像一个斑斓的气泡，害怕一伸手就会破碎… 乱糟糟的书桌，伸手摸来摸去就是摸不到台灯开关，生活中的细节被它完整地还原，似曾相识，却不属于我…,本人最喜欢的宫崎动画,这是一个我早已错过的故事，我没有在十五岁看到它，我早已进入了不用借书卡的年代。现实中，只有我一个人与图书馆天荒地老。即便如此，我还是感谢它赐予我的全部勇气。|一五年夏去了多摩市。走在コンクリートロード上，山雨欲来，穿过长长长长的階段，从来没有觉得他们如此真实过。,情窦初开的感脚，学生情怀的感脚，都异常生动。月岛雯的性格许多地方就像小白一样，我太喜欢了。肥猫很酷。配乐很好。
小森林 冬春篇 リトル・フォレスト 冬・春,9.0,50676,故事的最后貌似告诉我们一个道理：宅在家里是找不到老公的。。（误）,嗯，要细心，要有耐性，还要要守得住寂寞。当然首先，你要有块地。8.5,那种时光静静流走，不去叹息，也不挽留的感觉，真好,我們說的“不時不食”是說要吃時令自然生長的食物 然而時令本身即是一味調料 就像生活里不期而遇的一切 都讓食物有了當時的意義 事已至此，還是先吃飯吧【北歐風性冷淡電音農廣天地大法好！私心這片子早10年女主非蒼井莫屬,一个比较感人的细节就是桥本爱全程看起来都像是几天没洗头，确实一个人住的话也不太可能有毅力经常洗头了！
大鱼 Big Fish,8.8,77535,孪生姐妹不是连体，巨人没有那么高，他妈妈在葬礼上穿的是大红的外套,在这世界上，只有在你所爱的人之外，才需要辨别所谓真假。生活中的事，有种种说法。所谓真相，可能是最令人乏味最让人难以接受的。而在生活外表涂上彩虹颜色的人，他们值得尊重和信赖，因为他们的爱。,这个叫蒂姆·波顿的人，身体里住着大鱼爸爸(Big Fish)、剪刀手爱德华(Edward Scissorhand)、威利·旺卡(Willy Wonka)和疯帽子先生们的灵魂。,“知道自己会怎么死，便不担心了。因为你知道这世界上其他任何事情都杀不死你”。,他只来过两次，第一次，他来早了 第二次 他来晚了
阳光姐妹淘 써니,8.8,97640,再多各自牛逼的时光，也比不上一起傻逼的岁月。,但是，如果她们都没有钱，故事还能顺利的展开、完美的收场吗,其实片子的问题很多，表演过度，两组时空变化有时会很牵强且情节有断。不过仍然被感动了，回忆跟青春真是一辈子也不会烂的催泪神技啊！熟悉的旋律，友情与爱情。结尾收的也好，终于没有韩片尾大不掉的毛病了，适时而止反而有些回味。,让正在老去的人遭遇花季年龄的自己，是一件很残酷的事，特别是对女人来说。但作为一剂精神鸦片，《阳光姐妹淘》的意义就在于至少能在这梦幻般的120分钟内重拾那本早已发黄的青春流水账。把一个个俗套如此熨帖地组合在一起，并一次次地击中你心底最柔软的部位，《阳光姐妹淘》的机关算尽如教科书般精确 ,再怎么帅气的初恋情人最后还是会变成糟糕的大叔。。。
射雕英雄传之东成西就 射鵰英雄傳之東成西就,8.7,66272,张学友让梁朝伟杀他那段，笑翻了,这样的parody电影，如今已经不可得.......梁家辉叫人吐血那场唱段戏，竟是众人乐得不支之下张哥哥一手编词、导演的，10几年后我才知情......,40几遍了吧,刘镇伟哪里比王家卫差？！,"向90年代的香港喜剧片儿致敬!多少年后,他们仍是挂在嘴边最活络气氛的谈资!"
蝙蝠侠：黑暗骑士崛起 The Dark Knight Rises,8.7,97808,孤立地看，这是一部无可争议的五星电影；但和第二部《黑暗骑士》比起来，它只能拿四颗星。,"超过TDK不敢说,但永垂影史是扛扛的.",难道我是第一个看的吗？墨尔本crown village cinema， 所有人都鼓掌了，绝对是今年最伟大的电影！,"贝恩真的太可怜了。。。。知道真相的瞬间我原谅了他做的所有坏事！老湿的眼睛真的会演戏！不戴面具的一秒镜头好帅 好虐 好凄美 好想哭！本以为这次我会改邪归正彻底爱上大蝙蝠，搞了半天我还是个悲催的反派控 。。。Goodbye, My Friend. 此去便是永别。（轻微吐槽：马良挂掉的那一下有点囧）",從《Inception》開始認清Nolan並非一位類型片作者，而《騎士崛起》只是佐證了這一看法而已。唯一可稱道的是他仍在嘗試用drama而非“奇觀”敘事，但在那drama裡人物的完整性常被忽略，取而代之的依然是獵奇的“結構”（如本片末尾最終boss的扭橋逆轉），他的走俏是”通俗“而非”電影“的勝利
唐伯虎点秋香 唐伯虎點秋香,8.6,56728,可以忽略秋香……,我上等威風顯現一身虎膽／你下流賤格露出半個龜頭。,"哈哈哈.其实我是周星星FANS,心情不好看他的电影会边开朗.这个看了好多次了.一群人一起看最好玩.",巩俐真难看,就是搞笑
超脱 Detachment,8.9,79937,少年时，我们都自私无知，夸张那些伤痛来当作放纵的借口。只知依赖不知自救，只知索取不知珍惜。打架，滥交，还自以为是看透了生命，绝望的很酷，其实肤浅的令人发指。孩子，什么时候你开始沉默的承受加诸你身上的重量，尊重它并与它和平相处，你才真的能称为一个大写的人。,“我的灵魂与我之间的距离如此遥远，而我的存在却如此真实。”——加缪,我们不一样，我们都一样。,托尼·凯耶这么多年了，拍片仍然是一副死不回头的独立范儿，各种伪记实、访谈与剧情相结合以拉近观众的距离。整部影片始终弥散着一股伤感、落魄的情绪。很多男人都想在大街上拯救一个雏妓吧。布罗迪的表演很加分。,勿被片名误导。此片充满无处不在的郁抑及沉重。所有人对自己都毫无办法。指望他者解救自己的苦难永远只是一时，因他自顾尚且不暇。即使慈悲到收留你，也有天要离开。总之，就像那位代课教师一样，此片只是给了一个若即若离的拥抱，并未试图解决片中人物或观众的任何麻烦，但无助的人，会被无情击中。
倩女幽魂,8.7,59267,唉，王祖贤哪有张国荣漂亮,宁采臣只是张国荣的。,未见过电影院在非节假日只吉着第一排，未听过电影散场时有如此热烈的掌声，未见过全场观众都等到银幕彻底黑了才起身离场，未见过打字幕时有人拍照留念，十七年后，《倩女幽魂》仍然用事实告诉他人“经典”二字当之无愧,看过哥哥扮演的宁采臣后，之后谁演，都觉得那不是宁采臣。,"真美【A Chinese Ghost Story，英文名字真没美感】
"
甜蜜蜜,8.8,69934,你们看到了爱情，我看到了背叛。,曾经的香港电影多么令人激动与感动。,这么多人都看哭了么。。。我就在张曼玉低头碰到喇叭那块儿眼红了下。。。这俩人的缘分太让人嫉妒了,朋友说张曼玉又不好看，我说她在电影里优先级是最高的——任何影片里任何男神都会必定优先爱上她，即使她兔宝宝牙颧骨高耸又圆又短。每一次电影特写到她的脸上，快乐、悲伤、痛苦、期待都互相纠缠着从那张脸后面生长起来，这是最优先的电影语法。而如今的女演员有什么？假山根鼻子下巴浓妆和美瞳？,黎小军连豹哥的一根头毛都比不上吧，嫁黎小军我一天能因为无聊自杀三百回，“无聊”这种东西如果能拟人的话，它的形象一定是黎明！！！
驯龙高手 How to Train Your Dragon,8.7,77369,妙蛙种子龙。。呜哇,没牙的本质是只狗,这片儿告诉我们的道理仍然是：技术宅拯救世界。,我怎么觉得一点都不好看呢。对于那么喜欢看动画片的我来说。情节实在有点弱。,自《阿凡达》之后最愉快的3D电影观影体验。
恐怖直播 더 테러 라이브,8.8,87699,这种题材的电影有漏洞在所难免，但韩国电影能做到这一步值得称赞，几乎是一间房子中的故事，格局却相当大，节奏紧张，剧情张力太强，舆论、媒体与政治的黑洞令人反思，结尾比搏击俱乐部还激进，美国估计都不敢拍，但韩国敢拍能拍。河正宇的独角戏太强大，五星。,韩国电影中一直有一种东西，合适的时候叫『热血』，过量了就是『狗血』。但从来没见过不足的时候是什么样子。,一想到有生之年都无法参与这样的电影，忍不住呜呜哭了起来,《致命呼叫》开篇，《狙击电话亭》过程，《搏击俱乐部》结尾。漏洞多多，但实在屌爆了！,故事敏感，扣人心弦；节奏紧凑，毫无尿点。又一场封闭空间里个人表演的精彩呈现，又一次感受韩国犯罪题材影片所带来的冲击与震撼。政治的阴暗、媒体的嘴脸，这些元素如此熟悉，然而每次出现都不会觉得厌倦。如果是你，将会作何选择？
萤火之森 蛍火の杜へ,8.8,65962,郁闷死了 守着一颗白白嫩嫩的大白菜多少年细心栽培没舍得吃，最后这颗大白菜被猪给拱了的感觉 (☍﹏⁰),小孩子跑不好就不要跑好伐？！摔个什么摔！摔！,永远不会忘记的拥抱，是你让我曾有过怎样也不想结束夏天,“总有一天，时间会把你我拆散吧，可是，即便如此，在那个时间到来之前，我们一直在一起吧”,“你绝对不可以碰到我啊”，除了一生一世的最后一回。这些悲伤而又温柔的夏天——绿川幸总是能直戳人心最柔软的地方啊！
菊次郎的夏天 菊次郎の夏,8.8,77051,从没见过那么流氓的温柔，从没见过那么温柔的流氓。,看到最后我哭了，巨大的孤独感将我摧毁。,哈哈哈哈哈哈哈肚子都笑出波浪了。夏天真是一个奇怪的季节，明明实际上经历的只不过是黏糊糊的一身臭汗，可是总是忍不住将其与青春之类相联系，然后在夏天以外的季节回想起来的时候就特别特别怀念。每年都要陷入这样骗局似的怀念里。,充满爱的北野武 有点木讷总是低着头的小男孩正男 细节总是让人感动和莞尔 在久石让美好的配乐中最后才恍然大悟 原来他才是是菊次郎呀,相比久石让的音乐，影片相形见拙。电影像是《中央车站》+《完美的世界》的结合，不同是《菊》以小清新喜剧基调和章回体叙事呈现，主角的可爱流氓性格，自始至终赋予影片乐观积极的情绪操控，即便孩子遇见母亲后主题仍能迅速回到积极一面；缺点是一些幽默元素是强加进去的，看似自然却不真实。
幸福终点站 The Terminal,8.8,57039,我差点以为Tom Hanks是智障，但他其实是不抱怨，他踏实，他愿意等待。,等待让人生更加丰厚和充满期待，人生由无数等待组成，等待迟来的班车，等待一次机遇，等待成功，等待老去，等待死亡。幸福没有终点站，只要活着就总会有好事发生，在逆境中仍然活的如鱼得水才是一种境界。,能让你笑着感动的片儿。很励志。,那个快餐店小伙的热情与多情、办理签证的女工作人员的一丝不苟、印度老清洁工的唠叨与古怪，都在影片设置的细节中展现了丰满的情节，给人留下很深的印象，皮尔伯格在电影中对塑造群体人物的功力还是显而易见的。,机场如同荒岛，还原了一个本真而奇妙的孤绝求生状态。语言不通货币没用失去了祖国的庇护，真正孤家寡人的感觉。最近重温经典老片子，感到动人的故事的张力，剧情由故事推着走，而不是电影由人推着走。很喜欢这种难以预测下一秒会发生什么的感觉，孤绝的机场反而有种温情大家庭的感觉，只是三观太正了。
爱在日落黄昏时 Before Sunset,8.8,73585,年轻时候看得汗毛都竖起来了。。这种句句台词都让你觉得“我也是这么想”的电影有这么一两部就够了 @20岁春,浪漫邂逅，偶然错过，久别重逢，物是人非……祝你们最后上床了,这个导演太牛了。我喜欢他们３个人一气写的台词。,欲买桂花同载酒，终不似，少年游。,2018年5月12日第三次重温。面容略憔悴的他们大谈政治经济以掩饰慌乱，说着无关紧要暗暗焦虑时间的流逝；可是车内的哭诉和家门前拥抱，还有那首歌，真的那么痛，那么无法抹去，“你”只不过已成为“爱”的抽象名词，终生和记忆捆绑。在语无伦次的的玩笑里，现实的冷峻逐渐渗透，眼神确认爱情的存在。
超能陆战队 Big Hero 6,8.7,125770,以后打听动画，不用再问好吗，只需问人萌吗？动画好不好，全看萌不萌，动画片彻底进入萌时代。,大胖胖终于将瓦力拱下了机器人萌货的头名宝座，日漫元素和迪斯尼风格合体开出了一朵大奇葩！故事其实就是“蜘蛛侠”1+2，但想象力和细节太挠人心窝子了…,3.5 气球人真是很可爱，比那个贴胶布条的片段还要可爱！感觉短腿要开始流行了。但故事整个太模式化了，情感简单粗暴，感觉自己是婴儿，被喂了一套营养均衡的婴儿餐似的... 整个城市设定让人有点想看日语吹替版...,史上最萌胖子诞生！要抱抱！彩蛋里的斯坦·李也是蛮拼的！,【大白，卖的一手好萌】一波三折，妙趣横生。悬疑和温情，搞笑与动作，即使拍成真人版也绝对是一部好题材和好故事。大白呆萌可爱一逗比，细节刻画真实有趣，放气如放屁，警察局撕扯胶带还有低电量时如同宿醉一样。最后，“I will always with you ！”绝对催泪。开年最佳动画！
无人知晓 誰も知らない,9.1,47435,我的平常生活就是他人的幸福,初工作时认识一位同事，有次一起出差时他忽然对我说起，他从小是被遗弃的孤儿，曾在垃圾堆捡废品为生，那是个夏天，他说话时常走在我前面，白衬衫上有星点的汗印。昨夜看此片，明在午夜霓虹中奔跑的身影，又让我想起他那件刺眼的白衬衫，一瞬间心酸莫名。这些，都是在世界的某个角落里，真实的人生啊。,还是喜欢早期的是枝裕和，不带煽情的写实就像扎进心脏的一根针，让人刺痛到无解。少年柳乐优弥的眼睛太传神了，像是有很多话、又像什么也没说，担当得起戛纳最年轻影帝。,唯一一部分了三次看完的电影，因为每次看都非常压抑，特别是在情绪很低落的最近。看完后很不舒服，真的很不舒服。我想我再也不想看第2次了。不想再忧心忡忡提心吊胆的看一部电影了。,8.75 是枝裕和、许鞍华这样的形式上走平淡路线的导演，就应该拍有兴奋点的故事，比如不平凡的人物背景，走向极端的故事展开等，平淡的形式对激烈的故事有天然的压制效应，可以产生反作用力来打动观众。所以杨德昌能成为大师绝非偶然。
借东西的小人阿莉埃蒂 借りぐらしのアリエッティ,8.8,66626,此生暂借于世上。。这是无言的结局，我能想见阿莉艾蒂最终被同族淳朴少年打动，相守繁衍。那个有温柔眼眸的人，从此相忘天涯，深藏于心。,富四代，虽然你粗暴地用华丽的厨房打动了丈母娘，却无法用奢华的别墅赢得美人的心。太多现实问题你没考虑，比如抚育下一代的问题，你想过没有？！！,比波妞好看多了……而且配乐相当好听……,"雖然很吉卜力，但其實和宮崎駿本人的戲劇風格很不同，沒有明顯的起承轉合，主題也不深入，但是很平靜。。。
也許米林宏昌的個人風格還沒有完全顯現出來呢。",她在他的手心，她在他的肩头，她在他的心间。感谢宫崎骏，感谢吉卜力，总是给我们纤尘不染的梦。
神偷奶爸 Despicable Me,8.6,91134,绝对史上top 5级别的动画片！！豆瓣评分不上9没天理,那群黄黄的不知是什么的玩意儿很有爱的说～本片同时适合所有大叔控观赏：）,"黑马,绝对的黑马!太好看了.笑点也太多了吧.",这个动画片再次证明了，不怕讲老故事，只需要有颗不老的心。打动人的是里面的小情趣，小可爱，小孤独，坚硬外表下谁都渴望一颗被温暖的心。真的远比toy3得我的心。,去看之前千万不要看预告片，精华都在预告片里，剩下的没什么了！NND！我看之前三个预告片都看了。。。
"怪兽电力公司 Monsters, Inc.",8.7,45836,"""不要给它起名字，起了名字就有感情了""，不管是什么物种，它们的情感在皮克斯手笔下永远都是那么细腻，看到毛怪对小阿布告别时说：“Go ahead, Go grow up...” 眼珠各种打滚。《WALL·E》之外最爱的一部Pixar动画长片。We scare, because we care. ","超级喜欢,看了三次.也许我有时候不想要那么多复杂的东西.这些简单美好的就可以了.",好看好看好看好看好看好看好看好看好看,您的尖叫就是俺的动力，收集能量的任意门！片尾的伪拍摄片花很有成龙喜剧的style。（|人：妖怪啊！|妖怪：人啊！|——摘自《东成西就》）,口碑巨好但我一直都特无感的一部。。。。。。可能是因为我特烦小孩吧。。。看到片子里那个孩子一直闹闹闹，我都快疯了。。。这里面最喜欢的就是布西密配的兰道~~~~~~~大眼怪也萌死了~不过放在2001年确实不错~~~
风之谷 風の谷のナウシカ,8.9,32567,在此我们可以见到比卡丘的渊源，可以看到Spike飞船的渊源，可以看到虫师的渊源，也可以看到诸多动画人因此崛起的渊源。,潇洒、乐观、仁爱的女英雄，用爱拯救了自己的领土。宫崎骏的电影真的是太有启发性了，小时候也是完全没看懂。宫崎骏不管哪部电影都是在宣导爱，正义，和平，友善，人性的温暖。但，王虫真的好恶心！,宫崎骏的起点如此之高。略有烂尾之嫌，世界观、画风、情节都很赞。可以看看其中的运动镜头，尤其是对飞行的表现。这个主题之前手冢治虫讨论过。另外久石让的配乐怎么听得那么耳熟，这一部好像《花火》……,宫崎骏最爱。动画片的圣经,宫崎骏镜头下的美都是最自然、原始、野性的。设定大胆，配乐大气，可惜影院放的是英文吹替版= =。。。【豆瓣的大家！为什么都在讨论娜乌西卡有没有穿内裤呢！。。。
玩具总动员3 Toy Story 3,8.8,55665,当我们给孩子们看虹猫蓝兔的时候，美国人拍出了这样的动画片。,最后安迪细数自己的玩具那让我意识到自己也就这样长大了，和我那些玩具。《玩具总动员》自幼在我心中烙下印记：让我觉得玩具都是有感情的小生命，在我们不知道的维度里有喜怒哀乐。而且玩具相对于真正的生命带给我的压力会小一些。玩具不会死，只要不遗弃它们，所以千万不要遗弃他们。7.9和你再看。,最有爱的搞笑+最真挚的感情=完美,竟然看动画片看到泪流不止。皮克斯，你真行。,"虽然是动画片，但没有一味地弘扬真善美，也反映了人性丑恶的一面。
比如抱抱熊罗素，它被替代了，它自己要走，还强行要别人也跟着离开。
胡迪救了它一命，它还恩将仇报。
除此之外，它还挑拨离间，企图让巴斯光年背叛朋友。
软的不行就来硬的，将巴斯光年恢复出厂设置，甚至提醒巴斯光年“当心它们对你用反间计”，太可怕了。
幼儿园充满黑暗和邪恶，连玩具也存在金字塔制度，分阶层和等级，有各种明争暗斗。
有卡车队伍巡逻..."
完美的世界 A Perfect World,9.1,36230,我只杀过两个人，一个伤害了我妈妈，一个伤害了你,他看见他，他带走他，就像带走童年的自己。他终于相信这个世界有鬼了，眼前这个开枪打伤他的小鬼就是童年自己的鬼魅。“再见，这是完美之旅。”再见，布奇。,斯德哥尔摩综合症-Phillip 'Buzz' Perry ,灵魂在天上 看着绿草如茵的地方……,标准的有点像是教科书里的故事
上帝之城 Cidade de Deus,8.9,37123,脸盲症发作，愣是20分钟才把人脸分清。,出色！奥斯卡总算做对了一件事！,"冗长,杂乱",暴力永远是贫民窟不可分割的一部分,这配乐这镜头！！！！
血战钢锯岭 Hacksaw Ridge,8.7,130126,以我有限的观影经验，优秀的战争片不会美化战场，不会粉饰死亡，不会矮化敌人，不会无视常识，最重要的，不会宣扬战争。这个片子基本都做到了。,看完觉得吹牛啊，结果片尾出现正主时震惊了，再一查历史，真实道哥居然比电影里还开挂，真死人堆里爬出来的。当下好莱坞难得一见的右派电影，梅尔吉布森甩掉了神神叨叨，拿出宗教信仰和残酷战场，战争场景真实血腥，令人发指的牛逼 #这战争场景要是3D高清估计得看吐了#,枪林弹雨过，片叶不沾身。信仰没能改变战争，但也没让战争改变自己。梅尔·吉布森的宗教狂热病和个人英雄主义都让我想BB，但因为有本命在闭着眼睛也要给五星啊～（只有加菲才能这么一脸阳光的面对杀戮和暴力，五好青年的笑容太美！！！）,“每个人的信仰都值得尊重，这就是最真实的我们” 我操，好久没看到如此热血经典范儿的电影了！复古老派，却看得老泪纵横。继上一部导演作品《启示》后，阔别十年的梅尔·吉布森依然出手不凡！恍惚在看2016的《地心引力》《勇敢的心》《拯救大兵瑞恩》《辛德勒的名单》…（短评也得老干部一点,李安想告诉我们英雄是会软弱会迷茫的平凡人，梅尔吉布森告诉我们英雄都是神一样的人。但是这部片的好处是，同样是展现人的神化，它可比手撕鬼子的剧真实多了。大概是因为真正的神从来不觉得自己所做的一切常人难以企及，他只是谦卑地认为自己做的还不够。克制是最大的美德。
电锯惊魂 Saw,8.7,54208,最终boss躺着不累吗？？,这其实是个励志片好不好，杀手先生告诉俺们即使在生命的尽头还是能干成很多事情滴~,硬伤多，黑人警察傻到爆炸,boss十分强悍 躺着不累一动不动 打麻药就真不能动了？横竖是死 医生也给自己留条全尸吧 用锯去够电话就行了＝ ＝结局知道肯定没完 只是想不到是老头 你辛苦了...这样想自己会没那么被吓到＝ ＝,第二次看，感觉着仍然是一部顶级的血腥电影，结构和叙事都很牛逼，叙事张弛有度。
傲慢与偏见 Pride & Prejudice,8.6,97695,这达西先生是痴呆不是傲慢吧……,最爱~~~伊丽莎白在大雾中看到渐渐清晰向自己走来的达西先生，我眼睛都湿润了……,"拍得挺美的,拍名著只要不把它拍砸了就是胜利",特別喜歡 看很多次了,"温馨的结局,看到和爸爸谈话的那段,哭了"
时空恋旅人 About Time,8.7,89304,穿越界第一女朋友:Rachel McAdams; 喜欢这部片子的光感，最爱大雨如注的那场婚礼，你紧张地问我，是不是想要一个阳光明媚的婚礼，不不，一切不需要重来，一生只这一次就好。,理查德·柯蒂斯擅长的轻松有趣加温情。时空旅行仅是噱头，重头还是亲情。当主角发现即便可以时空旅行，仍无法避免那些生活的悲剧。比如亲人的离去，我们始终无能为力，这恐怕是最触动我的地方。最终的主题仍是学会爱，学会生活，并珍惜与亲人的每一天，这话说来容易，实际却相当难。生活中同样应该如此,一般充满温情正能量，几个容易引起美好共鸣的桥段比如婚礼，生娃之类，再配上一个有点儿笨拙但绝对善良痴情的男主，都能在豆瓣上拿个虚高的分数。,编剧的笔尖犹如乐团指挥家手中的棒子，弹指之间，我们的欢笑与泪水全然失控。每一首配乐，每一段对白，都是如此触动心弦。,你们有没有发现，所有的时空穿越的电影和书到了最后都在告诉我们，要living in the moment...最朴实庸常的时刻也是美好的
喜宴 囍宴,8.9,47404,少年时看过后存在硬盘里，想着哪天出柜时放给母亲看。后来母亲走了，我没能给她一场喜宴，也没能给她看过这部电影。这一生再也没有机会了。今晚我囫囵吞枣地又看了一遍，然后删除，从此没有福分将它留在硬盘里。,能把直男变弯，弯男变直的好片子。。。,父亲在片尾过安检的时候最终还是举起了双手。,李安自己在里面演路人甲划重点敲可爱！“让你们见识一下中国人五千年的性压抑”哈哈哈哈哈哈,所以说，结婚的时候一定要搞清楚伴郎和新郎的关系。微虐慎入。
谍影重重3 The Bourne Ultimatum,8.8,33302,紧凑、凌厉，史上最佳间谍动作片。,COOL到一塌糊涂！,谍影重重三部曲，一部比一部好看，有“倒食甘蔗，渐入佳境”之感。难得。,第3部还那么NB,第三部，男主角终于不再杀人，因为他成佛了。自从他遇见了CIA的女观音菩萨后，就走上了成为斗战胜佛的道路。
教父3 The Godfather: Part III,8.9,24603,看到最后要哭死了，可能因为总算有终了，这是教父系列我最喜欢的一部。另外想问问索菲亚小姐，您演技差也没关系但是没见过人死吗。。。。要不是帕西诺在嚎啕就完全没泪点了。,年老的阿尔·帕西诺，并没有失去力量，而是更魅惑动人。,《教父》系列完结之作，表现力和深刻性绝不亚于前两部！阿尔·帕西诺老了依然魅力十足，演技更无需赘言。片中依旧是很多一针见血的箴言，另外相比前两作这部感情和家庭戏份增多。影片配乐太动听了，高潮部分那段歌剧演出与腥风血雨明暗平行剪辑的场景真是美！（9.0/10）,安迪·加西亚真像年轻版本的阿尔•帕西诺！这一部像是回归到原点，与前两部惊人相似的聚会场面，年轻一代的邂逅与相爱，下一代对家族生意的抵触，重返西西里的感慨；最感动的还是教父失去爱女的痛苦吼叫、无法得到的谅解、垂暮之年的眼泪、临终前的回忆。,牛逼人物的特质是枪都开不死。帕西诺。
岁月神偷 歲月神偷,8.7,95583,突然觉得吴君如如此美丽.,“在变幻的生命里， 岁月，原是最大的小偷。”我喜欢这种褪色的温情脉脉。,"人生总是一日难，一日佳。
过去的总归是好日子。",當你發現時間是賊了，他早已偷光你的選擇,哥哥倒下到弟弟接力的精英回首，父亲的道别和母亲的无奈，隔一层玻璃观看的热带鱼和上世纪60年代的深水埗
英雄本色,8.7,43650,Leslie这个萌娃。据说有次Leslie在电影院看午夜场，他跟盆友说：要死了，观众那麼喜欢发仔，而我却是个要抓发仔和我哥哥的警察。 第二部的时候，他开森的说：这回有人同情我了。看我演得多好！我的妻子怀孕生子时，我死佐~,能够把握住自己命运的人，就是神,"英雄泪短,兄弟情长",【新艺城】三个男主演得都不错，但还是周润发的小马哥最精彩，几次直戳泪点都是他和狄龙的对手戏。前面戏份里哥哥灿烂的笑容让人打心底欢喜，如今重温感动满满。徐克做监制，还踩了一脚客串。,想不到我也过上了这种在电影院看经典老电影的“小资生活”……片中最动人的是小马哥给人洗车、在车库里吃盒饭那段戏，演得太好了。现在能够理解为什么法国的一次同性恋影展里会有这部电影了，周润发和狄龙的那种兄弟情，西方人可能真的理解不了。
七武士 七人の侍,9.2,25878,我只能用”高山仰止”四字来形容我对黑泽天皇这部旷世杰作的仰慕之情；纷繁庞杂却又条理清晰的史诗，严苛而精准的镜头和构图，七个武士和若干农民的性格都被描绘得入木三分， “休憩”后的大决战无比恢弘，叹为观止。,赢的是那些农民，不是我们。,我什么话都么的说。什么叫NB，这就叫NB。,和教父是一种类型的电影，突出人物性格，故事情节也曲折。最后真的是人民战争海洋。很有几次，都觉得这也可以算一部写中国人的电影，比如农民的狡猾与认命等，到最后的我能！,保卫家园的片子，也能拍出如此深刻的人性。
被解救的姜戈 Django Unchained,8.7,90535,舒尔茨大夫不远万里，来到米国。一个德国人，毫无利己的动机，把强哥的解放事业当作他自己的事业，这是什么精神？这是国际主义的精神，这是基友主义的精神，每一个好基友都要学习这种精神。,本片很好的说明了什么叫做“躺枪”,waltz魅力十足 却死的那么酱油。。。,或许不是年度最佳电影，但极可能是最令影迷们过瘾的电影。不再在结构上费心编排的昆汀这次采用了更为传统的单线程叙事，他向通心粉西部片、香港武侠片甚至自己的《无耻混蛋》致敬。混搭音乐、暴力、语言（特别是外语）再一次成为手下重要的道具。塞缪尔·L·杰克逊奉献了他《低俗小说》以来的最佳表演,一部很high的意大利通心粉西部片，就是那种影迷们期待的痞子昆电影，竟然片中人人都觉得奴隶制很正常！诡辩的话唠神逻辑，绝不吝啬的番茄汁，类型杂糅的舒心配乐， 克里斯托弗·沃兹和塞缪尔·杰克逊神棍级的表演，最后故事又在失控中走向疯狂了，唯一的小遗憾就是影片剪辑的节奏始终慢半拍。★★★★
疯狂原始人 The Croods,8.7,112878,绝对今年最好的动画片！我凯奇叔和石头姐配音赞爆了！泪点低如我最受不了梦工厂煽亲情！后1/3都在为凯奇叔流泪~老掉牙的外来乱入和一家冒险！但架不住拍的好啊！梦工厂拍成这样再老掉牙的设定我也乐意看！人见人爱无可挑剔五星五星！续集快到碗里来！裤腰带和坦克莫名的萌啊！结尾的飞翔太诺亚方舟了！,绚丽的3D效果+随机乱入的萌物+搞笑亲情大套路+点睛式的人生说教，人见人爱的作品，想象力和娱乐性爆棚；但捧为神作有些过了，它既没有Pixar经典作品的原创性和灵动感，也缺少梦工厂传统大作的独特个性和贱趣味！,"全程萌翻  小树懒 ""Da da daaaaaaaaa"" 激萌！",基本上每分钟都是笑点，笑惨了好吗！绝对是今年大银幕上最搞笑的电影，且很可能没有之一！3D效果也超赞，色彩绚丽程度不亚于《里约大冒险》。我估计带我三岁儿子一起看，也会乐得屁巅屁巅，因为实在太老少皆宜了，这就是好莱坞动画的魅力。,全程都在大笑无尿点，已经预定下届奥斯卡最佳动画一个提名了
功夫,8.5,61391,超级耐看和严重被低估的电影，看十来遍了越看越好看，我想100年后还是有很多人爱看它。,不要说烂，其实很卡通很cult,周星驰形式上的巅峰，但是意境已走下神坛,华丽的夸张，情节倒是紧凑，毫不拖沓,电影院里他说，你笑得好开心。
真爱至上 Love Actually,8.6,116285,生活真美好，在电影里。,我爱死那老头了～,这才是真正意义上的“全明星贺岁片”，哪怕人家整了十段故事，都觉得是诚意十足洋溢着温暖和幸福的，可以相信如果是在当年英国影院里看一定会是从头笑到尾。各种爱，各种欢乐，各种感动，圣诞节必看！2010.2.26真爱全在你我的生活中。,从第30分钟小男孩说自己fall in love 开始，所有的感情都美好起来,憨豆是万能！比性和项链更糟糕的是爱和项链。为了你去学习一门新的语言多么美好。为爱向前冲的正太是最帅气的男人！这片子根本就是用来催泪的！圣诞节不能说谎，圣诞节做什么都会被原谅。
"三块广告牌 Three Billboards Outside Ebbing, Missouri",8.7,140741,这部竟然拍得非常温柔，有点落寞和伤感，看完会被人的善良所打动。虽然确实有些天真，但还是好爱这样的电影，会让你很享受这个故事。当然，导演之前擅长的喜剧部分仍然很到位。几个演员都非常出色，女主和两个男配，写得好，演得更好。挺奥斯卡的片，应该能有斩获吧。,一直觉得马丁·麦克唐纳是继昆汀·塔伦蒂诺之后最有才华的编剧，他的剧本每次都是超高的难度，既有一流的编剧技巧又有严肃的文学性。他总是以黑色和荒诞的东西先爽到你，最后再慢慢的用正能量感动你，让你在残酷的生活里看到一丝人性的暖色。这次的人物塑造很厉害，最佳群像表演也是这个剧本的功劳。,老套的寻凶复仇故事讲述得如此生动，编剧值一颗星；情节似层层剥笋，露出的是七八个清晰、独特、复杂的人物，两个星给予出色的女主演及男配角；将视觉场面、音乐服化等手段与叙事有节奏的、完整地掌控融合起来，应是导演获得的一颗星；结尾高明的情节逆转和开放式，为这部电影赢得了最后一颗星。满分！,#Venice2017# 影后已出。真是教科书一般的好剧本，破了不少套路，人物塑造十分生动。再加上导演控制力很强，不乏幽默感，也有不错的社会观察。对仇恨与愤怒的探讨颇有与当下社会状况的契合点。,蹦出一条小鹿这个必须减分了…而且还那么像CG做的…
萤火虫之墓 火垂るの墓,8.7,55249,又精致又催人泪下。可是二战时期的日本一点也不值得让人那么同情,我发誓我再不敢看第二遍,“我们做错了什么？”这话应该由日本人说么，即使是平民？妹妹的神态、动作、配音都绝了。,虽然事先知道这是个煽情的片子，知道它注定是个悲剧，还是哭了。告诉你这是个悲伤电影，在你准备好的情况下，还能达到效果，的确是个好片子,日本人博取同情的功利 是中国的N倍。
心迷宫,8.7,80427,国产犯罪片越来越好。「烈日灼心」力道够了，然剧本硬伤太重。「心迷宫」的剧本真是惊喜。如此群戏能这样流畅地自圆，已实属不易；时间线打散却又让观众能轻易缕清而不显杂乱无章，确是匠心别具地精巧。开场即惊艳；结尾父子对峙戏太棒。当然，为过审加上的那行字幕让人出戏，不过相信以后会更好。,四星半，《罗生门》架构+《怪尸案》讽刺。麻雀虽小，五脏俱全。第一幕铺垫很满，后两幕循序渐进嵌套在整个宏观的时间体系内，体现了剧本结构的匠心。尸体的几经易主令人哭笑不得，也折射出社会的荒谬与生者潜藏的兽性，罪过只得靠祈求神灵来寻求庇护。父子鸿沟也在尸体的挖(进)埋(退)两难中找到了答案,【B+】封闭的村庄，悬疑前置的凶杀，阴差阳错的众生相，故事设定和结构都像极马尔克斯的《一桩事先张扬的谋杀案》，环环相扣互为因果，挖了一堆坑，全部严禁密实的填上，故事编的一个大写的牛逼。除了为审查和怕观众不懂的而妥协的最后十分钟，以及成本问题造成的技术毛糙，五星着实。,看完之后明白一个人生哲理：贱人自有天来收......,4.5。1.终于得见[殡棺]，乡村怪尸即视感，叙事结构值五星哈。2.所有秘密都不说出，每个时间节点都恰到好处，昔日看蒙吉[西方]也有类似感受。3.村长苦逼处境被一层层剥开，是全片最华彩部分。4.父子俩隔着棺材沉默站立，那一刻情绪超赞。5.对于风格尚欠、硬件粗陋的新导演来说，整体上可挑剔的不多。
哪吒闹海,9.0,17084,~~想你时你在闹海~~,"哪吒刚刚降生，李靖就想一剑劈了他；
龙王恶人先告状，李靖却丝毫不听哪吒的解释；
哪吒制服了龙王，李靖又叫人把他绑起来；
面对四海龙王的报复，他甚至想杀死哪吒……
是怎样的父亲，才会对自己的亲生骨肉心存偏见？
是怎样的父亲，才会胳膊往外拐，站在别人那边？
是怎样的父亲，才会是非颠倒，不分青红皂白？
并非所有的孩子都是熊孩子，反而是很多父母不配做父母。
在这个“百善孝为先”的国度，《哪吒闹海》没有跟风...",个人认为其中哪吒自杀的情节有很重的虐恋色彩，我小时候第一次看到，内心有一种很奇怪的感觉。,《哪吒闹海》还是有非常不常见的地方，那便是清清楚楚告诉我们：父亲是可以杀的。,拦腰斩断的六十五分钟 被斩还有 吃人 被吃 弑父 权权倾轧 “这还你的骨肉 不连累你” 这是最大的背叛 委屈 和孤独
纵横四海 緃横四海,8.8,41490,发哥在轮椅上和红姑共舞，忘不了啊……,优雅——除了这两个字，我不知道怎样表达爱慕之情啦。,我常不自量力地寧願gorgor一直活在那兩年,这么多年，还是觉得周润发莫名其妙被人偷垒很可怜啊,周润发在轮椅上和钟楚红翩翩起舞的场面再过多少年都不会忘记
天书奇谭,9.2,14154,可以打10星,这是我最爱的动画片之一,畸形性格的形成跟这些家伙绝对有关,这个好看，童年回忆,这里出现了历史上最猥琐的玉帝形象……
我是山姆 I Am Sam,8.9,40394,怎么说呢，西恩潘的表演五星，范宁五星，菲佛五星，也被催泪的不得了，可就是不知道问题在哪里，不喜欢这个（也确实显得很真实的）故事。,哭啊 一直在哭……,哭到只剩半条人命~,孩子和“傻子”演技都很强大，更重要的是，它表现的一种富于人文精神的理念。,六星的片子，哭得一塌糊涂。老天忘了我这个可怜的小孩，偏偏要给我这部电影提醒我有些东西我永远得不到。不能重生，不能生，此生再无机会，那就只好死去了。
达拉斯买家俱乐部 Dallas Buyers Club,8.8,59819,用最轻松的态度拍出了最沉重的题材，完全不加煽情的感染人心。男演员们演技都大发了，今年Jared Leto不拿最佳男配我特么就撕逼！！！！,Jared Leto的腿比女人还美！！！Jared Leto的腿比女人还美！！！Jared Leto的腿比女人还美！！！Jared Leto的腿比女人还美！！！【说正事，这热血抗艾片真是百年难遇地好啊，仔细想想，能把life outweighs money这种俗道理包在热血的外衣下讲得这么动情深刻。fuck yea cowboy!!!!,本片最打动我的地方是杰瑞德·莱托的那一句：“I don't wanna die”那种在垂死边缘挣扎的痛苦蔓延了整个电影，原来再堕落的人也有求生的欲望，而且他们比我们更痛苦，因为他们用玩世不恭来伪装自己。马修·麦康纳和杰瑞德·莱托的表演让人潸然泪下，他们值得一尊奥斯卡，直接五星送上！,相比什么白宫管家、为奴十二载里面满满地高大上的要拿奥斯卡的春晚主旋律，这部浓浓地不屌反恐同和反艾滋歧视的片子才真是他妈地好看~里面精妙的小设计无数。男主、男配的演技完爆什么Jennifer Lawrence这种傻大妞~,一个瘾君子，一个吸毒者，同时还是一个艾滋患者，以自己极端的方式完成了一次自我救赎。从开始为利，到后来为权利，他逐渐升华为一个斗士，一个为80年代LGBT谋取正义与公平的斗士。马修麦康纳奉上了一次奥斯卡级别的表演，会不会得奖就要看评委们忌不忌讳敏感话题了
爆裂鼓手 Whiplash,8.7,91796,我在同样变态的师傅手下呆了三年，祖宗十八代被骂了个遍，没空吃饭上厕所睡觉交朋友谈恋爱，脊椎侧弯，颈椎强直，严重慢性疲劳，什么都没干，就是学敲键盘写文章。而我的极限在我妈看来不过是纸上吹牛皮而已。这个世界从不善待努力的人，努力了也不一定会成功，但是知道自己在努力，就是活下去的动力,燃！爆！了！相信每个练过乐器，或者在艺术表演方面付出过汗水的人都能找到深刻的共鸣，那种对严师又敬又怕，想汲取他们的能量却感受被逼至悬崖的窒息感，想在技术上完美再完美一点却发现音乐远不止这些的惊喜与恐惧... 片子就像里面的爵士乐，是肾上腺素爆发的血汗结晶，它不完美却无可取代,"我不否認在觀賞度上，這是部精彩的電影。剪輯犀利，節奏甚好，男主男配都有優秀演出。但是我不認同裡面所肯定的價值觀。亦即用肉體/精神虐待逼迫出來的人才是真天才，並認為這種""犧牲""是必要。我只能說那是終於找到男主可以互殺互陰配一對，但在那之前毀掉了多少個喜歡音樂又有才能的學生?",励志你妹，鸡汤你娘，努力就好是废话，干得不错是毒药，人们只看结果,流畅明快鬼斧神工的剪辑给这影片增色不少，让本来可能流于乏味的地方变得有声有色让人热血沸腾。剧本功底很不错，两个主角，最普通不过的师生关系写出了让人意外的层次推进。从事故那段之后人物关系就开始变得惊喜重重，接连好几次反高潮都让人想拍案叫绝。剧本最体现基本功的地方，就是层次感。
东邪西毒 東邪西毒,8.6,59483,"“每个人都会经历这个阶段，看见一座山，就想知道山后面是什么。我很想告诉他，可能翻过去山后面，你会发觉没有什么特别，回头看会觉得这边更好。但是他不会相信，以他的性格，自己不试试是不会甘心。” 
",“当你爱的人离你而去，你唯一能做的，就是不让自己忘记。” “如果有一天我忍不住问你，你一定要骗我。就算你心里多不情愿，也不要告诉我你最爱的人不是我。”,"当一个人没有办法拥有的时候,最好的办法就是,让自己不要忘记....
因为这句话喜欢这电影.",你以为谈的是武侠，其实谈的是爱情；你以为谈的是爱情，其实谈的是人生。,真不知道是王家卫完整了文青的矫情，还是文青的矫情毁了王家卫。
记忆碎片 Memento,8.6,79038,神奇的剪辑让故事内容呈现出了光怪陆离的多种路径，在记忆的初期，只需要烧掉两张照片，多加一个注脚，命运就会像一俩失去了刹车的悍马一样在历史的胡同里横冲直撞，莱纳在片刻清醒时的自问自答讨论存在感，需要多看几遍才理解,真烧脑子,二十六个碎片，将后十三个碎片倒叙，以彩色片形式拍摄，前十三个正叙，分别加在十三个彩色情节中，并变为黑白片，以突出纪录片的风格。后十三个碎片每个碎片再被分成两半，并颠倒顺序，黑白片时而在两半之前，时而之中，时而之后。,抖机灵这事吧，真没那么玄乎,约翰G只是失去记忆的杀手活下去的理由而已。一场无穷无尽的反复与补完，教导电影学院派诸君“管中窥豹”也会随时间轴递进转变为叙事一法。虽然没什么大牌演员，但各位的表演却也都很到位，甚至海报都与主题的嵌套法配合得恰到好处了。lenny变sammy的一处镜头是脱出困境的钥匙。
贫民窟的百万富翁 Slumdog Millionaire,8.6,65525,"杰玛在老大家中劝拉媞卡跟他一起逃走。
拉媞卡：那我们靠什么生活？
杰玛：爱。

这就是现实中爱情和电影中爱情的差距。",近年最弱金像影片。,主持人真的很像毕福剑,"just a love story again 基本上就是：《上帝之城》+《猜火车》+《阿甘正传》+《开心辞典》！本片又名：山寨富翁 / 阳光小阿三 囧！

",在这样一个现实社会之中，杰玛赢走的不仅仅只是金钱！而是生活在水生火热的底层社会中的每一个民众试图改变自身命运的梦想。
荒蛮故事 Relatos salvajes,8.8,67543,年度撕逼大戏，颁奖季最好也最好看的外语片之一。丛林心态下，所有的人都是animal，所有的故事都是蛮荒故事。精彩翻转，虽癫狂，细思却并不意外，生活实际的样子，远比这荒谬得多。某种意义上，<消失的爱人>是喜剧，<蛮荒故事>却是悲剧。因为前者是刻意的虚无，后者是真实残酷的白描。,同样展现社会暴戾情绪的阿根廷版《天注定》，但要比后者艺术、幽默和高级很多。可以从中胡乱联想到马航、反拆迁、药家鑫、T3爆炸、深圳车祸顶包，外带一个巴尔干谅解式的合家欢结局。,人生的大喜大悲实在是太TM刺激了。8.7,主竞赛黑马，阿根廷天注定，看过的都叫好。六个因仇生暴的小故事，每个都张力十足，戛纳巴赞厅里大笑不断。除了天注定，还有拉美版无人区、全民目击等等，差不多的故事，明显人家拍得更劲道。经典配乐、独特角度的运镜也很风格化。不知评委之一的贾樟柯看了作何感想？,拉美人民多奇志，拉美导演有邪活。年度最值得期待、最超出预期的荒诞喜剧，劲爆黑色邪典幽默调侃社会弊端人生百态，猛打鸡血笑中带泪。视觉语言极其娴熟。喜剧版《六个道德故事》。《断背山》《通天塔》配乐师桑托拉亚拉美风情吉他电子音乐燃爆全场。
黑天鹅 Black Swan,8.6,128095,那一颗星星是被吓掉的,舞台上那段黑天鹅太惊艳了！！！！！！Natalie这牛逼演技！！！！！！,在离成功还差一步之遥的时候请不要丧心病狂,不配5星，至少20星。,其实没想象中精彩，精神分裂的表现力度不太够，手法也比较陈旧，差出fight club几个档次，大半夜的愣是没让我有一丁点紧张或局促的感官反应。反倒是配乐和Natalie的精彩表演收服了我，整部电影在交响乐的烘托下活像一出慷慨悲壮的天鹅舞剧，Natalie美翻了
头号玩家 Ready Player One,8.7,249098,全场喊牛逼！没啥是斯皮尔伯格做不到的了，在一个商业片中把所有的特效情怀和爱结合得完整而彻底，让影迷乐迷游戏迷接二连三地高潮，即使都不是也能看得花枝乱颤，这样应该算是完美了吧。而最后也竟然默默抹了把眼泪…Reality is the only thing that is real.,9。我爱这部电影，就好像我的梦想是能进入马丁·斯科塞斯的《出租车司机》，看罗伯特德尼罗枪杀嫖客和鸡头，营救朱迪·福斯特。所以，我爱这部电影。,这片讲述了“绿洲五人组”寻找终极彩蛋之旅：第一关告诉你，有时退一步，就是海阔天空；第二关告诉你，人生很短暂，关键的一步一定要迈对；第三关告诉你，不以输赢论英雄，找到乐趣、享受人生；最终关告诉你，别沉迷，活在当下。片中各种游戏、动漫、影视彩蛋信息量太大，必须多刷！,     大开眼界！对我这个只玩过斗地主的电脑游戏盲来说，《头号玩家》的内容确是匪夷所思。年轻观众欢呼雀跃的无数“彩蛋”我常常无从辨识，一头雾水，但是观影体验仍然痛快、满足。比我小四岁的老导演斯皮尔伯格，如此旺盛的艺术想象力和娴熟才华，让人佩服不已。后半部渐显落套，也无可苛求。,恕我直言，比老斯会拍爆米花电影的人还没出生吧？玩梗玩的贼6，金刚、侏罗纪、异形、哥斯拉......闪灵那段更是惊艳到爆炸，惊喜一个接一个的来！还有能不能轻虐我们钢铁巨人啊，心疼死了～
花样年华 花樣年華,8.6,71213,谁先感到了寂寞，谁就输了。,张小姐小腿不错，梁先生发型不错。,这些年来我一直想问你，如果有多一张船票，你会不会跟他走？,深夜，雨巷，慢镜头；暧昧，寡欢，语还休。与君淡如水，千杯亦不醉。,“回去给我打个电话，你不用说话，响三下就好。”看这部时真的会觉得旗袍就是为张曼玉而生。
你的名字。 君の名は。,8.4,223309,这一次要给新海诚打200分，在我鄙视他不过只是纯情小清新的10年前，没料到有朝一日会在电影院里哭到断气。恍惚看到了穿越时空少女时期的细田守。为所有的少女心和中二病鼓掌，青春不死就能相遇，就能拯救地球。现在我抹着眼泪走出影厅，看到后排的少年摘下眼镜，嚎啕大哭起来。。。,和《追逐繁星的孩子》同个毛病——一个平时专注于言情的人看了科幻小说之后可能就是这样的，他执着于用新学到的概念来包装自己的认知，而不是放手让这个概念去革新它。,高配版大鱼海棠，奶奶是夏日大作战穿越来的。新海诚老生常谈，节奏没把握好，人物单薄，插入曲太满，突发式琼瑶情节多，怪不得赞新海诚的论文入不了学院派教授的眼。第一次看到电影带OP，简直呆。日本最近几年天灾频频，哭的观众大概被这个触动了吧。总之二次元言情向，影迷慎看。岩井俊二打了个酱油~,新海诚终于会讲一个复杂故事了，真不容易啊！当年那部搔首弄姿、无病呻吟的“言叶之庭”差点让我转成终身黑，“君之名”却轰出了我睽违已久的少女心。彗星降临的末世情怀，穿越时空的灵之绳结，只有7秒钟记忆的鱼...星空、爱情以及所有遇见都是注定。,你我相逢在黑夜的空中，你有你的我有我的方向，你记得也好，最好你忘掉，在这交会时互放的光亮。
卢旺达饭店 Hotel Rwanda,8.9,31994,我们看了那些屠杀的镜头 然后继续吃大餐,"很早以前看黑镜头就知道这段历史了
片中还是侧重于胡图族对图西族的屠杀
但实际上 在图西族控制的地区 
对胡图族也发生着同样的杀戮
这是一场无法说清的事实
事实没有真相
只有荒谬的让人不可理解
人们用最原始的武器棍棒刀叉去和自己的邻居搏命
只因为他们觉得 不杀死对方对方就会来杀自己",我所听过的最美的片尾曲，震撼心灵的人性故事，愿真善永存，苦难和邪恶远离所有人,记着人世的罪恶，也记着在罪恶中的人性光芒,人祸最惨。可我们看完新闻，还是会安心的吃完晚餐。
人生果实 人生フルーツ,9.5,28219,看这部片子的时候突然想到，生命的长度也许不该从出生计算到临终，而应该由自己觉得开心值得的一刻一秒累加而成，这才是“人”生。,爱其实很小，它可以穿过针眼。,人類動容時刻。不要說什麼這是理想晚年，先從年輕時做到“能動手就不麻煩別人”吧！【2018.01.22】,实力羡慕花子，爷爷奶奶太宠溺了吧……树木希林的旁白好好听……生死部分也特别好。,这样活着，才会越老越觉得人生美丽。修一先生睡梦中逝去，是喜丧，又是高寿，而且死在妻子前面，夫人再也不用担心自己先死的话丈夫怎么办了。夫妻俩那么大年纪，却那么灵活，也没糊涂，丝毫没有暮气霭霭的感觉，真难得。老太太说女生一定不能没有笑容，除了睡觉时候不能躺着，真是让我惭愧。
釜山行 부산행,8.5,165079,妈呀韩国这丧尸片一来就全民皆丧而且个个跑得飞快！套路齐全、概念明确的商业电影，有阴谋有人性有牺牲，最后剩谁一目了然。看别人都从好莱坞毕业了我们还在比妖塔盗墓谁更烂，我心塞...,这部片子里的孕妇和甄嬛传里的孕妇战斗力不是一个次元的,丧尸再也不是西方的专利了！韩国影人再一次向世人证明了他们非凡的叙事能力和精巧的借鉴本事。没有好莱坞式拯救人类的大英雄主义，多了的是人性的反思与情感的刻画。无论怎么看，这部电影都是亚洲影界的头一遭，五星鼓励！,大叔真屌，不过这个故事怎么看都是一个贱人害死一堆好人，让人生气,气死我了，你们为什么不等天黑再出来?为什么?!?!?!
雨人 Rain Man,8.7,41286,原来童年最好的伙伴竟然是最亲密的兄长,演技派与偶像派的完美结合，感人,Rain Man，Raymond,公路片是建立人物情感联系的最好模式,霍夫曼的眼睛太深了
忠犬八公物语 ハチ公物語,9.2,16991,喜欢教授那句话：人有人格，狗也有“狗格”。日本动物爱护管理中心主页上写着：1.无法继续豢养的动物，请不要丢弃（以前是免费，现在只需交付2000日元即可由保护中心收容接管）。2. 遗弃、虐待动物是犯罪。3. 遗弃动物者，处以50万日元以下罚款。4. 杀、伤动物者，处以一年以下刑拘或100万元以下罚款。,“为什么要等一个永远不会来的人了？” 比美版更平实、简单，没有煽情和太戏剧化的情节，但美版先入为主，还是更喜欢美版。,哭死我也,美版突出悲伤氛围的塑造，日版则显得更加真实。除了八公与主人外，日版更多地刻画了八公与其他一些人之间的种种。相比美版里大家都爱的八公，日版里的八公则是忠诚过头而遭到其他人厌烦像踢皮球一般推搡的对象，也因此更加真实感人。,反复叮嘱家人：狗狗也有狗狗的权力，要保护狗狗权力的教授，台风天担心阿八着凉所以淋雨把阿八抱进屋取暖的教授。给阿八抓虱子还要整齐排列的强迫症教授。和阿八一起洗澡的教授，看到阿八在车站接自己，满足骄傲的教授。想到这么温柔的人一会儿就要死了，我的眼泪根本止不住。阿八啊，你久等了。
头脑特工队 Inside Out,8.7,86935,不止是卖萌的画面和天马行空的想象力，看完电影后会重新审视自己的情绪，记忆，甚至梦境。BingBong消失的时候我哭得和Toy story3结尾时一样……,为嘛我觉得不怎么好看，有点无聊,单看海报，可能动画形象并没有那么招人喜欢。可是整部电影的充满着想象力，它似乎为我们日常生活中的很多想法与行为赋予了合理性。这应该是一部给大人的动画片，很多桥段成大了才会更有感触。,当还在为国产的画质欢呼的时候，皮克斯已经在剧情方面做到无可挑剔了。,这部探索“脑洞”的动画新意十足，重回最高水准的皮克斯用它成熟而独特的叙事节奏牵引观众的内心，成长道路上的阵痛与迷茫最终迸发
模仿游戏 The Imitation Game,8.7,85905,他给机器起名“克里斯托弗”，因为这是他初恋的名字；他同意接受化学阉割，因为这样政府才不会把它带走：这大概是今年大银幕上最含蓄和悲伤的一段同性恋情了。全世界的恐同者都该知道，他们用来敲出每个仇恨字眼的电脑在很多年前曾有一个名字——“克里斯托弗”。,太惨了，做人怎么能这么惨，惨得我和女士看完电影坐在椅子上一边擦眼泪一边思考了五分钟人生，上一次哭成狗的lgbt电影还是断背山。现在终于感觉，一个很厉害的人过得很惨，比一个很惨的正常人丧多了。,真的很好看…最后简单冷静的几行叙述文字本来我有一种欣慰的感动但准备会心一笑又觉得一种莫名的委屈，然后“噗哧”一声我就哭了出来…真的是五味陈杂啊T~T and thank you for bringing Turing back,这个世界由阳光、空气、偏见组成。我们歧视不同种族的人，我们歧视不同信仰的人，我们歧视不同性向的人，我们歧视任何观念与我们不合的人，我们甚歧视仅仅是出生地不同的人。如果技术进步可以忽略不计，这个世界千万年来没任何改变。偏见是人类心灵的巨大鸿沟，原因再简单不过，仅仅是我们都渺小的相似,最后她去看望他，拥抱他。他孤独地站在那一排为之奉献一生并恩泽全人类的庞大机器面前说，I’m not alone，never have been。然后伸手抚摸那些柔软的冰冷。它是他的恋人。而谁记得，孤独的孩子，你是造物的恩宠。
一个叫欧维的男人决定去死 En man som heter Ove,8.8,62173,剧情其实特别套路，每一个步骤都似曾相识。欧维就像飞屋环游记中的卡尔，怀念着完美的故人的同时偏执和固执被邻居一点一点的磨平最终变亲近。淡淡的音乐伴随着平凡又不平凡的小人物的一生。最后一幕真的无法不想到泰坦尼克吧。,「可是我撞了一辆车」「有什么关系，那是沃尔沃」分享一个萨博控老丧比，一个被医生定性为「心真大」的铲屎官，一个未来的我,越多白痴的声音议论她，我对她仅存的回忆就越少。,看完第一件事去查了下萨博这车，很屌很牛逼，几经周转，已经停产,这部电影的前十分钟就是我们的未来，旁友们。独居，失业，没有另一半，被年轻人嫌弃，想死死不成。
黑客帝国3：矩阵革命 The Matrix Revolutions,8.7,24602,不说好，是因为你没看懂,"见过太多的才子，才发现都是膜拜的傻子。
到底有多少的电影有你的影子。",相对于第一部与第二部，这次的完结篇动作场面和特技场面大幅增加。以表达“和平”为战争的主要目的，并且还有几条感情分支为辅助，以大规模机器人作战和最终一战都堪称完美，也让这个经典的科幻作品画上了完美的休止符。★★★★,一集不如一集。,以前科幻看得少，不太能理解，现在再捋一捋剧情发现简直是神作！ 可惜了这俩导演后来再没拍过有点口碑的片子了
你看起来好像很好吃 おまえうまそうだな,8.9,59796,里面的恐龙都像是一群会走路会说话的龟头,这个故事告诉我们霸王龙也是可以过肩摔的！！！！！！（小甲龙的声音怎么可以这么萌T▽T（话说这片是天然腐啊兄弟爱父子情敌友CP啥的,萌爆了~~~ umaso到底是神马龙呢=..=?,曾经被这个系列的漫画感动到哭。电影版努力融合了原版的几个故事，但最终把原作的悲剧改成了温情，催泪效果因此减弱。一定要看原作。,电影宣扬的是一种自我牺牲式的爱，很欣慰最终并没有否认弱肉强食，也没有出现赵氏孤儿般的复仇。不似迪士尼动画清一色的大团圆结局，世界就在这样的既定秩序下不平衡地平衡着。“很美味”小朋友严重戳中萌点哦。
无敌破坏王 Wreck-It Ralph,8.7,71371, 必须今年看过最好看的动画片！在电影院听到我大村姑团的歌曲实在太威武了！,"不出意外这应该是今年最好看的动画片了！片子里面一""下""一""上""两场戏都超级感人，小催泪。""Hey, look at the high definition of your face!"" lol",非常过瘾。大反派破坏王为赢得尊重跑到另一个游戏里冒险，各种奇遇和阴谋危险。。。故事紧凑精彩，画面非常绚丽漂亮。游戏背后的世界勾起我们的童年回忆，充满对老游戏的致敬，有点初次看《怪物公司》的感觉。情怀深度故事画面样样不差，个人目前的年度最佳动画，颇有奥斯卡相！,如别人说的，确实有点皮克斯乱入迪士尼的意思。靠回忆赚分数的电影。像素游戏、街机回忆，尤其是“上上下下左右左右BA”这种，让我这种长泡游戏厅的人实在无法防御。故事简单有趣还带些温馨感动。角色也可爱，特别是那个小女孩，又萌又坏，萨拉·丝沃曼的配音也棒。今年在影院看过的最喜欢的一部动画。,一个反派从自我否定到自我认可、从被别人轻视到被别人需要的叛逆冒险之旅。但其实画面、配乐、字幕已经足够让感官享受很久了。中途睡着后再醒过来也一样可以看哭，又破涕而笑。
未麻的部屋 Perfect Blue,8.9,41324,达伦，你到底从今敏那里偷了多少灵感，这和《黑天鹅》的设定有很多相似之处啊！镜子的割裂，心理暗示，散碎的剪辑，真他妈牛逼。,片子结尾将一切坐实为留美所为不能不说有丝遗憾，其实我个人更赞赏影片60多分钟时的那个剧情构思和说法，即，之前所发生的一切只是一个名叫高仓阳子的平凡女子的人格分裂，把自己幻想为偶像歌女雾越未麻，把自己不堪回首的遭遇幻想成在演戏，藉此得以解脱。,"1小时20多分钟的片子, 却感觉像2个小时的片, 不是因为无聊难耐, 因为涉及几个人的人格分裂和精神错乱等, 情节复杂而且引人入胜, 给人一种内容满满的感觉, 同时故事的节奏处理得相当好, 讲述得干净利落, 一步到位, 点到辄止. 不过真想不到, 今敏也会有这么残忍的作品...",惊悚得头发梢都立起来了，今敏就是动画界的大卫·林奇啊！虚实切换得让人叹为观止～,谁来告诉我用动画代替真人电影中的悬疑惊悚精分什么的具有什么优势？我认为动画就应该尽其本分，表现童话神话之类的狗屁，不应该承载真人电影的使命。诚实地说这片子我看不进去，动画的形式大大削弱了我的兴趣。今敏不是不牛，他的回忆三部曲就明显是合格的动画，比这个好
恋恋笔记本 The Notebook,8.5,98438,我会永远记住你。爱情没有那么多借口，如果不能圆满，只能说明爱的不够。,英俊的木匠啊，一見鍾情的表白竟然能支撐整個一生。如果在現實里能有人長情到這地步，哪怕是同性之間的相濡以沫，也值奮力擁抱死去時緊握雙手。她恢復記憶的時候不超過五分鐘，推開他的一刹那，比任何一次的分別還要惹人眼淚。最後算是圓滿，你不會失去什麽，在蹣跚、年邁、冰冷軀體，舊時的烈火中。,俗套的好看。“爱情没有那么多借口，如果最终没能在一起，只能说明爱的不够。”,哭了！他把那房子做了疗养院。James Garner、Sam Shepard的演技哇！我喜欢Sam演的那个爸爸！,有几个细节很感人，不过总感觉故事有点散，悬念也解开的太早，故事的震撼也少了许多
冰川时代 Ice Age,8.6,33223,这只松鼠才是角儿！,成年后再次接触动画片的最初几部，当年刚上大一，跟《怪物史瑞克》一样刷新了我们整个宿舍的眼界，动画片可以这样精彩和不分年龄。,哈哈，那只贱贱的松鼠实在是太令人想搓拉几下啦。,非常搞笑，脑洞很大，松鼠太逗了,故事差了点，角色是主宰。浆果抢了松鼠的戏；松鼠抢了树懒的戏；树懒剑齿虎长毛象合伙抢了小北鼻的戏，搁在真人电影中，小北鼻一定是主角。但这是动画片，动物的萌趣潜力，远高于人类。不过冰裂救虎那场戏有点矫煽了。而且动画片里搞悬吊桥段，基本已经失去了真境下才能产生紧张情绪功能，更何况那么大块头掉下去，说喷上来就喷上来。果然是动画。动画很难真正进入暗黑危机时刻，因为这种时刻所要唤起观众的情绪走向与其固有艺术形...
海边的曼彻斯特 Manchester by the Sea,8.6,101863,我们都有权利不与自己的过去和解。#2016TIFF,那些劝我们向前看的朋友，“不是所有人都可以和过去和解”,"生活像是曼彻斯特的雪，干燥而冷硬，无情地嘲笑着折磨着裹挟其中的每个人，将最后一点温暖掩埋于六尺之下。""I can't beat it. I can't beat it.""",又名《回忆杀》。有遗憾和失望，二刷后感觉对角色的好感甚于电影，卡西的角色写得演得太饱满了，让我对这个角色产生了依恋感。,人生的伤口，二十五岁之前怪父母，二十五岁之后怪社会，最惨就是巨大伤口摊开在那里，腐臭流脓永不愈合，然而，无人可怪
二十二,8.7,52670,可能成为这些老人最后的影像了。不谈技术，这部纪录片本身的意义值得五星。,没资金，采访人数少，资料缺乏，能拍已经是勇气。这种题材，还想组织得多丰富多显眼？打分低的是多专业呀！！！一堆评分低的说些白痴都知道问题。还有一个说没准备好！准备好，老人都走了吧！无论如何，伤疤都在哪里，不是谁去揭不揭的问题。不然老人跟他们说谢谢，不跟你们这帮脑子进过期豆瓣的人说,被将近结束时的一段话打中，大意就是，早知帮她们跟日本政府打官司不会有结果，就不去打扰她们了。其实，不管是去打扰她们，还是不去打扰她们，我都能理解。只是记得尊重她们，尊重她们的疼痛。她们不是被八卦的对象，也不是国家间唇枪舌战的武器。,题材很好，但是这部纪录片几乎没有成形的故事，以大量空镜头表现情绪，对内容进行碎片化的罗列，而挖掘不深，镜头语言上的调度目的太过于显著。虽然知道拍摄很难，但是纪录片毕竟不是写调查报告，必须作为一个成熟影像展现给观众。,看看那些整天喊着要打仗的脑残们。
海街日记 海街diary,8.8,73952,“有些电影惊心动魄是在提醒你它是部电影，而有些电影平平淡淡是在告诉你这是生活。”,四姐妹在自己家还得穿胸罩，看来大家的关系也没有很好！,是枝裕和依旧干净细腻的日常化风格。仲夏，烟火，梅子酒，沙丁鱼，贴窗花的推拉门，四人的暖炉桌，樱花汇成的隧道，火车经过的小镇，梅雨时节走过的阶梯，沙滩上的脚印，最后所有温柔隽永的情感都堆积成随着海风轻轻拍打过来的海浪。真想也这样过好自己的生活。,5.0。1.一部让人想努力活着的电影。2.六月的镰仓满是海街的水汽，才回新宿便开始万分想念，也终于有幸在东京看了场是枝的电影，我想，那样的美好恐怕以后都很难再有。电影里并没有紫阳花大片盛放的空镜，但四姐妹的和服烟花戏真的好美，我想，那是一个梦一样的乌托邦才对。,平庸？！远了的先不说，就是和被捧上天的上一部《如父如子》比，这部也明明更有味道，根本舍不得它结束。年度十佳
哈利·波特与阿兹卡班的囚徒 Harry Potter and the Prisoner of Azkaban,8.6,31672,阿方索·卡隆把黑暗紧张，幽默风趣，还有机智巧妙的构思完美地融合在这一部电影中，让人意犹未尽。,这一部比前两部好看,哪头森林里跑出来得发光得鹿！,回顾一下发现第三部也很喜欢的哎wwwwwwww换了导演整个节奏都不错，双胞胎在这部里各种萌点活点地图也♥♥♥,风格诡异，赏心悦目，最魔幻的一部HP！片尾的活点地图效果更是棒得无法弹，整部的摄影效果也超级绝美，大导Alfonso Cuarón，感谢您！！！！！❤[2004年9月初看的]
虎口脱险 La grande vadrouille,8.9,24495,永远看不腻的喜剧！,虽然不合理，但能够娱乐。,法国喜剧展。终于在大银幕上领略了这部经典喜剧的风采，其实称得上是战争意淫剧的始祖，只不过咱们中国的《举起手来》学的太低劣，人家很高级罢了。里面的剧情bug很多，但是笑点设计的很高级，过去几十年仍能给人们带来欢乐，这就是经典喜剧的魅力。菲耐斯真的是喜剧天才，他的名字值得被更多人记住,永远看不腻的喜剧,“胜利属于我们” 没想到60年代就能产出如此纯粹的喜剧。
新世界 신세계,8.8,46964,弄巧成拙姜科长，无心插柳李子成，唯我独尊李仲久，超长待机是丁青，壮哉天朝大黑客，实力助攻小延边，智商不够高局长，我没看够宋智孝,md，太好看了，害怕她一点点演完。虽然一开始就猜到了结局，但是拍的真带感啊，尤其是戏骨黄的车库突围戏，那叫一个悲壮。棒子又一次感动了我，好电影,最后还是华侨统一了南棒黑社会，中国人最狠啊。。。,香港黑帮电影被弃之如敝屣，逐渐走向末路。韩国拿去玩的得心应手，这部明披着《无间道》皮，暗里却走着《黑社会》路线的影片，在模仿的同时还犹有超越。警匪两道的黑暗，兄弟情义的渲染，几乎让人压抑窒息的节奏掌控，和一黑到底的结局，五星。,韩国电影的山寨路线中心思想就是【西巴！】——要做就做狠一点，于是，新鲜的东西就出现了。
房间 Room,8.8,61224,电影开场一个半小时：卧槽原来这孩子是男的！！！,小演员没提名最佳男主角，一定是为了把小金人让给莱奥纳多。,女警察询问那段。。热血沸腾,终于明白为什么纵然逆天如卡罗尔里面的女王大人，今年影后的赔率还是不如 Brie Larson了，演得真好。虽然后半段节奏有瑕疵，但故事说得挺完整 #向过去告别才能拥抱新生活的开始，否则就永远是个阴影#,小孩完爆小李子
雨中曲 Singin' in the Rain,9.0,26400,老电影总是快乐得那么纯粹,我曾无数次从《发条橙》、《AI》、《如果爱》、《WALLE》里看到对《雨中曲》的致敬 今日终于承认：这就是人类歌舞片的巅峰，超越《音乐之声》，秒杀一切，无与伦比。当然 刻画、节奏、布景等等有着非常多的毛病 还是搁置下来 好好看看吉恩凯利俘获美人心时的那副小样吧 这绝对是影史最珍贵的片段之一,不只是经典的歌舞片，还有好莱坞电影工业无声变有声的历史跃进。这也许就是我对《艺术家》始终无感的原因：看过了真迹，谁会喜欢一个仿造的赝品？那样的星光，那样的雨滴，哪怕再过几十年都会一直定格在我的脑海里...,虽然下着大雨，心情却不潮湿，因为有她——  一个与彼此相爱的女子。漫步雨中，收起握在手中伞，在雨中尽情的欢唱与起舞。配乐满分，舞蹈满分。那些搞笑的舞蹈动作让人看着心情不自觉的轻松与愉悦起来。如果你伤心难过，如果你郁郁寡欢，如果你失落空虚，那么就在雨中高歌一曲吧。,1、雨中舞；2、长丝巾； 中国电影资料馆，MGM影展
恐怖游轮 Triangle,8.5,109243,好吧，Triangle，多好的名字，谁TM给译成《恐怖游轮》这个标准的B级片片名的！？,不要企图在重复中寻找已经失去的爱,4星，看过两遍以下者不要随便说有BUG，拜托您先多看几遍再说！又是“从前有座山，山里有座庙，庙里有个和尚讲故事的”的死循环的穿越片，很牛X。解析看http://www.douban.com/review/2820200/,无限循环。衔接点是个漏洞。洞不大。,stay+穆赫兰道+希腊神话+蝴蝶效应
人工智能 Artificial Intelligence: AI,8.6,54115,天才儿童演员.,有点拖沓,有些电影，是你在当下觉得了了，而今后偶然回想起某个片段，才会为它痛哭一场的，比如，戴维从残破的大厦上落入水中的那一幕。my love is real，but I‘m not。,不管如果老库在会把片子拍成什么样子，不管有多少漏洞，我都觉得斯皮尔伯格这次都是很成功的，实实在在的打动我了。,每看这样的片子，都对人类更绝望。卑鄙、愚蠢、自私、懦弱、残暴，实在是宇宙间最丑恶的生物。别怪塞林格会说：我认识的人越多，我就越喜欢狗。
魔女宅急便 魔女の宅急便,8.6,39283,宫崎骏的电影总让人感觉世界是美好的，阳光明媚的,这是一部令人身心愉悦的动画片，画面柔和甜美，音乐明快，观影过程如同在海边沐浴着柔美的海风，心旷神怡。两只猫轻轻走过爬满青藤的墙上，那种水粉画般阳光充沛的慵懒午后的感觉在心中荡漾开来，世界是如此美好。这就是我们心目中理想的海边小城，宁静祥和，人们衣着整洁、面带笑容，永远快乐地生活,与外表相反，宫崎骏的“核”一直都蛮硬的。观众其实只是想消费一个可爱的童话故事、浅薄地感动一下而已，但宫崎骏总要讲一个大道理，因此故事总要讲得残缺，叙事留下一些豁口。匠人精神所在，不过优劣就掺半了。,学会一技之能，善加锻炼，让自己承认自己，面对这个庞大的世界，相信自己的能力很重要。,宫崎骏的动画我最喜欢这一部。开始我不知道为什么，有一天我姐姐说，你看过《魔女宅急便》吗，那个琪琪好像你哦。
惊魂记 Psycho,8.9,33851,且看诺曼的last smile  毛骨悚然！,"""伪""的就是""娘""！",最后那一抹笑容堪称经典。,太棒了。没有色彩的胶片照样充满着喷射而出的血和惊恐。即便是几十年前的片，精神分析的段落也不输。有个bug就是Marion死掉以后脖子上的脉搏还在抽搐。。然后安东尼博金斯果然娘炮。。。再然后，这是不是Howard老妈这个角色的灵感。。囧,希区柯克这回出现得太早了点，让观影的乐趣一下子降了不少。还有最后那个心理医生那趾高气扬的神情让人很不舒服。
哈利·波特与密室 Harry Potter and the Chamber of Secrets,8.6,29696,再没有什么比一封吼叫信更叫人晕菜了！,最最最欢乐的一刻是当邓布利多宣布取消考试、全部学生都高兴地拍掌的时候，赫敏幽怨地说了一句：No~。,影片让我印象最深刻的就是巨型蜘蛛，看得我毛骨悚然。哈利已有长残的倾向了，而小赫敏已活脱脱成一小美人了。怀念理查德·哈里斯，他的邓布利多让人印象深刻,邓布利多说：让我们成为哪种人的并不是我们的能力，而是我们的选择。,略逊于前作，但有精彩的剧情作支撑，整体还是不错的，赫敏越来越漂亮了。
海洋 Océans,9.1,31896,太震撼的画面了，目瞪口呆看完全片。砍鱼翅那一段的惨烈堪比《海豚湾》，配乐相当不错。全片就像是由千万生命谱写演奏的谢幕曲，如此绝美绝望，而镜头前的一切都在不断消失，请2012来得猛烈点吧。,从此更加讨厌人类了，世界末日果然是有用的...,没有奇观，没有科教，没有故事，什么都没有。,这个剪的确实有点歌剧感觉了,觉得阿凡达很壮丽？你得看看这个。
奇迹男孩 Wonder,8.6,101560,有种糖放多了的感觉，精华基本都在预告里了。但对孩子们的纯真友情毫无抵抗力啊，就像被温柔的抚摸了一下软肋。Jacob Tremblay涂着厚厚化妆都能感受到演技，小李子真好意思把奥斯卡摆在家里吗...,其实这更像当代童话，因为，实在是太暖了。里面每个人都那么暖，怎么可以那么暖，怎么可以那么暖！像一个暖心的童话故事。虽然，我也怀疑这样故事的真实性，但是，却喜欢被这样暖的故事感动，一度哭到不行。,把“生而为人，很抱歉”，变成了“是个人，都应该与人为善”，多视角还挺有意思的。人与人的孤独重量，都是同一种地心引力。虽然不出意外的，所有人都是自带光芒的nice好人。,结尾把奖颁给另一个小孩就好了，特殊人群需要的不是特殊关注，而是不被当成特殊人。,很久没有一部电影能像《奇迹男孩》那样让我从头哭到尾了。
疯狂的石头,8.4,58235,最可贵的一点是没把观众当傻子。国内电影都指着这样儿拍就行，嗯,学大烟枪学Snatch学得很足嘛..套了国风的外壳，很多内容（比如杀手的山寨货等等）也符合国情，就是画面欠点火候.黄渤为本片中最亮眼的配角.,有技巧的娱乐片,很精彩，算是里程碑式的作品，带火了同类型的各种电影好几年经久不衰,宁浩这部小成本喜剧捧红了黄渤，又让郭涛，徐峥迎来了第二春！
罗生门 羅生門,8.8,41857,想起史铁生的一句话：“历史在发生时未被发现，在发现时已被重组”，没有绝对的真实能在叙述中被还原。很赞同看过的一个说法“谎言的对立面是宽容”，听者的理解力与接受度影响着叙述者对真相还原的保留度，你若能对他的懦弱退让和罪恶表示宽容，兴许由着这份信任就能更贴近真相了。,看于复旦三教的一个夜晚。走出教室，但走不出黑泽明。,看不下去啊看不下去啊女主角太丑...,人，不需要任何理由就要说谎,人类生来就是自私的，在这个故事里没有谁对谁错。谎言＋推翻，即使在近几年这种形式仍旧很时兴。
燃情岁月 Legends of the Fall,8.8,39998,每个画面都是那么温情且壮阔，还有那刺痛到灵魂深处的音乐，众人到位的表演。故事虽然并不那么引人入胜，但要表达的思想却是很容易赢得共鸣的。燃情的岁月，一世的真情。★★★★★,Tristan非常让人着迷，他是一位真正的自然之子。,“有些人能清楚听见自己心灵的声音，并按这个声音生活，这样的人，不是疯了，就是成了传说。” ,皮特就是这部最帅了吧,这些人压根没把自己的命当人命来活，他们活的是莽莽草原茫茫大海，活的是如血秋日和从心所欲的野性，遵守的也是血浓于水、成王败寇的丛林法则。社会意义上的人伦法律道德对这种极端到危险的浪漫主义是失效的。我不喜欢这个片子的价值观，然而也无法否认心底对这种生存方式的无限神往。
终结者2：审判日 Terminator 2: Judgment Day,8.7,22716,少见的超越首部的续集，动作片中的经典~~,可能看过差不多十遍，为红色头发的furlong着迷，最让我疯狂的不是他那青春美好的面容，而是他眼睛中超越他年龄的沧桑世故。。。他才是我眼中最美的少年,比3强太多了,液态机器人的创造者叫戴森，所以脑袋就经常被轰成中空的圆形。（胡扯==,最大的光芒，就是这个肌肉发达不苟言笑的机器人学着人类勉强的挤出一丝微笑，还有最后沉入沸腾钢水炉里伸出的那只翘着大拇指的手。有思想的机器人，可以让人感动到泪流满面，但仍能学到人类的贪婪狡诈，这是个矛盾。所以在温情下，我隐隐的看到有思想有感情的机器人所带来的未来的恐惧。
穿越时空的少女 時をかける少女,8.6,56329,她有一条神奇的永远不会走光的短裙!,打多少星都不够,我在未来等你...,爱杀真琴的性格和他们仨的感情。时间静止的画面。动画比人演得好！吉田潔的音乐大赞。,时间细水流长，莞尔逝之。相逢相处顷刻间，甘美永葆。
魂断蓝桥 Waterloo Bridge,8.8,29422,"小时候跟妈妈在电影院看的 还记得妈妈哭得不成样子 爱情 尤其是残破的爱情 是可以穿越时空 打动任何人的
",悲剧是把美好的故事撕碎了给人看，用此话来形容这部残酷美好的电影，估计是最恰当的表述了吧。天真可爱又傻傻的玛拉，让她无法面对纯洁的爱情，可是放到现在，谁又会在意的呢？罗伊爱的是你，不是你那些不愿提及的过往。罗伊一见钟情后巴不得将玛拉介绍给自己认识的所有人，又是多么萌和可爱。,喜欢这部电影的人应该很多。影片描述了第一次世界大战期间，陆军上尉罗伊在休假时偶遇芭蕾舞女郎玛拉，两人一见倾心的浪漫爱情故事。但是残酷的战争改变了人的命运，美妙的爱情也随之化为泡影。观影的过程中体会到悲剧就是把美好的东西毁灭给人看，随着剧情的发展从欢喜到痛苦，还有深深的惋惜。,费雯·丽灵动的大眼睛流露出来的欢喜，雀跃，遗憾，伤心，悲悯，痛苦，始终记忆犹新。,我也不清楚这是什么感觉 总觉得中国的文化底蕴碰上美利坚怪怪的
爱在午夜降临前 Before Midnight,8.8,53901,"""We appear and we disappear, and we're important to some, but we're just passing through. """,结婚快10年互相之间还有这么多话可讲，还有性生活，这他妈不是真爱是什么？,飞一般的超越，硬生生的被朱莉的嘴炮给弄哭了。。那些随口就能背诵莎士比亚台词的人们是多么的可恶啊！那些吃个下午茶都在谈哲学谈人生的人们是多么可憎啊！那些连夫妻吵架都引经据典的男女是多么可怕啊！对彼此来说我们多么重要，可最终还是过客，我失去你，不是以死亡为界，而是再一次。。再一次。。,十八年后他们变成了相遇那天火车上喋喋不休争吵摔门的德国夫妇,作为Before的系列路，我终于在中年危机这里转了粉。Sunrise太甜，Sunset偏酸，只有Midnight酸甜苦辣都入了味。数度被台词戳中，我不得不一再提醒自己：那些只是台词，它们不是真的。
初恋这件小事 สิ่งเล็กเล็กที่เรียกว่า...รัก,8.4,163478,一场强大的暗恋背后其实还有另外一场相反的暗恋,要不是这狗血的结尾我会打五星的！最让我感动的反而不是初恋了，是这群丑小鸭之间的友谊，让我想起我初中时候的那群小姐妹，“朱古力跳跳队”——谢十三、吴玲、杨秀丽、徐星云、拉链、吴美，还有我，一共七个，傻妞！十二万分怀念那个时候的我们……向青春致敬！,我好想跟男主角初恋啊！！！要不然初夜也行……,不是每个丑小鸭都会变成白天鹅，但每个丑小鸭都会倾心的爱过,唯独最后一刻他说，我一直等那个人从美国回来，眼泪真要随女主角一样掉下来。可是我，已经不相信这种王子和丑小鸭的故事了呢。要知道，初恋的美好在于，它没有后来。
可可西里,8.8,29482,"“你看过磕长头的人吗？他们的脸和手特别脏，但他们的心特别干净。” 
",看着藏羚羊的眼睛，你的内心会怎样？,带给我的震撼远远超过电影本身,中影史：这是一部反映生命历险的故事片，它通过猎杀藏羚羊和阻止猎杀藏羚羊这个载体，讲述了人在绝境中的生存挣扎和人与自然的相互抗争，讲述了可可西里巡山队从诞生到被解散的悲剧命运。这本质上是一部关于存在的电影，是一群人为了活着和另一群为了活着的人存在的故事。,震撼的天堂
2001太空漫游 2001: A Space Odyssey,8.8,51484,既为举世公认之经典，必有高深奥妙之内涵。若觉难以理解，不妨从自身找找原因。对超出自我认知水平的事物极端排斥已属不智，再加以肆意的诋毁和谩骂只会将无知与庸俗进一步放大。更有甚者分明是哗众取宠，名为鄙视随波逐流，实则借机标新立异，以此彰显自己是如何的与众不同。实乃跳梁小丑，贻笑大方。,这部是唯一一出让我彻底游离出剧情，却始终带着浓厚兴趣看完的电影，我相信库布里克偏执的工作态度操死了一批又一批特效制作人员,李安评价自己最爱5部电影之一时说： “我非常崇拜库布里克，关于《2001太空漫游》我无法说清它究竟是一部怎样的电影，我当年第一次看这部影片时，它深深地吸引了我，那种感觉就像吃了迷幻药之后的幻觉经历。” 今天在资料馆大银幕体验，修复版让这种幻觉变本加厉，渗入到每一根神经。,那奄奄一息的机械生命执意要为我唱一首雏菊，有那么几秒温柔得不像话。,人对宇宙的想象力，到此为止。最后半个小时，美到癫狂。本片让我对电影产生敬畏之心。有生之年，不会有任何一部电影能够超越此片。
完美陌生人 Perfetti sconosciuti,8.5,107626,扫把星来的那一夜。,人和人的关系有多么的脆弱？你甚至不能给同床的人多看几眼你自己的手机。然而，多少人以亲近关系的名义，忘记了什么叫做界线。人生在世，怎么样才能让感情长久，四个字：难得糊涂。,很喜剧，略过火。没什么可批判的，以中年心境来看，全不是大事儿，缝缝补补装着糊涂都能过下去。纯粹的爱沉重，非肉体凡胎消受，可能背叛与依赖交织的灰色，才能支撑彼此到人生尽头，不那么痛苦地告别：是虚伪和无聊保护着我们，而不是激情与真诚。,三星半。可怕的不是手机，甚至不是里面的秘密，可怕的是每段关系实际都身患重疾，却没人愿意去医治。他们宁愿在这毫无快乐可言的生活中，违背道德与良知的去让自己好受一点，也不愿意去改变，去努力，直到有一天末日真的到来，他们再说一句：世界真残酷。,人和人之间的关系是脆弱的
牯岭街少年杀人事件 牯嶺街少年殺人事件,8.8,39380,近四个小时的长片，我一直不入戏，张震也青涩得让我无感，直到Honey的出现，我才静了下来。这个小混混里的前老大，竟然穿着海军服，又帅又温和，席地而坐说起他看过的最厚的一本武侠书，叫《战争与和平》，英雄主义浪漫至极致的悲壮。,威权压制平民，富人压制穷人，年长压制年幼，男人压制女人。被压制者又将对无可奈何自我的愤怒投射、发泄到食物链的更下端。坦克轰隆隆碾过，夏天要结束了，身后留下少男少女的尸体。200118 重看 @Metrograph.,杨德昌最好的作品，长镜与叙事完美相结合的力作。,【A+】杨德昌把这个世界看得太透了，透的可怕。,哈尼在国歌中缓缓穿过僵硬不动的人群，让人感到这是一个氛围诡异的政治时代寓言。黑帮冲突下是本土与外省的尖锐对立，面对“不要脸”的权力存在他只身求死成为本土命运的先知，无奈彼时无人理解他的行为，只有小四在环境的钳制下逐渐堕入没有出路的深渊。杨德昌超越自己水平的发挥。
绿里奇迹 The Green Mile,8.8,29688,片子缺少一种关键的非现实渲染，让人感觉离奇得难以接受，但是仍然是一部好片子,天使也怕黑暗。,能把悬疑拍的好看我觉得有难度，虽然接近200分钟时长，但却不觉得冗长，值得回味的电影。,虽然很长，但真的好看,"故事性很强的传奇宗教寓言式电影。神爱世人，而世人却不理解这份爱。人类摧毁了神迹，而神却不忍让世人背负这罪名。1.【you can't hide whate's in your heart】2.【What happens in the Mile, always stays in the Mile. 】3.【If don't help,don't tell him.Ever.】4.【awful tir..."
小偷家族 万引き家族,8.7,141986,最费力的成长留在树上的只有壳，最狰狞的伤口留在皮肤的只有疤。最动人的烟火绽在空中看不到，最深沉的感谢飘进风中听不清。你教我食物最美味的吃法，却教我获得食物最羞耻的手法；我学会祈祷最灵验的手势，也学会用来祈祷最不齿的心愿。我在商店里偷换掉童年，你在泥土里掩埋了伤疤，而我们组成了家。,可惜全部的一点点真心，都只能无声地说给自己听。,萍水相逢，尽是他乡之客。是枝裕和依旧乐于探讨血缘与亲情究竟有没有必然联系。所谓小偷家族，偷的不止是能填饱肚子的食物，更是一种能够让灵魂产生幸福错觉的情感羁绊。偷生能不能叫偷？如果叫，那我们每个人，或许都是小偷家族的一员。中川雅也追车看得我哭晕，在海边抽了两根烟都没回过神。,“我只能教他们这些了” 特别安静，却有很大的力量，特别湿热，却像夏风一样清凉拂过…我小时候是从大桥下被捡回来的，我弟弟是从垃圾堆，为什么小时候家长都热衷于捡孩子？,和《无人知晓》对比的话，是枝裕和结构和剧作上控制力衰落还是很明显的。但对类似主题复调式回归中，一个作者内在生命经验在时间中流淌所带来的文本上变化和感触，他对社会和人性经年耐心的观察、等待和摸索，恰恰承托出，与是枝裕和差不多同一时间出道的贾樟柯，还在《江湖儿女》中用符号宇宙空洞地重复自己二十年前生活经验。
阿飞正传 阿飛正傳,8.5,65630,杜琪峰曾说，王家卫实际上只拍了这一部电影：后来影片中的人物都能在其中找到原型，而主题永远是人与人之间的沟通——疏离与亲近，拒绝与接纳，追求与失落，忘却与铭记，逃离故土与寻找自由。,总有一些人以为自己是鸟。,这座城市的雨水真是绵长啊，显得所有情意都变得稀薄。,他最终还是没能飞起来；她最终还是忘却了；他最终还是没能接到电话；她最终还是割舍不断；他最终还是卖掉了车；她最终还是去了美国；他最终还是踏上了2046；他们 最终 还是……,"我听别人说这世界上有一种帆布鞋是不能洗的，它只能够一直的走呀走呀， 走累了就在风里面睡觉，这种鞋一辈子只能下水一次，那一次就是它死的时候。
——《匡威正传》"
香水 Perfume: The Story of a Murderer,8.5,79368,一个单凭体香达到高潮的男人,有人曾告诉我他不顾一切寻找的其实是爱情的味道，爱情也有香吗？他试图拥有世上最奇异圣洁的香水，当世人在广场狂欢，以达爱与欲的颠峰，他却在最后发现他已失去爱人的能力。没有爱情，香味消失了。他仿佛从未存在过。,用少女的体香，酿造出最蛊惑的香水。只不过是为了留住爱人的气味，他所以为的救赎。而其实，“他本身其实就是一瓶香水，馥郁绽放之后终会随风消散。”,看到最后原来是个香水广告,奇妙邪恶诱惑无情又如童话般有趣的片子。最后那个让人为之窃喜的颠狂场景中，那忘了声讨罪孽乃至迷醉的时刻，是伊甸园的重现。然而群体的迷醉是天才的罪过，人间毕竟是俗人生活的，天使或魔鬼注定不属于这里。影片结尾留下意味深长的隐喻：我们是否纯粹的爱过？我们可以通过世俗的行为达到纯粹的爱吗？
无耻混蛋 Inglourious Basterds,8.6,63615,我只有一点不理解：影院老板最后在电影上的那段宣言，可以是法语也可以是德语，它怎么会是英语呢。。。。,"放映室里俩人互相枪击那段,音乐配的太好了，我太想钻进去了",引用某影評人曾說的話：「一些得令的導演，由於創作泉源枯竭，只會從B級或C級垃圾片堆中覓食，美其名說向它們致敬，終究下過是垃圾再造垃圾而已。」,Quentin是他媽的天才！,塔伦天伦回光反照之作。《杀死比尔》时奄奄一息的他，竟然还没死。片中有让人久违的怪鸡幽默，都通过愚蠢的对话表现出来的。这是他的招牌菜。其他的乏善可陈，割头皮是大败笔，黑色有余，幽默不足。
谍影重重2 The Bourne Supremacy,8.6,23992,拍摄利落。全片大量采用了近景跟随拍摄，追逐逃亡场景用极短的镜头剪接连缀，没有用近几年时髦的慢动作、子弹时间、镜头满天转等特效。但是一样达到了让人屏住呼吸、目瞪口呆的效果。汽车追逐片断中近距离车内拍摄的碰撞场面尤其惊心动魄，远比其他动作片中动辄撞坏十几辆车来的惊险刺激。,拍摄手法牛哄哄的！无论镜头、配乐、节奏都无敌的!!!!!,环游欧洲风情片..,专业谍战片就是不一样，各种细节都非常精彩，悬疑揭秘也扣人心弦，却没有靠复杂的要命的剧情,《谍影重重》1~3是我看过的最棒的动作惊悚片了！这三部比碟中谍、007什么的更刺激、更真实。没有美女帮忙和高科技道具，全靠观察力、DIY和身手~ 导演和编剧功力不浅，马特·达蒙把动作戏和感情戏都演得宁静自然。毫无多余的煽情或莫名其妙的拖延，代入感极佳。（9.5/10）
猜火车 Trainspotting,8.5,60400,令人惊艳的马桶,世界在边，音乐在变，连毒品也在边，你不会越来越年轻,那恶心的厕所。,平淡和琐碎是生活的本质。我们即使不甘不愿也不得不承认我们需要它向往它。★★★★★,说实话，我真不好意思把这电影加进来，因为好多缺货都拿它当作粉饰太平的伪装！~
新龙门客栈 新龍門客棧,8.6,34967,当年看到最后把甄子丹的脚剃成骨头的时候我还吓了一跳,无法超越的喜欢，风流却不下流，严谨却也狡猾的周淮安。风骚却不下贱，义气却不蠢钝的金镶玉，以及外刚内柔的真女人林青霞。比起后期的沉默气质，我更喜欢这与青蛇时期的张曼玉。每个演员都无出其右，每个节奏都恰到好处。心中最深的火舞黄沙之梦，有余悸更有不舍。,从古到今，多少江湖义气，英雄豪情，都是一壶好酒，一场大醉，一夜好梦。,昨晚看完就去睡了，一觉醒来，脑子里还全是林青霞抱着缸子喝酒时的一滴泪；张曼玉不穿衣服唱歌，裹着“龙门客栈”的旗子从屋顶跳下来，亦正亦邪的眼神让人看不透，只甘愿被她电死；还有梁家辉一句“我没有你那样的勇气面对沙漠”。有些电影就是这样，一切都恰到好处。话说一直以为是徐克拍的啊🤔,张曼玉将金镶玉风骚入骨敢恨敢爱的性格刻画的入木三分。林青霞和梁家辉亦将江湖儿女的情怀与抱负演绎的丝丝入扣。其它一众配角个个可圈可点，经典之作。
谍影重重 The Bourne Identity,8.6,35817,喜欢Bourne的冷静。当Matt Damon打开银行的保险柜时，我突然发觉，世界之大，持有三样东西便可畅通无阻：金钱，身份（也可理解为地位），枪（强权）。要求自己象特工一样生活显然是很辛苦且不切实际的，然而，有些时候，特别是面对危机，试着用特工的思维方式去看待问题也许会很有效，特别是对于男生。,一个系列的开篇，干净利落的手法，没有任何一点多余的煽情或者莫名其妙的拖延，无论是人物关系、整体的感染力还是极具代入感的电影节奏都做的十分出色，细节也是做到细致入微。★★★★,最后一个杀手内忧郁的眼神呐~~~~,永远记得Jason Bourne靠本能战斗的瞬间，只有马特达蒙有这种演技。,有这样可靠的汉子，和他浪迹天涯都愿意啊！！
战争之王 Lord of War,8.6,31741,做你擅长做的事，而不仅仅是活着。,做这生意别带文艺青年好吗？！8.4,"记得罗德岛战记动画版最后一段是这样的...""有一个梦想成为英雄的少年...他以光明为目标...坚信通过战斗可以驱除黑暗...但有光明的地方也必有黑暗存在...两者的斗争将永远不会停歇...当认识到这一事实之后...少年踏上了成为神之英雄的道路...""",导演新西兰人，一直在美国拍电影。片子做的还成，也有幼稚的矛盾之处，但是技术大体是流畅的。女一号太丑了，不过我想，那就是爱吧,世界的正常运作内在地需要邪恶，对善与恶关系的探讨令人忆及沙马兰的反超级英雄电影[不死劫]。影片整体立意甚高，但节奏控制有待加强。结尾的自白过于直白了一点。PS：凯奇演技没话说，可惜沉沦于烂片的泥沼无法自拔。杰瑞德·莱托真可谓瘾君子专业户。伊桑·霍克在片中倒是颠覆了文艺形象。（8.0/10）
青蛇,8.5,52311,当时很不能接受的是，许仙竟然和小青有暧昧。不过长大之后再回想，男人，可不就是这样的么。,我们以为白蛇迷恋的是许仙，青蛇勾引的是法海，实际上真正的爱情只发生在青蛇和白蛇身上。,九三年的徐克真先锋,张国荣当年若愿意出演许仙的话此片会更美，但曼玉和祖贤姐姐已足够妖冶天仙，赵文卓的法海也更是傲世独立，吴兴国的许仙——猥琐男一个。全片的音乐美不胜收，飘飘欲仙，欲仙欲死，配乐和画面都极为出色。,红玫瑰与白玫瑰——青蛇与白蛇——许仙与法海。诱惑的两面。
源代码 Source Code,8.4,109832,这部电影告诉我们，最重要的不是想出一套没有硬伤的“科幻”元素，而是讲一个好故事。,还好结局不是停在最后那一吻上，否则我给不了五颗星。希望在美好时停住，其实是内心脆弱的表现。从美好开始，延续下去，才饱含未来充满的坚强和希望的力量。谁的人生没有遗憾？但你要相信，在另一个世界，那些遗憾会被弥补。,居然有那么多人认为《源代码》最完美的结局应该是定格在最后那一吻上，由此可见，真要这样结尾够有多么的恶俗不堪啊。,如果结局停在那一吻我就给四星半了。,最后3分钟有点画蛇添足。
地球上的星星 Taare Zameen Par,8.9,31911,没有坏学生，只有差老师,为什么一定要成为全才，为什么一定要有出息，不会拼写有什么关系，不会系鞋带又有什么关系，你懂得什么是想象，你能画出美丽的池塘夜色吗。要相信每个人都有别人无法超越的那一面，可悲的不是有其他方面表现的比别人差，而是有些人一辈子都发现不了自己最闪光的那一面。喜欢最后一幕ishaan奔向nikumbh，脸上泛着喜悦与自信的光芒。,每一个镜头都寓意很深，他的才华有目共睹。看这部电影的时候，我想很多人都会有强烈的代入感想到自己的童年吧？小时候，在家长的压力下，不得已放弃那些看似幼稚却是我们心中真正渴望表达的东西。在既定的规则下，我们失去了儿时的那份纯真，逐渐沦为社会规则的牺牲品。★★★★★,与《三个傻瓜》的理念同出一辙，视觉创意细节令人惊艳。大框架未能免俗，但对待更广大的社会问题态度自信从容。另：印度电影可真长！,太感人了，泪水哗哗的，歌太好听了，印度电影真牛！
城市之光 City Lights,9.3,13837,”假如我们长时间地、专注看一个好笑的故事，它会变得越来越悲哀“——果戈理,永远的小人物，伟大的卓别林。,最后一个眼神的特写，直指人心,还真是第一次看卓别林的电影，不简单啊，八十年前的小动作到现在还能把人逗乐，这才意识到成龙最成功的那些动作喜剧都是跟卓别林学的。昨晚在音乐厅看得这片，我市交响乐团伴奏，伟大的默片配现场伴奏真是难得的享受,9.1；當天街角流過你聲線，沿路旅程如歌褪變
血钻 Blood Diamond,8.6,33490,这部片子让我记住了leo的演技。,迪卡普里奥就是比布拉皮特强,好题材，好风景，好音乐，好演员，普通片……,钻石，华丽的毒品。 迪卡普里奥，自从无间行者开始已让越来越多的人重新认识他，并知道泰坦尼克之后他一直在努力。 ★★★★,这部影片的现实意义远远大于它的艺术价值。本片描述人们为得到一颗钻石血腥过程的同时也讲述了发生在非洲大陆的内战、灾荒、难民、童兵等人类社会中丑陋的现实。人类社会的本质从来就不是温馨的，要不然人们也不会倍加珍惜甚至誓死捍卫弥足珍贵的和平。“一个地区发现资源只会给当地人们带来灾难”。
浪潮 Die Welle,8.7,45527,你认为新纳粹主义不会重新卷土重来吗？看看这部影片吧！法西斯强大的生命力深植于每个人内心，轻易被点燃。,浪潮的手势和上好佳广告里的手势95%相似。,君子朋而不党。保持每一个独立思考和人格。这是我反对任何机构和活动“党同伐异”的基本原因。包括乐迷、包括观众、包括粉丝，狂热的、无理性的、邪恶的、革命的、红卫兵式的、党卫军式的群体爆发。这不是游戏。后果不堪设想。你知道我在说什么。 ,看的我后背发凉 德国人真是善于自省,存在即是合理，没有什么主义生来就带着正与邪，集权主义相比自由主义，首先在效率上就是天上地下，对于弱势群体的保护也是自由主义不能相比。为什么最后会走偏，症节就在人的劣根性，这是无解的！马克思哲学提出以变化发展眼光看问题就是这个道理。有人参与其中的任何思想或运动，到最后一定会脱离初衷
朗读者 The Reader,8.5,57151,终于有从另一个角度看纳粹的电影了。人性的愚笨，执着，甚至荒谬，却又是那样的自然，值得同情，甚至是值得尊敬的。这是今年奥斯卡最佳电影提名里面我认为最有深度和内涵的片子。Winslet的表演也相当棒，把一个低层劳动妇女的善良与粗犷刻画得入木三分。,“只有一件事可以让灵魂完整，那就是爱！”男孩流着泪的脸经过隧道的阴影，变成了男人，但对她的爱从未消逝，从十五岁开始，一直到她死。甚至他死。,这片不用德语就是先天性第一大败笔。改编没做好，知识分子气十足的小说被TMD改成了情色片，sigh，书还是很不错的。,2008剧情类年度最佳！“我什么都不怕，越是痛苦，我越是喜欢，危险只能让我更加爱她，能让爱升华，带给爱趣味…只有一件事可以让灵魂完整，那就是爱！”肥温演技的完美之作，史蒂芬·戴德利没有让人失望。一个如此简单的故事可以讲述的如此曼妙与深刻，爱真的可以超越一切。,看了爱乐之城，毫无感觉，还以为自己麻木了呢，翻到这部片子，一对比，才知道不是我的问题
彗星来的那一夜 Coherence,8.5,78732,和来自地球的男人一样都胜在设计，往往在超自然的力量下面人类很容易暴露本性的缺陷，比如猜疑，鲁莽，自毁。这个电影在无数平行空间的外套下面，其实讲的是一个女孩，当她人生中的机遇都一个个逝去的时候，到最后她愿意付出任何代价去抓住最后一根救命稻草，甚至不惜去做一个替身。,真·烧脑，认真看了两遍。第二遍主要注意一些细节，杯子啊衣服扣子啊还有走错门二人组拿箱子跑的时候塞进去的隔热手套……最后总结，如果以女主视角来看，到她落单遇上伪老公吓回屋子往后，身边已经没有一个是最早跟着出来的那拨人了，一个觉得自己被全世界抛弃的人其实做出什么来都不奇怪啦,不知道我还是不是我。睡一觉，过一晚，说不定旧我早已被此刻打字刷豆瓣的我杀死调换，因为据说梦是平行世界的记忆显现。把自己敲死挖坑埋了这种念头，估计谁都有过。总觉得会有个更好最好的自己，也是种心魔吧，得治。反正不管有多少个平行世界存在，我敢肯定，那些我不认识的我也都爱涮海底捞小肥羊。,极低的成本，靠对白和设定竟然构建了一个还不错的故事，手持摄影比较克制，家庭DV的效果正合适本片想要营造的氛围。最后那一通电话，比较多余，其实停留在两个戒子的画面，会比现在这样好。,叨逼叨叨逼叨叨逼叨卧槽停电了叨逼叨叨逼叨卧槽那些人是谁叨逼叨叨逼叨卧槽多重世界叨逼叨叨逼叨死人了杀人了昏倒了天亮了完全疯了的片子设计感很重但是巧妙，不过最后居然是部女性心理研究片。惊喜稳步送上，最后几分钟简直超乎想象。【卧槽怎么有人抄袭我短评啊】
步履不停 歩いても 歩いても,8.8,46500,日本的家庭电影已经是世界巅峰了，步履不停是巅峰中的佳作。,"""你才25岁，你可以成为任何你想成为的人。""剧情没有什么起伏，不温不火，朴实平淡的对话，安静的生活，温馨的生活细节，这样讲出来的故事，总是娓娓动人。生命依旧不停的在循环，平淡、责任、羁绊、也许，这也叫做人生吧。当最后那只黄粉蝶飞出来的时候，却让人眼泪止不住的在流。★★★★☆",我喜欢电影里的台词，真实不做作，却把这个家庭十几年隐藏的哀痛和矛盾表达的很清楚，最让人感动的莫过于倔老头子送走良多后那句像是自言自语般的，“下次来就是新年了吧”，父亲所特有的不动声色的爱啊～,"夏至横山家，
小津屋檐下，
周围二三事，
外婆炸玉米，
攀折紫薇花，
追逐黄蝴蝶。
淡然疗心伤，
四肢渐愈合。
有了伴的路，
步履停一停；
牵了手的手，
岁月不回头。
",不知道什么时候起，一看到这种生活流的电影就泪如泉涌走不动路。人间烟火的气息，代代步履不停...
疯狂的麦克斯4：狂暴之路 Mad Max: Fury Road,8.6,81928,全程内心戏都是：【卧槽！还有这种操作！……】,简直high爆了，前三十分钟已经让人目瞪口呆好几回了，但这电影基本没有要停下来的意思啊，如果一定要分成五六段的话，每两段之间的文戏只有大约三十秒，然后又开始High。。汤老湿前三分之二都没啥台词已经被帅cry，后面掀翻史上最炫酷公路乐队之后开始有台词了完全让人招架不住嘛！,教无脑CG片做人的节奏。,情节？情节？老子的贝斯都可以喷火了！还要特么什么情节！,#Cannes2015#酷到没边，帅到爆炸！乔治米勒把好莱坞动作大片的场面设计提到了一个新高度，追车戏花样繁多高潮接着高潮，全程无尿点，沙暴戏一段场面特效颜色最赞，文戏感情戏点到为止。汤老师和塞隆都帅到让人不能自抑。IMAX请必刷！燃到爆，疯狂至死！
遗愿清单 The Bucket List,8.6,46440,笑了三分之二，最后开始落泪。你亲吻了世界上最美的女孩，你们的故事成为别人见过的最美的传奇。,喜欢定好小计划然后一一划去的小成就感,坏消息：我快死了。好消息：我特么终于傍上一大款！（然后容我再感慨一下imdb和豆瓣评分的差别）,为结尾和最后一句话加半星：助理帮他们划了第一项，在山顶，而且还是违法的……,两个演员真好。两人在医院里关系慢慢建立的部分挺好的，我喜欢做化疗那段的设计，编剧有心。反而是作为重头戏的实现遗愿部分，写得很一般，临死前的遗愿就是环球旅行实在有点轻浮。还是欠缺些力量。
色，戒,8.4,74315,汤唯太美，沉静自持。整个电影紧张饱满，眼角眉梢没有一出不是戏。,从头笑到尾 抱歉。。。王力宏的出演简直是本片最大的灾难。。。,是个女学生时，她素颜也灵气十足；扮富太太时，她明艳不可方物。她真的是将才。,李安的控制、梁汤和几个配角的表演，台词，场景，摄影，剧本，音乐，都几近完美。非要挑骨头的话，大概就是抗日大背景交待不够，无法形成王佳芝愿意作如此牺牲的充足理由。,"表面上是王佳芝的自私害了一群战友，但她的上级早就有机会杀了易先生，却为了得到更多的情报迟迟不动手，打着“爱国”的旗号逼良为娼，强迫早在崩溃边缘的王佳芝继续和易先生发生关系。
在拿出实际行动证明对她好的易先生，和惨无人道、毫无人性的党之间，王佳芝只是选择了前者而已，她真的有错吗？
党在本片的形象并非伟光正，而是为了达到目的不择手段，甚至放弃人性和道义，这也是在华语片中罕见的。"
大佛普拉斯,8.7,65159,年三十晚，我妈在旁边和我一起看完了那场两分钟的车震戏。年度最尬观影体验........,這不完全是黑白片唷。因為有錢人的世界是彩色的。以黑色幽默包裹的社會寫實劇，很貼近台灣社會。導演黃信堯後設的口白，不僅是趣味，也巧妙中和了故事裡那種幾乎沒有出口的黑暗抑鬱。社會階級分化，貧富差距，宗教政經的金玉其外敗絮其中，諷刺的超到位。拍了一個很棒的結局,5.0。1.有钱人的世界是彩色的，于是黑白有了难得的意义。2.大佛“垂头丧气”之说+1。3.放浪形骸的行车记录仪，游民肚财的秘密基地，送葬路上涨漫的水泽。4.我们已经可以依靠科技进入外太空，却依然无法走进一个人内心的宇宙。4.年度最佳结尾，非它莫属。,放在华语片大年依然是一骑绝尘的好 诙谐过后透着悲悯 前50分钟是小聪明 后50分钟是大智慧,殘酷的是...僅僅是觀看這些人的日常生活都有些獵奇，把悲傷的事情用喜劇來表示，更顯荒謬
再次出发之纽约遇见你 Begin Again,8.5,73321,通过一首歌就听出男友出轨，恋爱中的人果然个个心思细腻如神探。几场街演好喜欢，詹胖子好萌。KK大概只有听歌声才像个妹子，说话时的血盆大口能忍就忍了，但唱歌时候注意一下表情管理啊【笑cry,电影给4星，歌曲加一星。原声带真的是要进入本年度最佳电影原声候选了。,一部好听的电影，来自《曾经》导演新作。由音乐串起来的电影，音乐密布全片，角色的快乐、难过、愤怒、释放，所有表达感情的方法都是音乐。由于原声非常好听，观众也很接受。影片关于一群音乐文青如何用他们的独立音乐对抗世界，虽然很理想主义，但愿望是美好。音乐从心开始。,#SIFF# 对不起Mark叔太adorable了我满脑子都是“啊啊啊啊啊”，在天台弹贝斯的地方啊啊啊啊啊啊啊站在镜头边缘我也只看见他啊！歌非常非常好（反正歌一好我就会冲动给高分别理我）！情节不像once那么散，城市环境音的想法很有趣+乐队成员间的dynamics酷毙了！,用音乐写给城市的情书，不算新鲜但很讨人喜欢。
小萝莉的猴神大叔 Bajrangi Bhaijaan,8.4,82560,近期唯一泪眼朦胧的电影，不能说电影拍的有多好，只是题材上升到了一种高度，宗教，政府，国家其实都是为人服务的，在爱的面前，这些都要让路，人性是能冲破这种种隔阂最后让奇迹出现发出呐喊声音的，也能判断是非对错的，哪怕那些违犯法律，制度，可这尊重人性，最后的最后那场景的确很震撼。,瑕不掩瑜，两个半小时喜怒哀乐无尿点，心底无数只尼玛跑过：国产娱乐圈（念第四声）上一边天天几十亿去吧！,难道是政治阻止了爱？圣母婊以为爱可以战胜一切,5星拿走！每天活的够现实了，你还要求电影里处处现实干什么呢。预祝拿奖。,在真正深切的爱意与人性的光芒之下，一切由于偏见和狭隘而被塑造出来的障碍——不同的信仰、对立的政治、分割的土地，都不再重要。
追随 Following,8.9,30794,叙事大师诺兰的处女作，“里面埋藏着政治寓言，还包括我作为一个英国人对于国家这个概念的一丁点想法”。“虽然你行的是鸡鸣狗盗之事，但也不用摆出一副鸡鸣狗盗之相。”“每个人都有个小盒子，里面装着大秘密。”“把一样东西从你身边拿走后，你才会发现自己拥有过什么。” ,我曾经跟踪过一对陌生情侣，因为他们走的太快了，完全不符合正常情侣的步速，这让我好奇。当他们拐进路边的快捷酒店时，一切疑云烟消云散。,虽然你行的是鸡鸣狗盗之事，但也不用摆出一副鸡鸣狗盗之相,两个发现，一个主角叫Cobb，另一个主角房门上有个蝙蝠侠标志。,诺兰的第一部长片，黑白片，一个小时的长度，两三个人物，极为精彩
东京物语 東京物語,9.2,23643,刚到东京的时候，妈妈说：“原来东京这么近。”决定离开东京的时候，妈妈说：“东京真的太远了。”,这世上本来就有许多令人灰心的事情。所以，还请你不要太灰心。,片中的纪子，好善良美丽的女人，一个完美的日本女人。,"京子：哥哥姐姐们应该再多待几天的
　　纪子：大家都很忙啊。
　　京子：可这样太自私了。只顾着自己，马上就回去了。
　　纪子：这是没办法的事啊，因为他们有工作。
　　京子：可嫂子你不是也有工作么？他们太自私了。
　　纪子：可是，京子啊……
　　京子：妈妈一死就要拿东西做纪念，我一想",世影史：影片讲述了一个大家庭中两代人的故事，亲情与疏离，挚爱与义务，死亡与孤独，在一桩桩观众再也熟悉不过的平常小事中缓缓铺展开来。小津欲藉一家族来反映日本传统亲子关系，家庭制度在这股时代潮流中逐渐崩溃的情状，淡淡地联结一个家族的日常生活，巧妙地描绘出日本人的生活姿态。
聚焦 Spotlight,8.8,47906,作为一个前记者，看完这种电影真是感慨万千啊……如果不能坚持新闻理想，倒也不必把选择悲情化。做记者本身就要有一点理想主义才行，因为是你主动选择了那个桅杆上的瞭望哨作为岗位。只可惜我们受到的教育和现实完全是拧巴的……电影本身非常棒！尤其是演员的集体表演！,没有猪队友，没有渣Boss，没有性生活。不得不说美国梦真的可以洗脑，每每洗毕都感觉自己也香喷喷的。,住在波士顿看这片感觉真是……全场白人老头老太最后鼓掌认真得不行。BP强力选手水平,4.0。1.年度群戏典范，管中窥豹之作，聚焦天主教性丑闻。2.媒体步步求证，层层剥开宗教系统的腐朽内里。3.为什么不早一点，早一点我们在哪。,摒除所有抓马和猎奇，以极度冷静克制的表述抵消偏见和煽情，暗中积聚能量抽丝剥茧层层深入，如一篇扎实负责的新闻报导，将判断和情绪的释放留给观众，坚持写实的态度令人敬佩。结尾字幕更鼓励关注调查记者并请受害者发声，报道结束而思考不止，这不正是新闻的意义所在吗？
一次别离 جدایی نادر از سیمین,8.7,49063,4.5。一次即永恒！①着意隐去匠气，还故事以挚诚本真，唯象征私隐于后。②一席黑头巾掠过楼道、车流。③隐匿于镜头外的西方理想国。④你怎么敢看着我的眼睛撒谎！⑤古兰经的存在一度置瑞茨于人性罪责和信仰之间，如替老人洗澡、告白真相等。⑥玻璃门之隔。,2011柏林金熊奖得主，2011年第一部上榜IMDB250的电影。很客观真实的电影，关于伊朗人民的信仰、生活以及感情。故事点到为止亦不过分，表演也纯熟自然，开放式结局耐人寻味，戏剧冲突也坚实有力。拿金熊不过分。十佳备选。自制字幕：http://bit.ly/s88Fpr,不得不说，近两年的金熊作品，质量都没法跟戛纳威尼斯比。这种故意展现伤痛让人看的作品，实在没有高段到哪里去。,格局无需大，笔触只要深。,这是我第一部伊朗电影，很幸运遇上这么棒的一部。撇开外面世界的动荡，而是关注2个普通家庭的矛盾。代入感特别强，完全置身于这一次冲突。宗教，信仰，坚持，无一不回味无穷。当我们没有一本可以用来起誓的《古兰经》时，你用什么来约束自己？
驴得水,8.3,156874,幸好有个民国，不然借古讽今都没有抓手,过去的如果就让它过去了，未来只会越来越糟！,用喜剧的方式谈悲剧，用讽刺的手法讲人性，为这个故事就值得5星,普通观众全嗨了，说这才是国产佳作;电影专业人员全崩溃了，说这是舞台剧不算是电影。讲真，我觉得当一个作品只剩下它的形式能被人吐槽的时候，已经足以证明其成功。不管它是啥，哪怕我是去电影院看话剧了，我还是觉得，甚好，没错过这个乌龙甚好。,这个笑话还真把我看哭了，惊喜之作，比夏洛特烦恼的故事高明，但电影感较弱
黑鹰坠落 Black Hawk Down,8.7,28268,是想当作一个任务如何失败的案例来看的。。战斗场面够多，信息量还是不够全。。战争残酷狰狞自不必说，只是只有美方士兵单方面的人性化描画，至于那些发狂的索马里士兵却只是默默而生，默默而死，成不了一个相互沟通的契机。。背景音乐很不错,发现这种突击类枪战片的翻拍总有丧尸片的气质，不怕死而且打不完。真实又恐怖的战争，弹壳如雨点般飞落。,老美视角而已,16年之后（2017年）再看这部电影，更能体会到它的伟大——它开创的现代战争片电影美学，迄今没有人能够超越。,只有死亡才能看到战争的结束..
我爱你 그대를 사랑합니다,9.0,30017,第一次看没有偶像撑脸面的韩国电影，题材温暖的让人泪流满面，演技精湛的让人唏嘘不已。关于爱情，我们懂得还太少。力荐力荐力荐力荐力荐！,"“我是个胆小鬼，没有你，我怕活不下去。”四个古稀老人，两段浓浓黄昏恋，他们爱的善良，爱的浪漫，爱的纯粹。即便有些段落会让人感觉略显刻意煽情，但众多老戏骨奉献出的这部电影依然十分值得一看同时也耐人寻味。btw,我始终无法免疫这类电影，满满都是泪。★★★★",用力有一点点的··过猛····,这样的片子 韩国好会拍啊 眼泪止不住流,你说，如果老了，我允许你先死。
发条橙 A Clockwork Orange,8.5,50990,我也想买那个瓷的大JJ,看的差点儿吐了~~~,经典的3p节奏..漂亮干净的画面,影响我太多的启蒙电影,人性本恶，不要太凶残，也不能太软弱。社会体制本身就是反人性的，被利用的。
千钧一发 Gattaca,8.8,37526,是该庆幸这样的电影出现的时候还不是腐女遍地的年代……,人类的历史就是一部歧视史，财富、地位、年龄、性向、肤色...基因决定人生，不过是把这种歧视从人的出生开始以科学的形式固定下来。电影想讲述的是：我也许没有伟大的基因，但我有一颗造梦的心——我就是那个统计学上渺小到不计、但没人可以抹去的1%。,古怪的老电影气质，很励志，有点基。世界若是真的如此不公平，那我们就集体作弊去吧。,看名字以为是恐怖片，没想到是这么走心的风格。裘德洛的出场太惊艳了，那双眼睛，那个孤傲的眼神和表情让人难忘。可他最后结束自己生命的方式太残忍了，难以接受。,大唐读完《三体》之后，连呼“太真实了”，从某方面来看，科幻的确是一种现实主义，只不过它叙述的不是过去的现实（历史），而是叙述现在和未来的现实。尤其是生物科学，它所衍生的伦理道德、社会问题直接关乎人类的生物性基础，虽然电影本身的故事和节奏略显平慢，但是主题本身的冲突性就已足够抓人了
E.T. 外星人 E.T.: The Extra-Terrestrial,8.6,26632,有史以来最温情的科幻片，喜欢小E.T,小伙子骑自行车是十级水平，可以代表国家参加奥运会了。2015.3.24成都,温情多过科幻显得主次不分,"初中毕业的那一年，正好是20周年。和姐姐一起去艺都看的。
当时只恨没带面巾纸……哭S了。",E.T.爹妈就是那种去一趟动物园会把孩子落下，还好几天没发现的糟糕家长吧
撞车 Crash,8.6,42306,在美国生活后对片中的情节感受更深。我们知道种族歧视不好，知道自己也是所谓的“弱势群体”，但当我们看到街上成群结队的黑人，我们还是会感到害怕厌恶。我们明明做人都恪守准则，但还是有人对黄种人有偏见。当我们在努力为自己这个种族证明时，我们总会有同胞在拖后腿。生活就像撞车，有因不一定有果,小孩子那幕。,CRASH，不仅是撞车，更是种族、人性的冲撞。沉重地我只能一再一再叹息。,非常好。小女孩那段我掉泪了都。,当导演有些用力过度，当编剧非常称职。如果我是评委也选它是最佳影片，不是因为最好看，而是因为最反映社会现实。
网络谜踪 Searching,8.6,96905,男主应该感谢妻子的陪伴，感谢女儿的善良，还应该感谢谷歌、脸书、油管，要是他用的是百度，估计不但找不到女儿还会被莆田系广告骗走2万块。,非常新颖的表现形式，整个故事都在电脑屏幕上完成，节奏感把握得极好，多处反转出人意料，想起前面的铺垫又觉得顺理成章，悬疑的氛围持续到结束。影片中各式social media玩得极溜，导演说想要通过影片表达网络有时候也不全是negative的。五个主创拍片十三天却在电脑前剪了两年！,不用说最亲近的父母了，随便让最好的朋友随便看一下我在豆瓣上发的东西，他们都会what's the fuck！,全程通过一个桌面，把案件的悬疑性带到那么强的地步，佩服！有个细节很赞：当爸爸首次听说汤不热，搜索的是Tumbler，谷歌推荐的是Tumblr。嗯，细致的推理逻辑可见一斑（请点赞）~,评价名不符实…《暗网》先入为主，这部就一点也不惊艳了。
四个春天,8.9,42772,看哭了。倒不是说这片子拍得多么惊世（当然导演本来就是一枚文艺大叔&很棒的图片摄影爱好者，对影像有很强的敏感度，拍出一份质朴的诗意），主要是这对老人家太令我羡慕和感动了，这就是中国家庭最缺失的爱的教育啊，小时候梦想中其乐融融的家庭氛围。他们将岁月的苦难化为财富（生活能力极强，除彼此不依附任何人，对一切事物尤其文化生活有强烈的好奇心），展现出超乎常人的乐观、豁达、坚韧与感染力，拍成连续剧我都愿意看。古...,最喜欢父亲兴高采烈地说“今年燕子又来了”，母亲：“我喊你爸少高兴一点，到时候这些燕子一走，心又灰几天。”,日本有《人生果实》，韩国有《亲爱的，不要跨过那条江》，我们也终于有《四个春天》了。辛波斯卡写“就让那些从未找到幸福爱情的人，不断去说世上没有这种东西，这信念会让他们活得较轻松死得较无憾”——是真的没错，毕竟平成的我们要上哪里去找一个会五六种乐器、会唱歌会跳华尔兹、会书法会视频剪辑、会修家具修电器、会种菜会养蜂、会做家务还超关心我的爱人啊！！！,之前已经看过不同剪辑版本，以为会麻木，但看到放映的最终版，还是忍不住泪崩。这对父母实在太独特了，他们的日常生活透露出鲜活的诗意，也让我看到婚姻可以如此融洽。片中他们时不时唱起歌来，还有音乐、舞蹈和大自然的滋润，极有生活质地。开头收尾都很好，丧歌和击鼓声十分震撼，看完后余味悠长。,乡愁回到来处，游子不在远途。在年关将至的冬日里，超级熨帖人心。朴素生活里捕捉诗意的美好，这种相濡以沫的温暖情谊，多少能治疗一点对婚姻的恐惧。想起爷爷奶奶，漫长的岁月，唯有我们相互依偎，才能共赏流澜共担风雨，才能对抗时间、疾病和孤独。
梦之安魂曲 Requiem for a Dream,8.7,42499,憨憨说看了这片你就不想吸毒了，恩，真不想了,其实人和人的生活是很脆弱的，很容易分崩离析。欲望是快速的，惩罚却来日方长。,"黑色的，意识流的，充满绝望的，字幕的最后几分钟却是平静的海浪声。（FOR　BETTY　WITH　LOVE
1908－1999）",哇，那条胳膊！哇，那棵管子！哇，那两张屁股！哇，我要吐了……,一如既往的匠气，视听则非常过度，不是重口味而是语言上不知节制堆砌的差品味。剧本是典型自以为高明的美式多线程，无非是形式填塞浅薄内容表率。这种胡里花哨噱头电影最经不起时间考验，因为充满了可学视觉技巧，大家都玩烂之后，就会写满了过时两个字。
变脸 Face/Off,8.5,35944,凯奇兄长了一张很忧郁的脸，好像很多人欠了他钱，而且都还是欠了不还的那种，约翰老兄则满脸春风，好像就是他欠了凯奇很多钱没还。,原来是吴宇森作品，看的时候还奇怪外国人是怎么想出这个复杂的事情的，而且还能看到《英雄本色》和《喋血双雄》的影子。。。,让我爱上尼古拉斯.凯奇的电影,确实好看呀，我喜欢特拉沃尔塔~,先是警察变成了恶匪，后是恶匪变成警察。相貌互换，身份也互换的两个人开始了某种意义上的“寻找我是谁”以及“找回身份”的旅程。
