序号24小时TOP榜排名,链接ID,链接,电影排名,电影名称,电影封面链接,电影分级,浏览次数
5,12,38949,http://www.rrys2019.com/resource/38949,本站排名:7189,星球大战9：天行者崛起,http://tu.jstucdn.com/ftp/2019/1022/b_bba8b95c7ad8b6e6eb909e5856d03b4d.jpg,B,120442
4,11,39716,http://www.rrys2019.com/resource/39716,本站排名:999999,副本：义体置换,http://tu.jstucdn.com/ftp/2020/0324/b_1cd131086804f75a756ad90f15f77a93.png,C,1861
3,9,39693,http://www.rrys2019.com/resource/39693,本站排名:7571,隐形人,http://tu.jstucdn.com/ftp/2020/0323/b_e18cc5da4986f5748037fcf573481805.png,C,25098
2,5,39711,http://www.rrys2019.com/resource/39711,本站排名:999999,狩猎,http://tu.jstucdn.com/ftp/2020/0323/b_33de53f25f59c81e3c2bcbbcbd744cc3.png,C,9517
1,3,39662,http://www.rrys2019.com/resource/39662,本站排名:9794,难以置信的怪物,http://tu.jstucdn.com/ftp/2020/0316/b_1c7697f89ffe780234013b4e533456be.jpg,C,47297
序号24小时TOP榜排名,链接ID,链接,电影排名,电影名称,电影封面链接,电影分级,浏览次数
5,12,38949,http://www.rrys2019.com/resource/38949,本站排名:7189,星球大战9：天行者崛起,http://tu.jstucdn.com/ftp/2019/1022/b_bba8b95c7ad8b6e6eb909e5856d03b4d.jpg,B,120487
4,11,39716,http://www.rrys2019.com/resource/39716,本站排名:999999,副本：义体置换,http://tu.jstucdn.com/ftp/2020/0324/b_1cd131086804f75a756ad90f15f77a93.png,C,1990
3,9,39693,http://www.rrys2019.com/resource/39693,本站排名:7571,隐形人,http://tu.jstucdn.com/ftp/2020/0323/b_e18cc5da4986f5748037fcf573481805.png,C,25238
2,5,39711,http://www.rrys2019.com/resource/39711,本站排名:999999,狩猎,http://tu.jstucdn.com/ftp/2020/0323/b_33de53f25f59c81e3c2bcbbcbd744cc3.png,C,9642
1,3,39662,http://www.rrys2019.com/resource/39662,本站排名:9794,难以置信的怪物,http://tu.jstucdn.com/ftp/2020/0316/b_1c7697f89ffe780234013b4e533456be.jpg,C,47454
序号24小时TOP榜排名,链接ID,链接,电影排名,电影名称,电影封面链接,电影分级,浏览次数
5,12,38949,http://www.rrys2019.com/resource/38949,本站排名:7189,星球大战9：天行者崛起,http://tu.jstucdn.com/ftp/2019/1022/b_bba8b95c7ad8b6e6eb909e5856d03b4d.jpg,B,120490
4,11,39716,http://www.rrys2019.com/resource/39716,本站排名:999999,副本：义体置换,http://tu.jstucdn.com/ftp/2020/0324/b_1cd131086804f75a756ad90f15f77a93.png,C,1998
3,9,39693,http://www.rrys2019.com/resource/39693,本站排名:7571,隐形人,http://tu.jstucdn.com/ftp/2020/0323/b_e18cc5da4986f5748037fcf573481805.png,C,25251
2,5,39711,http://www.rrys2019.com/resource/39711,本站排名:999999,狩猎,http://tu.jstucdn.com/ftp/2020/0323/b_33de53f25f59c81e3c2bcbbcbd744cc3.png,C,9654
1,3,39662,http://www.rrys2019.com/resource/39662,本站排名:9794,难以置信的怪物,http://tu.jstucdn.com/ftp/2020/0316/b_1c7697f89ffe780234013b4e533456be.jpg,C,47475
序号24小时TOP榜排名,链接ID,链接,电影排名,电影名称,电影封面链接,电影分级,浏览次数
5,12,38949,http://www.rrys2019.com/resource/38949,本站排名:7189,星球大战9：天行者崛起,http://tu.jstucdn.com/ftp/2019/1022/b_bba8b95c7ad8b6e6eb909e5856d03b4d.jpg,B,120515
4,11,39716,http://www.rrys2019.com/resource/39716,本站排名:999999,副本：义体置换,http://tu.jstucdn.com/ftp/2020/0324/b_1cd131086804f75a756ad90f15f77a93.png,C,2071
3,9,39693,http://www.rrys2019.com/resource/39693,本站排名:7571,隐形人,http://tu.jstucdn.com/ftp/2020/0323/b_e18cc5da4986f5748037fcf573481805.png,C,25328
2,5,39711,http://www.rrys2019.com/resource/39711,本站排名:999999,狩猎,http://tu.jstucdn.com/ftp/2020/0323/b_33de53f25f59c81e3c2bcbbcbd744cc3.png,C,9727
1,3,39662,http://www.rrys2019.com/resource/39662,本站排名:9794,难以置信的怪物,http://tu.jstucdn.com/ftp/2020/0316/b_1c7697f89ffe780234013b4e533456be.jpg,C,47576
