,title,href,cover,desc,rating_num,comments_num,quote
0,肖申克的救赎 / TheShawshankRedemption / 月黑高飞(港)/刺激1995(台),https://movie.douban.com/subject/1292052/,https://img3.doubanio.com/view/photo/s_ratio_poster/public/p480747492.jpg,导演:弗兰克·德拉邦特FrankDarabont   主演:蒂姆·罗宾斯TimRobbins/...1994 / 美国 / 犯罪剧情,9.7,1900885人评价,希望让人自由。
1,霸王别姬 / 再见，我的妾/FarewellMyConcubine,https://movie.douban.com/subject/1291546/,https://img3.doubanio.com/view/photo/s_ratio_poster/public/p2561716440.jpg,导演:陈凯歌KaigeChen   主演:张国荣LeslieCheung/张丰毅FengyiZha...1993 / 中国大陆中国香港 / 剧情爱情同性,9.6,1397352人评价,风华绝代。
2,阿甘正传 / ForrestGump / 福雷斯特·冈普,https://movie.douban.com/subject/1292720/,https://img9.doubanio.com/view/photo/s_ratio_poster/public/p1484728154.jpg,导演:罗伯特·泽米吉斯RobertZemeckis   主演:汤姆·汉克斯TomHanks/...1994 / 美国 / 剧情爱情,9.5,1446249人评价,一部美国近现代史。
3,这个杀手不太冷 / Léon / 杀手莱昂/终极追杀令(台),https://movie.douban.com/subject/1295644/,https://img3.doubanio.com/view/photo/s_ratio_poster/public/p511118051.jpg,导演:吕克·贝松LucBesson   主演:让·雷诺JeanReno/娜塔莉·波特曼...1994 / 法国 / 剧情动作犯罪,9.4,1642104人评价,怪蜀黍和小萝莉不得不说的故事。
4,美丽人生 / Lavitaèbella / 一个快乐的传说(港)/LifeIsBeautiful,https://movie.douban.com/subject/1292063/,https://img3.doubanio.com/view/photo/s_ratio_poster/public/p2578474613.jpg,导演:罗伯托·贝尼尼RobertoBenigni   主演:罗伯托·贝尼尼RobertoBeni...1997 / 意大利 / 剧情喜剧爱情战争,9.5,918621人评价,最美的谎言。
5,泰坦尼克号 / Titanic / 铁达尼号(港/台),https://movie.douban.com/subject/1292722/,https://img9.doubanio.com/view/photo/s_ratio_poster/public/p457760035.jpg,导演:詹姆斯·卡梅隆JamesCameron   主演:莱昂纳多·迪卡普里奥Leonardo...1997 / 美国 / 剧情爱情灾难,9.4,1391283人评价,失去的才是永恒的。 
6,千与千寻 / 千と千尋の神隠し / 神隐少女(台)/千与千寻的神隐,https://movie.douban.com/subject/1291561/,https://img1.doubanio.com/view/photo/s_ratio_poster/public/p2557573348.jpg,导演:宫崎骏HayaoMiyazaki   主演:柊瑠美RumiHîragi/入野自由Miy...2001 / 日本 / 剧情动画奇幻,9.3,1484697人评价,最好的宫崎骏，最好的久石让。 
7,辛德勒的名单 / Schindler'sList / 舒特拉的名单(港)/辛德勒名单,https://movie.douban.com/subject/1295124/,https://img3.doubanio.com/view/photo/s_ratio_poster/public/p492406163.jpg,导演:史蒂文·斯皮尔伯格StevenSpielberg   主演:连姆·尼森LiamNeeson...1993 / 美国 / 剧情历史战争,9.5,740201人评价,拯救一个人，就是拯救整个世界。
8,盗梦空间 / Inception / 潜行凶间(港)/全面启动(台),https://movie.douban.com/subject/3541415/,https://img9.doubanio.com/view/photo/s_ratio_poster/public/p513344864.jpg,导演:克里斯托弗·诺兰ChristopherNolan   主演:莱昂纳多·迪卡普里奥Le...2010 / 美国英国 / 剧情科幻悬疑冒险,9.3,1395141人评价,诺兰给了我们一场无法盗取的梦。
9,忠犬八公的故事 / Hachi:ADog'sTale / 忠犬小八(台)/秋田犬八千(港),https://movie.douban.com/subject/3011091/,https://img9.doubanio.com/view/photo/s_ratio_poster/public/p524964016.jpg,导演:莱塞·霍尔斯道姆LasseHallström   主演:理查·基尔RichardGer...2009 / 美国英国 / 剧情,9.4,957954人评价,永远都不能忘记你所爱的人。
10,海上钢琴师 / Laleggendadelpianistasull'oceano / 声光伴我飞(港)/一九零零的传奇,https://movie.douban.com/subject/1292001/,https://img9.doubanio.com/view/photo/s_ratio_poster/public/p2574551676.jpg,导演:朱塞佩·托纳多雷GiuseppeTornatore   主演:蒂姆·罗斯TimRoth/...1998 / 意大利 / 剧情音乐,9.3,1158552人评价,每个人都要走一条自己坚定了的路，就算是粉身碎骨。 
11,机器人总动员 / WALL·E / 瓦力(台)/太空奇兵·威E(港),https://movie.douban.com/subject/2131459/,https://img3.doubanio.com/view/photo/s_ratio_poster/public/p1461851991.jpg,导演:安德鲁·斯坦顿AndrewStanton   主演:本·贝尔特BenBurtt/艾丽...2008 / 美国 / 科幻动画冒险,9.3,920759人评价,小瓦力，大人生。
12,三傻大闹宝莱坞 / 3Idiots / 三个傻瓜(台)/作死不离3兄弟(港),https://movie.douban.com/subject/3793023/,https://img3.doubanio.com/view/photo/s_ratio_poster/public/p579729551.jpg,导演:拉库马·希拉尼RajkumarHirani   主演:阿米尔·汗AamirKhan/卡...2009 / 印度 / 剧情喜剧爱情歌舞,9.2,1281639人评价,英俊版憨豆，高情商版谢耳朵。
13,楚门的世界 / TheTrumanShow / 真人Show(港)/真人戏,https://movie.douban.com/subject/1292064/,https://img3.doubanio.com/view/photo/s_ratio_poster/public/p479682972.jpg,导演:彼得·威尔PeterWeir   主演:金·凯瑞JimCarrey/劳拉·琳妮Lau...1998 / 美国 / 剧情科幻,9.3,1018922人评价,如果再也不能见到你，祝你早安，午安，晚安。
14,放牛班的春天 / Leschoristes / 歌声伴我心(港)/唱诗班男孩,https://movie.douban.com/subject/1291549/,https://img3.doubanio.com/view/photo/s_ratio_poster/public/p1910824951.jpg,导演:克里斯托夫·巴拉蒂ChristopheBarratier   主演:热拉尔·朱尼奥Gé...2004 / 法国瑞士德国 / 剧情音乐,9.3,892447人评价,天籁一般的童声，是最接近上帝的存在。 
15,星际穿越 / Interstellar / 星际启示录(港)/星际效应(台),https://movie.douban.com/subject/1889243/,https://img3.doubanio.com/view/photo/s_ratio_poster/public/p2206088801.jpg,导演:克里斯托弗·诺兰ChristopherNolan   主演:马修·麦康纳MatthewMc...2014 / 美国英国加拿大冰岛 / 剧情科幻冒险,9.3,1031430人评价,爱是一种力量，让我们超越时空感知它的存在。
16,大话西游之大圣娶亲 / 西遊記大結局之仙履奇緣 / 西游记完结篇仙履奇缘/齐天大圣西游记,https://movie.douban.com/subject/1292213/,https://img9.doubanio.com/view/photo/s_ratio_poster/public/p2455050536.jpg,导演:刘镇伟JeffreyLau   主演:周星驰StephenChow/吴孟达ManTatNg...1995 / 中国香港中国大陆 / 喜剧爱情奇幻古装,9.2,1006874人评价,一生所爱。
17,熔炉 / 도가니 / 无声呐喊(港)/漩涡,https://movie.douban.com/subject/5912992/,https://img9.doubanio.com/view/photo/s_ratio_poster/public/p1363250216.jpg,导演:黄东赫Dong-hyukHwang   主演:孔侑YooGong/郑有美Yu-miJeong...2011 / 韩国 / 剧情,9.3,616855人评价,我们一路奋战不是为了改变世界，而是为了不让世界改变我们。
18,疯狂动物城 / Zootopia / 优兽大都会(港)/动物方城市(台),https://movie.douban.com/subject/25662329/,https://img1.doubanio.com/view/photo/s_ratio_poster/public/p2315672647.jpg,导演:拜伦·霍华德ByronHoward/瑞奇·摩尔RichMoore   主演:金妮弗·...2016 / 美国 / 喜剧动画冒险,9.2,1192607人评价,迪士尼给我们营造的乌托邦就是这样，永远善良勇敢，永远出乎意料。
19,无间道 / 無間道 / InfernalAffairs/Mougaandou,https://movie.douban.com/subject/1307914/,https://img3.doubanio.com/view/photo/s_ratio_poster/public/p2564556863.jpg,导演:刘伟强/麦兆辉   主演:刘德华/梁朝伟/黄秋生2002 / 中国香港 / 剧情犯罪悬疑,9.2,822555人评价,香港电影史上永不过时的杰作。
20,龙猫 / となりのトトロ / 邻居托托罗/邻家的豆豆龙,https://movie.douban.com/subject/1291560/,https://img9.doubanio.com/view/photo/s_ratio_poster/public/p2540924496.jpg,导演:宫崎骏HayaoMiyazaki   主演:日高法子NorikoHidaka/坂本千夏Ch...1988 / 日本 / 动画奇幻冒险,9.2,861108人评价,人人心中都有个龙猫，童年就永远不会消失。
21,教父 / TheGodfather / MarioPuzo'sTheGodfather,https://movie.douban.com/subject/1291841/,https://img9.doubanio.com/view/photo/s_ratio_poster/public/p616779645.jpg,导演:弗朗西斯·福特·科波拉FrancisFordCoppola   主演:马龙·白兰度M...1972 / 美国 / 剧情犯罪,9.3,631769人评价,千万不要记恨你的对手，这样会让你失去理智。
22,当幸福来敲门 / ThePursuitofHappyness / 寻找快乐的故事(港)/追求快乐,https://movie.douban.com/subject/1849031/,https://img1.doubanio.com/view/photo/s_ratio_poster/public/p1312700628.jpg,导演:加布里尔·穆奇诺GabrieleMuccino   主演:威尔·史密斯WillSmith...2006 / 美国 / 剧情传记家庭,9.1,1028325人评价,平民励志片。 
23,怦然心动 / Flipped / 萌动青春/青春萌动,https://movie.douban.com/subject/3319755/,https://img1.doubanio.com/view/photo/s_ratio_poster/public/p501177648.jpg,导演:罗伯·莱纳RobReiner   主演:玛德琳·卡罗尔MadelineCarroll/卡...2010 / 美国 / 剧情喜剧爱情,9.1,1182710人评价,真正的幸福是来自内心深处。
24,触不可及 / Intouchables / 闪亮人生(港)/逆转人生(台),https://movie.douban.com/subject/6786002/,https://img9.doubanio.com/view/photo/s_ratio_poster/public/p1454261925.jpg,导演:奥利维·那卡什OlivierNakache/艾力克·托兰达EricToledano   主...2011 / 法国 / 剧情喜剧,9.2,672520人评价,满满温情的高雅喜剧。
25,蝙蝠侠：黑暗骑士 / TheDarkKnight / 蝙蝠侠前传2：黑暗骑士/黑暗骑士(台),https://movie.douban.com/subject/1851857/,https://img3.doubanio.com/view/photo/s_ratio_poster/public/p462657443.jpg,导演:克里斯托弗·诺兰ChristopherNolan   主演:克里斯蒂安·贝尔Christ...2008 / 美国英国 / 剧情动作科幻犯罪惊悚,9.2,692475人评价,无尽的黑暗。
26,控方证人 / WitnessfortheProsecution / 雄才伟略/情妇,https://movie.douban.com/subject/1296141/,https://img1.doubanio.com/view/photo/s_ratio_poster/public/p1505392928.jpg,导演:比利·怀尔德BillyWilder   主演:泰隆·鲍华TyronePower/玛琳·...1957 / 美国 / 剧情犯罪悬疑,9.6,259105人评价,比利·怀德满分作品。
27,活着 / 人生/Lifetimes,https://movie.douban.com/subject/1292365/,https://img3.doubanio.com/view/photo/s_ratio_poster/public/p2513253791.jpg,导演:张艺谋YimouZhang   主演:葛优YouGe/巩俐LiGong/姜武WuJiang1994 / 中国大陆中国香港 / 剧情历史家庭,9.2,534015人评价,张艺谋最好的电影。
28,乱世佳人 / GonewiththeWind / 飘,https://movie.douban.com/subject/1300267/,https://img3.doubanio.com/view/photo/s_ratio_poster/public/p1963126880.jpg,导演:维克多·弗莱明VictorFleming/乔治·库克GeorgeCukor   主演:费...1939 / 美国 / 剧情历史爱情战争,9.3,458833人评价,Tomorrow is another day.
29,末代皇帝 / TheLastEmperor / 末代皇帝溥仪(港),https://movie.douban.com/subject/1293172/,https://img3.doubanio.com/view/photo/s_ratio_poster/public/p452089833.jpg,导演:贝纳尔多·贝托鲁奇BernardoBertolucci   主演:尊龙JohnLone/陈...1987 / 英国意大利中国大陆法国 / 剧情传记历史,9.2,468744人评价,“不要跟我比惨，我比你更惨”再适合这部电影不过了。
30,摔跤吧！爸爸 / Dangal / 我和我的冠军女儿(台)/打死不离3父女(港),https://movie.douban.com/subject/26387939/,https://img9.doubanio.com/view/photo/s_ratio_poster/public/p2457983084.jpg,导演:涅提·蒂瓦里NiteshTiwari   主演:阿米尔·汗AamirKhan/法缇玛...2016 / 印度 / 剧情传记运动家庭,9.0,1041972人评价,你不是在为你一个人战斗，你要让千千万万的女性看到女生并不是只能相夫教子。
31,寻梦环游记 / Coco / 可可夜总会(台)/玩转极乐园(港),https://movie.douban.com/subject/20495023/,https://img1.doubanio.com/view/photo/s_ratio_poster/public/p2503997609.jpg,导演:李·昂克里奇LeeUnkrich/阿德里安·莫利纳AdrianMolina   主演:...2017 / 美国 / 喜剧动画奇幻音乐,9.1,993480人评价,死亡不是真的逝去，遗忘才是永恒的消亡。
32,少年派的奇幻漂流 / LifeofPi / 少年Pi的奇幻漂流/漂流少年Pi,https://movie.douban.com/subject/1929463/,https://img3.doubanio.com/view/photo/s_ratio_poster/public/p1784592701.jpg,导演:李安AngLee   主演:苏拉·沙玛SurajSharma/伊尔凡·可汗Irrfan...2012 / 美国中国台湾英国加拿大 / 剧情奇幻冒险,9.1,981470人评价,瑰丽壮观、无人能及的冒险之旅。
33,指环王3：王者无敌 / TheLordoftheRings:TheReturnoftheKing / 魔戒三部曲：王者再临(台/港),https://movie.douban.com/subject/1291552/,https://img3.doubanio.com/view/photo/s_ratio_poster/public/p1910825503.jpg,导演:彼得·杰克逊PeterJackson   主演:维果·莫腾森ViggoMortensen/...2003 / 美国新西兰 / 剧情动作奇幻冒险,9.2,506390人评价,史诗的终章。
34,飞屋环游记 / Up / 冲天救兵(港)/天外奇迹(台),https://movie.douban.com/subject/2129039/,https://img9.doubanio.com/view/photo/s_ratio_poster/public/p485887754.jpg,导演:彼特·道格特PeteDocter/鲍勃·彼德森BobPeterson   主演:爱德...2009 / 美国 / 剧情喜剧动画冒险,9.0,907664人评价,最后那些最无聊的事情，才是最值得怀念的。 
35,十二怒汉 / 12AngryMen / 12怒汉/十二怒汉,https://movie.douban.com/subject/1293182/,https://img3.doubanio.com/view/photo/s_ratio_poster/public/p2173577632.jpg,导演:SidneyLumet   主演:亨利·方达HenryFonda/马丁·鲍尔萨姆Marti...1957 / 美国 / 剧情,9.4,305192人评价,1957年的理想主义。 
36,鬼子来了 / DevilsontheDoorstep,https://movie.douban.com/subject/1291858/,https://img1.doubanio.com/view/photo/s_ratio_poster/public/p2553104888.jpg,导演:姜文WenJiang   主演:姜文WenJiang/香川照之TeruyukiKagawa/...2000 / 中国大陆 / 剧情历史战争,9.2,421028人评价,对敌人的仁慈，就是对自己残忍。
37,天空之城 / 天空の城ラピュタ / TenkûnoshiroRapyuta/Laputa:CastleintheSky,https://movie.douban.com/subject/1291583/,https://img1.doubanio.com/view/photo/s_ratio_poster/public/p1446261379.jpg,导演:宫崎骏HayaoMiyazaki   主演:田中真弓MayumiTanaka/横泽启子Ke...1986 / 日本 / 动画奇幻冒险,9.1,576790人评价,对天空的追逐，永不停止。 
38,何以为家 / كفرناحوم / 迦百农/星仔打官司(港),https://movie.douban.com/subject/30170448/,https://img1.doubanio.com/view/photo/s_ratio_poster/public/p2555295759.jpg,导演:娜丁·拉巴基NadineLabaki   主演:扎因·拉费阿Zainal-Rafeea/...2018 / 黎巴嫩法国美国 / 剧情,9.1,578197人评价,凝视卑弱生命，用电影改变命运。
39,大话西游之月光宝盒 / 西遊記第壹佰零壹回之月光寶盒 / 西游记101回月光宝盒/齐天大圣东游记,https://movie.douban.com/subject/1299398/,https://img3.doubanio.com/view/photo/s_ratio_poster/public/p2561721372.jpg,导演:刘镇伟JeffreyLau   主演:周星驰StephenChow/吴孟达ManTatNg...1995 / 中国香港中国大陆 / 喜剧爱情奇幻古装,9.0,810846人评价,旷古烁今。
40,哈尔的移动城堡 / ハウルの動く城 / 哈尔移动城堡(港)/呼啸山城,https://movie.douban.com/subject/1308807/,https://img3.doubanio.com/view/photo/s_ratio_poster/public/p2174346180.jpg,导演:宫崎骏HayaoMiyazaki   主演:倍赏千惠子ChiekoBaishô/木村拓...2004 / 日本 / 动画奇幻冒险,9.0,657665人评价,带着心爱的人在天空飞翔。
41,天堂电影院 / NuovoCinemaParadiso / 星光伴我心(港)/新天堂乐园(台),https://movie.douban.com/subject/1291828/,https://img1.doubanio.com/view/photo/s_ratio_poster/public/p2559577569.jpg,导演:朱塞佩·托纳多雷GiuseppeTornatore   主演:安东内拉·阿蒂利Anton...1988 / 意大利法国 / 剧情爱情,9.2,460277人评价,那些吻戏，那些青春，都在影院的黑暗里被泪水冲刷得无比清晰。
42,素媛 / 소원 / 许愿/希望：为爱重生(台),https://movie.douban.com/subject/21937452/,https://img9.doubanio.com/view/photo/s_ratio_poster/public/p2118532944.jpg,导演:李濬益Jun-ikLee   主演:薛景求Kyung-guSol/严志媛Ji-wonUhm...2013 / 韩国 / 剧情,9.2,408036人评价,受过伤害的人总是笑得最开心，因为他们不愿意让身边的人承受一样的痛苦。
43,罗马假日 / RomanHoliday / 金枝玉叶(港)/罗马假期(台),https://movie.douban.com/subject/1293839/,https://img9.doubanio.com/view/photo/s_ratio_poster/public/p2189265085.jpg,导演:威廉·惠勒WilliamWyler   主演:奥黛丽·赫本AudreyHepburn/格...1953 / 美国 / 喜剧剧情爱情,9.0,664929人评价,爱情哪怕只有一天。
44,闻香识女人 / ScentofaWoman / 女人香/女人的芳香,https://movie.douban.com/subject/1298624/,https://img1.doubanio.com/view/photo/s_ratio_poster/public/p2550757929.jpg,导演:马丁·布莱斯MartinBrest   主演:阿尔·帕西诺AlPacino/克里斯...1992 / 美国 / 剧情,9.1,577202人评价,史上最美的探戈。
45,辩护人 / 변호인 / 逆权大状(港)/正义辩护人(台),https://movie.douban.com/subject/21937445/,https://img9.doubanio.com/view/photo/s_ratio_poster/public/p2158166535.jpg,导演:杨宇硕Woo-seokYang   主演:宋康昊Kang-hoSong/吴达洙Dal-suO...2013 / 韩国 / 剧情,9.2,410156人评价,电影的现实意义大过电影本身。
46,搏击俱乐部 / FightClub / 搏击会(港)/斗阵俱乐部(台),https://movie.douban.com/subject/1292000/,https://img1.doubanio.com/view/photo/s_ratio_poster/public/p1910926158.jpg,导演:大卫·芬奇DavidFincher   主演:爱德华·诺顿EdwardNorton/布拉...1999 / 美国德国 / 剧情动作悬疑惊悚,9.0,607993人评价,邪恶与平庸蛰伏于同一个母体，在特定的时间互相对峙。
47,哈利·波特与魔法石 / HarryPotterandtheSorcerer'sStone / 哈利波特1：神秘的魔法石(港/台),https://movie.douban.com/subject/1295038/,https://img9.doubanio.com/view/photo/s_ratio_poster/public/p804947166.jpg,导演:ChrisColumbus   主演:DanielRadcliffe/EmmaWatson/RupertGrint2001 / 美国英国 / 奇幻冒险,9.0,598659人评价,童话世界的开端。
48,死亡诗社 / DeadPoetsSociety / 暴雨骄阳(港)/春风化雨(台),https://movie.douban.com/subject/1291548/,https://img3.doubanio.com/view/photo/s_ratio_poster/public/p2575465690.jpg,导演:彼得·威尔PeterWeir   主演:罗宾·威廉姆斯RobinWilliams/罗伯...1989 / 美国 / 剧情,9.1,474263人评价,当一个死水般的体制内出现一个活跃的变数时，所有的腐臭都站在了光明的对面。
49,窃听风暴 / DasLebenderAnderen / 窃听者(港)/他人的生活,https://movie.douban.com/subject/1900841/,https://img1.doubanio.com/view/photo/s_ratio_poster/public/p1808872109.jpg,导演:弗洛里安·亨克尔·冯·多纳斯马尔克FlorianHenckelvonDonnersmarck  &n...2006 / 德国 / 剧情悬疑,9.1,390810人评价,别样人生。
50,教父2 / TheGodfather:PartⅡ / 教父续集/教父II,https://movie.douban.com/subject/1299131/,https://img1.doubanio.com/view/photo/s_ratio_poster/public/p2194138787.jpg,导演:弗朗西斯·福特·科波拉FrancisFordCoppola   主演:阿尔·帕西诺A...1974 / 美国 / 剧情犯罪,9.2,347819人评价,优雅的孤独。
51,狮子王 / TheLionKing / 狮子王3D,https://movie.douban.com/subject/1301753/,https://img1.doubanio.com/view/photo/s_ratio_poster/public/p2277799019.jpg,导演:RogerAllers/罗伯·明可夫RobMinkoff   主演:乔纳森·泰勒·托马...1994 / 美国 / 动画冒险歌舞,9.0,533075人评价,动物版《哈姆雷特》。
52,指环王2：双塔奇兵 / TheLordoftheRings:TheTwoTowers / 魔戒二部曲：双城奇谋/指环王II：双塔,https://movie.douban.com/subject/1291572/,https://img9.doubanio.com/view/photo/s_ratio_poster/public/p909265336.jpg,导演:彼得·杰克逊PeterJackson   主演:伊利亚·伍德ElijahWood/西恩...2002 / 美国新西兰 / 剧情动作奇幻冒险,9.1,464516人评价,承前启后的史诗篇章。
53,我不是药神 / 中国药神/印度药神,https://movie.douban.com/subject/26752088/,https://img9.doubanio.com/view/photo/s_ratio_poster/public/p2561305376.jpg,导演:文牧野MuyeWen   主演:徐峥ZhengXu/王传君ChuanjunWang/周...2018 / 中国大陆 / 剧情喜剧,9.0,1409096人评价,对我们国家而言，这样的电影多一部是一部。
54,大闹天宫 / 大闹天宫上下集/TheMonkeyKing,https://movie.douban.com/subject/1418019/,https://img1.doubanio.com/view/photo/s_ratio_poster/public/p2184505167.jpg,导演:万籁鸣LaimingWan/唐澄ChengTang   主演:邱岳峰YuefengQiu/...1961(中国大陆)/1964(中国大陆)/1978(中国大陆)/2004(中国大陆) / 中国大陆 / 动画奇幻,9.3,248519人评价,经典之作，历久弥新。
55,"两杆大烟枪 / Lock,StockandTwoSmokingBarrels / 够姜四小强(港)/两根枪管(台)",https://movie.douban.com/subject/1293350/,https://img1.doubanio.com/view/photo/s_ratio_poster/public/p792443418.jpg,导演:GuyRitchie   主演:JasonFlemyng/DexterFletcher/NickMoran1998 / 英国 / 剧情喜剧犯罪,9.1,414223人评价,4个臭皮匠顶个诸葛亮，盖·里奇果然不是盖的。
56,指环王1：魔戒再现 / TheLordoftheRings:TheFellowshipoftheRing / 魔戒首部曲：魔戒现身/指环王I：护戒使者,https://movie.douban.com/subject/1291571/,https://img3.doubanio.com/view/photo/s_ratio_poster/public/p1354436051.jpg,导演:彼得·杰克逊PeterJackson   主演:伊利亚·伍德ElijahWood/西恩...2001 / 新西兰美国 / 剧情动作奇幻冒险,9.0,522255人评价,传说的开始。
57,飞越疯人院 / OneFlewOvertheCuckoo'sNest / 飞越杜鹃窝(台)/飞越喜鹊巢,https://movie.douban.com/subject/1292224/,https://img1.doubanio.com/view/photo/s_ratio_poster/public/p792238287.jpg,导演:米洛斯·福尔曼MilošForman   主演:杰克·尼科尔森JackNichols...1975 / 美国 / 剧情,9.1,415266人评价,自由万岁。
58,美丽心灵 / ABeautifulMind / 有你终生美丽(港)/美丽境界(台),https://movie.douban.com/subject/1306029/,https://img3.doubanio.com/view/photo/s_ratio_poster/public/p1665997400.jpg,导演:朗·霍华德RonHoward   主演:罗素·克劳RussellCrowe/艾德·哈...2001 / 美国 / 传记剧情,9.0,513463人评价,爱是一切逻辑和原由。
59,饮食男女 / 飲食男女 / EatDrinkManWoman,https://movie.douban.com/subject/1291818/,https://img3.doubanio.com/view/photo/s_ratio_poster/public/p1910899751.jpg,导演:李安AngLee   主演:郎雄SihungLung/杨贵媚Kuei-MeiYang/吴...1994 / 中国台湾美国 / 剧情家庭,9.1,379255人评价,人生不能像做菜，把所有的料都准备好了才下锅。
60,V字仇杀队 / VforVendetta / V煞(港)/V怪客(台),https://movie.douban.com/subject/1309046/,https://img3.doubanio.com/view/photo/s_ratio_poster/public/p1465235231.jpg,导演:詹姆斯·麦克特格JamesMcTeigue   主演:娜塔莉·波特曼NataliePor...2005 / 美国英国德国 / 剧情动作科幻惊悚,8.9,727572人评价,一张面具背后的理想与革命。
61,黑客帝国 / TheMatrix / 廿二世纪杀人网络(港)/骇客任务(台),https://movie.douban.com/subject/1291843/,https://img1.doubanio.com/view/photo/s_ratio_poster/public/p451926968.jpg,导演:安迪·沃卓斯基AndyWachowski/拉娜·沃卓斯基LanaWachowski   主...1999 / 美国澳大利亚 / 动作科幻,9.0,521602人评价,视觉革命。
62,猫鼠游戏 / CatchMeIfYouCan / 逍遥法外/神鬼交锋(台),https://movie.douban.com/subject/1305487/,https://img3.doubanio.com/view/photo/s_ratio_poster/public/p453924541.jpg,导演:史蒂文·斯皮尔伯格StevenSpielberg   主演:莱昂纳多·迪卡普里奥L...2002 / 美国加拿大 / 传记犯罪剧情,9.0,520369人评价,骗子大师和执著警探的你追我跑故事。 
63,钢琴家 / ThePianist / 战地琴声(台)/战地琴人,https://movie.douban.com/subject/1296736/,https://img3.doubanio.com/view/photo/s_ratio_poster/public/p792376093.jpg,导演:罗曼·波兰斯基RomanPolanski   主演:艾德里安·布洛迪AdrienBrod...2002 / 法国德国英国波兰 / 剧情传记历史战争音乐,9.1,342729人评价,音乐能化解仇恨。
64,本杰明·巴顿奇事 / TheCuriousCaseofBenjaminButton / 奇幻逆缘(港)/班杰明的奇幻旅程(台),https://movie.douban.com/subject/1485260/,https://img3.doubanio.com/view/photo/s_ratio_poster/public/p2192535722.jpg,导演:大卫·芬奇DavidFincher   主演:凯特·布兰切特CateBlanchett/...2008 / 美国 / 剧情爱情奇幻,8.9,672140人评价,在时间之河里感受溺水之苦。
65,看不见的客人 / Contratiempo / 佈局(台)/死无对证(港),https://movie.douban.com/subject/26580232/,https://img9.doubanio.com/view/photo/s_ratio_poster/public/p2498971355.jpg,导演:奥里奥尔·保罗OriolPaulo   主演:马里奥·卡萨斯MarioCasas/阿...2016 / 西班牙 / 剧情犯罪悬疑惊悚,8.8,775693人评价,你以为你以为的就是你以为的。
66,让子弹飞 / 让子弹飞一会儿/火烧云,https://movie.douban.com/subject/3742360/,https://img1.doubanio.com/view/photo/s_ratio_poster/public/p1512562287.jpg,导演:姜文WenJiang   主演:姜文WenJiang/葛优YouGe/周润发Yun-F...2010 / 中国大陆中国香港 / 剧情喜剧动作西部,8.8,1092136人评价,你给我翻译翻译，神马叫做TMD的惊喜。
67,海豚湾 / TheCove / 血色海湾(台)/海湾,https://movie.douban.com/subject/3442220/,https://img1.doubanio.com/view/photo/s_ratio_poster/public/p2559579779.jpg,导演:路易·西霍尤斯LouiePsihoyos   主演:RichardO'Barry/路易·西霍...2009 / 美国 / 纪录片,9.3,274407人评价,海豚的微笑，是世界上最高明的伪装。
68,西西里的美丽传说 / Malèna / 真爱伴我行(台)/玛莲娜,https://movie.douban.com/subject/1292402/,https://img1.doubanio.com/view/photo/s_ratio_poster/public/p2441988159.jpg,导演:朱塞佩·托纳多雷GiuseppeTornatore   主演:莫妮卡·贝鲁奇Monica...2000 / 意大利美国 / 剧情战争情色,8.9,655627人评价,美丽无罪。
69,情书 / LoveLetter / WhenICloseMyEyes/LettersofLove,https://movie.douban.com/subject/1292220/,https://img1.doubanio.com/view/photo/s_ratio_poster/public/p449897379.jpg,导演:岩井俊二ShunjiIwai   主演:中山美穗MihoNakayama/丰川悦司Ets...1995 / 日本 / 剧情爱情,8.9,619213人评价,暗恋的极致。
70,拯救大兵瑞恩 / SavingPrivateRyan / 雷霆救兵(港)/抢救雷恩大兵(台),https://movie.douban.com/subject/1292849/,https://img9.doubanio.com/view/photo/s_ratio_poster/public/p1014542496.jpg,导演:史蒂文·斯皮尔伯格StevenSpielberg   主演:汤姆·汉克斯TomHanks...1998 / 美国 / 剧情历史战争,9.0,433412人评价,美利坚精神输出大片No1.
71,小鞋子 / بچههایآسمان / 天堂的孩子/小童鞋,https://movie.douban.com/subject/1303021/,https://img9.doubanio.com/view/photo/s_ratio_poster/public/p2173580536.jpg,导演:马基德·马基迪MajidMajidi   主演:法拉赫阿米尔·哈什米安AmirFa...1997 / 伊朗 / 剧情儿童家庭,9.2,265522人评价,奔跑的孩子是天使。
72,美国往事 / OnceUponaTimeinAmerica / 四海兄弟(台)/义薄云天(港),https://movie.douban.com/subject/1292262/,https://img1.doubanio.com/view/photo/s_ratio_poster/public/p477229647.jpg,导演:赛尔乔·莱翁内SergioLeone   主演:罗伯特·德尼罗RobertDeNiro...1984 / 美国意大利 / 犯罪剧情,9.2,286481人评价,往事如烟，无处祭奠。
73,音乐之声 / TheSoundofMusic / 仙乐飘飘处处闻(港)/真善美(台),https://movie.douban.com/subject/1294408/,https://img3.doubanio.com/view/photo/s_ratio_poster/public/p2189265302.jpg,导演:罗伯特·怀斯RobertWise   主演:朱莉·安德鲁斯JulieAndrews/克...1965 / 美国 / 剧情传记爱情歌舞,9.0,400418人评价,用音乐化解仇恨，让歌声串起美好。
74,穿条纹睡衣的男孩 / TheBoyintheStripedPajamas / 穿条纹衣服的男孩/穿条纹衣的男孩,https://movie.douban.com/subject/3008247/,https://img3.doubanio.com/view/photo/s_ratio_poster/public/p1473670352.jpg,导演:马克·赫尔曼MarkHerman   主演:阿萨·巴特菲尔德AsaButterfield...2008 / 英国美国 / 剧情战争,9.1,326132人评价,尽管有些不切实际的幻想，这部电影依旧是一部感人肺腑的佳作。
75,致命魔术 / ThePrestige / 顶尖对决(台)/死亡魔法(港),https://movie.douban.com/subject/1780330/,https://img9.doubanio.com/view/photo/s_ratio_poster/public/p480383375.jpg,导演:克里斯托弗·诺兰ChristopherNolan   主演:休·杰克曼HughJackman...2006 / 美国英国 / 剧情悬疑惊悚,8.9,574949人评价,孪生蝙蝠侠大战克隆金刚狼。
76,七宗罪 / Se7en / 火线追缉令(台)/7宗罪,https://movie.douban.com/subject/1292223/,https://img9.doubanio.com/view/photo/s_ratio_poster/public/p457631605.jpg,导演:大卫·芬奇DavidFincher   主演:摩根·弗里曼MorganFreeman/布...1995 / 美国 / 剧情犯罪悬疑惊悚,8.8,672048人评价,警察抓小偷，老鼠玩死猫。
77,低俗小说 / PulpFiction / 黑色追緝令(台)/危险人物(港),https://movie.douban.com/subject/1291832/,https://img3.doubanio.com/view/photo/s_ratio_poster/public/p1910902213.jpg,导演:昆汀·塔伦蒂诺QuentinTarantino   主演:约翰·特拉沃尔塔JohnTra...1994 / 美国 / 剧情喜剧犯罪,8.8,571964人评价,故事的高级讲法。
78,沉默的羔羊 / TheSilenceoftheLambs / 沉默的羔羊,https://movie.douban.com/subject/1293544/,https://img1.doubanio.com/view/photo/s_ratio_poster/public/p1593414327.jpg,导演:乔纳森·戴米JonathanDemme   主演:朱迪·福斯特JodieFoster/安...1991 / 美国 / 剧情犯罪惊悚,8.8,568661人评价,安东尼·霍普金斯的顶级表演。
79,被嫌弃的松子的一生 / 嫌われ松子の一生 / 花样奇缘(港)/令人讨厌的松子的一生(台),https://movie.douban.com/subject/1787291/,https://img9.doubanio.com/view/photo/s_ratio_poster/public/p884763596.jpg,导演:中岛哲也TetsuyaNakashima   主演:中谷美纪MikiNakatani/瑛太E...2006 / 日本 / 剧情歌舞,8.9,511455人评价,以戏谑来戏谑戏谑。
80,蝴蝶效应 / TheButterflyEffect / 蝴蝶效应,https://movie.douban.com/subject/1292343/,https://img1.doubanio.com/view/photo/s_ratio_poster/public/p2209066019.jpg,导演:埃里克·布雷斯EricBress/J·麦基·格鲁伯J.MackyeGruber   主...2004 / 美国加拿大 / 剧情悬疑科幻惊悚,8.8,631867人评价,人的命运被自己瞬间的抉择改变。
81,绿皮书 / GreenBook / 绿簿旅友(港)/幸福绿皮书(台),https://movie.douban.com/subject/27060077/,https://img3.doubanio.com/view/photo/s_ratio_poster/public/p2549177902.jpg,导演:彼得·法雷里PeterFarrelly   主演:维果·莫腾森ViggoMortensen/...2018 / 美国 / 剧情喜剧传记,8.9,991079人评价,去除成见，需要勇气。
82,春光乍泄 / 春光乍洩 / 一起快乐/HappyTogether,https://movie.douban.com/subject/1292679/,https://img3.doubanio.com/view/photo/s_ratio_poster/public/p465939041.jpg,导演:王家卫KarWaiWong   主演:张国荣LeslieCheung/梁朝伟TonyLeu...1997 / 中国香港日本韩国 / 剧情爱情同性,8.9,424259人评价,爱情纠缠，男女一致。
83,禁闭岛 / ShutterIsland / 不赦岛(港)/隔离岛(台),https://movie.douban.com/subject/2334904/,https://img1.doubanio.com/view/photo/s_ratio_poster/public/p1832875827.jpg,导演:MartinScorsese   主演:莱昂纳多·迪卡普里奥LeonardoDiCaprio/...2010 / 美国 / 剧情悬疑惊悚,8.8,629285人评价,昔日翩翩少年，今日大腹便便。
84,心灵捕手 / GoodWillHunting / 骄阳似我(港)/心灵捕手,https://movie.douban.com/subject/1292656/,https://img9.doubanio.com/view/photo/s_ratio_poster/public/p480965695.jpg,导演:格斯·范·桑特GusVanSant   主演:马特·达蒙MattDamon/罗宾·...1997 / 美国 / 剧情,8.9,470920人评价,人生中应该拥有这样的一段豁然开朗。
85,布达佩斯大饭店 / TheGrandBudapestHotel / 布达佩斯大酒店(港)/欢迎来到布达佩斯大饭店(台),https://movie.douban.com/subject/11525673/,https://img3.doubanio.com/view/photo/s_ratio_poster/public/p2178872593.jpg,导演:韦斯·安德森WesAnderson   主演:拉尔夫·费因斯RalphFiennes/...2014 / 美国德国英国 / 剧情喜剧冒险,8.8,594833人评价,小清新的故事里注入了大历史的情怀。
86,勇敢的心 / Braveheart / 惊世未了缘(港)/梅尔吉勃逊之英雄本色(台),https://movie.douban.com/subject/1294639/,https://img3.doubanio.com/view/photo/s_ratio_poster/public/p1374546770.jpg,导演:梅尔·吉布森MelGibson   主演:梅尔·吉布森MelGibson/苏菲·玛...1995 / 美国 / 动作传记剧情历史战争,8.9,429450人评价,史诗大片的典范。
87,剪刀手爱德华 / EdwardScissorhands / 幻海奇缘(港)/剪刀手爱德华,https://movie.douban.com/subject/1292370/,https://img1.doubanio.com/view/photo/s_ratio_poster/public/p480956937.jpg,导演:蒂姆·波顿TimBurton   主演:约翰尼·德普JohnnyDepp/薇诺娜·...1990 / 美国 / 剧情奇幻爱情,8.7,767583人评价,浪漫忧郁的成人童话。
88,海蒂和爷爷 / Heidi / 飘零燕(港)/海蒂,https://movie.douban.com/subject/25958717/,https://img9.doubanio.com/view/photo/s_ratio_poster/public/p2554525534.jpg,导演:阿兰·葛斯彭纳AlainGsponer   主演:阿努克·斯特芬AnukSteffen/...2015 / 德国瑞士南非 / 剧情冒险家庭,9.2,222482人评价,如果生活中有什么使你感到快乐，那就去做吧！不要管别人说什么。
89,阿凡达 / Avatar / 天神下凡(港)/化身,https://movie.douban.com/subject/1652587/,https://img1.doubanio.com/view/photo/s_ratio_poster/public/p2180085848.jpg,导演:詹姆斯·卡梅隆JamesCameron   主演:萨姆·沃辛顿SamWorthington...2009 / 美国英国 / 动作科幻冒险,8.7,908340人评价,绝对意义上的美轮美奂。
90,天使爱美丽 / Lefabuleuxdestind'AméliePoulain / 艾蜜莉的异想世界(台)/天使艾米莉,https://movie.douban.com/subject/1292215/,https://img3.doubanio.com/view/photo/s_ratio_poster/public/p2447590313.jpg,导演:让-皮埃尔·热内Jean-PierreJeunet   主演:奥黛丽·塔图AudreyTau...2001 / 法国德国 / 喜剧爱情,8.7,737425人评价,法式小清新。 
91,"摩登时代 / ModernTimes / TheMasses/Tempsmodernes,Les",https://movie.douban.com/subject/1294371/,https://img1.doubanio.com/view/photo/s_ratio_poster/public/p2263408369.jpg,导演:查理·卓别林CharlesChaplin   主演:查理·卓别林CharlesChaplin...1936 / 美国 / 剧情喜剧爱情,9.3,184698人评价,大时代中的人生，小人物的悲喜。
92,加勒比海盗 / PiratesoftheCaribbean:TheCurseoftheBlackPearl / 加勒比海盗1：黑珍珠号的诅咒/神鬼奇航：鬼盗船魔咒(台),https://movie.douban.com/subject/1298070/,https://img9.doubanio.com/view/photo/s_ratio_poster/public/p1596085504.jpg,导演:戈尔·维宾斯基GoreVerbinski   主演:约翰尼·德普JohnnyDepp/...2003 / 美国 / 动作冒险奇幻,8.7,600879人评价,约翰尼·德普的独角戏。
93,致命ID / Identity / 杀人游戏/致命身份,https://movie.douban.com/subject/1297192/,https://img9.doubanio.com/view/photo/s_ratio_poster/public/p2558364386.jpg,导演:詹姆斯·曼高德JamesMangold   主演:约翰·库萨克JohnCusack/雷...2003 / 美国 / 剧情悬疑惊悚,8.8,527184人评价,最不可能的那个人永远是最可能的。
94,喜剧之王 / 喜劇之王 / KingofComedy,https://movie.douban.com/subject/1302425/,https://img1.doubanio.com/view/photo/s_ratio_poster/public/p2579932167.jpg,导演:周星驰StephenChow/李力持Lik-ChiLee   主演:周星驰StephenCh...1999 / 中国香港 / 喜剧剧情爱情,8.7,623012人评价,我是一个演员。
95,断背山 / BrokebackMountain / 断臂山/BBM,https://movie.douban.com/subject/1418834/,https://img1.doubanio.com/view/photo/s_ratio_poster/public/p513535588.jpg,导演:李安AngLee   主演:希斯·莱杰HeathLedger/杰克·吉伦哈尔Jake...2005 / 美国加拿大 / 剧情爱情同性家庭,8.8,510575人评价,每个人心中都有一座断背山。
96,幽灵公主 / もののけ姫 / 魔法公主(台)/幽灵少女,https://movie.douban.com/subject/1297359/,https://img9.doubanio.com/view/photo/s_ratio_poster/public/p1613191025.jpg,导演:宫崎骏HayaoMiyazaki   主演:松田洋治YôjiMatsuda/石田百合...1997 / 日本 / 动画奇幻冒险,8.9,375095人评价,人与自然的战争史诗。
97,杀人回忆 / 살인의추억 / 谋杀回忆/杀手回忆录,https://movie.douban.com/subject/1300299/,https://img1.doubanio.com/view/photo/s_ratio_poster/public/p2326071698.jpg,导演:奉俊昊Joon-hoBong   主演:宋康昊Kang-hoSong/金相庆Sang-kyun...2003 / 韩国 / 剧情动作犯罪悬疑惊悚,8.8,431095人评价,关于连环杀人悬案的集体回忆。
98,入殓师 / おくりびと / 礼仪师之奏鸣曲(港)/礼仪师(台),https://movie.douban.com/subject/2149806/,https://img1.doubanio.com/view/photo/s_ratio_poster/public/p594972928.jpg,导演:泷田洋二郎YôjirôTakita   主演:本木雅弘MasahiroMotoki/...2008 / 日本 / 剧情,8.8,436224人评价,死可能是一道门，逝去并不是终结，而是超越，走向下一程。
99,狩猎 / Jagten / 谎言的烙印(台)/诬网(港),https://movie.douban.com/subject/6985810/,https://img1.doubanio.com/view/photo/s_ratio_poster/public/p1546987967.jpg,导演:托马斯·温特伯格ThomasVinterberg   主演:麦斯·米科尔森MadsMik...2012 / 丹麦瑞典 / 剧情,9.1,231813人评价,人言可畏。
100,阳光灿烂的日子 / IntheHeatoftheSun,https://movie.douban.com/subject/1291875/,https://img9.doubanio.com/view/photo/s_ratio_poster/public/p2564685215.jpg,导演:姜文WenJiang   主演:夏雨YuXia/宁静JingNing/陶虹HongTao1994 / 中国大陆中国香港 / 剧情爱情,8.8,431023人评价,一场华丽的意淫。
101,重庆森林 / 重慶森林 / ChungkingExpress,https://movie.douban.com/subject/1291999/,https://img3.doubanio.com/view/photo/s_ratio_poster/public/p792381411.jpg,导演:王家卫KarWaiWong   主演:林青霞BrigitteLin/金城武TakeshiK...1994 / 中国香港 / 剧情爱情,8.7,540900人评价,寂寞没有期限。
102,第六感 / TheSixthSense / 灵异第六感/鬼眼,https://movie.douban.com/subject/1297630/,https://img9.doubanio.com/view/photo/s_ratio_poster/public/p2220184425.jpg,导演:M·奈特·沙马兰M.NightShyamalan   主演:布鲁斯·威利斯BruceWi...1999 / 美国 / 剧情悬疑惊悚,8.9,370648人评价,深入内心的恐怖，出人意料的结局。
103,请以你的名字呼唤我 / CallMebyYourName / 以你的名字呼唤我(港/台),https://movie.douban.com/subject/26799731/,https://img3.doubanio.com/view/photo/s_ratio_poster/public/p2505525050.jpg,导演:卢卡·瓜达尼诺LucaGuadagnino   主演:艾米·汉莫ArmieHammer/...2017 / 意大利法国巴西美国荷兰德国 / 剧情爱情同性,8.9,408175人评价,沉醉在电影的情感和视听氛围中无法自拔。
104,小森林夏秋篇 / リトル・フォレスト夏・秋 / 小森食光/夏秋篇(台),https://movie.douban.com/subject/25814705/,https://img3.doubanio.com/view/photo/s_ratio_poster/public/p2564498893.jpg,导演:森淳一JunichiMori   主演:桥本爱AiHashimoto/三浦贵大Takahir...2014 / 日本 / 剧情,9.0,274747人评价,那些静得只能听见呼吸的日子里，你明白孤独即生活。
105,哈利·波特与死亡圣器(下) / HarryPotterandtheDeathlyHallows:Part2 / 哈利波特7：死神的圣物2(港/台),https://movie.douban.com/subject/3011235/,https://img3.doubanio.com/view/photo/s_ratio_poster/public/p917846733.jpg,导演:大卫·叶茨DavidYates   主演:丹尼尔·雷德克里夫DanielRadcliffe...2011 / 美国英国 / 剧情悬疑奇幻冒险,8.8,493063人评价,10年的完美句点。
106,消失的爱人 / GoneGirl / 失踪的女孩/失踪女孩,https://movie.douban.com/subject/21318488/,https://img9.doubanio.com/view/photo/s_ratio_poster/public/p2221768894.jpg,导演:大卫·芬奇DavidFincher   主演:本·阿弗莱克BenAffleck/罗莎蒙...2014 / 美国 / 剧情犯罪悬疑惊悚,8.7,609265人评价,年度最佳date movie。
107,7号房的礼物 / 7번방의선물 / 戆爸的礼物(港)/7号囚房的礼物,https://movie.douban.com/subject/10777687/,https://img9.doubanio.com/view/photo/s_ratio_poster/public/p1816276065.jpg,导演:李焕庆Hwan-kyeongLee   主演:柳承龙Seung-yongRyoo/朴信惠Shi...2013 / 韩国 / 剧情喜剧家庭,8.9,339832人评价,《我是山姆》的《美丽人生》。
108,玛丽和马克思 / MaryandMax / 巧克力情缘(台)/同是天涯寂寞客,https://movie.douban.com/subject/3072124/,https://img9.doubanio.com/view/photo/s_ratio_poster/public/p2162822165.jpg,导演:亚当·艾略特AdamElliot   主演:托妮·科莱特ToniCollette/菲利...2009 / 澳大利亚 / 剧情喜剧动画,8.9,319233人评价,你是我最好的朋友，你是我唯一的朋友 。
109,红辣椒 / パプリカ / 盗梦侦探/帕布莉卡,https://movie.douban.com/subject/1865703/,https://img9.doubanio.com/view/photo/s_ratio_poster/public/p672363704.jpg,导演:今敏SatoshiKon   主演:林原惠美MegumiHayashibara/江守彻Toru...2006 / 日本 / 动画悬疑科幻惊悚,9.0,256473人评价,梦的勾结。
110,爱在黎明破晓前 / BeforeSunrise / 情留半天(港)/爱在黎明破晓时(台),https://movie.douban.com/subject/1296339/,https://img9.doubanio.com/view/photo/s_ratio_poster/public/p2555762374.jpg,导演:理查德·林克莱特RichardLinklater   主演:伊桑·霍克EthanHawke...1995 / 美国奥地利瑞士 / 剧情爱情,8.8,391842人评价,缘分是个连绵词，最美不过一瞬。
111,告白 / 自白/母亲,https://movie.douban.com/subject/4268598/,https://img9.doubanio.com/view/photo/s_ratio_poster/public/p689520756.jpg,导演:中岛哲也TetsuyaNakashima   主演:松隆子TakakoMatsu/冈田将生...2010 / 日本 / 剧情惊悚,8.7,517821人评价,没有一人完全善，也没有一人完全恶。
112,一一 / Yiyi/Yiyi:AOneandaTwo,https://movie.douban.com/subject/1292434/,https://img3.doubanio.com/view/photo/s_ratio_poster/public/p2567845803.jpg,导演:杨德昌EdwardYang   主演:吴念真/李凯莉KellyLee/金燕玲Elai...2000 / 中国台湾日本 / 剧情爱情家庭,9.0,237845人评价,我们都曾经是一一。
113,侧耳倾听 / 耳をすませば / 心之谷(台)/梦幻街少女(港),https://movie.douban.com/subject/1297052/,https://img3.doubanio.com/view/photo/s_ratio_poster/public/p456692072.jpg,导演:近藤喜文YoshifumiKondo   主演:本名阳子YoukoHonna/小林桂树K...1995 / 日本 / 剧情爱情动画,8.9,303596人评价,少女情怀总是诗。
114,小森林冬春篇 / リトル・フォレスト冬・春 / 小森食光/冬春篇(台),https://movie.douban.com/subject/25814707/,https://img3.doubanio.com/view/photo/s_ratio_poster/public/p2258078370.jpg,导演:森淳一JunichiMori   主演:桥本爱AiHashimoto/三浦贵大Takahir...2015 / 日本 / 剧情,9.0,241446人评价,尊敬他人，尊敬你生活的这片土地，明白孤独是人生的常态。
115,大鱼 / BigFish / 大鱼奇缘(港)/大智若鱼(台),https://movie.douban.com/subject/1291545/,https://img9.doubanio.com/view/photo/s_ratio_poster/public/p692813374.jpg,导演:蒂姆·波顿TimBurton   主演:伊万·麦克格雷格EwanMcGregor/阿...2003 / 美国 / 剧情家庭奇幻冒险,8.8,398617人评价,抱着梦想而活着的人是幸福的，怀抱梦想而死去的人是不朽的。
116,阳光姐妹淘 / 써니 / 阳光姊妹淘(港)/桑尼,https://movie.douban.com/subject/4917726/,https://img1.doubanio.com/view/photo/s_ratio_poster/public/p1374786017.jpg,导演:姜炯哲Hyeong-CheolKang   主演:沈恩京Eun-kyungShim/闵孝琳Hy...2011 / 韩国 / 剧情喜剧,8.8,433781人评价,再多各自牛逼的时光，也比不上一起傻逼的岁月。 
117,射雕英雄传之东成西就 / 射鵰英雄傳之東成西就 / 东成西就/大英雄(日本),https://movie.douban.com/subject/1316510/,https://img1.doubanio.com/view/photo/s_ratio_poster/public/p2535922598.jpg,导演:刘镇伟JeffreyLau   主演:梁朝伟TonyLeungChiuWai/林青霞Bri...1993 / 中国香港 / 喜剧奇幻武侠古装,8.7,443200人评价,百看不厌。 
118,蝙蝠侠：黑暗骑士崛起 / TheDarkKnightRises / 蝙蝠侠前传3：黑暗骑士崛起/黑暗骑士：黎明升起(台),https://movie.douban.com/subject/3395373/,https://img9.doubanio.com/view/photo/s_ratio_poster/public/p1706428744.jpg,导演:克里斯托弗·诺兰ChristopherNolan   主演:克里斯蒂安·贝尔Christ...2012 / 美国英国 / 剧情动作科幻犯罪惊悚,8.7,485612人评价,诺兰就是保证。
119,唐伯虎点秋香 / 唐伯虎點秋香 / FlirtingScholar,https://movie.douban.com/subject/1306249/,https://img3.doubanio.com/view/photo/s_ratio_poster/public/p1946455272.jpg,导演:李力持Lik-ChiLee   主演:周星驰StephenChow/巩俐LiGong/陈...1993 / 中国香港 / 喜剧爱情古装,8.6,671207人评价,华太师是黄霑，吴镇宇四大才子之一。
120,超脱 / Detachment / 人间师格(台),https://movie.douban.com/subject/5322596/,https://img3.doubanio.com/view/photo/s_ratio_poster/public/p1305562621.jpg,导演:托尼·凯耶TonyKaye   主演:艾德里安·布洛迪AdrienBrody/马西...2011 / 美国 / 剧情,8.9,305744人评价,穷尽一生，我们要学会的，不过是彼此拥抱。
121,倩女幽魂 / 倩女幽魂(87版)/倩女幽魂：妖魔道,https://movie.douban.com/subject/1297447/,https://img9.doubanio.com/view/photo/s_ratio_poster/public/p2414157745.jpg,导演:程小东Siu-TungChing   主演:张国荣LeslieCheung/王祖贤JoeyW...1987 / 中国香港 / 爱情奇幻武侠古装,8.7,476099人评价,两张绝世的脸。 
122,甜蜜蜜 / Comrades:AlmostaLoveStory,https://movie.douban.com/subject/1305164/,https://img9.doubanio.com/view/photo/s_ratio_poster/public/p2223011274.jpg,导演:陈可辛PeterChan   主演:黎明LeonLai/张曼玉MaggieCheung/...1996 / 中国香港 / 剧情爱情,8.8,349177人评价,相逢只要一瞬间，等待却像是一辈子。
123,驯龙高手 / HowtoTrainYourDragon / 驯龙记(港),https://movie.douban.com/subject/2353023/,https://img9.doubanio.com/view/photo/s_ratio_poster/public/p2210954024.jpg,导演:迪恩·德布洛斯DeanDeBlois/克里斯·桑德斯ChrisSanders   主演:...2010 / 美国 / 动画奇幻冒险,8.7,513837人评价,和谐的生活离不开摸头与被摸头。
124,恐怖直播 / 더테러라이브 / 死亡“动”新闻(港)/恐怖攻击直播(台),https://movie.douban.com/subject/21360417/,https://img9.doubanio.com/view/photo/s_ratio_poster/public/p2016930906.jpg,导演:金秉祐Byeong-wooKim   主演:河正宇Jung-wooHa/李璟荣Kyeong-y...2013 / 韩国 / 剧情犯罪悬疑,8.8,419696人评价,恐怖分子的“秋菊打官司”。
125,萤火之森 / 蛍火の杜へ / 萤火之社/Hotarubinomorie,https://movie.douban.com/subject/5989818/,https://img3.doubanio.com/view/photo/s_ratio_poster/public/p1675053073.jpg,导演:大森贵弘TakahiroOmori   主演:佐仓绫音AyaneSakura/内山昂辉K...2011 / 日本 / 剧情爱情动画奇幻,8.9,322657人评价,触不到的恋人。
126,菊次郎的夏天 / 菊次郎の夏 / Kikujirônonatsu/菊次郎的夏天,https://movie.douban.com/subject/1293359/,https://img9.doubanio.com/view/photo/s_ratio_poster/public/p751835224.jpg,导演:北野武TakeshiKitano   主演:北野武TakeshiKitano/关口雄介Yus...1999 / 日本 / 剧情喜剧,8.8,340532人评价,从没见过那么流氓的温柔，从没见过那么温柔的流氓。
127,幸福终点站 / TheTerminal / 机场客运站(港)/航站情缘(台),https://movie.douban.com/subject/1292274/,https://img1.doubanio.com/view/photo/s_ratio_poster/public/p854757687.jpg,导演:史蒂文·斯皮尔伯格StevenSpielberg   主演:汤姆·汉克斯TomHanks...2004 / 美国 / 喜剧剧情爱情,8.8,362215人评价,有时候幸福需要等一等。 
128,爱在日落黄昏时 / BeforeSunset / 日落巴黎(港)/爱在日落巴黎时(台),https://movie.douban.com/subject/1291990/,https://img3.doubanio.com/view/photo/s_ratio_poster/public/p1910924221.jpg,导演:理查德·林克莱特RichardLinklater   主演:伊桑·霍克EthanHawke...2004 / 美国法国 / 剧情爱情,8.8,335739人评价,九年后的重逢是世俗和责任的交叠，没了悸动和青涩，沧桑而温暖。
129,超能陆战队 / BigHero6 / 大英雄联盟(港)/大英雄天团(台),https://movie.douban.com/subject/11026735/,https://img1.doubanio.com/view/photo/s_ratio_poster/public/p2224568669.jpg,导演:唐·霍尔DonHall/克里斯·威廉姆斯ChrisWilliams   主演:斯科特...2014 / 美国 / 喜剧动作科幻动画冒险,8.7,662494人评价,Balalala~~~
130,无人知晓 / 誰も知らない / 谁知赤子心(港)/无人知晓的夏日清晨(台),https://movie.douban.com/subject/1292337/,https://img3.doubanio.com/view/photo/s_ratio_poster/public/p661160053.jpg,导演:是枝裕和HirokazuKoreeda   主演:柳乐优弥YûyaYagira/北浦爱...2004 / 日本 / 剧情,9.1,173778人评价,我的平常生活就是他人的幸福。
131,借东西的小人阿莉埃蒂 / 借りぐらしのアリエッティ / 借物少女艾莉缇(台)/借东西的小矮人亚莉亚蒂(港),https://movie.douban.com/subject/4202302/,https://img9.doubanio.com/view/photo/s_ratio_poster/public/p617533616.jpg,导演:米林宏昌HiromasaYonebayashi   主演:志田未来MiraiShida/神木...2010 / 日本 / 动画奇幻冒险,8.8,360480人评价,曾经的那段美好会沉淀为一辈子的记忆。
132,神偷奶爸 / DespicableMe / 卑鄙的我/坏蛋奖门人(港),https://movie.douban.com/subject/3287562/,https://img1.doubanio.com/view/photo/s_ratio_poster/public/p792776858.jpg,导演:皮艾尔·柯芬PierreCoffin/克里斯·雷纳德ChrisRenaud   主演:...2010 / 美国法国 / 喜剧动画冒险,8.6,665470人评价,Mr. I Don't Care其实也有Care的时候。
133,"怪兽电力公司 / Monsters,Inc. / 怪兽公司(港)/怪物公司",https://movie.douban.com/subject/1291579/,https://img1.doubanio.com/view/photo/s_ratio_poster/public/p2513247938.jpg,导演:彼特·道格特PeteDocter/大卫·斯沃曼DavidSilverman   主演:约...2001 / 美国 / 儿童喜剧动画奇幻冒险,8.7,430766人评价,不要给它起名字，起了名字就有感情了。
134,风之谷 / 風の谷のナウシカ / 风谷少女/KazenotaninoNaushika,https://movie.douban.com/subject/1291585/,https://img3.doubanio.com/view/photo/s_ratio_poster/public/p1917567652.jpg,导演:宫崎骏HayaoMiyazaki   主演:岛本须美SumiShimamoto/松田洋治Y...1984 / 日本 / 动画奇幻冒险,8.9,270046人评价,动画片的圣经。
135,玩具总动员3 / ToyStory3 / 反斗奇兵3(港)/玩具的故事3,https://movie.douban.com/subject/1858711/,https://img1.doubanio.com/view/photo/s_ratio_poster/public/p1283675359.jpg,导演:李·昂克里奇LeeUnkrich   主演:汤姆·汉克斯TomHanks/蒂姆·艾...2010 / 美国 / 喜剧动画奇幻冒险,8.8,334689人评价,跨度十五年的欢乐与泪水。
136,完美的世界 / APerfectWorld / 强盗保镳,https://movie.douban.com/subject/1300992/,https://img3.doubanio.com/view/photo/s_ratio_poster/public/p792403691.jpg,导演:克林特·伊斯特伍德ClintEastwood   主演:凯文·科斯特纳KevinCos...1993 / 美国 / 剧情犯罪,9.1,161443人评价,坏人的好总是比好人的好来得更感人。
137,上帝之城 / CidadedeDeus / 无主之城(港)/无法无天(台),https://movie.douban.com/subject/1292208/,https://img3.doubanio.com/view/photo/s_ratio_poster/public/p455677490.jpg,导演:费尔南多·梅里尔斯FernandoMeirelles/卡迪亚·兰德KátiaLund  &nbsp...2002 / 巴西法国 / 犯罪剧情,8.9,220983人评价,被上帝抛弃了的上帝之城。
138,血战钢锯岭 / HacksawRidge / 钢锯岭/钢铁英雄(台),https://movie.douban.com/subject/26325320/,https://img1.doubanio.com/view/photo/s_ratio_poster/public/p2398141939.jpg,导演:梅尔·吉布森MelGibson   主演:安德鲁·加菲尔德AndrewGarfield/...2016 / 美国澳大利亚 / 剧情传记历史战争,8.7,550604人评价,优秀的战争片不会美化战场，不会粉饰死亡，不会矮化敌人，不会无视常识，最重要的，不会宣扬战争。
139,电锯惊魂 / Saw / 夺魂锯(台)/恐惧斗室(港),https://movie.douban.com/subject/1417598/,https://img9.doubanio.com/view/photo/s_ratio_poster/public/p2565332644.jpg,导演:詹姆斯·温JamesWan   主演:雷·沃纳尔LeighWhannell/加利·艾...2004 / 美国 / 悬疑惊悚恐怖,8.7,337811人评价,真相就在眼前。
140,傲慢与偏见 / Pride&Prejudice / 傲慢与偏见2005/PrideAndPrejudice,https://movie.douban.com/subject/1418200/,https://img9.doubanio.com/view/photo/s_ratio_poster/public/p452005185.jpg,导演:乔·怀特JoeWright   主演:凯拉·奈特莉KeiraKnightley/马修·...2005 / 法国英国美国 / 剧情爱情,8.6,506921人评价,爱是摈弃傲慢与偏见之后的曙光。
141,时空恋旅人 / AboutTime / 时空旅恋人/回到最爱的一天(港),https://movie.douban.com/subject/10577869/,https://img9.doubanio.com/view/photo/s_ratio_poster/public/p2070153774.jpg,导演:理查德·柯蒂斯RichardCurtis   主演:多姆纳尔·格里森DomhnallGl...2013 / 英国 / 喜剧爱情奇幻,8.7,364812人评价,把每天当作最后一天般珍惜度过，积极拥抱生活，就是幸福。
142,喜宴 / 囍宴 / TheWeddingBanquet,https://movie.douban.com/subject/1303037/,https://img9.doubanio.com/view/photo/s_ratio_poster/public/p2173713676.jpg,导演:李安AngLee   主演:赵文瑄WinstonChao/郎雄SihungLung/归亚...1993 / 中国台湾美国 / 剧情喜剧爱情同性家庭,8.9,227953人评价,中国家庭的喜怒哀乐忍。
143,谍影重重3 / TheBourneUltimatum / 叛谍追击3：最后通牒(港)/神鬼认证：最后通牒(台),https://movie.douban.com/subject/1578507/,https://img1.doubanio.com/view/photo/s_ratio_poster/public/p792223507.jpg,导演:保罗·格林格拉斯PaulGreengrass   主演:马特·达蒙MattDamon/...2007 / 美国德国 / 动作悬疑惊悚,8.8,294046人评价,像吃了苏打饼一样干脆的电影。
144,教父3 / TheGodfather:PartIII / 教父第三集/教父III,https://movie.douban.com/subject/1294240/,https://img3.doubanio.com/view/photo/s_ratio_poster/public/p2169664351.jpg,导演:弗朗西斯·福特·科波拉FrancisFordCoppola   主演:阿尔·帕西诺A...1990 / 美国 / 剧情犯罪,8.9,230669人评价,任何信念的力量，都无法改变命运。
145,岁月神偷 / 歲月神偷 / 1969太空漫游/EchoesOfTheRainbow,https://movie.douban.com/subject/3792799/,https://img3.doubanio.com/view/photo/s_ratio_poster/public/p456666151.jpg,导演:罗启锐AlexLaw   主演:吴君如SandraNg/任达华SimonYam/钟绍...2010 / 中国香港中国大陆 / 剧情家庭,8.7,437808人评价,岁月流逝，来日可追。
146,英雄本色 / ABetterTomorrow/GanglandBoss,https://movie.douban.com/subject/1297574/,https://img1.doubanio.com/view/photo/s_ratio_poster/public/p2504997087.jpg,导演:吴宇森JohnWoo   主演:周润发Yun-FatChow/狄龙LungTi/张国...1986 / 中国香港 / 剧情动作犯罪,8.7,332290人评价,英雄泪短，兄弟情长。 
147,七武士 / 七人の侍 / 七侠四义(港)/TheSevenSamurai,https://movie.douban.com/subject/1295399/,https://img9.doubanio.com/view/photo/s_ratio_poster/public/p2572674785.jpg,导演:黑泽明AkiraKurosawa   主演:三船敏郎ToshirôMifune/志村乔...1954 / 日本 / 动作冒险剧情,9.2,126523人评价,时代悲歌。
148,被解救的姜戈 / DjangoUnchained / 被解放的姜戈/决杀令(台),https://movie.douban.com/subject/6307447/,https://img1.doubanio.com/view/photo/s_ratio_poster/public/p1959232369.jpg,导演:昆汀·塔伦蒂诺QuentinTarantino   主演:杰米·福克斯JamieFoxx/...2012 / 美国 / 剧情动作西部冒险,8.7,416316人评价,热血沸腾，那个低俗、性感的无耻混蛋又来了。
149,疯狂原始人 / TheCroods / 古鲁家族(港/台),https://movie.douban.com/subject/1907966/,https://img1.doubanio.com/view/photo/s_ratio_poster/public/p1867084027.jpg,导演:科克·德·米科KirkDeMicco/克里斯·桑德斯ChrisSanders   主演...2013 / 美国 / 喜剧动画冒险,8.7,590932人评价,老少皆宜，这就是好莱坞动画的魅力。
150,功夫 / 功夫3D/KungFuHustle,https://movie.douban.com/subject/1291543/,https://img1.doubanio.com/view/photo/s_ratio_poster/public/p2219011938.jpg,导演:周星驰StephenChow   主演:周星驰StephenChow/元秋QiuYuen/...2004 / 中国大陆中国香港 / 动作喜剧犯罪奇幻,8.5,611684人评价,警恶惩奸，维护世界和平这个任务就交给你了，好吗？
151,真爱至上 / LoveActually / 爱是您，爱是我(台)/真的恋爱了(港),https://movie.douban.com/subject/1292401/,https://img3.doubanio.com/view/photo/s_ratio_poster/public/p475600770.jpg,导演:理查德·柯蒂斯RichardCurtis   主演:休·格兰特HughGrant/柯林...2003 / 英国美国法国 / 喜剧剧情爱情,8.6,499581人评价,爱，是个动词。
152,"三块广告牌 / ThreeBillboardsOutsideEbbing,Missouri / 意外(台)/广告牌杀人事件(港)",https://movie.douban.com/subject/26611804/,https://img1.doubanio.com/view/photo/s_ratio_poster/public/p2510081688.jpg,导演:马丁·麦克唐纳MartinMcDonagh   主演:弗兰西斯·麦克多蒙德France...2017 / 美国英国 / 剧情犯罪,8.7,577138人评价,怼天怼地，你走后，她与世界为敌。
153,萤火虫之墓 / 火垂るの墓 / 再见萤火虫(港)/萤火挽歌,https://movie.douban.com/subject/1293318/,https://img1.doubanio.com/view/photo/s_ratio_poster/public/p1157334208.jpg,导演:高畑勋IsaoTakahata   主演:辰己努/白石绫乃/志乃原良子1988 / 日本 / 动画剧情战争,8.7,306542人评价,幸福是生生不息，却难以触及的远。 
154,心迷宫 / 殡棺/TheCoffinintheMountain,https://movie.douban.com/subject/25917973/,https://img9.doubanio.com/view/photo/s_ratio_poster/public/p2276780256.jpg,导演:忻钰坤YukunXin   主演:霍卫民WeiminHuo/王笑天XiaotianWang...2014 / 中国大陆 / 剧情犯罪悬疑,8.7,328183人评价,荒诞讽刺，千奇百巧，抽丝剥茧，百转千回。
155,哪吒闹海 / PrinceNezha'sTriumphAgainstDragonKing/Nezhanaohai,https://movie.douban.com/subject/1307315/,https://img3.doubanio.com/view/photo/s_ratio_poster/public/p2516566783.jpg,导演:严定宪DingxianYan/王树忱ShuchenWang   主演:梁正晖Zhenghui...1979 / 中国大陆 / 冒险动画奇幻,9.0,161917人评价,想你时你在闹海。
156,纵横四海 / 緃横四海 / OnceaThief,https://movie.douban.com/subject/1295409/,https://img9.doubanio.com/view/photo/s_ratio_poster/public/p2272146906.jpg,导演:吴宇森JohnWoo   主演:周润发Yun-FatChow/张国荣LeslieCheung...1991 / 中国香港 / 剧情喜剧动作犯罪,8.8,270077人评价,香港浪漫主义警匪动作片的巅峰之作。
157,天书奇谭 / TheLegendofSealedBook/SecretsoftheHeavenlyBook,https://movie.douban.com/subject/1428581/,https://img1.doubanio.com/view/photo/s_ratio_poster/public/p2515539487.jpg,导演:王树忱ShuchenWang/钱运达YundaQian   主演:丁建华JianhuaDin...1983(中国大陆) / 中国大陆 / 动画奇幻,9.2,128744人评价,传奇的年代，醉人的童话。
158,我是山姆 / IAmSam / 不一样的爸爸(港)/他不笨，他是我爸爸(台),https://movie.douban.com/subject/1306861/,https://img9.doubanio.com/view/photo/s_ratio_poster/public/p652417775.jpg,导演:杰茜·尼尔森JessieNelson   主演:SeanPenn/DakotaFanning/Mi...2001 / 美国 / 剧情家庭,8.9,196482人评价,爱并不需要智商 。
159,达拉斯买家俱乐部 / DallasBuyersClub / 续命枭雄(港)/药命俱乐部(台),https://movie.douban.com/subject/1793929/,https://img1.doubanio.com/view/photo/s_ratio_poster/public/p2166160837.jpg,导演:让-马克·瓦雷Jean-MarcVallée   主演:马修·麦康纳MatthewMcCon...2013 / 美国 / 剧情传记同性,8.8,307282人评价,Jared Leto的腿比女人还美！
160,爆裂鼓手 / Whiplash / 鼓动真我(港)/进击的鼓手(台),https://movie.douban.com/subject/25773932/,https://img3.doubanio.com/view/photo/s_ratio_poster/public/p2220776342.jpg,导演:达米恩·查泽雷DamienChazelle   主演:迈尔斯·特勒MilesTeller/...2014 / 美国 / 剧情音乐,8.7,376073人评价,这个世界从不善待努力的人，努力了也不一定会成功，但是知道自己在努力，就是活下去的动力。
161,东邪西毒 / 東邪西毒 / AshesofTime,https://movie.douban.com/subject/1292328/,https://img3.doubanio.com/view/photo/s_ratio_poster/public/p1982176012.jpg,导演:王家卫KarWaiWong   主演:张国荣LeslieCheung/林青霞Brigitte...1994 / 中国香港中国台湾 / 剧情动作爱情武侠古装,8.6,413698人评价,电影诗。
162,记忆碎片 / Memento / 失忆/记忆拼图(台),https://movie.douban.com/subject/1304447/,https://img3.doubanio.com/view/photo/s_ratio_poster/public/p641688453.jpg,导演:克里斯托弗·诺兰ChristopherNolan   主演:盖·皮尔斯GuyPearce/...2000 / 美国 / 犯罪剧情悬疑惊悚,8.6,420983人评价,一个针管引发的血案。
163,贫民窟的百万富翁 / SlumdogMillionaire / 贫民百万富翁(台)/一百万零一夜(港),https://movie.douban.com/subject/2209573/,https://img3.doubanio.com/view/photo/s_ratio_poster/public/p2434249040.jpg,导演:丹尼·鲍尔DannyBoyle/洛芙琳·坦丹LoveleenTandan   主演:戴夫...2008 / 英国美国 / 剧情爱情,8.6,546317人评价,上帝之城+猜火车+阿甘正传+开心辞典=山寨富翁
164,荒蛮故事 / Relatossalvajes / 蛮荒故事/生命中最抓狂的小事(台),https://movie.douban.com/subject/24750126/,https://img9.doubanio.com/view/photo/s_ratio_poster/public/p2231250054.jpg,导演:达米安·斯兹弗隆DamiánSzifron   主演:达里奥·葛兰帝内提Darío...2014 / 阿根廷西班牙 / 剧情喜剧犯罪,8.8,275423人评价,始于荒诞，止于更荒诞。
165,黑天鹅 / BlackSwan / 夺命黑天鹅/霸王别鹅(豆友译名),https://movie.douban.com/subject/1978709/,https://img9.doubanio.com/view/photo/s_ratio_poster/public/p2549648344.jpg,导演:达伦·阿罗诺夫斯基DarrenAronofsky   主演:娜塔莉·波特曼Natalie...2010 / 美国 / 剧情惊悚,8.6,610917人评价,黑暗之美。
166,头号玩家 / ReadyPlayerOne / 玩家一号/挑战者1号(港),https://movie.douban.com/subject/4920389/,https://img1.doubanio.com/view/photo/s_ratio_poster/public/p2516578307.jpg,导演:史蒂文·斯皮尔伯格StevenSpielberg   主演:泰伊·谢里丹TyeSheri...2018 / 美国 / 动作科幻冒险,8.7,963491人评价,写给影迷，动漫迷和游戏迷的一封情书。
167,花样年华 / 花樣年華 / IntheMoodforLove,https://movie.douban.com/subject/1291557/,https://img9.doubanio.com/view/photo/s_ratio_poster/public/p1910828286.jpg,导演:王家卫KarWaiWong   主演:梁朝伟TonyLeungChiuWai/张曼玉Ma...2000 / 中国香港 / 剧情爱情,8.6,384864人评价,偷情本没有这样美。
168,你的名字。 / 君の名は。 / 你的名字/君之名,https://movie.douban.com/subject/26683290/,https://img1.doubanio.com/view/photo/s_ratio_poster/public/p2395733377.jpg,导演:新海诚MakotoShinkai   主演:神木隆之介RyûnosukeKamiki/上...2016 / 日本 / 剧情爱情动画,8.4,917040人评价,穿越错位的时空，仰望陨落的星辰，你没留下你的名字，我却无法忘记那句“我爱你”。
169,卢旺达饭店 / HotelRwanda / 卢安达饭店(台),https://movie.douban.com/subject/1291822/,https://img3.doubanio.com/view/photo/s_ratio_poster/public/p470419493.jpg,导演:特瑞·乔治TerryGeorge   主演:唐·钱德尔DonCheadle/苏菲·奥...2004 / 英国南非意大利 / 剧情历史战争,8.9,192783人评价,当这个世界闭上双眼，他却敞开了怀抱。
170,人生果实 / 人生フルーツ / 积存时间的生活(台)/人生水果,https://movie.douban.com/subject/26874505/,https://img3.doubanio.com/view/photo/s_ratio_poster/public/p2544912792.jpg,导演:伏原健之KenshiFushihara   主演:津端修一ShûichiTsubata/津...2017 / 日本 / 纪录片,9.5,76224人评价,土壤没有落叶不会肥沃，没有了你就不算人生。
171,釜山行 / 부산행 / 尸速列车(台)/尸杀列车(港),https://movie.douban.com/subject/25986180/,https://img1.doubanio.com/view/photo/s_ratio_poster/public/p2360940399.jpg,导演:延尚昊Sang-hoYeon   主演:孔侑YooGong/郑有美Yu-miJung/马...2016 / 韩国 / 动作惊悚灾难,8.5,736405人评价,揭露人性的丧尸题材力作。
172,雨人 / RainMan / 手足情未了(港)/手足情深,https://movie.douban.com/subject/1291870/,https://img3.doubanio.com/view/photo/s_ratio_poster/public/p942376281.jpg,导演:巴瑞·莱文森BarryLevinson   主演:达斯汀·霍夫曼DustinHoffman...1988 / 美国 / 剧情,8.7,297006人评价,生活在自己的世界里，也可以让周围的人显得可笑和渺小。
173,忠犬八公物语 / ハチ公物語 / 八千公物语/阿八的故事,https://movie.douban.com/subject/1959195/,https://img3.doubanio.com/view/photo/s_ratio_poster/public/p1576418852.jpg,导演:SeijirôKôyama   主演:山本圭KeiYamamoto/井川比佐志Hisa...1987 / 日本 / 剧情,9.2,121848人评价,养狗三日，便会对你终其一生。
174,头脑特工队 / InsideOut / 玩转脑朋友(港)/脑筋急转弯(台),https://movie.douban.com/subject/10533913/,https://img9.doubanio.com/view/photo/s_ratio_poster/public/p2266293606.jpg,导演:彼特·道格特PeteDocter/罗纳尔多·德尔·卡门RonaldoDelCarmen  &nb...2015 / 美国 / 喜剧动画冒险,8.7,395573人评价,愿我们都不用长大，每一座城堡都能永远存在。
175,模仿游戏 / TheImitationGame / 解码游戏(港)/模拟游戏,https://movie.douban.com/subject/10463953/,https://img3.doubanio.com/view/photo/s_ratio_poster/public/p2255040492.jpg,导演:莫滕·泰杜姆MortenTyldum   主演:本尼迪克特·康伯巴奇BenedictC...2014 / 英国美国 / 剧情传记战争同性,8.7,409802人评价,他给机器起名“克里斯托弗”，因为这是他初恋的名字。
176,一个叫欧维的男人决定去死 / EnmansomheterOve / 明天别再来敲门(台)/想死冇咁易(港),https://movie.douban.com/subject/26628357/,https://img3.doubanio.com/view/photo/s_ratio_poster/public/p2406624993.jpg,导演:汉内斯·赫尔姆HannesHolm   主演:罗夫·拉斯加德RolfLassgård...2015 / 瑞典 / 剧情,8.8,240612人评价,惠及一生的美丽。
177,黑客帝国3：矩阵革命 / TheMatrixRevolutions / 骇客任务完结篇：最后战役/廿二世纪杀人网络3：惊变世纪,https://movie.douban.com/subject/1302467/,https://img1.doubanio.com/view/photo/s_ratio_poster/public/p443461818.jpg,导演:AndyWachowski/LarryWachowski   主演:基努·里维斯KeanuReeves...2003 / 美国澳大利亚 / 动作科幻,8.7,277248人评价,不得不说，《黑客帝国》系列是商业片与科幻、哲学完美结合的典范。
178,你看起来好像很好吃 / おまえうまそうだな / 你看起来很好吃(台)/你看上去好像很好吃,https://movie.douban.com/subject/4848115/,https://img3.doubanio.com/view/photo/s_ratio_poster/public/p709670262.jpg,导演:藤森雅也MasayaFujimori   主演:山口胜平KappeiYamaguchi/爱河...2010 / 日本 / 剧情动画儿童,8.9,233935人评价,感情不分食草或者食肉。
179,无敌破坏王 / Wreck-ItRalph / 破坏王拉尔夫/破坏王大冒险,https://movie.douban.com/subject/6534248/,https://img9.doubanio.com/view/photo/s_ratio_poster/public/p1735642656.jpg,导演:瑞奇·莫尔RichMoore   主演:约翰·C·赖利JohnC.Reilly/萨拉...2012 / 美国 / 喜剧动画奇幻冒险,8.7,359557人评价,迪士尼和皮克斯拿错剧本的产物。
180,未麻的部屋 / PerfectBlue / 蓝色的恐惧/蓝色恐惧,https://movie.douban.com/subject/1395091/,https://img3.doubanio.com/view/photo/s_ratio_poster/public/p1351050722.jpg,导演:今敏SatoshiKon   主演:岩男润子JunkoIwao/松本梨香RicaMatsu...1997 / 日本 / 动画奇幻惊悚,8.9,175652人评价,好的剧本是，就算你猜到了结局也猜不到全部。
181,恋恋笔记本 / TheNotebook / 深情日记/写我情真,https://movie.douban.com/subject/1309163/,https://img9.doubanio.com/view/photo/s_ratio_poster/public/p483604864.jpg,导演:尼克·卡索维茨NickCassavetes   主演:瑞恩·高斯林RyanGosling/...2004 / 美国 / 剧情爱情,8.5,445954人评价,爱情没有那么多借口，如果不能圆满，只能说明爱的不够。 
182,冰川时代 / IceAge / 冰河世纪/冰原历险记,https://movie.douban.com/subject/1291578/,https://img1.doubanio.com/view/photo/s_ratio_poster/public/p1910895719.jpg,导演:卡洛斯·沙尔丹哈CarlosSaldanha/克里斯·韦奇ChrisWedge   主演...2002 / 美国 / 喜剧动画冒险,8.6,434119人评价,松鼠才是角儿。
183,海边的曼彻斯特 / ManchesterbytheSea / 情系海边之城(港),https://movie.douban.com/subject/25980443/,https://img9.doubanio.com/view/photo/s_ratio_poster/public/p2421855655.jpg,导演:肯尼斯·罗纳根KennethLonergan   主演:卡西·阿弗莱克CaseyAffle...2016 / 美国 / 剧情家庭,8.6,336523人评价,我们都有权利不与自己的过去和解。
184,二十二 / TwentyTwo/22,https://movie.douban.com/subject/26430107/,https://img1.doubanio.com/view/photo/s_ratio_poster/public/p2457609817.jpg,导演:郭柯KeGuo   主演:2015 / 中国大陆 / 纪录片,8.7,201740人评价,有一些东西不应该被遗忘。
185,海街日记 / 海街diary / 海街女孩日记(港)/KamakuraDiary,https://movie.douban.com/subject/25895901/,https://img1.doubanio.com/view/photo/s_ratio_poster/public/p2232247487.jpg,导演:是枝裕和HirokazuKoreeda   主演:绫濑遥HarukaAyase/长泽雅美M...2015 / 日本 / 剧情家庭,8.8,258840人评价,是枝裕和的家庭习作。
186,哈利·波特与阿兹卡班的囚徒 / HarryPotterandthePrisonerofAzkaban / 哈利波特3：阿兹卡班的逃犯(港/台),https://movie.douban.com/subject/1291544/,https://img1.doubanio.com/view/photo/s_ratio_poster/public/p1910812549.jpg,导演:AlfonsoCuarón   主演:丹尼尔·雷德克里夫DanielRadcliffe/Emma...2004 / 英国美国 / 剧情奇幻冒险,8.6,353009人评价,不一样的导演，不一样的哈利·波特。
187,虎口脱险 / Lagrandevadrouille / 横冲直撞出重围(港)/大進擊(台),https://movie.douban.com/subject/1296909/,https://img3.doubanio.com/view/photo/s_ratio_poster/public/p2399597512.jpg,导演:杰拉尔·乌里GérardOury   主演:路易·德·菲耐斯LouisdeFunès...1966 / 法国英国 / 喜剧战争,8.9,160715人评价,永远看不腻的喜剧。
188,新世界 / 신세계 / 暗黑新世界(台)/NewWorld,https://movie.douban.com/subject/10437779/,https://img1.doubanio.com/view/photo/s_ratio_poster/public/p1903379979.jpg,导演:朴勋政Hoon-jungPark   主演:李政宰Jung-JaeLee/崔岷植Min-sik...2013 / 韩国 / 剧情犯罪,8.8,208567人评价,要做就做得狠一点，这样才能活下去。
189,房间 / Room / 不存在的房间(台)/抖室(港),https://movie.douban.com/subject/25724855/,https://img9.doubanio.com/view/photo/s_ratio_poster/public/p2259715855.jpg,导演:伦尼·阿伯拉罕森LennyAbrahamson   主演:布丽·拉尔森BrieLarson...2015 / 爱尔兰加拿大英国美国 / 剧情家庭,8.8,268526人评价,被偷走的岁月，被伤害的生命，被禁锢的灵魂，终将被希望和善意救赎。
190,雨中曲 / Singin'intheRain / 雨中情/万花嬉春,https://movie.douban.com/subject/1293460/,https://img9.doubanio.com/view/photo/s_ratio_poster/public/p1612355875.jpg,导演:斯坦利·多南StanleyDonen/吉恩·凯利GeneKelly   主演:吉恩·...1952 / 美国 / 喜剧歌舞爱情,9.0,140971人评价,骨灰级歌舞片。
191,恐怖游轮 / Triangle / 汪洋血迷宮(台)/轮回三角,https://movie.douban.com/subject/3011051/,https://img9.doubanio.com/view/photo/s_ratio_poster/public/p462470694.jpg,导演:克里斯托弗·史密斯ChristopherSmith   主演:梅利莎·乔治Melissa...2009 / 英国澳大利亚 / 剧情悬疑惊悚,8.5,534504人评价,不要企图在重复中寻找已经失去的爱。
192,人工智能 / ArtificialIntelligence:AI / AI人工智慧,https://movie.douban.com/subject/1302827/,https://img1.doubanio.com/view/photo/s_ratio_poster/public/p792257137.jpg,导演:史蒂文·斯皮尔伯格StevenSpielberg   主演:海利·乔·奥斯蒙Haley...2001 / 美国 / 冒险剧情科幻,8.6,297130人评价,对爱的执着，可以超越一切。
193,魔女宅急便 / 魔女の宅急便 / 魔女琪琪(台)/小魔女限时专送,https://movie.douban.com/subject/1307811/,https://img3.doubanio.com/view/photo/s_ratio_poster/public/p456676352.jpg,导演:宫崎骏HayaoMiyazaki   主演:高山南MinamiTakayama/佐久间玲Re...1989 / 日本 / 动画奇幻冒险,8.6,318076人评价,宫崎骏的电影总让人感觉世界是美好的，阳光明媚的。
194,惊魂记 / Psycho / 精神病患者/触目惊心,https://movie.douban.com/subject/1293181/,https://img9.doubanio.com/view/photo/s_ratio_poster/public/p1021883305.jpg,导演:阿尔弗雷德·希区柯克AlfredHitchcock   主演:安东尼·博金斯Antho...1960 / 美国 / 悬疑惊悚恐怖,8.9,152809人评价,故事的反转与反转，分裂电影的始祖。
195,哈利·波特与密室 / HarryPotterandtheChamberofSecrets / 哈利波特2：消失的密室(港/台),https://movie.douban.com/subject/1296996/,https://img3.doubanio.com/view/photo/s_ratio_poster/public/p1082651990.jpg,导演:ChrisColumbus   主演:丹尼尔·雷德克里夫DanielRadcliffe/艾玛...2002 / 美国英国德国 / 奇幻冒险,8.6,371804人评价,魔法的密室之门已打开...
196,海洋 / Océans / Oceans/海洋,https://movie.douban.com/subject/3443389/,https://img9.doubanio.com/view/photo/s_ratio_poster/public/p2559581324.jpg,导演:雅克·贝汉JacquesPerrin/雅克·克鲁奥德JacquesCluzaud   主演:...2009 / 法国瑞士西班牙美国阿联酋 / 纪录片,9.1,125866人评价,大海啊，不全是水。
197,奇迹男孩 / Wonder / 奇迹,https://movie.douban.com/subject/26787574/,https://img1.doubanio.com/view/photo/s_ratio_poster/public/p2507709428.jpg,导演:斯蒂芬·卓博斯基StephenChbosky   主演:雅各布·特伦布莱JacobTr...2017 / 美国中国香港 / 剧情儿童家庭,8.6,389513人评价,世界不完美，爱会有奇迹。
198,疯狂的石头 / CrazyStone,https://movie.douban.com/subject/1862151/,https://img3.doubanio.com/view/photo/s_ratio_poster/public/p712241453.jpg,导演:宁浩HaoNing   主演:郭涛TaoGuo/刘桦HuaLiu/连晋TeddyLin2006 / 中国大陆中国香港 / 喜剧犯罪,8.4,540233人评价,中国版《两杆大烟枪》。
199,罗生门 / 羅生門 / Rashomon,https://movie.douban.com/subject/1291879/,https://img1.doubanio.com/view/photo/s_ratio_poster/public/p2564689879.jpg,导演:黑泽明AkiraKurosawa   主演:三船敏郎ToshirôMifune/京町子...1950 / 日本 / 剧情犯罪悬疑,8.8,205947人评价,人生的N种可能性。
200,燃情岁月 / LegendsoftheFall / 秋日传奇/真爱一世情(台),https://movie.douban.com/subject/1295865/,https://img1.doubanio.com/view/photo/s_ratio_poster/public/p1023654037.jpg,导演:爱德华·兹威克EdwardZwick   主演:布拉德·皮特BradPitt/安东...1994 / 美国 / 剧情爱情战争西部,8.8,206320人评价,传奇，不是每个人都可以拥有。
201,终结者2：审判日 / Terminator2:JudgmentDay / 终结者2/终结者2：末日审判,https://movie.douban.com/subject/1291844/,https://img9.doubanio.com/view/photo/s_ratio_poster/public/p1910909085.jpg,导演:詹姆斯·卡梅隆JamesCameron   主演:阿诺·施瓦辛格ArnoldSchwarz...1991 / 美国法国 / 动作科幻,8.7,238877人评价,少见的超越首部的续集，动作片中的经典。
202,穿越时空的少女 / 時をかける少女 / 跳跃吧！时空少女(台)/Tokiokakerushôjo,https://movie.douban.com/subject/1937946/,https://img9.doubanio.com/view/photo/s_ratio_poster/public/p2079334286.jpg,导演:细田守MamoruHosoda   主演:仲里依纱RiisaNaka/石田卓也Takuya...2006 / 日本 / 剧情爱情科幻动画,8.6,282648人评价,爱上未来的你。 
203,魂断蓝桥 / WaterlooBridge / 滑铁卢桥/断桥残梦,https://movie.douban.com/subject/1293964/,https://img1.doubanio.com/view/photo/s_ratio_poster/public/p2351134499.jpg,导演:茂文·勒鲁瓦MervynLeRoy   主演:费雯·丽VivienLeigh/罗伯特·...1940 / 美国 / 剧情爱情战争,8.8,187516人评价,中国式内在的美国电影。
204,爱在午夜降临前 / BeforeMidnight / 爱在午夜希腊时(台)/情约半生(港),https://movie.douban.com/subject/10808442/,https://img1.doubanio.com/view/photo/s_ratio_poster/public/p2074715729.jpg,导演:理查德·林克莱特RichardLinklater   主演:伊桑·霍克EthanHawke...2013 / 美国希腊 / 剧情爱情,8.8,207279人评价,所谓爱情，就是话唠一路，都不会心生腻烦，彼此嫌弃。
205,初恋这件小事 / สิ่งเล็กเล็กที่เรียกว่า...รัก / 初恋那件小事(港)/暗恋那点小事,https://movie.douban.com/subject/4739952/,https://img1.doubanio.com/view/photo/s_ratio_poster/public/p767451487.jpg,导演:普特鹏·普罗萨卡·那·萨克那卡林PuttipongPromsakaNaSakolnakorn/华森·波克彭...2010 / 泰国 / 剧情喜剧爱情,8.4,725368人评价,黑小鸭速效美白记。
206,可可西里 / Kekexili:MountainPatrol,https://movie.douban.com/subject/1308857/,https://img3.doubanio.com/view/photo/s_ratio_poster/public/p2414771522.jpg,导演:陆川ChuanLu   主演:多布杰Duobujie/张磊LeiZhang/亓亮QiL...2004 / 中国大陆中国香港 / 剧情犯罪,8.8,198002人评价,坚硬的信仰。
207,2001太空漫游 / 2001:ASpaceOdyssey / 2001：星际漫游/2001：太空奥德赛,https://movie.douban.com/subject/1292226/,https://img9.doubanio.com/view/photo/s_ratio_poster/public/p2560717825.jpg,导演:斯坦利·库布里克StanleyKubrick   主演:凯尔·杜拉KeirDullea/...1968 / 英国美国 / 科幻惊悚冒险,8.8,187065人评价,现代科幻电影的开山之作，最伟大导演的最伟大影片。
208,完美陌生人 / Perfettisconosciuti / 完美谎情(港)/波动的信息分享,https://movie.douban.com/subject/26614893/,https://img9.doubanio.com/view/photo/s_ratio_poster/public/p2522331945.jpg,导演:保罗·格诺维瑟PaoloGenovese   主演:马可·贾利尼MarcoGiallini...2016 / 意大利 / 剧情喜剧,8.5,382662人评价,来啊，互相伤害啊！
209,牯岭街少年杀人事件 / 牯嶺街少年殺人事件 / ABrighterSummerDay,https://movie.douban.com/subject/1292329/,https://img9.doubanio.com/view/photo/s_ratio_poster/public/p848381236.jpg,导演:杨德昌EdwardYang   主演:张震ChenChang/杨静怡LisaYang/张...1991 / 中国台湾 / 剧情犯罪,8.8,173220人评价,弱者送给弱者的一刀。
210,绿里奇迹 / TheGreenMile / 绿色奇迹(台)/绿色英里,https://movie.douban.com/subject/1300374/,https://img3.doubanio.com/view/photo/s_ratio_poster/public/p767586451.jpg,导演:FrankDarabont   主演:汤姆·汉克斯TomHanks/大卫·摩斯DavidM...1999 / 美国 / 犯罪剧情奇幻悬疑,8.8,178852人评价,天使暂时离开。
211,小偷家族 / 万引き家族 / Shoplifters/UneAffairedeFamille,https://movie.douban.com/subject/27622447/,https://img9.doubanio.com/view/photo/s_ratio_poster/public/p2530599636.jpg,导演:是枝裕和HirokazuKoreeda   主演:中川雅也LilyFranky/安藤樱Sa...2018 / 日本 / 剧情犯罪家庭,8.7,546534人评价,我们组成了家。
212,阿飞正传 / 阿飛正傳 / DaysofBeingWild,https://movie.douban.com/subject/1305690/,https://img3.doubanio.com/view/photo/s_ratio_poster/public/p2525770523.jpg,导演:王家卫KarWaiWong   主演:张国荣LeslieCheung/张曼玉MaggieC...1990 / 中国香港 / 犯罪剧情爱情,8.5,338104人评价,王家卫是一种风格，张国荣是一个代表。
213,香水 / Perfume:TheStoryofaMurderer / 香水：一个杀人犯的故事/香水：一个谋杀犯的故事,https://movie.douban.com/subject/1760622/,https://img9.doubanio.com/view/photo/s_ratio_poster/public/p2441127736.jpg,导演:汤姆·提克威TomTykwer   主演:本·卫肖BenWhishaw/艾伦·瑞克...2006 / 德国法国西班牙美国 / 剧情犯罪奇幻,8.5,403540人评价,一个单凭体香达到高潮的男人。
214,无耻混蛋 / InglouriousBasterds / 恶棍特工(台)/希魔撞正杀人狂(港),https://movie.douban.com/subject/1438652/,https://img1.doubanio.com/view/photo/s_ratio_poster/public/p2575043939.jpg,导演:QuentinTarantino   主演:布拉德·皮特BradPitt/梅拉尼·罗兰M...2009 / 德国美国 / 剧情犯罪,8.6,337481人评价,昆汀同学越来越变态了，比北野武还杜琪峰。
215,谍影重重2 / TheBourneSupremacy / 叛谍追击2：机密圈套(港)/神鬼认证：神鬼疑云(台),https://movie.douban.com/subject/1308767/,https://img9.doubanio.com/view/photo/s_ratio_poster/public/p667644866.jpg,导演:保罗·格林格拉斯PaulGreengrass   主演:马特·达蒙MattDamon/...2004 / 美国德国 / 动作悬疑惊悚,8.6,248864人评价,谁说王家卫镜头很晃？
216,猜火车 / Trainspotting / 迷幻列车(港)/定位的火车,https://movie.douban.com/subject/1292528/,https://img1.doubanio.com/view/photo/s_ratio_poster/public/p513567548.jpg,导演:丹尼·博伊尔DannyBoyle   主演:伊万·麦克格雷格EwanMcGregor/...1996 / 英国 / 剧情犯罪,8.5,330074人评价,不可猜的青春迷笛。 
217,新龙门客栈 / 新龍門客棧 / NewDragonGateInn,https://movie.douban.com/subject/1292287/,https://img1.doubanio.com/view/photo/s_ratio_poster/public/p1421018669.jpg,导演:李惠民RaymondLee   主演:张曼玉MaggieCheung/林青霞Brigitte...1992 / 中国香港中国大陆 / 动作爱情武侠古装,8.6,300958人评价,嬉笑怒骂，调风动月。
218,谍影重重 / TheBourneIdentity / 叛谍追击(港)/神鬼认证(台),https://movie.douban.com/subject/1304102/,https://img3.doubanio.com/view/photo/s_ratio_poster/public/p1597183981.jpg,导演:道格·里曼DougLiman   主演:马特·达蒙MattDamon/弗兰卡·波坦...2002 / 美国德国捷克 / 动作悬疑惊悚,8.6,297445人评价,哗啦啦啦啦，天在下雨，哗啦啦啦啦，云在哭泣……找自己。
219,战争之王 / LordofWar / 军火之王(台/港),https://movie.douban.com/subject/1419936/,https://img3.doubanio.com/view/photo/s_ratio_poster/public/p792282381.jpg,导演:安德鲁·尼科尔AndrewNiccol   主演:尼古拉斯·凯奇NicolasCage/...2005 / 美国法国 / 剧情犯罪,8.6,251482人评价,做一颗让别人需要你的棋子。
220,青蛇 / GreenSnake,https://movie.douban.com/subject/1303394/,https://img9.doubanio.com/view/photo/s_ratio_poster/public/p584021784.jpg,导演:徐克HarkTsui   主演:张曼玉MaggieCheung/王祖贤JoeyWang/...1993 / 中国香港 / 剧情爱情奇幻古装,8.5,346365人评价,人生如此，浮生如斯。谁人言，花彼岸，此生情长意短。谁都是不懂爱的罢了。
221,源代码 / SourceCode / 启动原始码(台)/危机解密(港),https://movie.douban.com/subject/3075287/,https://img9.doubanio.com/view/photo/s_ratio_poster/public/p988260245.jpg,导演:邓肯·琼斯DuncanJones   主演:杰克·吉伦哈尔JakeGyllenhaal/...2011 / 美国加拿大 / 科幻悬疑惊悚,8.4,579269人评价,邓肯·琼斯继《月球》之后再度奉献出一部精彩绝伦的科幻佳作。
222,地球上的星星 / TaareZameenPar / 心中的小星星(台)/每一个孩子都是特别的,https://movie.douban.com/subject/2363506/,https://img9.doubanio.com/view/photo/s_ratio_poster/public/p1973489335.jpg,导演:阿米尔·汗AamirKhan   主演:达席尔·萨法瑞DarsheelSafary/阿...2007 / 印度 / 剧情儿童家庭,8.9,140818人评价,天使保护事件始末。
223,城市之光 / CityLights / CityLights:AComedyRomanceinPantomime/LichterderGroßstadt,https://movie.douban.com/subject/1293908/,https://img1.doubanio.com/view/photo/s_ratio_poster/public/p2170238828.jpg,导演:CharlesChaplin   主演:查理·卓别林CharlesChaplin/弗吉尼亚·...1931 / 美国 / 喜剧剧情爱情,9.3,80868人评价,永远的小人物，伟大的卓别林。
224,血钻 / BloodDiamond / 血腥钻石/滴血钻石,https://movie.douban.com/subject/1428175/,https://img3.doubanio.com/view/photo/s_ratio_poster/public/p1244017073.jpg,导演:爱德华·兹威克EdwardZwick   主演:莱昂纳多·迪卡普里奥Leonardo...2006 / 美国德国 / 剧情惊悚冒险,8.6,237549人评价,每个美丽事物背后都是滴血的现实。
225,浪潮 / DieWelle / 恶魔教室(台)/白恤暴潮(港),https://movie.douban.com/subject/2297265/,https://img3.doubanio.com/view/photo/s_ratio_poster/public/p1344888983.jpg,导演:丹尼斯·甘塞尔DennisGansel   主演:尤尔根·沃格尔JürgenVogel...2008 / 德国 / 剧情惊悚,8.7,194114人评价,世界离独裁只有五天。
226,朗读者 / TheReader / 为爱朗读(台)/读爱(港),https://movie.douban.com/subject/2213597/,https://img1.doubanio.com/view/photo/s_ratio_poster/public/p1140984198.jpg,导演:史蒂芬·戴德利StephenDaldry   主演:凯特·温丝莱特KateWinslet...2008 / 美国德国 / 剧情爱情,8.5,358641人评价,当爱情跨越年龄的界限，它似乎能变得更久远一点，成为一种责任，一种水到渠成的相濡以沫。 
227,彗星来的那一夜 / Coherence / 相干性/相干效应,https://movie.douban.com/subject/25807345/,https://img9.doubanio.com/view/photo/s_ratio_poster/public/p2187896734.jpg,导演:詹姆斯·沃德·布柯特JamesWardByrkit   主演:艾米丽·芭尔多尼Em...2013 / 美国英国 / 科幻悬疑惊悚,8.5,334939人评价,小成本大魅力。
228,步履不停 / 歩いても歩いても / 横山家之味(港/台),https://movie.douban.com/subject/2222996/,https://img3.doubanio.com/view/photo/s_ratio_poster/public/p2561539680.jpg,导演:是枝裕和HirokazuKoreeda   主演:阿部宽HiroshiAbe/夏川结衣Yu...2008 / 日本 / 剧情家庭,8.8,167384人评价,日本的家庭电影已经是世界巅峰了，步履不停是巅峰中的佳作。
229,疯狂的麦克斯4：狂暴之路 / MadMax:FuryRoad / 末日先锋：战甲飞车(港)/疯狂麦斯：愤怒道(台),https://movie.douban.com/subject/3592854/,https://img3.doubanio.com/view/photo/s_ratio_poster/public/p2236181653.jpg,导演:乔治·米勒GeorgeMiller   主演:汤姆·哈迪TomHardy/查理兹·塞...2015 / 澳大利亚美国 / 动作科幻冒险,8.6,348113人评价,“多么美好的一天！”轰轰轰砰咚，啪哒哒哒轰隆隆，磅~
230,遗愿清单 / TheBucketList / 玩转身前事(港)/一路玩到挂(台),https://movie.douban.com/subject/1867345/,https://img9.doubanio.com/view/photo/s_ratio_poster/public/p708613284.jpg,导演:罗伯·莱纳RobReiner   主演:杰克·尼科尔森JackNicholson/摩根...2007 / 美国 / 冒险喜剧剧情,8.6,241910人评价,用剩余不多的时间，去燃烧整个生命。
231,色，戒 / 色|戒/色·戒,https://movie.douban.com/subject/1828115/,https://img9.doubanio.com/view/photo/s_ratio_poster/public/p453716305.jpg,导演:李安AngLee   主演:梁朝伟TonyLeungChiuWai/汤唯WeiTang/...2007 / 中国台湾中国大陆美国中国香港 / 剧情爱情情色,8.4,447609人评价,假戏真情，爱欲深海
232,大佛普拉斯 / TheGreatBuddha+,https://movie.douban.com/subject/27059130/,https://img3.doubanio.com/view/photo/s_ratio_poster/public/p2505928032.jpg,导演:黄信尧Hsin-yaoHuang   主演:庄益增YizengZhuang/陈竹昇Chu-sh...2017 / 中国台湾 / 剧情喜剧犯罪,8.7,248699人评价,人们可以登上月球，却永远无法探索人们内心的宇宙。
233,再次出发之纽约遇见你 / BeginAgain / 再次出发/歌曲改变人生,https://movie.douban.com/subject/6874403/,https://img3.doubanio.com/view/photo/s_ratio_poster/public/p2250287733.jpg,导演:约翰·卡尼JohnCarney   主演:凯拉·奈特莉KeiraKnightley/马克...2013 / 美国 / 喜剧爱情音乐,8.5,284545人评价,爱我就给我看你的播放列表。
234,小萝莉的猴神大叔 / BajrangiBhaijaan / 娃娃返乡任务(台)/宝莱坞之钢铁奶爸(台),https://movie.douban.com/subject/26393561/,https://img9.doubanio.com/view/photo/s_ratio_poster/public/p2510956726.jpg,导演:卡比尔·汗KabirKhan   主演:萨尔曼·汗SalmanKhan/哈莎莉·马...2015 / 印度 / 剧情喜剧动作,8.4,330301人评价,宝莱坞的萝莉与大叔。
235,追随 / Following / 跟踪(台)/致命追踪,https://movie.douban.com/subject/1397546/,https://img3.doubanio.com/view/photo/s_ratio_poster/public/p2561545031.jpg,导演:克里斯托弗·诺兰ChristopherNolan   主演:杰里米·西奥伯德Jeremy...1998 / 英国 / 犯罪悬疑惊悚,8.9,124455人评价,诺兰的牛逼来源于内心散发出的恐惧。
236,东京物语 / 東京物語 / 东京故事/TokyoStory,https://movie.douban.com/subject/1291568/,https://img9.doubanio.com/view/photo/s_ratio_poster/public/p1925331564.jpg,导演:小津安二郎YasujirôOzu   主演:笠智众ChishûRyû/原节...1953 / 日本 / 剧情家庭,9.2,85324人评价,东京那么大，如果有一天走失了，恐怕一辈子不能再相见。
237,聚焦 / Spotlight / 焦点追击(港)/惊爆焦点(台),https://movie.douban.com/subject/25954475/,https://img1.doubanio.com/view/photo/s_ratio_poster/public/p2263822658.jpg,导演:托马斯·麦卡锡ThomasMcCarthy   主演:马克·鲁弗洛MarkRuffalo/...2015 / 美国 / 剧情传记,8.8,198193人评价,新闻人的理性求真。
238,一次别离 / جدایینادرازسیمین / 分居风暴(台)/伊朗式分居(港),https://movie.douban.com/subject/5964718/,https://img9.doubanio.com/view/photo/s_ratio_poster/public/p2189835254.jpg,导演:阿斯哈·法哈蒂AsgharFarhadi   主演:佩曼·莫阿迪PeymanMoadi/...2011 / 伊朗法国 / 剧情家庭,8.7,188188人评价,只有有信仰的人才能说出事实真相。
239,驴得水 / Mr.Donkey,https://movie.douban.com/subject/25921812/,https://img3.doubanio.com/view/photo/s_ratio_poster/public/p2393044761.jpg,导演:周申ShenZhou/刘露LuLiu   主演:任素汐SuxiRen/大力DaLi...2016 / 中国大陆 / 剧情喜剧,8.3,620394人评价,过去的如果就让它过去了，未来只会越来越糟！
240,黑鹰坠落 / BlackHawkDown / 黑鹰降落/黑鹰计划,https://movie.douban.com/subject/1291824/,https://img3.doubanio.com/view/photo/s_ratio_poster/public/p1910900710.jpg,导演:雷德利·斯科特RidleyScott   主演:乔什·哈奈特JoshHartnett/...2001 / 美国 / 动作历史战争,8.7,198072人评价,还原真实而残酷的战争。
241,我爱你 / 그대를사랑합니다 / 爱你/爱，是一生相伴(台),https://movie.douban.com/subject/5908478/,https://img1.doubanio.com/view/photo/s_ratio_poster/public/p1075591188.jpg,导演:秋昌民Chang-minChoo   主演:宋在河Jae-hoSong/李顺载Soon-jae...2011 / 韩国 / 剧情爱情,9.0,101555人评价,你要相信，这世上真的有爱存在，不管在什么年纪 
242,发条橙 / AClockworkOrange / 发条桔子/发条橙子,https://movie.douban.com/subject/1292233/,https://img9.doubanio.com/view/photo/s_ratio_poster/public/p529908155.jpg,导演:StanleyKubrick   主演:MalcolmMcDowell/PatrickMagee/Michael...1971 / 英国美国 / 犯罪剧情科幻,8.5,269302人评价,我完全康复了。
243,千钧一发 / Gattaca / 变种异煞/自然人,https://movie.douban.com/subject/1300117/,https://img9.doubanio.com/view/photo/s_ratio_poster/public/p2195672555.jpg,导演:安德鲁·尼科尔AndrewNiccol   主演:伊桑·霍克EthanHawke/乌玛...1997 / 美国 / 剧情科幻惊悚,8.8,159714人评价,一部能引人思考的科幻励志片。
244,E.T.外星人 / E.T.:TheExtra-Terrestrial / 外星人E.T./外星人,https://movie.douban.com/subject/1294638/,https://img3.doubanio.com/view/photo/s_ratio_poster/public/p984732992.jpg,导演:史蒂文·斯皮尔伯格StevenSpielberg   主演:亨利·托马斯HenryTho...1982 / 美国 / 剧情科幻,8.6,244606人评价,生病的E.T.皮肤的颜色就像柿子饼。
245,撞车 / Crash / 冲击效应/冲撞,https://movie.douban.com/subject/1388216/,https://img3.doubanio.com/view/photo/s_ratio_poster/public/p2075132390.jpg,导演:保罗·哈吉斯PaulHaggis   主演:桑德拉·布洛克SandraBullock/...2004 / 美国德国 / 犯罪剧情,8.6,241770人评价,天使与魔鬼的冲撞。
246,网络谜踪 / Searching / 人肉搜寻(港)/人肉搜索(台),https://movie.douban.com/subject/27615441/,https://img1.doubanio.com/view/photo/s_ratio_poster/public/p2542848758.jpg,导演:阿尼什·查甘蒂AneeshChaganty   主演:约翰·赵JohnCho/米切尔...2018 / 美国俄罗斯 / 剧情犯罪悬疑惊悚,8.6,357927人评价,[]
247,四个春天 / FourSprings,https://movie.douban.com/subject/27191492/,https://img1.doubanio.com/view/photo/s_ratio_poster/public/p2540578887.jpg,导演:陆庆屹LuQingYi   主演:陆运坤YunkunLu/李桂贤GuixianLi/...2017 / 中国大陆 / 纪录片家庭,8.9,109250人评价,来也匆匆去也匆匆，就这样风雨兼程。
248,梦之安魂曲 / RequiemforaDream / 噩梦挽歌(台)/迷上瘾(港),https://movie.douban.com/subject/1292270/,https://img9.doubanio.com/view/photo/s_ratio_poster/public/p2328516855.jpg,导演:达伦·阿伦诺夫斯基DarrenAronofsky   主演:艾伦·伯斯汀EllenBur...2000 / 美国 / 剧情,8.7,158442人评价,一场没有春天的噩梦。
249,变脸 / Face/Off / 夺面双雄/夺命双雄,https://movie.douban.com/subject/1292659/,https://img3.doubanio.com/view/photo/s_ratio_poster/public/p2173855883.jpg,导演:吴宇森JohnWoo   主演:约翰·特拉沃尔塔JohnTravolta/尼古拉斯...1997 / 美国 / 动作科幻犯罪惊悚,8.5,306259人评价,当发哥的风衣、墨镜出现在了凯奇身上⋯⋯
