,movie_name,grace,comments_number,hot_comments
0,肖申克的救赎,9.7,346258,"['忒经典的东西,我要带去我的坟墓', '这样的男人谁会舍得背叛。。。', '没有人会不喜欢吧！书和电影都好。', '墙里的人老是喊自由，可是墙外的我们真正得到了吗？', '因为1994年台湾引进了一部比较卖座的老片The Sting，被错译成了《刺激》。到了1995年本片上映时，片商觉得其剧情与《刺激》有类似的地方（大概都属于高智商的复仇？），因此被译成了《刺激1995》，1998年又有一部片子Return To Paradise因为含有牢狱情节，被译成《刺激1998》！']"
1,霸王别姬,9.6,279517,"['在野路子出身的张国荣面前，学院出身的张丰毅显得那么单薄', '说好了一辈子，少一年、一天、一个时辰，都不是一辈子。', '他竟当面一语点破：虞姬是真虞姬，霸王是假霸王。', '往事不要再提，人生已多风雨。纵然记忆抹不去，爱与恨都还在心里。真的要断了过去，让明天好好继续，你就不必再苦苦追问他的消息。爱情他是个难题，让人目眩神迷，忘了痛或许可以，忘了你却太不容易。我对你仍有爱意我对自己无能为力。', '城头变幻大王旗，一个《霸王别姬》，一个《活着》，道尽中国现当代史，百年内无可超越。']"
2,阿甘正传,9.5,222094,"['说实话，我没看到影片过于励志的内容。只看到阿甘利用了他的天赋，并成功了。当然，他很执着，很善良。', ""Mama always said life was like a box of chocolates. You never know what you're gonna get."", '傻人有傻福，实际上并不是这样的。在我看来，阿甘的妈妈才是最伟大的人。很多普通人把低智商的孩子早早就放弃了，不让上学，不与别人接触，也许是为了保护自己的孩子，但是这样以后孩子就等于废了……', '这部电影的主题是：“保守主义始终代表美国先进生产力的发展要求，始终代表美国先进文化的前进方向，始终代表美国最广大人民的根本利益。”', '又是七年后，重温一遍。上帝是仁慈的，妈妈走了，珍妮走了，朋友走了，可是给阿甘留下了一个孩子。要是没有孩子他该怎么活下去。也是电影的仁慈。']"
3,这个杀手不太冷,9.4,271281,"['我开始想要过得快乐，睡在床上，有牵挂', 'Leon的门打开，一束好象来自天堂的光照在Mathilda脸上。给他快乐，从不发问。细节和大方向都很出色，一部控制得几乎完美的电影。', '喜欢这个喝牛奶的男人', '我到哪里找，像你这么好。', '杀手又怎样？警察又如何？冷酷或者温柔，不是靠职业来评断。那个警察冷血的想让人捅死他~！而这个杀手，让人心疼的只想轻轻的温柔的抱抱他。']"
4,美丽人生,9.5,190545,"['我以为如此智慧的一个人，在那几声枪响过后，必定是会走出来，继续对他的公主说早安的...', '喜剧的开始，悲剧的结束，\r\n满满的亲情，无限的父爱', '即使是悲惨世界,也要大大的笑着.', '父爱构筑了一场温馨的战争，没有在孩子心里留下任何阴影。故事分裂成两部分，前半是圭多对公主的追逐，用智慧战胜了强大的求婚者，抱得美人归；后半是战争风雨飘摇时对亲情的忠诚，在迈开大正步赴死，努力保护孩子时，父爱如山，界已成神.', '不敢相信男主死了，总以为他能活过来']"
5,泰坦尼克号,9.4,205178,"['爱你原本只是一瞬，却不知在时间的洪流中成了永恒。', '当老年的Rose午夜梦回，一个长镜头穿过大堂，摇上楼梯，站在钟表前的Jack转过身来，意气风发，潇洒倜傥，宛如昨日。', '事隔那麼多年依然無法忘記當初的感動。', '有些片子，必须得等经历过再去看。没有为爱情放弃过什么的人，不会在露丝从救生船上跳回大船的那一刻落泪。', '爱情撼动全世界！2008.7.26 CCTV6\r\n2018.4.19 爱奇艺']"
6,千与千寻,9.3,255838,"['十年后重看只想大哭，其实我们都明白这个结局。', '有那么那么经典吗？还是我老了？', '你忘了吗?\r\n往下飞的时候眼泪是往上流的.', '曾经发生过的事情是不可能忘记的，只是想不起来罢了……你会帮我想起自己是谁对吧', '宫崎骏没有迪斯尼那么花哨 甚至有些落伍 直到现在 他还坚持用手工绘画而不是电脑绘图来完成自己的卡通片 但他懂得一部卡通片 或者一部影片 应该用什么去打动别人 所以 宫崎骏笔下的形象是一个个人 而不是一个个没有知觉的卡通形象 ']"
7,辛德勒的名单,9.5,109900,"['出门的时候，看到灯火辉煌的城市，会觉得一切幸福美好都是罪恶。。。', '这不止是剧情，更是技术、镜头、剪辑、演技和配乐的综合胜利。表达是一出技巧活，不以剧本和背景定优劣，这一切都是导演的功力和运气造成，不可求，但可遇——《辛德勒的名单》可谓厚积薄发。而实论背景，辛德勒本人之事尚存争议，电影却已在全世界人面前诠释并且定性了，由此可见媒体的影响之大', '最后辛德勒摘下自己的胸针，说自己原本还能再救一个人，痛哭失声的时候，我也已经哭得不成人形。从电影的任何一个角度都达到了直击人心的力量，面对人性，面对生命，辛德勒做出了让历史铭记的选择。经典之至，感人至深。', '辛德勒犹太人献给辛德勒的指环上写着：“凡救人一命，即救全世界。”当1100这个数字具化到一个个人名的时候，当片尾处影片中被救的犹太人原型出现时，才能真真切切地体会到指环上的那句希伯来经文的深刻。', '献给导演认真的态度和无数个小高潮']"
8,盗梦空间,9.3,259535,"['1、电影确实精彩。2、没有想象的难懂，相信你自己。3、总会有一个让你记一辈子的镜头。4、请降低期待值。5、请提前上厕所。6、记得关手机。7、一定要去影院，因为影院也是个造梦机器。8、记得听完结尾音乐。因为它负责让你醒来。9、极可能是近几年你在影院看过最精彩的电影。10、穿越吧少年', '卡梅隆负责革新电影技术，诺兰负责革新电影结构...', '一部电影好看到即使你明白它在故弄玄虚也是义无反顾的打五星。', 'Nolan给了我们一场无法盗取的梦。', '确实挺好看。人人都在评论这片，我也评不出个鸟来了。因为《盗梦空间》这片，中国人民已经陷入了智商无限的癫狂幻想之中。人人都觉得自己的解释最牛逼，人人都觉得自己是哲学家，是心理学家，是数学家，是诺兰的知己。']"
9,忠犬八公的故事,9.4,196281,"['Hachi就是爱一个人过一生了。', '动物是我的死穴...从头哭到尾..', '这是我所看过的关于狗狗电影最感人的一部，我想它的成功之处就在于将重点正确放至在了对Hachi内心的刻画上，而没有像其他一些影片文不对题，偏偏喜欢渲染一些多余人物的情感，很显然，主题对了，观影者自然而然会买单。', '“等有一天它会给你捡球的时候，一定有什么特殊的理由” 八公用这种方式来告别了他的主人....', '感动你们的是电影，还是故事本身？']"
10,海上钢琴师,9.3,224297,"['某一天我突然明白，他不能离开的不是那艘船，而是那片养育他的精神家园', '每个人的心里都有自己的一艘船 一个近乎偏执的小归宿 只是因为它让我们感到实实在在的安全 不致无枝可依。', '最喜欢的电影，喜欢，不是之一，而是唯一 ', '我就爱他说，fuck the regulations!!', '我想有些东西只是能在特定的环境下生长。当环境变了，其他的一切都会变。']"
11,机器人总动员,9.3,151217,"['把所有的好东西都给eva', '乡下文艺小伙儿追求都市女精英的故事……以及……', '再也没有比《瓦力》更美的动画片了！谈到Wall·E的来源，导演安德鲁·斯坦顿否认了“ET”或者“霹雳五号”的说法（尽管外形很像），他只承认自己创造Wall·E受到了“小台灯”（Luxo）、双筒望远镜、R2-D2、迪士尼乐园“星空之旅”的机器人、卓别林以及伍迪·艾伦的影响。', '浪漫得一塌糊涂，像废墟中开出的花，像牵手散步的下午，像世上所有伟大的爱情。', '准备看第二遍']"
12,三傻大闹宝莱坞,9.2,244040,"['【温馨提示：请忽略这傻逼名字.不然你会错过一部好电影】1、病毒的鸟巢飞来了一只自由之鸟；2、Ta有没有告诉你,朋友就是给你一枚硬币教你自己独立做出选择的那个人.这个人才是你最大的财富 ：）', '一部讽刺社会现象的电影都可以拍的这么轻松，喜剧里还可以有这么多闪光的慧言慧语。情节确实太过随意，下一秒的夸张总是来的让人啼笑皆非，无可奈何中却仍旧乐呵呵的接着看下去。 末了的那段风光让我无比钟情！★★★★★', '阿米尔·汗你是个天才！！！', '它又吵又闹、又臭又长，但我想不出什么理由不给它五颗星。', '近三个小时的片长，却没有一个多余的情节，剧情前后呼应之巧妙值得称奇。好电影不一定要苦大仇深，能真正愉悦观众，那也是一种巅峰。“做一名摄影家又会怎样呢？挣得少一点，房子小一点，车小一点，但我会很快乐，很幸福……紧跟你的天赋。” 温暖励志美妙如2010年的《天堂电影院》+《阿甘正传》']"
13,楚门的世界,9.3,188877,"['“如果再也不能见到你，祝你早安，午安和晚安。”', '每个人都向往自由而不仅仅是安定', '就算是已经完全知道剧情走向也还是被震撼被感动。就算你能摄影我的一切也无法在我脑内安装摄影机。', '要想阻挡我 只有杀我', '不止一次的怀疑所有人都在演戏，而我却蒙在鼓里']"
14,放牛班的春天,9.3,142190,"['纸飞机+挥动的小手——那一刻，什么都值了', '星期六，贝贝抱着小熊跟马修老师回家了！QwQ', '不知道为什么，没多大感触。', '看开头第一眼我就知道我喜欢。从来没有教不好的学生只有不会教的老师。人与人之间的交流是用心的，在我看着你的眼睛的时候我知道你是真心为我着想的，所以我才愿意选择相信。就这样。看一部好电影的感觉像是给心灵洗了一个热水澡。从里到外都会感觉到清澈的感觉。', '不知为何描写师生情的电影总能赢得人们更多的赞誉，每当片中即将产生一些不可调和的矛盾时，总会有一个“坏人”忽然间良心发现，或者是出现一个意外事件，从而让矛盾很轻易就化解了。一切都来得太过戏剧性，很机缘巧合，却实在是很假很突兀，无法让人信服~~']"
15,星际穿越,9.3,236333,"['诺兰说：如果我活得够长 那么豆瓣TOP250就被我承包了。', ""太壮阔了，无以言表！40'渐入佳境，80'叹为观止，120'泪流满面，160'恍如隔世…不曾如此贴近浩瀚星空，被它环抱；不曾如此触摸生命之弦，遁入五维幻境。瑕不掩瑜的科幻神作，刷新视觉的IMAX体验，观影前撒好尿，准备接受近三小时的泪腺洗礼。“爱是一种力量，让我们超越时空感知它的存在”-发自豆瓣App"", '相比诺兰之前的片子，这部显得比较慢热。然而前两段的层层铺垫终于迎来了第三段主题呈现的水银泻地。Inception仅仅一笔带过的亲情成为了这部电影的核心母题。麦康纳和查斯坦的精湛演技，胶片IMAX呈现出的影像质感，实拍特效的震撼人心，平行剪辑的完美流畅，寂寞大叔创造性的管风琴配乐，神一样的诺兰', '一边太空冒险，一边是通俗的情感戏。无论外表多硬科幻：虫洞、黑洞、太空冒险、多维空间……最核心的仍是亲情与爱。科学与理论其实都是为感情服务的，用很硬的外壳包裹最柔软的情感。也因为此，它不会是2001那样严肃伟大的科幻片，但却有更饱满的感情。包括那些泪点', '天地玄黄，宇宙洪荒。英雄气笃，儿女情长。']"
16,大话西游之大圣娶亲,9.2,153410,"['无论是看第三十遍，还是第三十一遍，我都会对着那个寂寥的背影流泪。那落寞的大圣身上烙印着我青春时所有梦想，我们曾以为自己会成为盖世英雄，以为自己是这个世界的唯一，以为爱情专为自己存在，可是渐渐发现自己和别人没有什么不同，当你踏上社会时，总会有人看着你的背影说：看，他好像条狗啊！', '一遍烂，两遍笑，三遍哭', '有人跟我比赛背台词么', '紫霞飘向太阳时、齐天大圣离开城门时，都哭成了傻逼。有多庆幸能踩着五彩祥云做你的盖世英雄，就有多遗憾没办法与你守护终身。喜欢的是五百年前的晶晶、还是给了自己三颗痣的紫霞；喜欢无拘无束敢爱敢恨的至尊宝、还是套上紧箍咒背影像狗的孙悟空？爱的命题究竟太空泛，恐怕还是要交给月光宝盒。', '年少时特别不喜欢周星驰，觉得瞎搞，觉得脏乱差，但长大之后，每看一遍就难过一遍，每看一遍哭一遍。他真是在这里说尽了爱，说尽了责任，说尽了人世种种无奈无力']"
17,熔炉,9.3,136881,"['媒体越干净，社会越肮脏', '這個世界的絕望在於，眼睜睜地看著那麼多的不公不平每天都在身邊發生，自己再怎麼努力卻依舊無可奈何；而這個世界的希望也在於，明知是蚍蜉撼大樹，卻還是有那麼一群人執著地選擇了這一條艱難而幾近不可能的路。', '。。。套用 被嫌弃的松子的一生 里面的一句话：生而为人，对不起。', '我们无法改变世界，但我们可以选择不被世界改变...', '不说别的，光电影那股正义的力量，就足以让人沸腾。']"
18,疯狂动物城,9.2,229710,"['港真，面对人家动画片里连一把椅子扶手上的铝合金划痕都做得活灵活现的态度，咱们就默默低头学就好，不要一天到晚吹“国产视效大片”这个概念了，略尴尬', '不仅是个小孩子玩玩闹闹的喜剧动画，成年人同样可以很享受这个故事。一个动物的乌托邦，理想与现实。有一个有趣的案件，又有很多关于人类世界的暗喻与指涉，还有教父或毒师这样的小梗。以及狐狸和兔子都那么可爱，那么搭。', '哎呀呀~这些年来个人心目中的最佳动画竟然不是皮克斯出品。', '赞 看完赶脚世界都美好了', '想嫁给又吊儿郎当又酷得不像话的狐狸先生。\n自认为是奥斯卡长篇动画的有力候选。\n啊啊啊，真的好好看，我要去二刷。']"
19,无间道,9.2,112284,"['牛就牛在，他让所有演员都达到了巅峰', '看了美版的，才知道港版有多好看~55555555', '刘嘉玲说：当年拍无间道的时候梁朝伟每天只开工三四个点就回家，拍了二十多天就拍完了，之后就是获奖无数。演戏这种事，不得不承认是有天赋的。', '重新对香港电影刮目相看，它从哲学的角度深入探索人性，去感受身不由己之下的那种窒息，感受贪婪与自私，体验善恶的痛楚纠结。编剧确实是相当的出色，梁朝伟的陈松仁直接神化，所有的角色都可圈可点，没有一出多余的地方，以至多年后看美版的时候仍然不忘旧爱。这是港片的里程碑。9.2', '经典港片，无间道，如人生~~']"
20,龙猫,9.2,148881,"['那音乐壮丽的响起的时候，觉得心里被一种温暖充满，然后实在控制不住眼泪了，不是因为伤心，而是因为，它给人的感觉，实在美好到无法表达了．', '原来龙猫的戏份这么少啊。', '摸摸龙猫的鼻子胡须就会颤动起来哦=w=……看见斜眼偷瞄逃跑的小白一定要跟上去！ 童话总是在相信它的人心中真实的存在着，想起来的时候心中就会充满温暖守护的力量', '宫崎骏真是个内心柔软的天才。能给这个残酷的世界这么多温暖。龙猫真像童年时的一场梦，长大之后似乎忘记了，突然看见它毛茸茸的身躯，就想起了所有的奢望。这大概就是我们得以在孤独中相互告慰的东西吧。无论怎样，成熟都是一场病，而能够治愈它的，大概只有对这个世界最温存的渴望。', '我要告诉你，纯真是一种财富。\r\n\r\n']"
21,教父,9.3,97332,"['2010-02-17 看过。对权力有清醒的认识才能写出这样的剧本。只知道引用台词或把此片当作所谓“男人圣经”的观众退散！', '当一个新生儿在教堂接受教父的洗礼时，教堂之外的死亡正在蔓延……', '这男人。。。牛逼又孤独吧。。', '男性电影，没有打动我', 'N年前看过英文原著，只记得是个血腥暴力的故事，想不到电影可以如此沉稳和大气，有一种史诗气质。大银幕上看马龙·白兰度，感觉膝盖好疼...']"
22,当幸福来敲门,9.1,153601,"['如果能让自己不再为光阴被虚度，才华被耗尽而流泪，如果能让自己坚定，“我不要似是而非的人生，我要自己做的每一件事都刻骨铭心”，那么这场狂热便是得其所，记住这永远不是最差的人生。', '看到开头就知道结局，不过这并不重要，重要的是过程。。。最感人的不是赢得职位，而是在厕所里捂住儿子的耳朵。。。作为一名容易感情用事的中国观众，感动比励志对我来说更重要=。=', '生活时常会让我们感到艰辛，并会让我们无数次目睹生命在各种重压下的扭曲与变形。——《生命不可承受之轻》', '失业时候看的,简直是催泪弹,WILL的儿子将来一定是块料,奥斯卡上看他跟小美女打闹,忒逗.', '除了幸福 什么都能放弃 一定要幸福 和自己喜欢的人在一起 做自己喜欢的事']"
23,怦然心动,9.1,266931,"['我看完后也对这女孩感触特别深，她独立而勤劳，恪守自尊但又不敏感到浑身长刺，正像邦妮另外一条说的，没有那个男孩，她也会生长得很好。对于成长电影来说，它对孩子和家长都很有教育意义，不论面对挫折还是爱，它都有非常正向的可贵的价值观。', '当你喜欢我的时候，我不喜欢你；当你爱上我的时候，我喜欢上你；当你离开我的时候，我却爱上你；是你走得太快，还是我跟不上你的脚步……', '………………我能給十星嗎！', '斯人若彩虹，遇上方知有', '这算完美吗？小镇美景、帅正太、酷萝莉、家庭温情、成长点滴。。。双线结构，视角切换，细节丰富，过程明晰。。。爱就该是这样悠悠扬扬、婉婉转转、一阵冷、一阵热、一阵抽风、一阵颤抖的过程。。。睿智外公和脑残叔叔是惊喜。。。爱到最后拼的果然还是人格魅力啊。']"
24,触不可及,9.2,145901,"['我想每个人都至少有这么一个挚友，你和他/她在人生的拐点遇到，惊叹于彼此的不同或者相似，有过不少平淡无奇却值得纪念的时光，ta会将心比心，为你的哀伤扼腕，为你的快慰击节，更会在ta的心里，为你留下那么一块永恒的位置，任白云苍狗，风云变幻。 ', '某个人在不经意间走进你的生活，他和你不同阶层，不完美，甚至有不少讨人厌的毛病，但是长期的相互信任和理解成就了一段真挚友情，也给两个人的生活都带来了阳光。把德瑞斯的原型改成黑人使对比更强烈情节更戏剧化，也让这段超越种族的友情更感人。影片里乘着滑翔伞在山谷中翱翔那幕太美了……', '轻松诙谐，很有趣的搭档故事。但叙事浮于表面，人物塑造脸谱化，故事缺乏真实感（尽管是据真事改编）。弗朗索瓦·克鲁塞和奥玛·赛的表演动人，但受剧本限制人物缺乏层次。过分中正的温情。3.5星。', '但你们真的好容易被感动哦。', '看预告片还觉得这么老套。没想到这是我第一次在法国看到数次笑出声的电影，第一次全场满座我买到最后一张票的电影，第一次看带字幕的法语电影(聋人专场)，没想到摄影如此唯美合我胃口，没想到难舍基情如此动人。你们懂的。尤其是最后换谁都不要的那段，简直了。PS:白人男主角像张国立。']"
25,蝙蝠侠：黑暗骑士,9.2,113082,"['蝙蝠侠、双面人和小丑这三个形象把人在善恶两面的矛盾及选择映射得淋漓尽致，于是成就了史上最佳漫画和英雄电影。时光网：“诺兰让关于艺术片和商业片的讨论变得毫无价值。《黑暗骑士》不但拍出了古典悲剧的感觉，还探讨了恐怖主义、越界权力等美国当代的热点话题。最关键的是，电影好看得无懈可击。”', '赞誉众口一致夸上了天，百闻不如一见，这种连环画超级英雄故事居然能扯到第六集真是要把编剧逼跳楼了，最后呈现的暗夜骑士全然超越了原著，悲怆到迷人的境界，着实是个奇迹。剧本确实很卓越，导演确实很出色，还有演技真是不得不叹服一下太tmd震撼', 'Batman是最不漫画的漫画英雄，也正因为这一点，使之最有可能成为跨越犯罪剧情片和漫画英雄片界限的特例。而这一次，编导精准的抓到了这一点，把这部电影打造得丰富严谨又酷劲十足，无论是满足视听还是人性复杂层面的挖掘上都做到了堪称完美！', '“有些人并不喜欢那些常人偏爱的东西，比如金钱，他们不被收买、不会被恐吓、不可理喻、更不接受谈判，有些人就想看人间地狱。” 也只有蝙蝠侠，才能让小丑变得完整。无尽的黑暗。', '一直在搜索“为什么还有人想住在哥谭市”']"
26,控方证人,9.6,70197,"['男人贪心，女人贪爱', '好片遇上好字幕~爽', '抱着对法庭题材的偏见去看，没想到竟是一部够回味好几天的片子，不仅仅因为惊艳的结尾，整部戏就像让观者身临其境一样，思其所思、忧其所忧，黑洞一样的剧情吸引着人，最后把你完全裹住、迅速吞噬。演技、导演、编剧真是惊为天人。第一部怀德片。', 'Marlene Dietrich 的气质与片子并不十分切合啊，此时的她居然56岁了，难以置信！', '比利怀德真的是各种意义上的领先时代五十年，连防剧透声明都领先了']"
27,活着,9.2,103267,"['能活在现在这个时代其实还是很庆幸的了，虽然天朝依旧威武。', '个人认为张艺谋最好的电影，可惜这样的电影被当局禁了，因为固有的自卑。9分', '国家走了一小段弯路，对于一代人就是蹉跎了一辈子。生活不易，还是得这么活着。笑中带泪，死人堆里暗暗许下活着的誓约，可谁也不曾想大环境下生活的艰辛。国师在第五代导演最好的时期奉献了极其有温度的作品。经年以后，鹤发的富贵摇着蒲扇回想那天不让有庆上学，少买几个馒头就好了，可生活不曾回头。', '活着就是一切！戛纳评委会大奖，老谋子最好的电影。', '高度不及小说 煽情也不如 Btw，看不出为什么要禁映  2002，11']"
28,乱世佳人,9.3,88281,"['也许每个女孩子心中都有一个艾希礼，只有经过时光才发现真爱原来是班瑞德。', '一定要看啊,我喜欢斯加丽那种几乎有点蛮横的可爱感觉.甚至可以为了达到目的不责手段,要么爱她,要么讨厌她.她在贫瘠的大地上拿着一根萝卜说(这个,好象很搞笑)""我对上帝发誓,我再也不要挨饿!""我爱上她了!', '至今记得亚特兰大的战火中她奔走的背影，裙裾摆动。她的野性和骄傲，坚强与倔强，不甘弱示或屈服，瑞德与她是相似的。如果瑞德爱上的不是郝思嘉，一定不会掉进那个自掘的陷阱里。对于郝思嘉佩服之极，对于瑞德，感动了，且唏嘘而惋惜。', '看完斯嘉丽那么瘦小的身躯，却承受着那么大的压力，都能顶的住。真的感觉不到什么叫困难了，第二天去考试奇迹般的过了。。', '郝思佳不算是个“好女人”，但她身上有着或许很多男人都没有的韧性，仿佛什么都无法打倒她，她永远能找到支点，重新站起来，正如她一直记在心里的“tomorrow is another day”。']"
29,末代皇帝,9.2,92001,"['所有的离开你都赶不上，所有的门你都打不开。所有的人都是撒谎者。', '溥仪登基之初的十六抬大辇，和片末游行时红卫兵扛在肩上的毛泽东像，讽刺意味浓重。感觉导演还想告诉我更多的东西。但我更多是对这位末代皇帝的同情，还有艳慕。。。好喜欢大被同床的双飞镜头。', '尽管看一群中国人在屏幕上讲英语很是奇怪，但不能否认这是部出色的电影：它与国家无关，与王朝无关，这只是一个渴望自由却不得的人的编年史；""门""的意象被反复提及，寓意溥仪被禁闭的一生；贝托鲁奇娴熟的运镜，要人命的广角自然光，美妙的配乐。', '太寂寞太寂寞了，这样一个孩子从小到大都是寂寞的，好不容易有一点儿亲情、爱情、友情，很快都被剥夺掉了。他因为寂寞而衍生出的种种行为都挫败了，最终给他带来更深的寂寞感。这也是看了这么多遍，依旧这么打动我的地方吧。真是从一开始音乐一起就难过得不行。', '走過傳奇顛簸的一生，曾經被囚禁在紫禁城裡的少年皇帝變成一個兩鬢花白的老人。走到龍椅前面，對年幼無知的孩子說，this used to be my home。孩子無邪得說prove it，他伸出手去搜尋，破舊的竹籃裡，少年時的蟈蟈還在唱歡快的歌。這韶光，確早已不知換了幾回。\n']"
30,寻梦环游记,9.1,255945,"['死后世界还是这么三六九等，穷逼死了还是穷逼，那还不如被快点遗忘消失掉啊！', '不得不服皮克斯，一边和你探讨梦想、成功、家庭的意义；一边用各种充满想象力的情节、画面、音乐，让你叹为观止；这样的电影，怎能不爱。（家长指导：6岁以上推荐看，虽然有亡灵情节，但这可是一个关于爱的故事。）', '老人不图儿女为家做多大贡献呀，一辈子不容易就图个团团圆圆。皮克斯替蔡国庆唱了回春晚。', '亲情催泪弹。所以，动画会不会好看，除了技术，更重要的还是如何讲好故事，把感情放进去，借作品把情感传递开，包括这部以及头脑特工队等很多能成功，皆是如此。不过，有些人似乎总是搞不懂这件事。', '1、对不起，梦想和亲情永远不该对立。男孩最后怎么就能主动放弃了呢？2、我爱这个死亡和分离的故事，感谢皮克斯，将墨西哥的亡灵节变成了温馨的生之欢喜。3、依然催泪，但你流泪了，不代表这就是一个好故事。泪水不该廉价。']"
31,摔跤吧！爸爸,9.0,217361,"['根据真人真事改编，讲述印度一块女子摔跤金牌的诞生。剧情热血逗乐，竞技惊心动魄，挑不出什么毛病的宝莱坞电影，父女情尽在不言中。阿米尔·汗太敬业了，为了一闪而过的几秒就把自己的身材从肥胖练成魔鬼，好演员都是用生命在演戏啊～', '女权癌们归根结底还是她们看不起摔跤这项运动，要是把爸爸让女儿练习摔跤改成鼓励女儿去选美，当模特，变成大明星，估计就不会有那么多愤慨了。她们骨子里认为摔跤是男人的运动而已，所以说女权癌本质上是男权思维奴役下的产物。', '豆瓣文青们可能已经成功被白左的西方政治正确洗脑了：不放在具体语境下，以西方女权衡量一切本来就是一种偏见和武断。在整体状况还不如中国的印度，本片已经适当地展现了一种进步的女性生活方式，即便在父权的引导之下。让符号化的解读蒙蔽影片传达的真情实感，令人感到可悲。', '当查到两个女儿的演员并不是职业摔跤手时我惊呆了，这是一部市场经济主导的天朝电影界永远拍不出来的电影，女演员根本没有档期练什么摔跤，也不可能真的剪短发，更不可能有一线巨星为了演发福真的去增重，再为了一两场戏花五个月的时间减掉50斤。我们只有白百何的假头套和刘德华的大块头套装。', '最喜欢开头女儿埋怨爸爸的那段歌舞，叙事和歌舞互相成全，流畅至极。动作戏最喜欢吉塔初战男跤手和半决赛两场，人物与动作交融。为平权奋斗的主题和父女情都感人至深。民族主义煽情则显生硬。奉劝豆瓣那些不沾土不沾灰六亲不认的女权婊们，趁早移民欧美澳吧，我们发展中国家的小庙容不下你们这些大神。']"
32,少年派的奇幻漂流,9.1,218477,"['深邃阔海，浩缈星空，绝境谕旨接踵而来，漩流深处响起弥撒之音。李安从来都不会纵情，他只是个温柔的人，腼腆着讲述内心的哲学。', '5.0。1.什么都信，才看得见奇幻之美，纵末日亦无惧。2.蓝鲸涌出海面如此之美，迫于抢救食物的派却无暇欣赏。3.即便抛开3D，这照样是个美妙的故事，李安再商业也会有光辉。4.对视深海一幕派与虎合而为一。5.浮尸岛的昼与夜，美与恶。6.同一故事两种讲法，照应梦境与现实。7.人生到头来就是不停地放下。', '我以为它会回头，但它只是朝着森林深处望去，然后永远消失了。也许父亲说得对，它根本没有把我当成朋友，但我非常确定，我在它眼中看到的，绝对不只是我自己目光投射的倒影。它就那么头也不回的走了，但在我内心深处，它永远与我同在。', '不得不承认，跟要讲的漂流故事一样，电影有个挺吸引人的3D开头。中间开始乏力，大段大段重复的明信片场景，呼唤神灵喊妈妈。至于所谓的黑暗版，这种流于表面、直接扔给倾听者（观众）去选择的方法，真的很独到吗？信哪个会提升你的人生感悟么？？反正，它是影响不了我对影片的失望', '每个人心中都有一个瑰丽壮观、无人能及的冒险之旅。李安用最豪华的视效和最细挚的情感打造了2012年海上漂流版的《荒野生存》，看完电影，我宁愿相信它是一场梦，长醉不醒。【人生到头来就是不停地放下，可最痛心的是，我都没能跟他好好道别……】']"
33,指环王3：王者无敌,9.2,55648,"['我就不明白甘道夫升级为白袍巫师了怎么不爱使魔法，改成肉搏战士了。一直期待他使一招毁天灭地……', '要是让peter jackson来拍西游记，会怎样？？', '为什么我不爱看指环王', '04年奥斯卡陪练片都很弱，所以也没什么冤案。小金人发给三部曲，PJ拍完LOTR本来就是一件伟大的事情。鉴于电影的要求，老左怨念的“霞尔平乱”是不能有的，拍了绝B被喷成画蛇添足。当然就一部忠于原著的电影而言，PJ做得很到位了，不过要看完三本书三部片绝对需要足够的毅力和体力。', '看三个小时屁股都坐酸了']"
34,飞屋环游记,9.0,136118,"['去掉小孩，坏蛋，狗，鸟的话，这会是部完美的短片，but......;\r\n那段夫妻蒙太奇应该是我迄今最喜欢的pixar段落了;\r\n有一点不得不佩服pixar，拍的第一部3D就能完全摒弃滥斛噱头；而片头前那个“国内首部真人3D电影”的三分钟预告片，足以列入反面教材的经典了\r\n\r\n', '从头哭到尾', '史上第二彪悍钉子户的离奇拆迁故事。Pixar完美地成熟了。', '爱和梦想，勇气和希望', 'PIXAR总是能带来最单纯的美好']"
35,十二怒汉,9.4,66251,"['其意义不在于“无罪”的结果，而在于整个辩论过程，那是关于人类和世界的哲学大命题，借助12陪审团之辩，对个人和集体，个人和社会，真相和怀疑，等级和尊严，意见和理解，理性和情绪，坚持和盲从，法律和良心，激情和冷静，大胆假设和小心求证等命题，进行交流和探讨，那是火花四溅的碰撞，直指人心。', '精湛的表演，恰到好处的对话与矛盾设计。', '辩论结束以后的镜头非常非常有趣，一群人各自散去消失在人群里，分分钟传递的是对美国民主制度的自信与自豪，而中国的《十二公民》辩论结束以后，陪审团成员们都各自走向了自己的孩子，这看来是把民主交给未来了.....时隔60年', '看着五十年代的饮水机电风扇和豪华厕所只想感叹“万恶的资本主义”！', '傻了B了，竟然先看介绍，结果观影过程觉得影片本身十分做作。']"
36,鬼子来了,9.2,72482,"['陆川快来学习一下牛叉电影是怎么回事吧，不卑不亢不装逼，爱姜文', '大概姜文最后的一笑意思是“幸好我死了，这狗B的世界我可不想活着”', '一刀刘、二脖子、马大三、四表姐夫、五舅姥爷、六旺、七爷、八婶子、小碌碡...', '越荒诞越有力', '留口气活着很重要，可有些事比活着留口气重要']"
37,何以为家,9.1,153755,"['见过游乐园女神被扒光，洗过沾了鲜血的衣服，听过蜘蛛侠变成蟑螂侠的传闻。才知道美丽会变丑陋，纯净会变脏臭，英雄泯然众人，自己却无能为力。把童贞交给世界，用匕首刺穿丑陋，靠起诉状告父母，挤笑脸嘲弄命运。赞恩把婴儿交给男人，才明白自己谁都保护不了。他就站在破败的街角，仿佛人生走到尽头。', '【B】一些场景台词的表现过分激烈和直接，尤其是最后借小男孩之口的控诉。但仍是一次非常打动人的现实主义，尤其喜欢摩天轮的意象，上一秒zain飞到顶端，看见海平线和晚霞，眼前是希冀中的美好天堂，下一秒落入凡间，嘈杂袭来，耳边处处疮痍。', '十年前看Caramel开始一直关注的导演，陆续听她先生写的原声，看她演的法国电影，直到Capharnaum入围此次戛纳主竞赛，成为个人List上最期待的影片。十年不见，当初所有的灵气聪明仍在，镜头却越发冷静干净。结局处的回暖，是残酷现实里女导演留有的慈悲。', '孩子，你做了爸爸，你做了妈妈，你也做了替万千与你一样的人鸣不平的英雄，但你唯独没有做过你的本分——一个孩子。\n孩子，于你，这世界是该享乐的，生活之苦，是该被那个叫父母的人默默承受，不该像现在这样颠倒着的，你太小，除了哭，你没有与这世界对抗的武器，但，分明连上天都哭了，你为什么从不愿使出这个武器呢？\n孩子，你是上帝派来的上帝吧，你头戴光环，普照苦难，渡人却无法渡己，而你的表现却令人揪心：你好像早都知...', '小男孩非常突出，不知能不能冲下影帝。制作还不错，不过剧作人为痕迹还是太重，想要照顾更多，反而觉得有些过。煽情也有点多，属于催泪系。']"
38,天空之城,9.1,71986,"['时隔十年重新看这部动画片，被海盗老婆婆那句“头发被剪掉了才是大事”感动得乱七八糟。对于一个女孩子来说，什么金钱散尽啊什么历经苦难啊都被这几个字淡淡抹掉，小小一句话简直就是箴言。', '多年后重看天空之城才能更加明白，宫崎骏对细节的处理的用心不仅仅是一时的感动你，宫崎骏能通过他的作品来让你逐渐明白生活的可贵，来明白爱与和平的作用。但就……还是早恋！', '每一个女孩最后是不是都会变成妈打啊', '佩服宫崎骏的想象力，电影中的某些情节还历历在目，是部非常不错的动漫电影，弦乐很动听！', '喜欢宫崎峻的画风，单纯舒服。这些年看过很多动画电影，玩过很多游戏，有空中城堡，有机器人，都会想到天空之城。作为90年代初期的作品，他的想象力真的丰富到难以想象。']"
39,大话西游之月光宝盒,9.0,73567,"['片尾曲真的很好听', '那年的蓝洁瑛怎么那么好看 好看到我眼里完全没有莫女神。                                             18.11.03更新 今天瑛姑过世了，这一辈子太苦，但愿天堂里有属于你的月光宝盒。', '经典不用说 \r\n没第2部好～', '如果一个妖有人性呢，他就是人妖。', '哈哈，星爷的经典该怎么评呢？小时候看不太懂，长大了才看懂还看过好多遍，星爷的喜剧电影是唯一可以让我看3遍以上的电影。']"
40,哈尔的移动城堡,9.0,98303,"['虽然它确实不如宫崎骏的很多作品，也不是最受欢迎的，但却是我最爱。每次响起俩人初遇时在屋顶跳跃的那段音乐，都觉得莫名的悲伤。也正是因为这种感觉，它才是最爱。', '宫老唯一采用的美男主~~千年一见', '染发剂事件之后，形象崩塌暴露屁孩本质萌到吐血！哈尔一定是宫崎骏作品最帅男主了，配音还是木 村 拓 哉，简直不给活路', '木村拓哉的声音真是亚萨西啊……', '这个……其实我没怎么看明白，14年的宫崎骏粉丝就这么秀逗了。……（后来千和我说她也不懂，少许有点心理安慰……）']"
41,天堂电影院,9.2,80197,"['看来我要少看电影了，我的人生才是我经营的重点，电影终究只是电影啊~~', '观众在电影院什么事都干', '是的，一场伟大的失恋。', '感人，但平淡。', '如果不走出去看看，就不会知道回来的意义。回忆的美好在于经历人生种种变数之后，想起那些简单纯粹的日子，那一滴划过上扬嘴角的泪珠。']"
42,素媛,9.2,81936,"['""最孤独的人最亲切，受过伤的人总是笑的最灿烂，因为他们不愿让身边的人承受一样的痛苦"" 从素媛到素望，生活有阳光才有希望，可可梦是全片最治愈点，哭成傻逼。“我总想睡一觉就能回到过去，可早上起来发现，还是没有任何变化，太伤心了...以前奶奶说，哎哟要死要死了，这大概就是人活在世的意义”', '难得的是没有利用亲情过度煽情，也没有过分纠缠于法律漏洞，避开了韩影最爱用的两个梗，而是更多的聚焦在创伤之后一家人的心理状态变化。重创之后生活始终继续，但你能选择如何面对。此片的所有感动点是来源于细节中和一家人共同努力渡过难关表现出来的积极心态，感动之余，倍感欣慰。有几处台词真心好', '爸爸和小女孩演的都太好了，爸爸的基友一家人真不错，这样的人在世上少有了。还好孩子没有受到欺负，能有人正确的引导她，帮助她。人渣们都该死~！我哭死了', '最感人的是素媛回家时那一墙的小纸条。', '泪流满面。']"
43,罗马假日,9.0,107458,"['离开你 并不是因为不爱你', '谁不爱赫本啊', '没有看过这个的经历会显得自己太无知老土，看过了，觉得真是金童玉女啊，真是令人向往的爱情啊！真是......尽管看完了该无知还无知，老土的也没变洋气，毕竟主人公那长相那气质不是几个整容手术几部电影能成就的。', '从他背对着走，到不自然的转身，观众和他一样，都在奢望些什么。最后整个记者会的段落，就像戏剧和现实的静谧对抗，现实赢了，却让戏剧的魅力更大。也许爱情就是，你不知道她会不会出现，但你却能肯定：她也想出现。这就够了。这样的结局不知可以完爆多少现代爱情片。', '赫本一出场我真是被惊艳到了，身材高挑、五官精致、气质绝佳，无法超越的美，整个影片也拍的很好，不愧是经典，很喜欢']"
44,闻香识女人,9.1,108195,"['或许是因为年代久远，会觉得故事略显老套，但并不影响影片带来的强烈感触。问题不是哪条路是对的，问题是，你敢不敢走？人即使身残，也应保持灵魂的完整，因为灵魂没有假肢。★★★★', 'Pacino成就了这部电影，他的每次出场都使影片散发着夺目的光芒。那段震撼人心的演说，那段迷人的探戈，还有一个盲人肆无忌惮地在空旷的街道开着法拉利……当你对着镜子缅怀青春感叹年华似水时，Al让人相信，时光对他来说只是种更为炉火纯青的化妆，皱纹也可以是种性感。', '原来讲的是男人的故事', '改编自一本意大利小说。个人认为电影比原著出色。主演Al Pacino演技出众。一段探戈，一篇演讲，皆令人印象深刻。', '喜欢TANGO那段\r\n']"
45,辩护人,9.2,88080,"['重要的不是这个电影拍的如何，而是韩国电影人在拍这样的电影，韩国观众在看这样的电影，没有审查阻止、禁止、扼止你拍，没有无形之手阻止、禁止、扼止你看，这，就是民主。韩国电影这20年的迅猛发展，离不开韩国电影人的勇气和毅力，中国电影人应该有胆量在一块更大的画布上，言说我们这个时代！', '如果在影院看这部电影，我会起立鼓掌，只是不知道有生之年有没有在中国影院看到这样电影的机会。当我们在自卑到狂妄的心理下吹嘘自己贬低邻国时；当我们对一切黑暗和罪恶习以为常并理所应当时；当我们成为这些行为的帮凶时...我们闭上眼睛装作看不见，其实已经落后人家30年，并且差距只会越来越大...', '一部改变现实的电影：釜山地方法院于2014年2月13日对“釜林事件”进行了二审宣判，判决5名被告人无罪，距离一审判决时隔33年。“因为国民不富裕就不能受法律保护，就不能享受民主，这种说法我是无法接受的。”——宋佑硕', '只有更卖力地骂内地院线片了。原来是改编了卢武铉的故事，法庭戏倒是一般，煽情没错，但合理性和逻辑性似乎不太够，结尾超级感人。宋康昊曾用那双大小眼注视着银幕观众，如今，又是直面冷血暴力机器，非常之动情', '导演似乎除了煽情啥都不会，故事如果再提前30分钟进入正题肯定会更棒，好在题材和宋大叔的演技很加分。其实韩国人能拍这样的题材，就是一件令人羡慕的事情，感觉天朝永远都处于这部电影里的时代了。']"
46,搏击俱乐部,9.0,115843,"['一则极具颠覆性质的社会生活寓言.无能为力，无法改变现状，是现代生活中的癌症。虚无使人痛苦，使人希望借各种方式找回存在的真实感。然而现代人的精神悲剧就是，当他们自我搏斗、脱离了一种精神上的奴役的时候，不知不觉又进入了另一种奴役。影片自身所带有的一种不可言传的魔幻性与自我消解意味使它', '邪恶与平庸蛰伏于同一个母体。在特定的时间互相对峙。', '工作不能代表你，银行存款并不能代表你，你开的车也不能代表你，皮夹里的东西不能代表你，衣服也不能代表你，你只是平凡众生中的其中一个', '抛开一切，重获自由。You met me at very strange time in my life. 天呐，今天才看完这部电影。佩服导演埋彩蛋的功力，特别那两个big nice cock，绝妙啊！', '各位亲们。。。精神分裂真的不是影片的重点。。。痛是我们感受活着的唯一方式。']"
47,哈利·波特与魔法石,9.0,70416,"['花了8年才看完这部电影....', '我竟然還沒有在豆瓣添加哈利波特系列啊... 我怎麼當粉絲的我！第一部自然是最引人入勝的。', '第一部好看啊  哈哈', '当年还是在电影院看的，波特的魔法世界惊艳展开，风靡全球。', '有一部电影，陪着我成长。']"
48,死亡诗社,9.1,99292,"['如果能遇到这样的老师，要积累多少的rp?', '《死亡诗社》最后安德森爬上课桌那一幕哭得我稀里哗啦的，一个刚到口的龙眼就活生生地吞下去了。它和《孩子王》有一个同样的情境设定，但立意确实不同的。《孩子王》里“从前有座山”那段也是让我唏嘘呀。另外，《死亡诗社》的中文配音配得很好，不知道出自哪儿。', '最后大家还是屈服了，但是永远不会忘记seize the day.', '总感觉有点力道不足', '明明不是悲剧,就是不停的被感动着']"
49,教父2,9.2,36642,"['帕西诺太帅了~', '即使敌人已经手无寸铁，但仍旧要处理掉。麦克深深的延续了父亲的性格。唯一不同的是家庭问题的处理，是时代变了，也是麦克与父亲之间的不同。两条主线相互交错，即使对比更是互补。阿尔·帕西诺最后的眼神，那是寂寞吗？', '阿尔·帕西诺不能再帅，是年轻时的代表作。', '从《教父1》到《教父2》，科波拉用镜头记录着两代教父权力的交接，也记录着第二代“教父”阿尔·帕西诺从一个男孩成长为一个男人的奋斗史。马龙·白兰度、阿尔·帕西诺、罗伯特·德尼罗，科波拉的镜头囊括了两代共三位教父，算是美国典型黑帮电影的集大成。', '所以说，苟富贵 勿相忘是古今中外最难做到的六个字。仔细想了一下麦克和他爹的差别，一个是由穷到富的创业，从妻子到孩子到朋友到哥们弟兄，无一不是感恩的，跟着教父有肉吃。而麦克，只有他知道世界多危险，他一个人扛一个人摆平一个人承受，然后身边所有的人却把他看做是凶手和怪物，真可怜……']"
50,窃听风暴,9.1,82393,"['我们总是歌颂从未发生过的事。', '东诺士马克的电影用了很多当初东德的机关大楼实地拍摄， 但是监狱博物馆的馆长却拒绝了他拍摄的请求。原因？馆长说，因为东诺士马克的剧本不符合史实:整个东德历史，像魏斯乐那样“良心发现”的秘密警察，对不起，一个都没有。', '专制意味着有些人可以做另一些人的主人。', '“你还站在正确的一方吗？”……惊艳于“做点变通”，惊诧于“重要的不是成绩而是成败”，惊呆于口误后的抓手动作，惊愕于搜索后可获损失赔偿，惊叹于女主的悲剧，惊奇于小人物改变的大历史，惊喜于“这是给我的！”', '“献给好人的奏鸣曲。”人得想办法成全自己。']"
51,狮子王,9.0,57313,"['hakunamatata', '动物版哈姆雷特', '最爱的迪士尼，没有之一。', '这动画说的是龙生龙凤生凤、狮子王的孩子还是王；野心家的夺权、王子的复位，以及童年情愫、成年的炮。这动画加分都在技术项，比如使用了当时最先进的2D动画技术，现在看来也是很有美感的画面，以及太经典的歌曲，《Can You Feel the Love Tonight》一曲足矣！8.3', '这部动画绝对是经典，内容积极向上，音乐无可挑剔。']"
52,指环王2：双塔奇兵,9.1,37907,"['每次看魔戒都会被奥兰度惊艳到~', '莱格拉斯无敌帅~', '一口气看完三部白金加长版，对于这样的片子，只有两个字形容：经典。相对于骇客帝国，这三部的连续性非常好，值得称赞。', '传奇延续，依旧震撼，精灵王子还是那么帅。', '影视改编的重点偏移在这一部里表现得更为显著。彻底挑明的原创感情副线，比重加大打法几乎完全原创的圣盔谷一战（当然这段干得不错可以收货），到不算太成功但尚算是有想法的视角切换。最值得赞的是咕噜的形象设计，除了技术限制导致的皮肤质感略欠真实外几乎做到了满分。']"
53,我不是药神,9.0,391127,"['“你敢保证你一辈子不得病？”纯粹、直接、有力！常常感叹：电影只能是电影。但每看到这样的佳作，又感慨：电影不只是电影！由衷的希望这部电影大卖！成为话题！成为榜样！成为国产电影最该有的可能。', '王传君所有不被外人理解的坚持，都在这一刻得到了完美释放。他不是关谷神奇，他是王传君。\n你看，即使依旧烂片如云，只要还有哪怕极少的人坚持，中国影视也终于还是从中生出了茁壮的根。\n我不是药神，治不好这世界。但能改变一点，总归是会好的。', '最大的病，其实是穷病。真的被感动了，整体都很成熟，也有些许韩片的影子。几个演员表演都非常出色。可看性和内在的表达都不错。这个世界最荒诞在于，越贴近真实，真实越荒诞。人这一生，太不易了。最后，王传君，加油哦！', '小时候路过一家药店，门口的对联写着“只愿世间无疾病，何愁架上药染尘”', '人生建议：别买零食，吃不下的。']"
54,大闹天宫,9.3,25374,"['向中国早期的动画制作人员致敬！', '反抗，反抗，再反抗', '“怎么能抵的过我这一锤——呀~”', '永远的经典', '中国最好的动画片，来自50年前。']"
55,两杆大烟枪,9.1,76463,"['结构很精细。艾德输光了钱的时候，恍惚出门，扶着墙吐，很真实。一贯老实的厨子打劫前突然说，带把刀好：Guns for show,knives for a pro.——你是不是有什么不为人知的过去？我不知道是马上要打劫可怕还是你的过去可怕。', '从此开始喜欢上英伦范儿。我真的是太喜欢这部电影鸟。', '疯狂的石头在他面前只是浮云', '和be cool同类的巧合，全是喜感的巧合..黑帮的轻喜剧 两柄大烟枪作为串场道具，比钻石和石头什么的要妙得多了..当然也远强于那幅莫名其妙的画作..盖里奇越玩越糟糕，被自己造出来的黑帮多线串烧模式给彻底困住了..', '你敢骗我，我就杀了你。如果你敢耍我，或者我认为你在耍我，我也杀了你。如果你忘了，我也会杀了你。事实上你要很努力才能保住小命，我说的话你听懂了没有？因为如果你不懂，我就杀了你。']"
56,指环王1：魔戒再现,9.0,55117,"['于我，魔戒永远是不可逾越的史诗。', '在拒绝好莱坞N年后，一次意外的走入影院，我成为了LOTR的死忠，总有一个绿衣服的弓箭手在眼前晃悠，我冒着花痴般的笑容，历史就此翻开了崭新的一页。', '一口气看完三部白金加长版，对于这样的片子，只有两个字形容：经典。相对于骇客帝国，这三部的连续性非常好，值得称赞。', '人性与其他生灵都有自身的脆弱性，所以，即使是选择了善，也有可以脆弱导向其他的方向，就像森林女王。更可怕的是，用恶的手段达到善良的目的，本质上的以毒攻毒，以恶抗恶，就像人类国王贡多的儿子，都是人类信念不够坚定，内心的力量越来越弱时产生的。 ', '原来某人ID是这里来的，不过据称其实是前传《霍比特人》里的。果然是很像西方版的西游记，人物多了一些所以可以分成若干支线，风景和精灵们确实相当迷人，奥兰多布鲁姆在这里面太好看了啊。但也没有想象的那么好。二三集待续。看的加长版，最后字幕长达二十分钟⋯⋯']"
57,飞越疯人院,9.1,75581,"['无论是现在还是在将来，疯人院和护士长化妆成各种形状潜伏在我们周围，飞越疯人院就永远有意义', '为什么我联想到在7中的日子', '最后实在看不过去了。无法忍受赤裸裸的残酷……', '精神病们都是好孩子~', '高能神结尾，酋长举起盥洗台时莫名的感动…身虽死，但信念犹存！唤起大家对自由的向往才是最重要的，尼克尔森把这个虽不安分守己但是心地善良的角色演活了…口吃小哥那段真想掐死护士长，孩子发型多in啊！每位卡司的表现都很精彩，比精神病还精神病，特别是那位翻飞的大爷，您的舞步好喜感啊…']"
58,美丽心灵,9.0,85151,"['所以说不要学数学,你就是不信邪', '我觉得你很有魅力, 你对我的主动性说明你对我有同感。尽管如此，传统的信任仍然需要我们在做爱之前进行数多次柏拉图式恋爱。我正在往这方面发展，但事实说来，我真正想做的只是尽快和你XXXX。', '这才是真真的传奇，再好的编剧也想不出来吧。', '我发现我的一句话短评竟然造成了严重剧透，所以我做了修改，我的建议是，在先生（女士）您看到我这条短评时，请停止手贱，不要再浏览任何短评，以防剧透，立刻去看电影。您将体验电影剧情的不确定性而感到万分愉悦。', '幻想又有什么不好，至少多了三个爱你的人。']"
59,饮食男女,9.1,84760,"['老处女性饥渴献身机车男、约炮女遇渣男回头是岸、心机女挖墙脚嫁入豪门，老鳏夫暮年入花丛枯木逢春，李安导演，你牛。', '李安最好的作品。太流畅了，调遣得宜，全无废句。', '昨天把这片子掏出来又看了遍，过去十三年看了总有三十遍了。开始是看做菜，之后看吴倩莲和赵文瑄，现在净注意杨贵媚、郎雄的小表情和归亚蕾的口音。昨天才注意到，这片平均颜值高得吓死人：三姐妹及夫婿都清爽标致，41岁的张艾嘉笑起来还有少女感。', '看完之后我就想当一辈子的姗姗。', '中国人的闷骚拍得好到位，以及，我说归亚蕾哪来的一口标准长沙话，居然真的是长沙人啊哈哈哈']"
60,V字仇杀队,8.9,130083,"['居然是美国的……哎呀呀，感触挺深的，力荐！你知道，在中国，这片子值得放一百遍', '适合失眠者在凌晨3点至5点观看。我希望有更少的人理解它，有更少的人喜欢它——以便我可以独占它。', '站着不腰疼的政治童话', '一个无政府主义者的非意外死亡', 'V真是偶心中的完美男人啊！！宽肩，细腰，翘臀，长腿，贵族的口音和品位，也有穿个粉条纹围裙做早餐的极Q时刻……面具一定要败个！']"
61,黑客帝国,9.0,70241,"['装逼哲学的开始', '我都一直分不清真是和虚拟了，感觉像从一个梦掉进另一个梦里。', '为数不多看不懂的电影', 'FUCKING DAMN COOL!', '这实际上是一部哲理电影……自此后子弹时间被多少片子致敬效仿……唉，基努里维斯，心中永远的男神。']"
62,猫鼠游戏,9.0,86948,"['事实证明，聪明的头脑永远可以赚钱。', '我只想说，02年小李还是尖脸呢。', '这是我看过的来奥纳多最可爱的角色', '艾米·亚当斯演了一个牙套妹', '穿机长制服的小李子帅爆了，很能理解那些被小李子骗的富家小姐们']"
63,钢琴家,9.1,55954,"['“我有件更暖的。”----Wilm Hosenfeld', '爲何我會很憐憫那個納粹士官，至少他是鋼琴家的知音。', '这片子，跟男主角那两抹气质超群的眉毛一样耐看！哈哈', '如今这个民族仍然在继续受苦，苍天无眼', '好难过好难过。仿佛就连呼吸的功能的丧失了。\r\n\r\n战争来时。任何人的意志都受到扭曲。毫无例外。\r\n\r\n从拒绝佩戴袖章到拉着德国军官的裤子求情。\r\n\r\n人就这样一步步在战争之中沦丧。\r\n\r\n \r\n\r\n幸好还有音乐。还有艺术的伟大。伟大的艺术。']"
64,本杰明·巴顿奇事,8.9,117239,"['你可以像疯狗那样对周围的一切愤愤不平， 你可以诅咒命运，但是等到最后一刻到来之时， 你还得平静的放手而去。每个人在某种程度上都对自己有不同的认识，但是我们最后都会去往同一个地方。只是走的路不同罢了。你也有属于你的道路。', '有种莫名的伤感。我们总会失去所爱之人，要不，怎么会感到他们有多重要呢。', '关于时间关于爱……后40分钟忧伤到窒息！', '我心目中最优秀的电影，至今无法超越。满满的都是时光的隽永、寂寞的主角和奇特的故事。影片的质感丝丝入扣，如同醇酒回味无穷。这是一个温柔的童话，黛西的女儿在母亲的病房里，读到本杰明写给她的那些不会被寄出的明信片“我想成为你的父亲，我这一生做过的所有事都没有这件有意义。”真是无比心碎。', '和原著相比改动很大啊...甚至都很难说是同一个故事了...不过还是看的出来有菲茨杰拉德的那种享乐主义调调...应该说这是一部各方面技巧都比较纯熟的作品...特别是化妆...太赞了...不过看影片的时候总不自觉的想起<时间旅行者的妻子>...都是包着幻想外壳但实质是纯粹的爱情故事...']"
65,看不见的客人,8.8,183681,"['跟媳妇一起看的。看到一半的时候说了句最毒妇人心，指的那个情妇。后来看完，我媳妇特别藐视我，说了句男人都不是个好东西后睡了~。。我一脸尴尬~。。。总之。。。这是个好电影。', '剧本太精彩，处处伏笔，层层反转，虚实交错，暗潮涌动。自作聪明的往往一败涂地，不动声色的才能笑到最后。', '2015年看的《罪恶之家》，2016年看的《完美陌生人》，2017年看的《看不见的客人》，共通之处就是利用剧作上的巧合和人性的叵测，将一个充满黑色悬疑的精彩故事有条不紊地讲述出来，虽然过程中猜测出女律师古德曼的身份，但劳拉却并非我预测地来个《大卫·戈尔的一生》的自我救赎……人言可畏亦难信？！', '看过片子后再来这个页面，发现海报上人物关系已经把结局剧透了。观影过程很享受，虽然结局并不难猜，但几段假设推理确实容易被误导，尽管每个假设都有一些经不起推敲的小细节，但是并不影响整体效果，除了老夫妻过分精明和易容的不彻底外，几乎没有大败笔。说别人脸盲的希望你在电影院也能一眼认出来。', '调度上有种将阿加莎小说当代化的直感 谷仓之冰和密室的三重解答亦是对黄金时代的致敬 拍推理片需要的是娓娓道来 不急不缓的叙述 以及临近收尾时暴风骤雨般地揭晓真相 本片都做到了 虽然对于非脸盲症而言这个最早来自莎士比亚的诡计略显累赘 讲义系列若拍成电影 要的也是这种感觉']"
66,让子弹飞,8.8,191648,"['叉着腰！牛着屄！嗨起来！', '承认爆米花式的好看不行么？别分析政治隐喻了不如去分析下百年孤独更给力。这次是冯小刚式的姜文，不是国产大师不是救世主，他是凡客。。。', '说姜文用力过猛的  那只能说明您受功不够 受用不起！影志老师在各方压力下更新短评 缓和了语气“姜文导演作品里最差的，远不如《阳光灿烂》和《鬼子来了》。”  难道这也是打一星的理由？您明知道阳光灿烂和鬼子来了都是中国影史经典  难道在您看来不如经典就是一星？！牛掰就别改短评！', '如果说电影是个男人，冯小刚不中看，张艺谋中看不给力，陈凯歌早泄，姜文纯爷们！', '要是姜文拍完这部电影就宣布退休，他会被封神。']"
67,海豚湾,9.3,58345,"['我觉得大部分看本片会有感的人，都不知道，中国的白暨豚已经灭绝8年了，也不会知道，长江里的江豚也仅剩1000左右了。与其感慨，咒骂日本人如何捕杀海豚，不如做些实际的事情，保护一下长江里的江豚吧，没几年，也将绝迹了。中国人做出来的事情，也不会比小日本好到哪儿去。', '我想知道的是 大地村那里的海豚屠宰场现在怎样？关闭了没有？当地的渔民是否还以屠宰海豚谋生？', '最具艺术感的纪录片。真相都真的让人难以想象，所以他们还在否认南京大屠杀。', '太煽情 太主观', '已经多久没有哭成这个样子了']"
68,西西里的美丽传说,8.9,115663,"['有人问我是讲什么的：一个青少年的性幻想和女人美到一个程度就会很悲惨（大概）。', '最喜欢一段：之前走路眼目躲闪低垂的她，在那一夜后将蓬松凌乱的头发染红，低胸黑色连衣裙，眼里全是看破之后的凌厉无畏，姿态轻佻却强韧无比，翘腿，叼一根烟于唇间，四下便倏忽忽如游鱼抢食般凑来十几只握着打火机的手。從頭到尾沒有一句臺詞。', '美丽无罪，不忍心看美丽在暴民政治下低头', '@贺炜：一个出色的女人，她的全部罪恶在于她过于出众，庸众总是想亲近她的，可是发现她高不可攀，于是流言四起，每个人都不遗余力，直到她被流言所伤，被生活击溃，被拉回庸众的行列，终于学会对周围人道声早安，大家才心安理得起来。于是，平庸又杀死了一个人。', '从13岁男孩眼里看到了人性的丑陋不堪，对特别美丽，又无所依傍的玛莲娜任意伤害，把她逼到绝境，不得已成为妓女，战后更是残酷暴虐把她逼离小镇，讽刺的是当一朵鲜花零落成泥后，她再一次和丈夫回到小镇时又用友善的一面对待。她终于不再美丽，不是异类，对她们没有威胁，沦为和她们同样普通。']"
69,情书,8.9,140616,"['从相恋开始准备看，分手后真的看成了\r\n', '你好吗？ 我很好。 你好吗？ 我很好。 你好吗？ 我很好。', '2000年，本人看得第一部文艺片，当时不知道啥是文艺片，表面上洋洋得意，认为自己算个文艺青年了，内心里无比的可惜那一块钱，因为本来是租《唐伯虎点秋香》去的。被人租走了才不得以看《情书》', '永远忘不了柏原崇倚在窗口的样子，他拿着一本书，低着头看，窗帘在他身后轻轻飘荡，抬起头，我看到了这个世纪末的美少年的干净美好。《情书》的就是经典的岩井俊二摄影风格，此后很多爱情片都有借鉴他的取景和摄影风格。', '「把名字一遍又一遍的写在借书卡上，反反复复看一张并不想知道答案的英文试卷，在告别之前偷偷的把你画在借书卡背面，希望你有一天会知道，我喜欢你」整部电影的配乐都好伤感，女主角一人分饰两个性格不同的角色演绎的非常好，青春和暗恋的心情满点，话说岩井俊二的每部电影里都有几个无厘头的奇怪角色']"
70,拯救大兵瑞恩,9.0,52044,"['为什么看中国战争片就感觉high得不行真想打一仗，看外国战争片就觉得战争真可怕和平多好啊。。。。再不在吃饭的时候看战争片了，太胸闷了。', '值不值得，什么又叫值得。', '看到结尾Hanks无力地对着迎面驶来的坦克，内奔……', '其实电影非常的棒，但是道理和萤火虫之墓地一样．因为实在太真实，让人难受．看到一半就缩到了角落里，再也不想看下去．', '我对它的喜欢游离在主题之外']"
71,小鞋子,9.2,53417,"['没有一点刻意、展览、景观，老老实实地拍，可就是能抓人，令人反思——电影真的需要那些东西么？最后那个金鱼池的场景甚至带点禅意，又那么平凡朴实，让整个片子顿时通透明澈，怎么会这么好！', '小演员表情无敌，故事朴素真挚，比赛一段过分煽情，结尾收得真漂亮。', '去年从以色列乘车去巴勒斯坦，一过国界线简直是两个世界。犹太人的地方干净富裕，阿拉伯城市就垃圾满地，乌鸦乱飞。很多小孩子拿着矿泉水和粗糙的纪念品追着我们叫卖，都是长睫毛大眼睛很漂亮的孩子。晚上看新闻，巴勒斯坦又被战机轰炸死了70多个人，真他妈难受的什么也不想说了。', '身体欠佳妈妈让孩子给疲惫的爸爸倒茶，富人爷爷给认真工作的爸爸丰厚报酬，富人弟弟和哥哥一起开心玩耍，爸爸赚了钱想给妈妈买电熨斗，哥哥想跑步比赛给妹妹赢得一双鞋，老师为经常迟到的哥哥求情继续上学，妹妹把心爱的鞋子让给另一可怜人家的女儿，这另一可怜的女儿把捡到的漂亮铅笔还给妹妹……', '很少接触伊朗电影，这个是在CCTV-6看的。拍得很纯真，很感人~~']"
72,音乐之声,9.0,47258,"['真希望世界像它描述的那么美好', '不知看过多少遍的经典 阿尔卑斯山脚美如画 纯真美好得不行', '居家旅行必备良药~', '主题的音乐很好听，但可能是距离现在太久了，不太符合现在人的审美，感觉还好吧。', '音乐剧中最经典的了吧，难以超越，里面的音乐至今仍广为流传。']"
73,美国往事,9.2,55816,"['一年多以后，我将它从四星改为了五星，期间未曾多看一遍。', '他的一生，是关于几个出生入死的兄弟，和一个美轮美奂的姑娘', '以前看的时候并不能完全理解这部电影，电影里太多的内容让自己并不能一下子就可以消化得了。重看这部近四个小时的电影，没有觉得半点枯燥沉闷，好似在翻阅一本浑厚的小说，一生中所有最重要的东西都在里面，值得慢慢回味……★★★★★', '史诗叙事大师笔法，黄昏已近青春已远。而今男人的理想已改变太多。配乐绝佳。', '闷得我喘不过气来。\r\n价值与时间，成长与背叛。\r\n还是难得这么有力量的片子。']"
74,穿条纹睡衣的男孩,9.1,68954,"['""突然镜头换到那扇黑色大门前，慢慢拉远。 \n如果你哭了。是为BRUNO对吗？ \n那么，shmul呢？""', '你还当这是一场游戏么？', '大半夜很容易走进情绪，最后的结局压抑得我说不出话。最可怕的教育是价值观的强行灌输，而最可怕的价值观是被一件条纹睡衣分割，看着姐姐满墙的贴画真是触目惊心的疼。', '感动我的是孩子的勇气，强大的勇气。', '每一个""纳粹""的孩子, 上辈子都是折翼的天使']"
75,致命魔术,8.9,103281,"['诺兰是一个伟大的魔术师，谜底都在变小鸟那个魔术里了。。', '本片最大的看点其实是用Angier和Borden的幻术竞争来影射历史上Edison和Tesla的直流电与交流电之争。《记忆碎片》、《致命魔术》和《盗梦空间》基本上一个套路嘛。如果Nolan拍片子总是用这种捣蒜的方式讲故事的话，看多了真觉得没啥意思了。', '第二遍才发现其实那个小男孩说小鸟的时候已经道出了玄机 撒~撒~', '黑寡妇勾引完金刚狼勾引蝙蝠侠，最后玩腻了一走了之', '说穿了不管是孪生兄弟还是复制人，让他们对舞台上的成功如此痴迷的不过是观众脸上惊奇的表情和如雷的掌声。当我们一直生活在需要别人给予肯定的怪圈之下，我们就迷失了当初的自己。']"
76,七宗罪,8.8,96682,"['里面的布拉德皮特帅的掉渣……', '因为看的年代晚了 所以惊喜全无～', '2。7星。结局的小巧妙无法改变整体的不巧妙。', '从它开始喜欢上摩根弗里曼', '整个片子营造一种阴暗的氛围，好像在衬托主题和基调。可是事实上，除了几幕血腥恶心场景外，实在没什么可圈可点的地方了。而且片子中还有好多地方模糊暧昧，模棱两可。人物刻画也不够深刻。最后的结局部分，谁证明那个纸盒里面一定是小警察老婆的人头？而且，即使是，老头如果真想阻止小警察开枪的话，']"
77,低俗小说,8.8,104516,"['太正点了，那妞。。。\n', '你的漫漫人生，我有多少戏份', '文森特你不要总是在关键时刻上厕所啊喂', '昆汀有三宝，恋足，逼叨，配乐屌。', '不要在上厕所的时候看书  不要过量吸毒 不要把枪放在厕所门口']"
78,绿皮书,8.9,260364,"['让人印象最深的片段是他们的车在南部的乡间小路上抛锚，和田里劳作的黑奴对视的那一幕，无声却发出巨响。', '肤色、阶层、性格和性取向天差地远的两个男人，因为音乐而结缘，因为公路旅行而成为一生朋友。有时候才华并不够，还需要勇敢，推倒心中那面墙才能开门见山。电影就像一颗绿色小石子，投入黑白分明的美国社会，激起轻小而美丽的涟漪。虽然有刻意营造的温暖感，但我就是愿意买单~！', '“世界上孤独的人都害怕迈出第一步” 从最开始的矛盾抵触、到被迫站到一边慢慢调和、甚至最后的惺惺相惜，这不是一趟抛开歧视的旅途，而是两个孤独的人从彼此身上看到另一个世界，一个更真实的世界。纵使有太多不同，种族的、阶层的、贫富的，都可以在这一场春风化雨、淡入心灵的结伴同行中，化干戈为玉帛。“爱上你是件毫不费事的事情”、“如果我不够白，也不够gay，又不够男人，那么你告诉我，我到底是谁”…唐·谢利为托尼...', '赶走偏见不是靠鸣枪，赢得尊重不是靠拳头。为了如厕宁可折返，为了用餐甘愿罢演，受到霸凌不视为侮辱而视为考验，受到恩惠不视为荣耀而视为耻辱。南方劳作的黑奴看到路边的他衣冠楚楚，如同一个预言。一家上流餐厅，一间宽敞厕所，一个高档试衣间都没能容纳下的东西，却装进了一方绿色车厢，勇敢上路。', '这部电影的厉害之处就是剧本扎实，在人物塑造和细节上非常出彩。这趟一路向南的旅程到最后也不能让Dr. Don Shirley证明自己在白人心中的地位，他身陷孤独境地也没人帮得了他，除非他自己跟自己和解，自己去完成一场关于自我的救赎。它并没有刻意说教的去讲什么，但每个人都能从中看到不同时代某些群体的遭遇，不仅仅是黑人和白人这么简单。这部电影的主题正如片中那句点睛的台词所说的，因为天才还不够，唯有勇气才...']"
79,沉默的羔羊,8.8,79813,"['最后一个镜头与T-Bag神似!电影一般,不过汉尼拔越狱那段非常精彩!看评论有人自作聪明的评论这段屋子里怎么没有监视器?是电影一个致命BUG.明显故事背景时间没搞清楚,还不如说在汉尼拔身上植入一个GPS呢.', 'T-BAG出现之前，安东尼大叔一直是我的绝对偶像。', '一直都没看过，今天总算看了。好看吗？为什么我觉得好弱？中间还睡着一次，可能是年纪大了。', '面对阴险、深邃、睿智的眼神，面对善良、疑惑、稚嫩的眼神，我同时看到了一丝迷茫与矛盾，对人性理解上的茫然，对自己内心世界与离经叛道的行为的矛盾辩解，他们对自身性格的了解都是那么的缥缈，这也许就是两人吸引对方的共通点吧！ ', 'Jodie Foster太美了天哪我都要心动了！']"
80,蝴蝶效应,8.8,103375,"['阿什顿·库彻演技平庸，技巧浮夸，呲牙咧嘴、毫无特色。为什么他还老接到好剧本。', '剧情的细节设计过于完美，以至于反而是最基本的动机设计薄弱了些。我也很想像女主角最初质问男主角那样质问一下编剧：既然男主角真的这么爱女主角，爱到不惜勒死自己也要让她获得幸福的地步，那为什么他离开女主角七年，却甚至一个电话都没给她打过（而且似乎性生活也挺美满的）？', '命中注定的事情，释然去面对吧，放下过去，才有未来…即便你握着人生遥控器，也未必能遥出一个完美的人生。', '前半段是“诱惑肌肤”，后半段是“疾走罗拉”。通过大脑开外挂，不断拓扑出各种现实，最后一步步修正回原点。你无法改变一个人又不毁掉他。软科幻，硬惊悚，震撼结尾。', '这部片一定要看导演剪辑版！最后的胎儿简直震撼人心！！！然后还特地追了几个不同版本的结局，其实也挺各有千秋的！']"
81,被嫌弃的松子的一生,8.9,134381,"['松子的生命力真顽强，每次说着“我觉得人生完了”，但是又都站了起来，当然，那时候她多么年轻，还有时间，还有爱。可惜正常的人生还是可望不可及，无非想被爱和爱人，但是不止寡情会辜负人，浓情同样也会。她总是在忍受，即便挨打，也还是要坚持在一起，留着希望，也许这也是一种方式的被重视吧，聊胜于无。是呀，为了被重视，她不断的去讨好别人，用鬼脸、用身体、用爱，但是那雪地上的一击，任谁都会被打垮吧，所以她不再反抗了...', '这个故事是对“少女情怀”赤裸裸的嘲讽！', '【就算被打，也比孤独一人好】如果单拎出一段来看，一定会被浓烈的色彩、童话般的氛围和OST给骗了，其实这是一个在讲述“破碎”的故事，为了取悦别人松子不断的付出着钱财肉体灵魂乃至一切，可生活的变故却让她不断的破灭破灭再破灭，但她还是一次次站起来了，为松子鼓掌，操他妈的生活。', '她只是怕寂寞……', '如果上帝像姑姑一样让人欢笑，给人打气，爱别人，自己却总是伤痕累累，完全不擅打扮，傻到透顶。如果上帝就像姑姑那样，我倒愿意信仰他。']"
82,春光乍泄,8.9,85038,"[' 张国荣死后，有一个女荣迷，在网上发了一片贴子，说到自己看到梁朝伟的情形，有一次梁朝伟到内地来演出，等演出完毕后她守在他出门的必经之路，等看到他和一群人走来，她便大声的哭喊道：“黎耀辉，你还记不记得何宝荣？”梁朝伟听到她的喊叫，停下来，朝她这个方向看来，然后点了点头，急匆匆地走了', '我敲诈你，人质是我自己', '总是觉得，站在瀑布下的应该是两个人。', '爱到极至，就是两个人的互相折磨。', '他说，不如我们从头来过。']"
83,禁闭岛,8.8,110708,"['非阴谋结局 泰迪确实病了 最后泰迪是被治好了 但他不愿活在痛苦中 因而假装自己又犯病了而去做切除手术', '我打4.5星，不能得5星的原因是，电影有些长…… 故事很好，每个转折点都很清晰，故事就像《本能》一样，到最后一分钟揭晓大结局给人惊喜。说不好看的同学，大概没有注意结尾。因为谜题的揭晓，是在影片结尾莱昂纳多说的一句话里。', '这部电影所讲的是：<1>.我们没有面对自己的地方，就会成为我们的命运。——荣格 2. 我们相信什么，什么就是我们的命运。\r\n\r\n', '他到底会像怪物一样活着，还是会像好人一样死去呢？', '与其说中庸，不如说是平庸']"
84,心灵捕手,8.9,81420,"['经历没有埋没我的才华，却抹杀了我应有的自信，我被吓坏了，成长出一腔的狂妄自大，我赖以这种方式保护自己，终于等到一句：这不是我的错。', '我每天到你家接你，我们出去喝酒笑闹，那很棒是我一天中最棒的时刻，只有十秒，从停车到你家门口，每次我敲门，都希望你不在了，不说再见，什么都没有，你就走了，我懂得不多，但我很清楚。 ', '能够做自己的心想做的事，菲尔兹奖又算个什么。抄三句台词。1.你花一万五所受的教育用一块五就能在公共图书馆得到。2.你没离开过波士顿，问你艺术你可能会提出艺术书籍中的粗浅论调，有关米开朗基罗你知道的很多，但你不知道西斯庭教堂的气味，你从没站在那儿看着美丽的天花板...问战争你会引用莎士比亚的话，但你从没接近过战争，看着好友吐出最后一口气...而你只是看了我的一张画就认定了解我的全部，你把我的人生撕裂...', '心理学教授明显的INFP，数学教授则有些INTJ。至于天才少年大概是INTP。有些人天生就幸运，拿了一手好牌。而大部分的我们却只能努力把自己的烂牌打好。如果你可以自由选择做任何事，你会做什么？也许那才是你真正想做的——如果说天才类题材有其现实意义的话', '居然是Gus Van Sant的片子.本和达蒙的剧本不错,“你不了解真正的失去，唯有爱别人胜于爱自己才能体会。”""我若跟你谈美术,你只能引用美术专著空谈理论,但你连梵蒂岗的气味也不知吧,你没试过站在那儿,昂首眺望天花板上的名画吧;如果我问你女人的事,你大可以向我如数家珍,但你没法说出在女人身边醒来时,那份内心的真正喜悦;我如果和你谈战争,你会向我大抛莎士比亚,朗诵十四行诗,可是你从未亲临战争,未试...']"
85,布达佩斯大饭店,8.8,133059,"['这不仅仅是一部电影，它是游戏，是童话，还是一件艺术品，将作者化的美学风格、形式感和怀旧的主题完美融合！无论从故事、剧作、主题和美学，它的辨识度都只属于自己，对于韦斯·安德森的粉丝，这是杰作！', '依然还是韦斯-安德森标志性的复古色调、悦耳配乐，神经兮兮的冷幽默。不像前作那么随意松散，《大饭店》故事紧凑、层层剥茧，而且居然有点“重口味”。也许只有韦斯-安德森才能把一个混合谋杀、越狱、械斗的故事拍得那么喜感。', '未見過Wes如此有野心,將作者風與故事及內涵融合得非常出色,一層層的敘事模式,畫面1:85進2:35再進4:3,大量電影語言,有搞笑有奇情有懷舊有懸疑有驚慄有黑色幽默最重要有那份人性真情,明明是喜劇但最後結尾一段傷感的況味揮之不去,目前Wes處理得最成熟,圓渾之作!', '刺激的色彩，独特的人物，湍急的镜头运动起飞的节奏，停不下来的爽与赞。对于这样的导演，不论多么细微的角色，演员都会愿意接受，因为最细微的角色，也有足够的个性，让观众记住。', '“微弱的文明之光，仍存留在这野蛮的屠场里，这就是人性。”——维斯·安德森致敬斯蒂芬·茨威格，小清新的故事里注入了大历史的情怀。']"
86,海蒂和爷爷,9.2,67953,"['人至善，景至美，故事细腻，淳朴动人，人生本该如此，温情永存，何惧苦难？', '小姑娘很有灵气，给人的感觉就好像天生属于大山，光着脚奔跑在花草山峦中，风般轻盈，鸟儿般欢乐。电影中的感情都很真挚，也很友善，没有绝对的坏人，而且大家到最后都得到了所希望的幸福，这种幸福让观众看着也幸福。', '今年第一个惊喜！可能有点偏儿童，但绝对老少皆宜。小姑娘呀，你可千万别长残了', '愿意穷尽这一生，去守护海蒂洁白无瑕的笑容。Peter失手推下山的轮椅，反而成了帮助Klara重新站起来的助力，真的给人一种生命的美好会创造无限miracle的感觉。“If something in life brings you joy, then you simply have to do it, regardless of what people say.”', '5颗星完全不够用']"
87,勇敢的心,8.9,66427,"['所有的人都会死，但并不是每一个人都活的有意义。', 'Freedom！自由从未来得这么震撼心灵过~~', '被曲解的历史，詹姆斯霍纳的巅峰配乐', '生命诚可贵，自由价更高。', '自由就是这么来的，可奴隶也是这么来的。']"
88,剪刀手爱德华,8.7,114412,"['孤独本是生命的常态', 'JohnnyDepp最经典的一部片.\r\n很美丽的童话.\r\n那个孤独而美丽的爱德华让我至少哭了两遍!', '童话真美好 现实太聒噪', '感觉情绪还没酝酿好就结束了。失望。', '这片居然没有修复版！即使在TB的作品中，这都算得至纯真的一部。发明家死的时候Ed弄坏了原本是要送他作为圣诞礼物的人造手，他试图抚摸至亲的脸却只留下血痕<--姐的泪点在这里。想不到这次边上有人几乎同时开哭，而且哭得好大声。灯亮之后发现那是个清朗的白发大叔，好可爱']"
89,阿凡达,8.7,142102,"['当所有美国大片都开始炫耀自己的视觉效果时，詹姆斯卡梅隆只是坐在阴暗的角落里冷笑，然后抛出这么一部让所有人感慨“操，真他妈牛逼啊！”的电影。', '回归电影的最初，让观者惊叹，让观者感动，让观者开心，让观者落泪。“阿凡达”告诉你：让电影为你造梦！', '全宇宙也就天朝的钉子户最弱势了。\n潘多拉版风中奇缘。另外我buy所有生物都是生态网络中相互连接的神经元这个idea。', '卡梅隆用顶尖的CG和3D技术创造了天神下凡似的巨作。', '所有3D片给我的感受都是一个样：戴两副眼镜真累，剧情真EASY，随随便便就完了。']"
90,天使爱美丽,8.7,135457,"['左上唇，右脸颊，左眼，右后脖颈。', '洋溢着法国人的性格风情', '看名字就不怎么想看的一部片子，果然片子色彩那么美，女主角长得也不错，性格很萝莉，但就是不喜欢。她整水果摊老板的手段太刻薄了', '浓重的法国情调，舒缓，镜头语言动听。女主角漂亮。唯一的不足就是……这样的爱情会不会太作了？爱情就是门口经过的大巴，现在不上，以后都不能再上了……', '浪漫到骨子里，忧郁，神经质，跳跃，文艺是很典型的法国电影啊！喜欢的人为它如痴如醉，不喜欢的人看的昏昏欲睡，两种极端。我只能说非常好，非常适合一遍一遍地欣赏。艾米丽是天使，拥抱世人，容纳那些不美好。']"
91,摩登时代,9.3,23578,"['有些电影永远都有一个别名叫做——经典~~', '开头工厂那段真是创意十足，后面就弱了点了', '如果电影不曾有过卓别林，该会是一个多么无趣的世界。光前30分钟就让我几度笑岔了气。荒谬有理，喜谑至极！', '当人不再是人，而是机器', '大时代里的小人物，可悲可叹可怜。夸张的表演，展现那个时代中苦不堪言的资本主义国家的底层阶段，从笑声中看到当时社会现实，结局时主角相依微笑走向远方却又给观众留下希望。无论是表演力还是影片所传达的思想均足以让百年后的今天羞愧']"
92,加勒比海盗,8.7,57429,"['讲个小故事吧，有个小女孩给JohnnyDepp写信，希望他带着他的部下去学校铲除校长，于是JohnnyDepp打电话给学校，让学校把学生带到礼堂，这时候JohnnyDepp带着演员么冲上舞台，全场欢呼。嗯，我爱如此感人的故事', '我看了六遍.好不好已经和商业无关了.', '杰克船长就是海盗版的夏明朗有木有！！Depp真是为这种妖孽至极的角色而生的！', '“因为地平线一直在那。你想到达那儿，但你永远到达不了。就是那样，遥不可及难以放弃。” \r\n', '在斯派罗（Sparrow）第一次出现的时候，主题音乐达到高潮，标示着他的到来。但对我来说，电影真正起飞的那一刻是在他第一次逃跑时，他抓起绳子，犹如荡秋千一般，向上,向下, 向外摆动, 我的心一直保持着那种愉快的状态，直到电影结束。']"
93,致命ID,8.8,95103,"['最不可能的那个人永远是最可能的', '吓得我都要人格分裂了！！！以后打死都不要再看恐怖烧脑片！！！！！', '本以为是娱乐片，却是一部精彩的悬疑片，和《记忆碎片》一样，不到结尾不见真相。前段或许有些老套，但进行到中段的解谜阶段就很紧张了，后面的真相揭开后，又将剧情推向一个让人瞠目结舌的高潮，难得的是在结尾，居然再次给了观众心灵一记刺痛。善与恶，原本就是一体的。 PS:1.以罪犯幻想之情节名义给剧本许多地方逻辑推理不足找到了借口2.Mhotel又有何寓意呢3.对影片营造的黑夜，阴冷，潮湿氛围很中意last....', '和多种人格有过的惊悚片还是很好看，前半部分有点乱，导演不会拍杀人，也不会拍被杀，感觉类似场面既不震撼，也不后怕。约翰.库萨克是个很奇怪的演员，有亲和力，有演技、很敬业，就是记不住他的五官', '哇！我是那个被剧透了也觉得好看的人，我好厉害！']"
94,喜剧之王,8.7,81195,"['以前看的时候，电影里真正隐含的意思我都不懂，但当我慢慢长大，经历的东西越来越多的时候，再回顾这些，我能领悟到星爷电影里人生的真谛，同理也可以套用在《大话西游》。ps，每次看到那句“我养你啊！”都会毫无疑问的飙泪。★★★★☆', '我最讨厌别人不擦润唇膏了！每次看到嘴上干裂起皮都忍不住想要亲上去！所以你要多擦一点润唇膏啊！你到底要不要我给你擦润唇膏！——好喜欢这一段，那时的张柏芝漂亮的无法用笔墨形容，脚趾甲上涂着五彩的颜色，小巧的下巴和明亮的眼，根本就是个小妖孽。【MD电影短评怎么字数限制这么短！】', '星爷最好的三部电影之一。', '“去哪里啊？”“回家。”“然后呢？”“上班咯。”“不上班行不行？”“不上班你养我？”“嗨！”“又怎么了？”...“我养你啊。”“你先照顾好你自己吧，傻瓜。”接着张柏芝在计程车上哭成泪人，这一段真是演得太好太好了。', '星爷的电影走出了一条独辟蹊径的喜剧之路，以前只记住了他的无厘头，长大一点再回头看却看到了很多不一样的东西，略略理解了一些小人物卑微的挣扎。还有年轻的张柏芝是真的好看']"
95,断背山,8.8,91249,"['【剧透】你有一个挚爱你的人，但我不敢说你也挚爱着他，因为你有太多的怯懦。我当然知道你爱他，你哭着对那两件衬衣发誓，让我也跟着掉泪。只不过我还是会想：或许你更爱你自己。他死了，再也不能爱你了，你后悔了吗？', '这部电影于我，后劲很大', '这就是他们的命吧。李安说：人人的心中都有一座断背山。其实，不如说每个人都有回不去的地方。一个夏天的故事就是一辈子的回忆，因为这种不等式的交换才让他们生命的价值显得悲壮而又无奈。烟花已灭，埃尼斯与杰克都在黑暗之中，一开始看不清别人，也看不清楚自己，可慢慢的都习惯了。潮起潮落，有的人认命了，就飘飘荡荡地活着，有的人不肯认命，就挣扎地想抱一丝希望，无非是想多找到一点可以温暖的回忆。其实，不管怎样都是不容...', '看来我没有弯的潜质，一上来我就把攻受猜反了', 'He was a friend of mine.']"
96,幽灵公主,8.9,48233,"['宫骑骏就是个生态环保大师啊。', '他的作品中的思想深度和人文思考区别于其他浅薄的娱乐性动画片。', '老宫最宏伟的巨作', '给我无数思考和感动。', '都不知道在说些什么，但是受伤的时候很让人心疼']"
97,杀人回忆,8.8,85953,"['想到真凶可能会若无其事坐在电影院里面，与电影最后一个镜头里宋康昊含泪的双眼四目相对就觉得好惊悚', '一部很普通的电影。', '还好柯南最后没出来', '拍得非常好，是不是传说里的评价太好了，我竟然有点小失望，一直到片尾也没满足。', '又看了一遍，想当年第一次看这片时，我还恍惚觉得案子都没破就结束，什么玩意儿？！可多年过去，每一次重看，都更坚定地确定它的完美。一个没有找到凶手的故事，编导把它拍得悬疑跌宕而富有深意，看似普通实则卓尔不群，作为热爱电影的人，从这片里会深感电影的魅力']"
98,入殓师,8.8,78222,"['整矫情了..做殡葬业需要那么多感怀身世和心理建设吗...在我们中国，这是一个超级暴利而令人羡慕的行业', 'The gift of the last memories.\r\n“人一辈子买的最后一样东西(棺材)是由他人决定的。”“死可能是一道门，逝去并不是终结，而是超越，走向下一程。”“入殓师就是让已经冰冷的人重新焕发生机，给她永恒的美丽，这要有冷静、准确、而且要怀着温柔的情感。”《入殓师》的中国遭遇：“它的国际首映在大连', '日本人的表演还是太做作', '迷恋死亡仪式的日本人', '入殓既是生者的最后道别，也是死者的洒脱上路。生死之间，皆是肃穆。']"
99,狩猎,9.1,63307,"['其实小孩子最邪恶，因为他们完全不知道行动的后果。  ', '极度深寒。很难不联想到韩寒事件、杰克逊娈童案、及阿瑟米勒剧本的<妒焰飞灰>。孩童之恶源于无知。成人之恶却发乎偏见、道听盲从、各种嗜血癖嗜尸癖嗜黑癖，对恶的无反思、不推己、不自知。诬名者往往善假正义之帜，无不高举道德刑具。泼粪杀人的最大恐惧是谁也无法预知，这冤假错何时会降临自己头上。', '不懂事的孩子撒谎惹祸，而孩子还根本就不懂事件的严重性，这是个有趣的创意。在儿童性侵如此重口的丑闻面前，所有人物和角色的行为和立场都变得清楚而极端化，孩子的纯真让善良的人们变得极端的可怕，整部电影的压抑情绪让观众不寒而栗，甚至想要男主爆发报复社会，这几乎是一部完美电影！★★★★★', '童言无忌的威慑力足以将成人置于死地，但更怕的是人言可畏的成人世界，一味愚蠢、盲从、暴力，善良的猎人最终变成众人眼中的猎物。', '喜欢的瓦解，善意的负累。太爱这个戛然而止的精彩结尾了，它代表了所有的不信任：被碾碎的人性以及垮塌的社会。电影有两面：一是展现人群里趋炎附势，人云亦云的现状、二是悖了一条“孩子不说谎”的俗闻。现实世界里，我们没办法对人完全相信，但也因此没办法不信。这就是倒戈的开始，也是真相的绝境。']"
100,阳光灿烂的日子,8.8,71881,"['别人说这部片子很绝望，我看到的只是与我无关的，男生的青春期', '看看当年夏雨演技多好，浑然天成。看看宁静，看看耿乐。这么牛逼的一群人。后来怎么都混成这么四六不靠的。', '……这时我把硬币夹紧问她第三个问题：“你和第一个男人睡觉时他都说了些什么？”她抽硬币，因为我用力夹紧，她无论如何拔不出来，便道：“你夹那么紧，我哪拔得出来。”——王朔《动物凶猛》 ', '姜小军的自传式处女作，回避文革时代的是非混淆黑白颠倒，用丰富的艺术手段和荒诞的表现方式，消解权威、解构神圣，再现成长的喧哗与骚动，青春的梦幻与激情。明明是最坏的时代，却也是他们最好的时光，甩当下青春打胎片一个世纪。', '重看了一次未删减版，评分未曾改变。依旧是那段不属于我们的青春，可我们同样也走过那么一段阳光灿烂的日子。即便曾经执着的傻子已把“欧巴”换成了“傻逼”，但那曾经的回忆依旧值得珍藏。★★★★']"
101,重庆森林,8.7,108254,"['看旧电影最无法跨越的逻辑障碍：金城武怎么可能会被甩！梁朝伟怎么可能会被甩！这不是渎神吗！', '最喜欢王菲一边开着水龙头一边说因为下雨没有办法交电费.还有那个 加洲梦的音乐.', '重新看了一遍重庆森林。想知道金城武为什么可以连吃三十罐凤梨罐头加四份厨师沙拉薯条汉堡而不胖。因为早上六点起床跑步吗？', '只有寂寞没有期限', '两个故事，似乎梁朝伟的故事更是我的菜。原来爱情还可以这样——梦游。无论是633的家里，还是“加州”，都是相同的地点，不同的时间。空间的距离，最终却都会重逢。“她走了之后，家里很多东西都很伤心，每天晚上，我都要安慰它们才能睡觉”——瘦了的肥皂、哭着滴水的毛巾、寂寞的衬衫']"
102,第六感,8.9,72348,"['又是一部以结局见长的电影', '最意外的结局，只有电影能够很好地表达。其中较恐怖的镜头大概是床下看到鬼娃...最悲的画面是布鲁斯威利斯发现自己背上都是血，原来是只看到了自己想看到的，在无意中反而帮助了那个有鬼眼的孩子。个人觉得比《小岛惊魂》要好，但是那是基德曼演的，也有加分了。算一个类型吧', '天才儿童演员.出人意料的结局.', '非常感人的悬疑片，有人性有剧情 不愧为经典之作 BruceWillis真的很牛比', '...可惜已经看过《小岛惊魂》了...太早猜到了结局...而且漏洞多啊~']"
103,请以你的名字呼唤我,8.9,126858,"['elio坐在火炉前，一会儿落泪，一会儿抿着泪水笑了，一会儿眼睛里又恢复了冷漠，仿佛在短短几分钟内，他把那个夏天又度过了一次，且此生还要度过很多次。', ""细腻、唯美、慵懒，带着浮生若梦的气息。我们大多数要等到青年时才能将蒙昧的性觉醒付诸实践，而CMBYN呈现了同志电影绝无仅有的“少年时代”。这个叫Timothée Chalamet的男孩是世间最美的珍宝，他的一颦一笑、从脚趾到发梢都让人疯狂。请以你的名字呼唤我，因为在这一刻You're MINE"", '午后一两点钟的嘈杂虫鸣。我的房间。他的房间。把全世界隔绝在外的阳台。微风追随花园里的水汽，沿楼梯往上吹进我的房间。那年夏天我爱上钓鱼，因为他爱。爱上慢跑，因为他爱。那年夏天我听鸟欢唱，闻百草香，感觉雾气在阳光灿烂的日子里从脚下升起，而我警醒的感官总是不由自主全涌向他。', '相对于这样一场爱情，我更需要这样一栋房子。', '终于把gay片拍出了当今les片的美感，想当初看湖畔的陌生人真是看出心理阴影来了']"
104,小森林 夏秋篇,9.0,66387,"['把日本乡间简素的一餐一饭，拍得很有质感、美感、生活感。在天朝这个审美粗糙的国度，日式情调显得如此有“逼格”。但时人追捧日式美学所谓的“禅意”，恰恰最无禅意可言。刻意追求的形式感，努力再努力去趋向于“美”和“精致”的态度，其实都离禅很远。禅是一箪食、一瓢饮里全都是平常心，无谓美丑。', '吃货少女的自我修养，这种文艺腔调的东西看看就好，离农村的现实生活差距太大，真的要去农村干几天农活，我看没有几个能撑下来的。', '昨天看这个看一半看不下去了，这么美的电影，我看着心里特别难过，为什么，中国电影票房都那样了，审美还那样，什么时候才能不吃粗粮，也认认真真做顿可心的家常菜呢。', '桥本哥演出了吃货的本心，一边捧着小鸭子说好可爱下一秒就开始平心静气的磨刀嘴角含笑的杀鸭肢解，大写的帅。', '人生在世，无非就是过日子，而如何能让过日子变的有滋有味，我想不到除了充实的劳动/工作+美味的食物更好的方式了。桥本爱不矫作真自然，让人心生欢喜宁静。也许中国需要等待很久很久之后，才能拍出这种气息的片子了。']"
105,哈利·波特与死亡圣器(下),8.8,88125,"['我就想问问，年轻的格林德沃和邓布利多在哪儿？！都是坑爹的噱头啊！！', '结束了结束了结束了。姐姐的青春和爱情都跟着一起结束了。结局篇就是看在这十年的相伴上也得给五星啊。这部电影的存在已经构成感情绑架了。教授太萌了……你就这么萌死了……', '3.5★ 不談感情，這是我看完HP7.2的感受。如果你睡得朦朦朧朧的去看早場，也許會冷靜幾倍。HP7.2給我的感覺是結構很鬆散，簡略帶過、細節位少、3D失敗、配樂還算可以，有炫酷的特技、奈威和露娜的出場成亮點，說到笑位應該屬於最後成老爸、老媽那一段了。最後只能說：我們長大了，電影沒一起長大。', '全程亢奋有木有！鼓掌尖叫有木有！最后一部的气势就像是一股元气，囊括了前面7部的情怀与回忆，把情绪推向高潮，一波未平一波又起⋯⋯片尾字幕升起时，每出一个演员名字、华星的观众就鼓掌尖叫一次，那是我作为影迷感受到的最殿堂级的待遇。“爱一个人真的可以是一辈子的事情” - 献给斯内普', '十年 我的青春期开始和结束。等待十年的霍格沃斯通知书，等来的终是社会的入场券。十年前就猜中它的结局，却没猜中自己的']"
106,消失的爱人,8.7,149498,"['男：我们互相折磨，互相控制，这样有什么意义呢？\n女：这就是婚姻。', 'I love David Fincher! P.S.: 开始前，旁边坐在一群couples中的单身小哥无聊郁闷地喝咖啡；结束后，他幸灾乐祸地跟我说，Now every couple feels no good...', '后半段我一直期待有更惊喜的东西，可惜没有。', '年度最佳date movie💄', '以为结局会改，但只是比小说延续了一些情节，但本质上还是那种生活。全片越看越浑身发冷，女主角的表现确实是奔着小金人去的，但若不是为了冲击奥斯卡，这片本该是情人节的最佳献礼。']"
107,7号房的礼物,8.9,69902,"['里面有太多不现实的地方，故事的结局却又那么的现实。童话般的影片，让我大半夜看的哭到抽搐了。', '影片的核心是亲情，包括父亲对孩子的照料，孩子对父亲的反哺，虽然存在过度的煽情，但是影片不仅是亲情片，通过狱中的亲情和友情营造的温暖，与现实中司法不公媒体跟风权力滥用阴暗面的对比，起到了鲜明的讽刺作用。', '从头哭到了尾 即使是很喜剧很温馨的地方也因为其沉重的故事而产生极大反差 更是戳泪点', '韩国片是狠，俗套的剧情，陈词滥调的煽情，竟然拍得很好看，早知道会往死里煽做好的一切防御，还是没能挺过最后一幕。电影有我是山姆、雨人、美丽人生的影子，组合到一起竟然不错，说明人家会抄，某些片连抄都不会。小女孩演的真棒', '他们甚至不惜冒险将艺胜带入牢房与父亲相会。\n黑暗冰冷的监牢内，7号牢房阳光满满']"
108,玛丽和马克思,8.9,75952,"['伤心电影，好电影。结尾告诉我们，网友见面要早。', 'loser片。只是相比评价电影，现实中的人们会有如此多的宽容与同情？不可能嘛', '拍电影是不是和做爱一样 只有技术做不出感情', '只有宇宙和人类的寂寞是永恒的', '玛丽是场灾难湿漉漉的鸡味亨利八号把孩子放在啤酒瓶底马克思讨厌星期四健康的身体等同于健康的思想孩子是孵出来的我脸上不笑但不代表我脑里不笑绵羊会缩水吗如果出租车倒着开那么司机是不是该给我们钱呢为什么老头把裤子提得很高使世界青春焕发的魔力雪花膏']"
109,红辣椒,9.0,58996,"['如果说盗梦空间像是工科生拍的 充满了逻辑 数学 推理 极尽聪明之事 那红辣椒就像是文科生拍的 天马行空 无所不能 是一个真正的梦', '看这片的时候一直在怀疑自己的智商，不敢松懈半点，生怕脑力不够用。看罢更一直觉得身在梦中，久久醒不过来，今敏脑子里都在想些什么。。这片牛逼到可怕，高级到渗人，精彩到傻眼，色彩和配乐也是满分。甩开诺兰的盗梦何止十条街。谎言与真实，梦境与现实，其实一直在并存。我想给10星。', 'Amazing！电影是最伟大的造梦机器！我觉得比盗梦空间还牛逼！', '梦的勾结，胖子也有爱情', '看不明白。']"
110,爱在黎明破晓前,8.8,94215,"['我觉得一个更可能的故事是：同一列火车上长相平庸的男女，也许真的能聊得非常非常投契，他们看过一样的书，喜欢同一部电影，讲的笑话能让对方哈哈大笑，甚至能理解彼此的某些小怪癖。但他们的面目是如此模糊啊，两个人的目光都没有在对方的身上停留过，下车的时候，大家也就这样擦过肩去了。', '难得几乎全部是对白的影片让人看的这么过瘾！', '话唠爱情经典版本', '这要是在中国，还没开始就结束了，因为火车上根本没有空位。', '我所能想象的可以存在的最好的爱情啦~！']"
111,告白,8.7,131227,"['当罪人无法通过法律将其制裁的时候，唯有以暴制暴。\r\n本以为是个推理片，想不到电影一开始就已经知道犯人是谁，只剩下女教师的复仇；本以为她在关键时刻会俗套地圣母一把，看在对方“还是个孩子”的份上原谅杀死自己女儿的学生，想不到她腹黑到底，把两个少年折磨到求生不得求死不能。太tm帅了。', '一个母亲的复仇，一个畸形的社会。|一星党，我看你们才是这各种装逼。', '做作不堪！！！另外，拜托你们不要把mv叫做mtv了 mtv是电视台！！都是九十年代ccav的误导害的！！ccav可真丢人啊!', '中岛哲也再次把我震撼了.在看过小说的前提下，映画竟然一点都不冷场，镜头和剪辑简直神了！爱radiohead那么多年，第一次把thom的质感视觉化的，就是这次了.....实在太爱了！赶紧出碟吧我要珍藏', '有三个理由给五星。其一，短评前几页充斥着“你丫要是打五星就是十足的傻逼弱智加白痴”，没错白痴总是是很多的，不介意加我一个；其二，没看过原著，没资格对其差异说三道四，但片子的流畅有足够的理由吸引我满106分钟；其三，中岛哲也一次不同以往的尝试，华丽的中岛很好看，阴暗的一样精彩。']"
112,一一,9.0,63619,"['杨德昌获嘎纳最佳导演奖的影片，近三个小时的影像细腻而漫长，其间没有大起大落，只是一直温和的诉说，可看这平淡的真实，却叫人沉重起来', '如果电影都是过生活，那我们就过生活就好了', '“电影发明以后，人类的生命至少比以前延长了三倍”，当我觉得自己已经看了两个小时，一拉进度条发现才过了三十几分钟的时候，我深刻地理解到了这句话', '用三小时去看懂人生，看不懂，活下去就会懂', '看似平淡无奇,其实蕴含深意']"
113,小森林 冬春篇,9.0,51055,"['“她这么辛苦种田就是为了每天这么吃啊？”“对啊，人生不就是这样吗！”', '真希望变成晨间剧啊，每天都想看到', '多做一些好吃的，少讲一些大道理', '我們說的“不時不食”是說要吃時令自然生長的食物 然而時令本身即是一味調料 就像生活里不期而遇的一切 都讓食物有了當時的意義 事已至此，還是先吃飯吧【北歐風性冷淡電音農廣天地大法好！私心這片子早10年女主非蒼井莫屬', '这妹子才是荒岛求生最佳技能王吧！']"
114,侧耳倾听,8.9,60064,"['我爱死青涩的恋爱的感觉了~~~~~', '青涩的感觉，美好的青春', ' 细腻可爱的初恋故事如同少女写下的日记一般娓娓道来。侧耳倾听吧，那些呼唤着成长的微弱声音。', '看的是英文配音版。如果年轻个10岁看到这片我一定爱得痛不欲生。勾起无数回忆的90年代，初恋情怀总是诗。', '阿雯：我还是下来吧  圣司：我没问题...我早就决定...要这样载着你翻山越岭...   阿雯：我不要变成你的包袱...我也早就想好了，要在背后支持你...  圣司：知道了，拜托你了——哥觉得这就是伟大的爱情！']"
115,大鱼,8.8,77991,"['父亲和母亲在浴缸里静静地抱在一起，父亲走后有很多朋友为他送行，这是最让我动容的两幕。此刻，我也知道了生命对我最重要的是什么了。', '“知道自己会怎么死，便不担心了。因为你知道这世界上其他任何事情都杀不死你”。', '“他最终自己也成为了故事；并且，成为了不朽。”口吻轻松，内容深沉，虽是天马行空般的描述，却能很真实而又极其简单得触动人心，尤其是最后那首《Man Of The Hour》响起，难以言喻的难过。只可惜，父爱这个词，这辈子我都没感受过。★★★★', '他只来过两次，第一次，他来早了 第二次 他来晚了', '为什么所有深深打我的电影，都如此孤独']"
116,阳光姐妹淘,8.8,98080,"['再多分开牛逼的岁月，也比不上一起傻逼的时光。这个电影必须要看。。。', '同是姐妹片，比《伴娘团》牛逼多了。大有中学不良少女团体史诗片气概', '泪水和欢笑可以同时绽放。2011最爱韩国电影。无悔的青春就是和你们一起范2傻笑打闹。我们是永远的好朋友好姐妹。', '五星佳片！一部人生的缩影！', '论跟土豪做好朋友的重要性。']"
117,蝙蝠侠：黑暗骑士崛起,8.7,98105,"['Anne Hathaway美得足以把全世界的基佬都掰直，但刚被掰直的基佬们马上又会被囧瑟夫萌弯。', '孤立地看，这是一部无可争议的五星电影；但和第二部《黑暗骑士》比起来，它只能拿四颗星。', ""雙手合十，十指緊扣，我和一場的毒撚淚流滿面，如此蒼白的心，既視之溫柔，只有真心愛過的人，會照單全收，It really doesn't matter，燃燒有時，道成灰燼也有時，在話語把我們逮住之前，我知道我已轟轟烈烈的，真心愛過。★★★★★★★★★★★★★★★★★★★★★★★★★★★★★★★★★★★★★"", '拍出了黑暗英雄的铁血丹心，但没能超越《黑暗骑士》。配乐超赞！', '從《Inception》開始認清Nolan並非一位類型片作者，而《騎士崛起》只是佐證了這一看法而已。唯一可稱道的是他仍在嘗試用drama而非“奇觀”敘事，但在那drama裡人物的完整性常被忽略，取而代之的依然是獵奇的“結構”（如本片末尾最終boss的扭橋逆轉），他的走俏是”通俗“而非”電影“的勝利']"
118,射雕英雄传之东成西就,8.7,66676,"['张学友让梁朝伟杀他那段，笑翻了', '香港缺心眼儿喜剧之最，看100次笑100次～', '梁家辉和刘嘉玲是亮点，特别是后者，我简直被惊艳了', '看看这部片，你会明白什么叫无厘头', '刘镇伟哪里比王家卫差？！']"
119,唐伯虎点秋香,8.6,57315,"['可以忽略秋香……', '哈哈哈.其实我是周星星FANS,心情不好看他的电影会边开朗.这个看了好多次了.一群人一起看最好玩.', '电视上常常重播这部，真奇怪。', '周星驰鼎盛时期的电影没啥好说的！全五星好评！另外，还有彩蛋，萱萱有演秋香的侍女。', '郭的港还是讲你的相声吧']"
120,超脱,8.9,80425,"['电影最后只留下冷漠与残酷，你根本无法从这一切中超脱，过去和现在，精神和肉体，理想和现实，教育和未来，与现实对抗相比选择冷漠并无视一切显然更简单。拿自暴自弃当成个性标榜，就像把自己搞得越叛逆越惨烈就比其他人更强大一样。这部电影的杀伤力太大了，没有给你一丝缓和情绪的机会！★★★★★', '我们不一样，我们都一样。', '每个人的内心都是一座孤岛，人的心有多深，深到让别人无法试探的地步？教育和生活其实一样，教育者既可以超然物外，也可以放下防备与被教育者心灵交互。讽刺的却是，超脱既可以赢来尊敬，也一样能扼杀心灵。Adrien Brody终于跳出了烂片的泥潭，用忧郁气质和演技，再次将人性的考量重重甩在了观众脸上。', '看过后很奔溃。这世界上最简单的事可能就是漠不关心地生活。因为一旦当你开始关心起别人，无论是多小的一个举动，都需要勇气。而detachment地生活，其实才不需要什么勇气和决心。我有段时间很自闭，觉得孤独地生活，一定是坚强的人才敢去做的事，而其实呢，这样的人才是最懦弱的吧。', '孤独感无力感痛彻心扉…… 真正触到心底的电影，很久没有这么毫不犹豫给一部片子5星了。电影试图将视角多元化，并且真正将每个角度都刻画得细致入微，引发共鸣和思考，些许压抑却不觉沉闷实在值得夸奖。']"
121,倩女幽魂,8.7,59804,"['宁采臣只是张国荣的。', '小贤之眉宇，没有再漂亮的', '未见过电影院在非节假日只吉着第一排，未听过电影散场时有如此热烈的掌声，未见过全场观众都等到银幕彻底黑了才起身离场，未见过打字幕时有人拍照留念，十七年后，《倩女幽魂》仍然用事实告诉他人“经典”二字当之无愧', '港片中最经典的人鬼恋，哥哥的书生造型很喜欢~~', '此后心目中所有善良的女鬼都叫小倩']"
122,甜蜜蜜,8.8,70344,"['其实是曾志伟的角色最令我动容。', '因为一直不怎么喜欢黎明演的戏，所以隔了这么多年，刚刚才看了《甜蜜蜜》这部电影，真好看啊，这才是真正的爱情电影啊……在短短一部电影中竟能拍出百转千回的感觉，看得我眼泪都流干了……缘来如此艰难，缘来如此美妙……不可不信缘……唉，要回到现实中了，晚饭吃什么呢……', '朋友说张曼玉又不好看，我说她在电影里优先级是最高的——任何影片里任何男神都会必定优先爱上她，即使她兔宝宝牙颧骨高耸又圆又短。每一次电影特写到她的脸上，快乐、悲伤、痛苦、期待都互相纠缠着从那张脸后面生长起来，这是最优先的电影语法。而如今的女演员有什么？假山根鼻子下巴浓妆和美瞳？', '当1995年5月8日，他俩相遇的那一刻，我眼泪流了出来。是不是真的要经过十年，我们才能懂得爱情？二十岁的时候所谓的爱情，到底是不是爱情？在片头我就觉得那个和黎明碰头的是张，本来以为两人是青梅竹马一起来的呢。大约是第一次看黎明主演的电影，他的演技如何我无法评说，但至少，我看到了一种干净。', '张曼玉精彩绝伦的演出成就了这部电影。聚散离合，缘起缘灭，情感的纹理与能量、生成与幻灭、真挚与虚妄，历史的荒诞与无情，一切的一切都是张曼玉。情到深处爆发出来的能量，如花瞬间绽放，充沛又从容，亚洲女星中大概唯有巅峰年代的高峰秀子可与之比肩。']"
123,驯龙高手,8.7,77686,"['和谐的生活离不开摸头与被摸头', '我觉得今年其他的动画片可以不要演了', '酷酷的小龙外表下，是一只大型宠物犬的个性。', '没牙的本质是只狗', '太喜欢无牙了，外表凶狠，内心像个孩子，摸头杀太萌了，想养']"
124,萤火之森,8.9,66520,"['小孩子跑不好就不要跑好伐？！摔个什么摔！摔！', '“你绝对不可以碰到我啊”，除了一生一世的最后一回。这些悲伤而又温柔的夏天——绿川幸总是能直戳人心最柔软的地方啊！', '我有多渴望触碰你，我就有多害怕失去你。', '银发的狐面少年 夏日 花火 浴衣 隔着面具的那个吻 终于能够拥抱到你了阿金TAT 内山的声音好温柔 从开始就等着虐心的结局呜呜呜我又得内伤一天了 ', 'TTTTvTTTT ←只有这个表情']"
125,恐怖直播,8.8,88209,"['这种题材的电影有漏洞在所难免，但韩国电影能做到这一步值得称赞，几乎是一间房子中的故事，格局却相当大，节奏紧张，剧情张力太强，舆论、媒体与政治的黑洞令人反思，结尾比搏击俱乐部还激进，美国估计都不敢拍，但韩国敢拍能拍。河正宇的独角戏太强大，五星。', '天朝刀客杨之韩国炸药版——任何事情，你要给我一个说法，你不给我一个说法，我就给你一个说法。', '政界、传媒界以及某国的脸都被打得啪啪的，河正宇的演技简直无情', '爽，国内不可能有的剧情', '我已经把拿这个片和搏击俱乐部瞎比的人全都拉黑了']"
126,菊次郎的夏天,8.8,77565,"['看到最后我哭了，巨大的孤独感将我摧毁。', '相比久石让的音乐，影片相形见拙。电影像是《中央车站》+《完美的世界》的结合，不同是《菊》以小清新喜剧基调和章回体叙事呈现，主角的可爱流氓性格，自始至终赋予影片乐观积极的情绪操控，即便孩子遇见母亲后主题仍能迅速回到积极一面；缺点是一些幽默元素是强加进去的，看似自然却不真实。', '幽默，小伤感，公路电影，难得的好片子，大陆至今无法涉及并能拍的片子', '北野武与老母不和。事业稍有起色，老母就每月催他寄钱回家，偶有延迟，便来电破口大骂。母亲的贪婪势利让北野十分不爽，老母去世时甚至不想回家奔丧。后来，北野武的大哥交给他两件母亲留给他的遗物：一封信和一张存折。信里写道：我儿，你从小就生性浪荡，我担心你日后一无所有…存折里有一千万圆', '那种纯粹的感动与快乐.好久没有感受到了。']"
127,幸福终点站,8.8,57447,"['能让你笑着感动的片儿。很励志。', '有点过于戏剧化了，像童话故事。夸张了些。男主角明摆着是被塑造成一个聪明的人，可是影片中感觉就像阿甘啊。傻B又不傻。大智若愚的夸张。为了一个承诺，故事很美，很激励人。PS:男女主角最终没有挣脱世俗在一起啊。电影名可以改为幸福等待吧', '据说本片有真人原型，那哥们困在巴黎机场，不过被催的是困了15年，而且没有凯瑟琳泽塔琼斯这样的美女赏识。', '那个快餐店小伙的热情与多情、办理签证的女工作人员的一丝不苟、印度老清洁工的唠叨与古怪，都在影片设置的细节中展现了丰满的情节，给人留下很深的印象，皮尔伯格在电影中对塑造群体人物的功力还是显而易见的。', '纯净的温暖故事，自由的想象在内心的世界里～\r\n\r\n纯净的温暖故事，自由的想象在内心的世界里～\r\n\r\n']"
128,爱在日落黄昏时,8.8,74063,"['浪漫邂逅，偶然错过，久别重逢，物是人非……祝你们最后上床了', '最后的结尾，杰西坐在沙发上似笑非笑的看着塞林，他一定在想，这个女人太他妈可爱，可爱的想立即上了她，再娶她。', '这是我看过的关于男女相遇相爱最美好又最清醒的电影。', '欲买桂花同载酒，终不似，少年游。', '2018年5月12日第三次重温。面容略憔悴的他们大谈政治经济以掩饰慌乱，说着无关紧要暗暗焦虑时间的流逝；可是车内的哭诉和家门前拥抱，还有那首歌，真的那么痛，那么无法抹去，“你”只不过已成为“爱”的抽象名词，终生和记忆捆绑。在语无伦次的的玩笑里，现实的冷峻逐渐渗透，眼神确认爱情的存在。']"
129,超能陆战队,8.7,126270,"[""迪士尼最新的Hyperion渲染器，渲染旧金山全景，几千个光源，无数的precedural shading...碉堡... 剧情的话Hero's journy，感情带动很好。动画感觉比Dragon2有看头~ 忘了说一句，记得看彩蛋~ Stan Lee的哏儿~"", '三番和东京，动画和机器人，樱花和Caltech，我们的城市我们的大学我们的专业，这部片子对我的意义不一样，我真的惊。呆。了。对最近在想皮肤材质和场景建模和粒子特效的我也格外有教科书的意义。再见Monster Co，你现在排第二了！（DC在这个我所看过的最彩的彩蛋里被Marvel黑出翔~~~！！！！', '史上最萌胖子诞生！要抱抱！彩蛋里的斯坦·李也是蛮拼的！', '【大白，卖的一手好萌】一波三折，妙趣横生。悬疑和温情，搞笑与动作，即使拍成真人版也绝对是一部好题材和好故事。大白呆萌可爱一逗比，细节刻画真实有趣，放气如放屁，警察局撕扯胶带还有低电量时如同宿醉一样。最后，“I will always with you ！”绝对催泪。开年最佳动画！', '又萌又燃有内涵，给大白五星满分！本片美指晚餐可以加个鸡腿，不过私心以为赛博和风的城市设计应该找帝国少年来做的。看完也想在飘满涡轮驱动风船的城市里找个呆萌呆萌的大白，一起坐在鱼风船上看夕阳……等等，大白和hiro酱好像都是男的？#不腐不是迪士尼#']"
130,无人知晓,9.1,47912,"['家中早已经没有了妈妈，生活早已经很拮据，水电早已经停了，今天吃过的泡面汤要留作明天拌饭，喜爱画画就画在水电停用通知单上，从公园偷水饮用，把摔死的妹妹埋掉......这一切，都没有人知道', '看完以后，也还是沉默，没有煽情的眼泪，没有明显的愤怒，就和这部电影一样，平静的说一个难过的故事，但没有一个人流泪，甚至连埋怨都没有。被抛弃真的很可怕。', '我的平常生活就是他人的幸福', '艾小柯写的：两个十几岁的孩子，白衣服上沾了泥巴，迎着微曦的曙光，在空旷的早晨一语不发的从黑暗走向黎明，耳边响起的是《珍宝》的歌声：“姗姗来迟的春光，让人深吸一口气……我逐渐成长，没有人可以亲近……”——这段情节最美了 \r\n', '年度压抑电影第一名']"
131,借东西的小人阿莉埃蒂,8.8,67049,"['“你永远在我心中，我永远都不会忘记你。”这是一部难得一见的富含诗意和伤感的动画片。细节和人设很棒，赏心悦目；配乐尤其出色，但叙事太过苍白匆忙。最后的轻轻告别，两人往后都会有自己人生，走自己的路，但曾经那段美好依旧会沉淀为一辈子的记忆。★★★★', '我相信他们终有一天还会遇见的。', '刚去看了回来，音乐实在太赞了！', '“我們要努力活下去！”但願你不要隨便放棄', '她在他的手心，她在他的肩头，她在他的心间。感谢宫崎骏，感谢吉卜力，总是给我们纤尘不染的梦。']"
132,神偷奶爸,8.6,91503,"['那群黄黄的不知是什么的玩意儿很有爱的说～本片同时适合所有大叔控观赏：）', '90/100。就冲着那个过山车你也得进一次电影院！小猫咪的睡前故事太萌了啊啊啊！！！', '这个动画片再次证明了，不怕讲老故事，只需要有颗不老的心。打动人的是里面的小情趣，小可爱，小孤独，坚硬外表下谁都渴望一颗被温暖的心。真的远比toy3得我的心。', '密集物恐惧症也不恐惧了 太可爱鸟！', '看到短短胖胖的小药丸， 就觉得好可爱，戈玛幼稚又充满希望的成熟让我心生怜爱。\r\n^_^']"
133,怪兽电力公司,8.7,46175,"['其实我觉得。。。这片是一对gay couple养孩子的故事。。。', 'kitty长得有点像姜文~', '和女儿一起看的，她比阿布还要可爱。', '口碑巨好但我一直都特无感的一部。。。。。。可能是因为我特烦小孩吧。。。看到片子里那个孩子一直闹闹闹，我都快疯了。。。这里面最喜欢的就是布西密配的兰道~~~~~~~大眼怪也萌死了~不过放在2001年确实不错~~~', '很好笑。比我想象的好多了。。。。。。。。。。。。。']"
134,风之谷,8.9,32771,"['潇洒、乐观、仁爱的女英雄，用爱拯救了自己的领土。宫崎骏的电影真的是太有启发性了，小时候也是完全没看懂。宫崎骏不管哪部电影都是在宣导爱，正义，和平，友善，人性的温暖。但，王虫真的好恶心！', '宫崎骏的起点如此之高。略有烂尾之嫌，世界观、画风、情节都很赞。可以看看其中的运动镜头，尤其是对飞行的表现。这个主题之前手冢治虫讨论过。另外久石让的配乐怎么听得那么耳熟，这一部好像《花火》……', '宫崎骏最爱。动画片的圣经', '终于知道阿凡达的触须是从哪儿借鉴来的了。尼玛这王虫的造型实在太恐怖了，一大堆爬过来简直让人魂飞魄散，密集恐惧症表示不敢看第二遍...', '大师的第一部作品总是这样惊艳。虽然结尾有点俗而且女主太白莲花，但是最爱宫崎骏片子里勇敢坚强善良的女性形象，让现在的商业大片都感到羞愧。“反派”都是有自己信仰的立体的人，而不是为了坏而坏。真正作恶的还是人类自己。']"
135,玩具总动员3,8.8,55926,"['闪耀着万丈光芒的又一动画杰作。每一处笑点都能轻易抓到，让我就像是回到了15年前，开心到得意忘形。最后一场戏动人程度堪比UP的""married life""!', '比梦工厂《驯龙高手》更胜一筹的是，皮克斯动画总能让人感动持久，并且部部精彩、每每动容。', '最后安迪细数自己的玩具那让我意识到自己也就这样长大了，和我那些玩具。《玩具总动员》自幼在我心中烙下印记：让我觉得玩具都是有感情的小生命，在我们不知道的维度里有喜怒哀乐。而且玩具相对于真正的生命带给我的压力会小一些。玩具不会死，只要不遗弃它们，所以千万不要遗弃他们。7.9和你再看。', '它对于我已经不仅仅是一部电影那么简单，而是代表了对于童年时代的记忆与怀念，整个电影院从头到尾笑声不断，但我相信，更多人会被影片的后半段打动，相信看过前两部的人都会很感慨。★★★★☆', '结尾的煽情很见水准，但现实中哪里还找得到Andy这样单纯童真的17岁少年呢？！']"
136,完美的世界,9.1,36691,"['我只杀过两个人，一个伤害了我妈妈，一个伤害了你', '遥远的记忆啊……每次看的时候都想如果Kevin要我做人质，一定张开双手欢迎，然后收紧两臂学足无尾熊的样子抱住他的大腿死都不放。有他当爹，再有Eastwood当爷爷，就是一个perfect world了。肚腩长在有些人身上莫名地就成了一块萌肉', '他杀过人，却未动手打过一下菲利普，这段通往地狱的旅行过程中，当他看到妈妈因为怕孩子把新车弄脏而打骂孩子；爷爷嫌孙子动作慢而对孙子抬手耳刮子时，眼底的愤怒与不屑、憎恨与仇视，皆因他拥有一个对任何人都拳脚相加的父亲。这段近似父子的不寻常感情在影片结尾得到升华，我亦哭得稀里哗啦！', '史上最泪奔斯德哥尔摩综合征。我这辈子只杀过两个人，一个伤害了我妈妈一个伤害了你。情感创伤带来贴心信任，一对陌生人手拉手踏上没有希望看不到终点的迷途，Butch对Buzz的每一个小动作，摸摸头，拍拍屁股，看一眼心就化了~满满的父爱，已哭瞎。20171111小西天二刷依然哭到抽……', '我童年时期最刻骨铭心的电影,今天终于找到了']"
137,血战钢锯岭,8.7,130438,"['正常国家的战争片告诉你，战争是一件肮脏残酷血腥恐怖的事情。你要有中奖般的运气才能活下来。军国主义国家战争片告诉你，战争很好玩，敌人很愚蠢，每天除了开枪打靶一样打敌人之外，就可以游手好闲，不用上班不用种田，关键还有各种风格的漂亮妹子陪伴', '队伍配置中奶妈的重要性', '特别老派的热血直男片，甚至觉得叙事目的性强烈到有些直白。然而，就是好看。前半部分就是压制观众情绪，后面的战争就是帮主角和观者释放，去证明主角。战争场面太硬了，血腥可怕，看到紧张，如炼狱一般。我认同他的那些信仰？胡开尔啊！真正让人激动的，还是见证普通人创造的奇迹，因为这是真的。', '看完觉得吹牛啊，结果片尾出现正主时震惊了，再一查历史，真实道哥居然比电影里还开挂，真死人堆里爬出来的。当下好莱坞难得一见的右派电影，梅尔吉布森甩掉了神神叨叨，拿出宗教信仰和残酷战场，战争场景真实血腥，令人发指的牛逼 #这战争场景要是3D高清估计得看吐了#', '救人75命，胜造525级浮屠。']"
138,上帝之城,8.9,37245,"['看过巴西，才知道我国多么安定……', '脸盲症发作，愣是20分钟才把人脸分清。', '评论这部电影是可耻的', '枪杆子里出政权《毛主席思想》', ""li'l的发小同伙眼镜benny太可爱了...五官一点都不像典型黑人，笑起来还有甜甜的酒窝..迄今我看过的最好的拉丁电影""]"
139,傲慢与偏见,8.6,98434,"['这达西先生是痴呆不是傲慢吧……', '喜欢导演对光线的运用，很多时候特别唯美。那个时代表达爱情的方式含蓄中有热烈，两人间保持着礼节的距离，目光却可以表达纯净、真挚的情感。片中温馨，平和的氛围，宛如一杯午后红茶，音乐也相当不错。但始终更喜欢BBC版。★★★☆', '英伦田园的风景美丽如画，绅士淑女的爱情曲折如诗；也许这不是最好的一版，但绝对是最美的一版，画面太迷人了。', '一群发春的女人和一个完美的男人', '当两个无比骄傲的人终于发现自己的愚蠢，爱情才超越一切从天而至，祥和美好。片尾，Darcy一声接一声、一边亲吻一边温柔地叫着Mrs. Darcy，真是美到摄魂。']"
140,时空恋旅人,8.7,89862,"['穿越界第一女朋友:Rachel McAdams; 喜欢这部片子的光感，最爱大雨如注的那场婚礼，你紧张地问我，是不是想要一个阳光明媚的婚礼，不不，一切不需要重来，一生只这一次就好。', '1、三观够正，道理积极；2、故事想法很有意思；3、原声配乐很好听；4、剧本有问题，过度弱化冲突，故事本身除了舒服外没有说服力，life is much harder；5、太多旁白只说明剧情推进的乏力；6、镜头不时莫名其妙地晃；7、片子质量有三分，给到四分是私心', '“我试着过好每一天，就像我已经穿越回去那天一样，去享受它，当它是我非凡却又普通人生的最后一天…跌跌撞撞和摔倒都造就了现在的我。” 扔掉可反悔的《人生遥控器》，过好每一天！50%的浪漫爱情+50%的家庭亲情和人生感悟，不如《真爱至上》《海盗电台》浪漫的彻底，却也直抵人心。打个俗分4星。', '编剧的笔尖犹如乐团指挥家手中的棒子，弹指之间，我们的欢笑与泪水全然失控。每一首配乐，每一段对白，都是如此触动心弦。', '关于时空穿越的“技术流”问题不少，但是作为一部有笑有泪又有爱的心灵鸡汤片该做的也都基本表现到位，尤其泪点深得Eternal Sunshine of the Spotless Mind和The Curious Case of Benjamin Button之精髓。']"
141,电锯惊魂,8.7,54510,"['最终boss躺着不累吗？？', '这其实是个励志片好不好，杀手先生告诉俺们即使在生命的尽头还是能干成很多事情滴~', '这么多年了 没看之前我一直以为这片子是讲一个拿着电锯的杀人狂的故事...另外 我也终于明白了为什么豆瓣要改版把论坛话题隐藏 是为了防止我们看到剧透啊！！（那个剧透的人去死去死）', '有些疑问。医生为什么不用电锯把手机勾回来。。。而是选择锯腿。。。他老婆一直在打电话，但是为什么后来密室里的电话不再响了？', '第二次看，感觉着仍然是一部顶级的血腥电影，结构和叙事都很牛逼，叙事张弛有度。']"
142,喜宴,8.9,47683,"['李安那句酱油台词太霸道了，大家都没捅破的窗户纸就这样被他。。。可能是编剧有外国人的缘故，台词有点心灵鸡汤啊，不过一切都很完美，喜欢归亚蕾的表演，赵文瑄也确实巨小受哈哈哈。爸爸才是终极boss，不要小看爸爸！懂外语就是王道啊~~~感人的好片', '这片在20年前是多么得前卫出格阿！！', '赵文瑄处女作这个程度，让人惊叹', '故事讲圆了，金素梅的台词功太生硬，想打掉孩子的那两段台词写得不好。', '所以说，结婚的时候一定要搞清楚伴郎和新郎的关系。微虐慎入。']"
143,教父3,8.9,24806,"['本来冲着索菲亚·科波拉要少打一颗星的，但是看到她被杀死了好开心啊！！！！', '""All the power on faith can\'t change destiny.""\n任何信念的力量，都无法改变命运。\n人们觉得第三部不好的原因只是我们不愿接受故事的真实结局。', '可能是因为看电影中途没有被打断，也可能是因为阿尔哥岁数渐增，演技越加成熟，第三部的感觉比第二部好很多。如果说基督山伯爵最重要的五个字是期望和等待，那教父系列的主题就是责任和担当，或者得到和牺牲。教父三部，时间从72年，74年直到跨入90年，还有质有量，科波拉也非凡人。', '教父们的遗恨。江山易主、风水轮流转的苦痛。怒火蒙蔽理智。麦克：“文森，你将走向不归路。”暗藏杀机的歌剧音乐会。宗教的介入是一种心灵的救赎，一种精神的寄托。玛莉的死去  阶梯上的红地毯浸满了鲜血。悲剧就是把最好的东西毁坏给你看。', '140 我发现我一看这种有人到末年情节的电影就控制不住自己的情绪，这部从Machiel中风开始我就止不住流泪，直到最后无声地倒下。我很幸运，整个教父系列都是首次在大银幕上看的，这是多少钱也买不来的经历。']"
144,谍影重重3,8.8,33503,"['紧凑、凌厉，史上最佳间谍动作片。', '作为Bourne系列，这部真是豹尾，节奏与情节安排都极为令人称道。', '难怪马特达蒙那几年间当选最性感男星，伯恩系列的特点是主角冷静理智不耍帅，靠智商和观察力取胜，这才像个特工吧，和伯恩相比，邦德和汤帅哥都不够聪明的感觉，编剧让人想鼓掌，低调又紧凑。诚恳的五星好片。', '喜欢电影的节奏。\r\n(果然,拿了最佳剪辑...)', '浓缩版的《24》，回归版的Jack Paul。细节非常到位，情节紧凑到没时间上洗手间。滑铁卢车站那一段经典。']"
145,岁月神偷,8.7,95957,"['“在变幻的生命里， 岁月，原是最大的小偷。”我喜欢这种褪色的温情脉脉。', '當你發現時間是賊了，他早已偷光你的選擇', '哭死我算了。', '影院里我哭的跟罗进二似的', '最美的香港电影']"
146,英雄本色,8.7,43934,"['警匪片里难得的作者电影。“你没有欠什么，我从来不会逼朋友去做不想做的事，我有我自己的原则，我不想一辈子被人踩在脚下，你以为我是臭要饭的，我等了三年，就是要等一个机会，我要争一口气，不是想证明我了不起；我是要告诉人家，我失去的东西一定要拿回来！”\n“我警告你，不要用枪指着我的头！”', '“杰仔，你冇错到，我地大家行嘅路唔同，你行嘅路系啱架，以前我行错咗，宜家行翻啱，都唔算太迟。”这句真感动。如果把兄弟情都看成基情，这真的挺可悲的。', '三个男人的戏，打得太精彩太经典了！', '英雄泪短,兄弟情长', '故事情节即使在当年也没什么了不起的。但是狄龙周润发张国荣正好分别代表了儒雅内敛、升级打怪和单纯明朗三种状态，再加上导演功力惊人，所以呈现出行云流水动人心魄的效果。']"
147,七武士,9.2,26024,"['我只能用”高山仰止”四字来形容我对黑泽天皇这部旷世杰作的仰慕之情；纷繁庞杂却又条理清晰的史诗，严苛而精准的镜头和构图，七个武士和若干农民的性格都被描绘得入木三分， “休憩”后的大决战无比恢弘，叹为观止。', '看完把我累死了。。。', '和教父是一种类型的电影，突出人物性格，故事情节也曲折。最后真的是人民战争海洋。很有几次，都觉得这也可以算一部写中国人的电影，比如农民的狡猾与认命等，到最后的我能！', ""好长哦，居然还要看两遍。据说这部片子开创了招兵买马这种剧情的先驱，想想Ocean's 11，就觉得好了不起哟。"", '我们又失败了，那些农民才是胜利者。武士就像风，从大地上漫卷而过，那些农民始终和大地在一起，永远地活下去。——武士拼死相搏，故事的终局却连他们安身立命的信条都给颠覆了，黑泽明这一刀实在是够狠，就是这种狠劲，给我们看见人性的真实和历史的严酷']"
148,被解救的姜戈,8.7,90848,"['感觉比《无耻混蛋》都要好看啊！', '除了莱昂纳多，没有一点新意。high劲也是无耻混蛋用剩的...', '4.5。1.痞子昆就是这样，见你犯困了，他就来场重口味强心剂，于是，你又屁颠颠精神百倍。2.头套突袭那场笑喷了，炸平糖果庄园后的示爱也超浪漫。3.遗憾，姜戈痞气不足，沉默期与着魔期的跨度可以更夸张些。4.配乐及部分诗意输出不如[无耻混蛋]讲究，但台词更见功力了。5.同以解放黑奴，与[林肯]暗合。', '或许不是年度最佳电影，但极可能是最令影迷们过瘾的电影。不再在结构上费心编排的昆汀这次采用了更为传统的单线程叙事，他向通心粉西部片、香港武侠片甚至自己的《无耻混蛋》致敬。混搭音乐、暴力、语言（特别是外语）再一次成为手下重要的道具。塞缪尔·L·杰克逊奉献了他《低俗小说》以来的最佳表演', '前抑后扬，情绪逐级酝酿，最后半小时则以很昆汀的方式回馈观众。老式西部片通常都是杀人不见血，一声枪响一股烟，人就躺下了，昆汀这已经不是血浆了，是血雨，爆开的鲜血之雨。而鲜血染白花也成为昆汀拿手的暴力审美。慢镜、暴血加耍帅，味道都很对。姜戈拼自己名字的时候，旁边是老版的姜戈。4星半']"
149,功夫,8.5,62173,"['十分纳闷这部电影不上9分', '周星驰形式上的巅峰，但是意境已走下神坛', '华丽的夸张，情节倒是紧凑，毫不拖沓', '我看了三遍 你相信吗', '不知道为什么这部电影的评分这么低']"
150,疯狂原始人,8.7,113198,"['和这个比起来ice age系列弱爆了。。。and没有男人有不要捉急，只要你力气够大，身为女汉子你总有一天能给自己抓一只男盆友', '同样是「冲破阵规」的主题，这个比brave无论在选题还是故事上都有趣多了。远古生态环境的设定也很有趣。croods一家的戏份摆得很好，都个性鲜明又不会抢了主角的光彩。清新热闹流畅加一点小狗血。当皮克斯变成迪尼斯的时候，梦工厂变成了皮克斯。果然是「爱你就会变成你」，相杀相爱神马的。', '全程萌翻  小树懒 ""Da da daaaaaaaaa"" 激萌！', '基本上每分钟都是笑点，笑惨了好吗！绝对是今年大银幕上最搞笑的电影，且很可能没有之一！3D效果也超赞，色彩绚丽程度不亚于《里约大冒险》。我估计带我三岁儿子一起看，也会乐得屁巅屁巅，因为实在太老少皆宜了，这就是好莱坞动画的魅力。', '全程都在大笑无尿点，已经预定下届奥斯卡最佳动画一个提名了']"
151,哪吒闹海,9.1,17253,"['哪吒要是搁现在，就是一少儿精神病患者：躁郁症、暴力狂、自杀倾向、逆反心理……辅导人员要密切关注他看什么书，听什么音乐，玩什么电脑游戏，业余时间从事什么活动，必须定期参加心理辅导，服用抗躁郁症药……比美国哥伦比亚中学枪击案主谋更犀利的家伙', '一个彻头彻尾的反叛形象，也是中国银幕史上一段极为少见、如此尖锐、激烈和惨痛的反叛历程，相比于孙悟空和天庭（统治阶级）的对抗，哪吒做出了中国传统观念中最艰难的一种反叛，在于“孝文化”是深植骨血之中的，是几千年不允许触碰的绝对底线，被他用一种最悲壮、最惨烈的方式夺回了自我的控制权，告诉所有人，“身体发肤、父精母血”，所有受之父母，又反过来牵制和束缚的，我统统还给你们，哪怕是我赖以为生的东西，去挑战一种...', '没想到长大后重看居然这么震撼，尤其是销骨割肉的场面。', '电影真的是时代的产物，小时候看这版的哪吒，不觉得故事有问题，现在再看，才发现这是一个政治味道浓重的故事，传达的价值观念赤裸裸。对比饺子导演对【哪吒之魔童降世】的处理，我命由我不由天的主题又很符合我们当下的主流价值观，哪吒变成了另外一个故事，可能会成为现在这代小朋友的童年回忆，和我们这一代看的哪吒是完全不一样的，可能这就是讲故事的魅力吧。', '省去了繁复、冗长的成长脉络，纯粹提炼出某种极致的哪吒精神，提炼出中国古画与戏曲的精华，刺破权力体制的虚伪和大人世界的荒谬。哪怕世界对不义卑躬屈膝，哪怕至亲对真相懦弱回避，坦荡立于天地间的少年，也没有一丝一毫的畏惧。满腔愤恨，持剑自刎，养育之恩，一刀两断。我将骨肉还于你，我用莲藕为躯体。红绫金圈，打尽天下不公事；三头六臂，看遍世间无情人。可在真正长大复仇之前，也难免要对着疼爱自己的师父痛哭流涕。']"
152,天书奇谭,9.2,14419,"['可以打10星', '“你是蛋生的，所以叫蛋生~”\r\n\r\n蛋生的师傅好帅啊~~~~~~~~', '中国动画的巅峰。', '年轻狐狸精还真美。袁公乃中国的普罗米修斯呵。', '小时候看过很多遍的动画片，现在想起国产动画片依旧觉得是经典。故事性很强，人物特点鲜明，三个笨狐狸很逗趣，印象深刻。']"
153,心迷宫,8.7,80957,"['作为一部小成本处女作，这是一部值得鼓励和需要鼓励的好电影。主要好在剧本方面，多视角拼图叙事，缓缓揭开一个环环相扣的农村题材罪案故事。并以此去照出每个人心中的恶与自私。整个片子剧作结构与剧情设定都很巧。只可惜，因为制作成本过低，制作水平还是略粗糙。其实可以更好。', '不造有多少编剧爱好者心里都构思着一个昆汀/里奇/科恩式的犯罪故事，有些故事可能永远都构思不完。起码这部电影把每块拼图都对上了，而且非常中国。非常中国的电影里警察很多地方是缺位的，但关键时刻会在屏幕上用汉字提醒观众他们的高能存在', '看了忻钰坤处女作《殡棺》，惊喜！从容缜密，会讲故事。看片名，容易误以为是闷蛋文艺片，其实是无巧不成书的三段式“乡村怪尸案”。成本太低，演员略逊，但也带来了陌生的乐趣。和拍《光棍儿》《美姐》的郝杰一样，忻钰坤，绝对有实力执导更大制作的类型片。这种会讲爱讲故事的年轻导演，是稀缺资源。', '4.5。1.终于得见[殡棺]，乡村怪尸即视感，叙事结构值五星哈。2.所有秘密都不说出，每个时间节点都恰到好处，昔日看蒙吉[西方]也有类似感受。3.村长苦逼处境被一层层剥开，是全片最华彩部分。4.父子俩隔着棺材沉默站立，那一刻情绪超赞。5.对于风格尚欠、硬件粗陋的新导演来说，整体上可挑剔的不多。', '和《十二公民》一样，结尾必须要通过一行字幕把真凶缉拿归案的规定，实在是太影响犯罪片逼格了']"
154,真爱至上,8.6,116703,"['1、每当我对世局倍感忧虑时，就会想到希思罗机场的入境闸口。人们认为世界充满仇恨与贪婪，但我却不同意。在我看来爱无处不在，虽然未必来的轰轰烈烈，但是爱永远存在。父子，母女，夫妻，男朋友，女朋友，老朋友，当飞机撞上世贸大厦时，临终打出的电话，谈的不是报复，而都是爱。如果你肯留意，你会发现爱其实无处不在。love actually is all around.', '寂寞的圣诞夜一个人看这种电影，看完觉得更寂寞了！', 'Where the fuck is my fucking coat?', '大杂烩，做作，人多图个热闹气氛了', '我不明白,如果导演早就决定给个皆大欢喜的结局,为什么又不给得彻底点呢?']"
155,萤火虫之墓,8.7,55534,"['我发誓我再不敢看第二遍', '日本民族的劣根性再次体现，都说是好片儿，但是很多对话让人看了很不爽', '其实我非常想给两星。给这剧情。给这劣作。', '虽然事先知道这是个煽情的片子，知道它注定是个悲剧，还是哭了。告诉你这是个悲伤电影，在你准备好的情况下，还能达到效果，的确是个好片子', '日本人博取同情的功利 是中国的N倍。']"
156,三块广告牌,8.7,141276,"['當你完全站在喪女心痛的母親這邊時，你才發現她也可以是一個加害者；當你以為警長就是如廣告牌說的懦弱無用，你才發現他也正在自己的生命旅程面對死亡；當你以為種族歧視的白癡警察已經沒救了，又發現他竟因為一封信而完全改變。沒有誰是絕對正義，沒有誰是絕對邪惡，奉愛之名，可以善也可能是惡。', '三块火一样烧红的广告牌，三个人，三封信。角色的面目都是逐渐清晰起来的，就像警局里前一秒两人还针锋相对，局长意外吐血，米尔德脱口而出一句“baby”，全片就充满那样意外又令人心软的转折。', '太精彩了，实在想不到今年还有什么影片可以挑战。剧情音乐节奏摄影都接近满分，更可贵的是除了女主弗兰西斯的超水准表演之外，剩下所有演员的演出都精彩到可以颁最佳群戏。由于不妥协与不谅解所引发一系列悲剧，但是悲剧中更有合理的人性，戾气重的浪漫诗。从第一幕路过告示牌咬指甲就最佳女主内定了。', '或许是今年的高分之一吧。有种去年看海曼的感觉。这个镇子上的人都感觉脑子缺根弦。又名《局长的三封信》', '这题材太适合奥斯卡最佳影片了，完全贴合美国社会热点。人物和结尾写得不错，洛克威尔是目前为止我心目中的年度最佳男配。Burwell的配乐动人。但是麦克唐纳再次证明他是一个精于算计的戏剧编剧而不是一个优秀的电影导演。以及大家称赞群像表演时请把艾比·考尼什排除在外谢谢。']"
157,纵横四海,8.8,41818,"['這個組合太誘惑了……', '经典就是经典，看无数遍也是经典', '这么多年，还是觉得周润发莫名其妙被人偷垒很可怜啊', ' 红姑息影了，发哥老了，张国荣走了，香港电影的辉煌远去了。这些陪伴着我们长大的电影也要被遗忘了。\n  真是“春梦了无痕”。', '三个主演都非常出色的演绎了各自的角色，虽然现在回看起来感觉质量并不十分过硬，但就凭这三个人四颗星不能再低了。']"
158,我是山姆,8.9,40695,"['哭到只剩半条人命~', '好片子，西恩·潘不得不赞！', '人与人的爱，不是被任何一个条件所限制的 而是出于本能。', '“lucy in the sky with diamonds……”十分的亲情，十分的爱，爱的能力并不是取决于智商的高低。原声好，主题好，演员好，但就是有些拖沓与着力过猛。★★★★', '六星的片子，哭得一塌糊涂。老天忘了我这个可怜的小孩，偏偏要给我这部电影提醒我有些东西我永远得不到。不能重生，不能生，此生再无机会，那就只好死去了。']"
159,达拉斯买家俱乐部,8.8,60059,"['满眼都是演技的片子，编导的功力都放在了两位戏霸身上了，一个皮包骨，一个异装癖，不是剧本给了他们多少戏肉，剧本多么偏袒他们，真的是这俩戏霸在用生命来演戏。其实这个从非法走私药物逐步到为人权抗争的故事本就很精彩，如今在两位戏霸面前，能让人印象深刻的也就是他俩的神演技了。★★★★', '杰瑞德莱托必须最佳男配！演技好到发指！好到让人挠墙发指！马修麦康纳演技也好到爆，尤其是去墨西哥之前趴在方向盘上干嚎那一段，跪求两人冲击奥斯卡。一个沉重题材的电影却毫不伤感，最具震撼力量的是人性的真实，很难讨人喜欢的角色却让人充满敬意。PS：影片中段叙事节奏欠功力，五星是私心', '《瘟疫求生指南》的剧情版延伸，配合那个纪录片，将会了解他们的更多困难。这种正邪分明的片子虽然简单，但看起来很过瘾，两位男演员的努力让这部片子更有魅力。有几处细节很棒。比如超市遭遇旧同事，一场戏就把男主的立场和两位演员的关系转变都带出来了。杰瑞德·莱托比很多女演员都有魅力', '很不错的艾滋题材电影，同时涉及大量LGBT话题，本以为马修·麦康纳瘦成柴骨的奥斯卡级演技才是重点，但却是杰瑞德·莱托妖娆迷人的易装表演抢走风头惊艳全场。', '相比什么白宫管家、为奴十二载里面满满地高大上的要拿奥斯卡的春晚主旋律，这部浓浓地不屌反恐同和反艾滋歧视的片子才真是他妈地好看~里面精妙的小设计无数。男主、男配的演技完爆什么Jennifer Lawrence这种傻大妞~']"
160,东邪西毒,8.6,59919,"['“当你爱的人离你而去，你唯一能做的，就是不让自己忘记。” “如果有一天我忍不住问你，你一定要骗我。就算你心里多不情愿，也不要告诉我你最爱的人不是我。”', '给我一坛醉生梦死酒。', '你以为谈的是武侠，其实谈的是爱情；你以为谈的是爱情，其实谈的是人生。', '王家卫是借金庸的皮拍出了古龙的骨，没有侠之大者，只有浪子、痴女和大漠。\u3000“风也未动，幡也未动，是人心自己在动。” 这漂浪的人生正如大漠一望无垠，在时间的灰烬中只想和你浪迹天涯，客死他乡。太喜欢陈勋奇的配乐《天地孤影任我行》：一去不返，一眼万年。8.6', '风继续吹 哥哥继续型']"
161,爆裂鼓手,8.7,92212,"['如果你还有空去琢磨片子里的不人道行为和思考扭曲的人物关系，那么你也许错过了其中最美妙的部分：节奏。整个电影的剪辑踩着每一个最扣人心弦的镜头行云流水的推进，两个主演的表演也是每一帧都没有跑调，片中所有的轻重缓急都似乎是浑然天成的组合，推着人随节奏进入到只属于艺术人生的不疯魔不成活。', '清晰果断。……另外这部电影真是不错的试金石，看看短评就知道了。只从中看到痛苦，而看不到痛苦之中挟裹着快乐的人，大概从没认真追求过什么。', '4.5。1.极速黑暗励志，不偏执不疯狂永远难成大师。2.节奏太燃，入戏太疯，逼功一流，捏着把汗直到落定最后一个鼓点。3.每场演奏都仿佛冒着伟大的硝烟，令我对弗莱彻背后的神秘暗流充满好奇心。4.爵士酒吧夜谈戏：英语里再没有哪两个字比“不错”更害人的了。5.少壮不努力，长大玩摇滚，哈哈哈哈！', 'J.k.西蒙斯应该能拿下男配！这片子的节奏感实在太棒了，爵士乐和剪辑简直融为一体了，还有西蒙斯机关枪版恶毒的台词，脏字就像鼓点一样密集且激烈，几场打鼓的重头戏在镜头上都是细碎古怪，靠剪辑重新赋予整体戏一气呵成且不断加速的节奏，可惜整部电影还是碎的，否则就真成大卫·芬奇了。★★★★', '他得到了世界，他失去了灵魂。']"
162,记忆碎片,8.6,79347,"['你可以连看5部烂片 然后忘掉他们 或者用同样的时间 把《记忆碎片》看上5遍 然后爱上它', '最靠谱的评论 来自2008-02-24 04:45:21 MILKY_MOMO\u3000我比较倾向“否”的答案，也就是lenny只想杀掉间接导致他妻子死亡的仇人，并且摆脱一直在利用他的teddy。虽然这个答案降低了电影的内涵，破坏了电影的结构美。但这答案符合逻辑。 \u3000\u3000 \u3000\u3000 \u3000\u3000 \u3000\u3000首先，要确定确实存在第２个没有伏法的匪徒（这一点是没有疑问，如果网友有疑问，请自己在电影中寻找答案，篇幅问题，不赘述了）...', '导演用一种前无古人的倒序方式营造出“支离破碎”氛围，让观众深刻体验到Lenny破碎的生活及内在，我们如Lenny般扮成侦探，在电影里寻找着所谓的真实。而那织在复杂结构中的情感更让人没有办法不被感动。“如果自欺才能使我快乐，我选择如此的活着。”我们要生存下去必须给自己一个理由，否则就会精神分裂。但那些我们坚持的东西可能只是自己假象中的虚幻。一觉醒来时看着天花板问问自己：我是谁，我为什么在这里。然后你...', '如果还没看过，那么现在最该做的是千万别看任何有关的评论，立刻飞奔到影碟店，买张带导演评论的D版，然后开始失忆之旅。', '在六月五日的前一天特意看这部电影的，想了解一个没有记忆的组织，是如何确认自我的，在开头的时候还真以为没有记忆也是能确认自我的，然随着电影延伸，最终仍旧证明一个没有记忆的组织是没有自我的。一个没有自我的组织，在这世界做什么呢？复仇，杀人？']"
163,荒蛮故事,8.8,68038,"['这是迄今为止天蝎座人士在银幕上最大规模的集体展现。', '客机坠毁背后有何惊天秘密？厨娘为何对顾客起了杀机？荒郊野外两车爆炸烧焦尸体怎会纠缠一起？爆破工程师炸毁拖车公司是有预谋还是耍脾气？顶包案背后是何种金钱利益？新郎新娘婚礼现场反目成仇与神秘女子又有何关系？请收看人间自保指南：《别刻薄 别冲动 别装逼 别较真 别贪婪 别约炮》', '《天注定》与这一比除了形式之外皆落下风，虽然都是怒火中烧的爆发，前者一派阴郁充满戾气的基调，仿佛一切都是体制的错与人无关；而拉美人民告诉你个个文明人身体里都住着凶蛮野兽，用一场撕逼大戏结尾真是看得很爽。除了第一个故事很一般之外其它都相当惊喜。', '这片和“天注定”的最大区别，就是我们只剩下填充胸臆的戾气、而阿根廷还保留着无政府主义的癫狂。同样是故事拼接，“四个月亮”导演该好好看看这片...', '拉美人民多奇志，拉美导演有邪活。年度最值得期待、最超出预期的荒诞喜剧，劲爆黑色邪典幽默调侃社会弊端人生百态，猛打鸡血笑中带泪。视觉语言极其娴熟。喜剧版《六个道德故事》。《断背山》《通天塔》配乐师桑托拉亚拉美风情吉他电子音乐燃爆全场。']"
164,贫民窟的百万富翁,8.6,65768,"['杰玛在老大家中劝拉媞卡跟他一起逃走。\n拉媞卡：那我们靠什么生活？\n杰玛：爱。\n\n这就是现实中爱情和电影中爱情的差距。', '他亲吻着她脸上的疤痕，那是为他而受的伤害。这片子挺感人的，可是，现实中又有谁能如此坚持，等待命中注定？', 'just a love story again 基本上就是：《上帝之城》+《猜火车》+《阿甘正传》+《开心辞典》！本片又名：山寨富翁 / 阳光小阿三 囧！\n\n', '钱、女人，印度的一个社会剖面。 ★★★★', '实至名归']"
165,头号玩家,8.7,249827,"['斯皮尔伯格把他对电影的梦想、热心、爱与情怀，浓缩到这部片子，通过极具年代感的经典电影和角色，又并茂高科技的现代游戏闯关，他拿手的、专注的、想诉说的都在这里给影迷情倾盆呈现，并在最后一句“谢谢你玩我的游戏”推向高潮，就像在银幕前看着他对我们说“谢谢你看我的电影”…泪奔', '走马观花的IP大赏，剧情人物基本不通，鸡汤也撒得不知所云。适合跟塑料姐妹们一起假嗨', '全场喊牛逼！没啥是斯皮尔伯格做不到的了，在一个商业片中把所有的特效情怀和爱结合得完整而彻底，让影迷乐迷游戏迷接二连三地高潮，即使都不是也能看得花枝乱颤，这样应该算是完美了吧。而最后也竟然默默抹了把眼泪…Reality is the only thing that is real.', '9。我爱这部电影，就好像我的梦想是能进入马丁·斯科塞斯的《出租车司机》，看罗伯特德尼罗枪杀嫖客和鸡头，营救朱迪·福斯特。所以，我爱这部电影。', '老男孩斯皮尔伯格或许借此片宣告了未来电影的走向，电影不再是用来看的，而是用来玩的']"
166,黑天鹅,8.6,128512,"['舞台上那段黑天鹅太惊艳了！！！！！！Natalie这牛逼演技！！！！！！', '“我感受到了，感到了……完美。”一段用走火入魔来成就的完美，亦真亦假、亦实亦幻。影片从始至终都弥漫着黑暗的色调，很惊悚，很压抑，无论配乐还是摄影都极其吸引观众。娜塔莉·波特曼颠覆以往，奉献了一场精彩的演出。★★★★★', '完美主义的确是一种失败的人格学说，直接导致走火入魔丧心病狂。Portman演得好用力，看得我心里发毛。假如她凭此片拿小金人的话，不为过。', '镜子用多了，想不精神分裂都难。故事基本就是天鹅湖的变奏，与《摔跤手》一样的手持摄影，却少了摔跤手的写实风，多了些超现实的感觉与舞台味。女主、摄影、配乐、女配都很有实力。波特曼，好运！', '這部電影真酷！ Natalie Portman太棒了...好幾幕看得我眼淚都快出來了太難過了嗚嗚嗚~~']"
167,人生果实,9.5,28922,"['【20180117】很美好。让人不怕老。', '“老头子 之后的事我会努力活下去 放心吧 那个 你等我 等我生命到尽头变成骨灰的时候 我们一起周游南太平洋 等我到那个时候 说好了哦 一个人会很寂寞 但要好好的等着我 我很期待再见到你 我会好好活下去的”', '活得越久越能明白，人生是循序渐进，不紧不慢的过程。孜孜不倦地去活，自然会结出丰硕的果。', '有趣的活着，体面的告别', '这样活着，才会越老越觉得人生美丽。修一先生睡梦中逝去，是喜丧，又是高寿，而且死在妻子前面，夫人再也不用担心自己先死的话丈夫怎么办了。夫妻俩那么大年纪，却那么灵活，也没糊涂，丝毫没有暮气霭霭的感觉，真难得。老太太说女生一定不能没有笑容，除了睡觉时候不能躺着，真是让我惭愧。']"
168,花样年华,8.6,71608,"['张曼玉比梁朝伟高，但他们站在一起那么协调。想来，是穿了高跟鞋的她，懂得委婉地低头的缘故。', '张曼玉最致命的武器便是她的各种旗袍。', '在梁朝伟喂到第二声的时候，我的眼泪突然就下来了', '最喜欢的一幕，还是突然响起的《Quizas Quizas Quizas》前奏，电话这头的周慕云，电话那头的苏丽珍，没有对话，但彼此好像听得见对方的心跳。无论故事还是爱情本身的可能，一切尽在不言中。这就是王家卫。', '一切都退去了，香港、1962年、那个陈旧的秘密…“如果多一张船票，你会不会和我一起走？”也许~也许~']"
169,你的名字。,8.4,224396,"['黛玉心中想道：“好生奇怪，倒像在哪里见过一般，何等眼熟到如此!”\n宝玉看罢，因笑道：“这个妹妹我曾见过的。”\n贾母笑道：“可又是胡说，你又何曾见过他？”\n宝玉笑道：“虽然未曾见过他，然我看着面善，心里就算是旧相识，今日只作远别重逢，未为不可。”', '这一次要给新海诚打200分，在我鄙视他不过只是纯情小清新的10年前，没料到有朝一日会在电影院里哭到断气。恍惚看到了穿越时空少女时期的细田守。为所有的少女心和中二病鼓掌，青春不死就能相遇，就能拯救地球。现在我抹着眼泪走出影厅，看到后排的少年摘下眼镜，嚎啕大哭起来。。。', '和《追逐繁星的孩子》同个毛病——一个平时专注于言情的人看了科幻小说之后可能就是这样的，他执着于用新学到的概念来包装自己的认知，而不是放手让这个概念去革新它。', '新海诚终于会讲一个复杂故事了，真不容易啊！当年那部搔首弄姿、无病呻吟的“言叶之庭”差点让我转成终身黑，“君之名”却轰出了我睽违已久的少女心。彗星降临的末世情怀，穿越时空的灵之绳结，只有7秒钟记忆的鱼...星空、爱情以及所有遇见都是注定。', '你我相逢在黑夜的空中，你有你的我有我的方向，你记得也好，最好你忘掉，在这交会时互放的光亮。']"
170,卢旺达饭店,8.9,32272,"['很早以前看黑镜头就知道这段历史了\r\n片中还是侧重于胡图族对图西族的屠杀\r\n但实际上 在图西族控制的地区 \r\n对胡图族也发生着同样的杀戮\r\n这是一场无法说清的事实\r\n事实没有真相\r\n只有荒谬的让人不可理解\r\n人们用最原始的武器棍棒刀叉去和自己的邻居搏命\r\n只因为他们觉得 不杀死对方对方就会来杀自己', '当这个世界闭上双眼，他却敞开了怀抱。', '电影没有什么花哨精巧的剪辑，有的只是质朴之中最撼动人心的真实。一个真实的故事一个真正的人间炼狱。当世界遗忘他们，国家陷入疯狂的时候，一个比辛德勒更加艰辛的男人在一个人人力求自保的环境下敞开了他的双臂。记住他的名字——保罗·卢斯萨巴基纳。★★★★☆', '记着人世的罪恶，也记着在罪恶中的人性光芒', '人祸最惨。可我们看完新闻，还是会安心的吃完晚餐。']"
171,釜山行,8.5,166246,"['翻遍全中国就连一个看着像孔侑这么舒服的男演员都找不出来', '套路很深，下料很重！据说这部电影耗资100亿韩元，其中90亿用于几百名群演的霹雳舞教学费用。哦，对了，还要唱好歌，关键时候保命就靠他了。', '这绝壁是散户在电影史上被黑得最厉害的一次……万恶的基金经理在收割韭菜后依然成了英雄……', '僵尸进攻的部分比较过瘾，火车拖着一尾巴僵尸的部分视觉效果很有趣；人文部分十分韩剧，社会讽刺过于直接而显得无趣了，男主那洗衣液CF般的闪回、洗手间哭泣都太cheesy，其实马东锡才是英雄，只是被塑造得不壮烈罢了；镜头感、节奏感so so，演员们演得不够害怕，有的部分特别明显。拜托，是僵尸也！', '气死我了，你们为什么不等天黑再出来?为什么?!?!?!']"
172,忠犬八公物语,9.2,17165,"['我等你是因为，再没有人像你对我那么好T T', '看過才感受到美國版跟日本版的極大區別，除去整個情緒上的控制度，看過日本版才能理解為什麼阿八會用牠的餘生去等待主人，因為教授實在太愛牠了啊！教授對牠的那種愛和呵護是美國版完全沒有表現出來的，如果先看美國版會認為這是一隻神犬，跟主人之間的情感是冥冥中的，但日本版告訴我愛絕對是相互的。', '八公的""原味""还是在日版，教授去世后与之相关的人们对八公的薄凉，在它始一而终的热诚面前抬不起眼。\n片尾的长镜头中，始终无人关照这位""人类的朋友""的死亡。似乎是一种讽刺，人弃忠友而去，却等待它们用生命为人类守灵。\n除了教授，没人担得起这份守候。', '反复叮嘱家人：狗狗也有狗狗的权力，要保护狗狗权力的教授，台风天担心阿八着凉所以淋雨把阿八抱进屋取暖的教授。给阿八抓虱子还要整齐排列的强迫症教授。和阿八一起洗澡的教授，看到阿八在车站接自己，满足骄傲的教授。想到这么温柔的人一会儿就要死了，我的眼泪根本止不住。阿八啊，你久等了。', '教授去世之后阿八的凄凉处境可见世情人情，千鹤子正如佣人所言是个冷酷的人，她对养狗的欢欣不过一时，而教授对阿八的真心相待却换来阿八一世的牵挂。为什么要等一个永远不回来的人，因为那是它的牵挂，希望阿八和教授天堂再续温暖。']"
173,头脑特工队,8.7,87287,"['皮克斯第一部没有反派的动画也是其最大胆的作品。整部影片在给孩子看的低龄冒险故事之下，满是只有成年人才能体会到的源自生活的非凡想像力和创造力，核心记忆，个性小岛，抽象空间，造梦制片厂，潜意识监狱，遗忘深渊... 而一如既往的欢笑与感动更使之成功挤进皮克斯TOP之列。', '不止是卖萌的画面和天马行空的想象力，看完电影后会重新审视自己的情绪，记忆，甚至梦境。BingBong消失的时候我哭得和Toy story3结尾时一样……', '那时你第一次明白人生不只由欢乐主导，第一次了解万物皆有反面，第一次忘却曾经觉得重要的记忆，第一次在无知无觉中送走曾经无比重要的成长点滴。第一次接受残缺，第一次懂得如何抱着怎么都会有的不完美继续小心翼翼走下去。令人赞叹的主题，毫不拖沓的情节推进，永不让人失望的皮克斯。', ""非常惊喜！不仅创意牛而且整部动画的细节冲突导致的结果与现实完全相符。Imaginary friend的sacrifice让joy重回control center，自己却在记忆的深渊被遗忘。随着我们长大，儿时的imaginary friend不就是会被渐渐遗忘的么。还有Riley的记忆由单一情绪转化为mixed feelings，that's when you grow up."", '这部探索“脑洞”的动画新意十足，重回最高水准的皮克斯用它成熟而独特的叙事节奏牵引观众的内心，成长道路上的阵痛与迷茫最终迸发']"
174,雨人,8.7,41475,"['公路片是建立人物情感联系的最好模式', '""查理,带我回家""---腹黑兄控美少年与天才忠犬攻州际蜜月行', '任性是缺点，坚持任性就是自闭症，我不过是病的稍微重一点儿而已，就已经很难被世界容忍了', '公路电影差不多，讲智障人士没有I am sam讲得好，写情感又缺少细腻。', '霍夫曼的眼睛太深了']"
175,模仿游戏,8.7,86309,"['他给机器起名“克里斯托弗”，因为这是他初恋的名字；他同意接受化学阉割，因为这样政府才不会把它带走：这大概是今年大银幕上最含蓄和悲伤的一段同性恋情了。全世界的恐同者都该知道，他们用来敲出每个仇恨字眼的电脑在很多年前曾有一个名字——“克里斯托弗”。', '看完之后才理解为什么学校的数学楼叫alan turing building，为什么工程学院的咖啡馆叫enigma cafe', '太惨了，做人怎么能这么惨，惨得我和女士看完电影坐在椅子上一边擦眼泪一边思考了五分钟人生，上一次哭成狗的lgbt电影还是断背山。现在终于感觉，一个很厉害的人过得很惨，比一个很惨的正常人丧多了。', '1最佳soul mate是去掉性吸引力 你仍是完美伴侣  2唯一爱你的方式，是建造一部解决人类所有问题的机器，冠以你名。 卷福又上升了一个新高度，演绎淋漓尽致  结巴天才四星半', '最后她去看望他，拥抱他。他孤独地站在那一排为之奉献一生并恩泽全人类的庞大机器面前说，I’m not alone，never have been。然后伸手抚摸那些柔软的冰冷。它是他的恋人。而谁记得，孤独的孩子，你是造物的恩宠。']"
176,黑客帝国3：矩阵革命,8.7,24813,"['在《黑客1》的结尾所说的那个“无限可能的世界”无疑给了我们最美好的憧憬，但是在《黑客3》中，尼奥的死亡却达到了弥赛亚主义的最高潮，虽然“上帝之国”依然没有得到建立，虽然最后的平衡只是暂时的，但是《黑客帝国》依然给我们留下了一个大同世界的梦。', '不管别人怎么说，我觉得这是我看过最完美的系列电影。', '见过太多的才子，才发现都是膜拜的傻子。\n到底有多少的电影有你的影子。', '黑客帝国全套都喜欢,有空再看...嘎嘎', '重看多遍，每次都能更深一步感受，这悲伤也越来越大。正如电影名字一样，The Matrix Revolutions，这是矩阵的革命、升级，并非人类。这已是机器的时代，人类只是夹缝求生的弱者。Neo，The one，他为使命而存在，他的牺牲和为之争取到的一点点曙光，在机器时代中，又是什么。黑客帝国三部曲，更像是机器编年史中的一个节点，人类用巨大牺牲和第六代The One的悲剧使命，在机器的控制和变数下...']"
177,一个叫欧维的男人决定去死,8.8,62625,"['气哼哼的人要是爱起这个世界来，真是一把鼻涕一把泪啊。', '忧郁蓝为构色基调，适当的黑色幽默略显温馨，亡妻回忆杀构建出老人高大的男友力max形象，毒舌暴戾的外衣下是颗极感性的心，所有的抱怨均是对这片土地爱的深沉，古板和偏执让人格更显真实。当然，作为北欧片少不了提下环境与人文问题。北欧的天和一个一生爱你的男人，这就是女人一生想要的了吧。', '笑了哭哭了笑。人老了真的很容易变得“讨人嫌”：我奶奶八十多岁有一次不小心滑倒骨折，之后她每天都在说，我为什么还不死，活着简直就在给大家添麻烦。那时候我回去看她，被她念得头疼。现在她九十好几，以为我还只有十五六岁，她好像记不太清年月，但有时候我又觉得，她其实什么都清楚。', '你讨厌的那种老爷子和你讨厌的那种邻居终于敞开心扉彼此接受的过程。豆瓣最近很流行这种“独婊好，不如众婊妙”的电影，是因为天气太热没有社交所以盲目迷信人与人的亲密关系吗。坦诚面对自己吧，你就是讨人嫌，你就是丧，没必要去跟其他婊子混在一起。', '你身边每一个不讲道理的大爷，都可能是一个有故事的男人，他曾经拥有一段浪漫的爱情故事。']"
178,你看起来好像很好吃,8.9,60093,"['怎么看都是个大悲剧啊！！最后……这群萌萌的恐龙们……全都灭绝了。', '不好这么萌 会被吃掉的 o(TヘTo) \r\n\r\n', '萌爆了~~~ umaso到底是神马龙呢=..=?', '曾经被这个系列的漫画感动到哭。电影版努力融合了原版的几个故事，但最终把原作的悲剧改成了温情，催泪效果因此减弱。一定要看原作。', 'http://v.youku.com/v_show/id_XMjQ3NjUzMzAw.html  又囧又萌还很搞笑。']"
179,无敌破坏王,8.7,71591,"['不容错过！每一个镜头都充满了惊喜~！每一句话都充满笑料，结局也带来很多感动。影片里出现了很多经典游戏人物，有美式的，也有日式的，身边的老美一个个看的惊呼声不断~~！', '突破的迪士尼，有回忆却无情怀，有佳句无佳章，设定、创意不错，但讲述方式一路下滑。开篇惊喜以为会是游戏世界的《超人特工队》/《超级大坏蛋》+《怪兽电力公司》，没想看完感觉是动画版的《极速赛车手》…无个性，满满都是其他动画片的影子。 “如果那个孩子喜欢我，我还能坏到哪里去呢？”', '蜀黍和萝莉、御姐和正太的逆天组合，和《复联》《林中小屋》一样，以“穿越”串起主轴，却没有前者的一锅乱炖，而是毫无违和感。以“反英雄”主角的消极情绪，一路升温来找回正能量。倘若你曾是8位机或游戏厅的玩家，必定能够旧梦重温、重拾童趣！', '非常过瘾。大反派破坏王为赢得尊重跑到另一个游戏里冒险，各种奇遇和阴谋危险。。。故事紧凑精彩，画面非常绚丽漂亮。游戏背后的世界勾起我们的童年回忆，充满对老游戏的致敬，有点初次看《怪物公司》的感觉。情怀深度故事画面样样不差，个人目前的年度最佳动画，颇有奥斯卡相！', '一个反派从自我否定到自我认可、从被别人轻视到被别人需要的叛逆冒险之旅。但其实画面、配乐、字幕已经足够让感官享受很久了。中途睡着后再醒过来也一样可以看哭，又破涕而笑。']"
180,未麻的部屋,8.9,41609,"['好的剧本就是就算你猜到了结局也猜不到全部', '想想看这才是1997年的动画电影！今时今日很多真人电影仍然无法比拟它的用心良苦、诚意、和所达到的效果。为了扑朔迷离，今敏用尽心思。', '这绝逼不是给小孩子看的动画', '1小时20多分钟的片子, 却感觉像2个小时的片, 不是因为无聊难耐, 因为涉及几个人的人格分裂和精神错乱等, 情节复杂而且引人入胜, 给人一种内容满满的感觉, 同时故事的节奏处理得相当好, 讲述得干净利落, 一步到位, 点到辄止. 不过真想不到, 今敏也会有这么残忍的作品...', '080331 今敏的片子比宫崎骏的假大空好太多，110分钟分分钟无法释怀，越到后来越奇妙']"
181,恋恋笔记本,8.5,98969,"['1.先入为主是王道。2.等人不要等過7年。', '英俊的木匠啊，一見鍾情的表白竟然能支撐整個一生。如果在現實里能有人長情到這地步，哪怕是同性之間的相濡以沫，也值奮力擁抱死去時緊握雙手。她恢復記憶的時候不超過五分鐘，推開他的一刹那，比任何一次的分別還要惹人眼淚。最後算是圓滿，你不會失去什麽，在蹣跚、年邁、冰冷軀體，舊時的烈火中。', '老人不是诺亚，那是最感人的一笔', '本来说富家小姐怎么就非得看上伐木工啊，看到床戏的时候就完全明白了！', '一见钟情，一诺千金，一日一信，不离不弃，七年不忘，天长地久，与子偕老，携手而逝……仔细想想，其实电影里的每一幕都不可信，或许正因为这些美好不能真实的出现在我们生命里，我们才更希望它会真实的发生在电影里，也算是一种遥远的慰藉。']"
182,冰川时代,8.6,33406,"['不同类，要成为集体，是多么艰难，又是多么简单 类与类融合很难，个体与个体相爱很简单 爱都是个人的事，与种族无关', '我纯粹是喜欢那抱着松果的小倒霉蛋儿松鼠，哈哈……', '整个电影我最喜欢的是那只松鼠，真是太可爱了', '说明了人类的孤芳自赏与自大无知，在史前一万年前动物们就已经知道如此了。老虎都这么有情，叫那小孩情何以堪。原来唯一不会使用英语的竟是人类，更讶异的是，那小松鼠直接改变地球生物史。其实他才是主角.8分', '很喜欢那只抱着松果的小松鼠，很有趣。']"
183,哈利·波特与阿兹卡班的囚徒,8.6,32153,"['比前两作进步多了，hp系列电影第一次走出了平铺直叙。并且居然还有了点儿dark的风格。', '换了个导演，电影的细节比前两部更经得起推敲，三人的感情纠葛已初见端倪，同样初见端倪的还有赫敏的胸~~~话说，卢平教授的第一节黑魔法课相当有趣啊~~~', '节奏总算快了一点了...早该换导演了', '风格诡异，赏心悦目，最魔幻的一部HP！片尾的活点地图效果更是棒得无法弹，整部的摄影效果也超级绝美，大导Alfonso Cuarón，感谢您！！！！！❤[2004年9月初看的]', '前半段不知道讲了些什么反正吞掉了很多时间，后半段就相对比较紧张，卢平教授这个人物不错，从人设到演员都很出色，不过剧情很硬伤，完全没想通穿越后的哈利为毛能在毫无预兆的情况下直接放大招，还有这部片子出现了一个很愚蠢的控制时间的道具，有这东西基本无敌了还怕什么伏地魔']"
184,海边的曼彻斯特,8.6,102321,"['有時關不上冰箱的門 腳趾撞到了桌腿 臨出門找不到手機 嚎啕大哭 你覺得小題大作 只有我自己知道為什麼', '我冷漠的躯壳里，是抚不平的伤口和解不开的死结。', '我最怕的就是这种电影，看完以后什么都讲不出，就想静静地待着，静静地沉溺在挥之不去的抑郁中。结局仿佛看到了光，又好似什么都没有。', '葬礼进行的时候，他听着宝宝的哭声，与那个试图安抚婴儿的男人共享着眼底羞为人察觉的一丝焦虑。他想伸手接过孩子，用他或许尚未消散的那种魔力让宝宝平静下来，又旋即意识到自己不能，也没有理由去为旁人阻止这种连锁的消耗。他累了也尽力了，相信所有人都是一样。', '人生的伤口，二十五岁之前怪父母，二十五岁之后怪社会，最惨就是巨大伤口摊开在那里，腐臭流脓永不愈合，然而，无人可怪']"
185,海街日记,8.8,74463,"['四姐妹在自己家还得穿胸罩，看来大家的关系也没有很好！', '把绫濑遥、长泽雅美、夏帆拍得美，是一件太简单的事——譬如开头。但在多数时候，是枝裕和故意让她们显得没有那么美，与那座老房子和日常事物紧密粘合。一花一世界，一木一浮生。反正打开二十秒，后面就停不下来，不想快进不想暂停更不会想关掉。说很平淡很无聊的，开什么国际玩笑啊。', '简单、干净、温暖、治愈，海边的风与阳光，又一部是枝裕和亲情剧。难得的大牌云集，虽然在导演最近几部作品里，算平庸的，却也足够感人与回味，何况，还有一群养眼的妹子', '不能以过去的眼光去看是枝裕和了，发行从艺术院线到东宝，五十多岁的是枝裕和才第一次拍摄人气女优主演映画，一来还是四个，“压力”确实不小。电影虽然剧本和剪辑上都有些问题，但“女优美，长腿美，镰仓美，日料美，生活美”可以掩盖了这些问题。四姐妹几乎都完成了自己最好的表演，年度推荐！', '与期待值相差太大——是枝欲和没能拍出小津式的日本家庭生活的精髓，仅仅停留在了视觉美好的表层。这虽比《小森林》系列的风景明信片要精致有趣得多，但本质上二者拍摄的理念是一样的。这可远非他的最高水平，是枝欲和再接再厉啊，请千万不要沦为kitsch之流。']"
186,二十二,8.7,52863,"['关于应不应该拍这个问题，没有记录，最后真的会变成从未发生过。记住并不是为了带着恨，只是有一些东西不应该被遗忘。', '我个人很欣赏导演的镜头语言，不掺杂过多的个人见解，没有试图把国家的灾难强加给个人进行“升华”，也没有过多感情的宣泄，零碎化、生活化的呈现，描述的近乎是二十二个普通老人的晚景。这也就够了。', '《二十二》比《三十二》更为平淡  \n但又觉得原本就应该是这样\n这两部片子的意义在于\n让人们“不终日怨恨，但一刻不忘”\n她说:“之前记者来了好几次，都没跟他们说这个”\n她说:“谢谢你们”\n这两句就是对郭柯导演团队的认可\n将她们带进公众视线\n让人们了解并正视这个群体\n谢谢你们\n\n', '一生的苦难都过来了，到最后也只有一座卑微的坟头。2017观影最佳。', '我不认为影片的哪一帧是浪费的。愤怒是一个点动的情绪，没有人能持续愤怒70年，最终一切的情绪都要归于生活，归于平淡的一分一秒。被迫成为“慰安妇”，愤怒过后沉淀下来的是什么。我很欣赏郭柯的镜头语言，因为那才是生活。太多的事都太难，而她们很美。《阿里郎》很美，知足很美，友好很美。谢谢。']"
187,虎口脱险,8.9,24668,"['娘的,这就是货真价实的喜剧片', '从小看过几十遍了吧，至今每看必笑，真正的好电影', '虽然不合理，但能够娱乐。', '法国的轻喜剧。你只有越看越像喜剧。', '喜剧效果十足，鸳鸯茶余音绕梁，国语版配音完美。']"
188,新世界,8.8,47449,"['弄巧成拙姜科长，无心插柳李子成，唯我独尊李仲久，超长待机是丁青，壮哉天朝大黑客，实力助攻小延边，智商不够高局长，我没看够宋智孝', '丁青最猛了，把别人完全变成自己那样，就是自己生命的延续啊，牛逼！最后这样的布局其实是最期待的，居然实现了，如今也只有棒子敢那样玩了，生猛！但韩国片比重更大放在警匪、黑帮的总体还是不太出彩，还是那些社会派案件拍得最牛逼。', '老想按一个粤语音轨怎么破…………………………', '韩国电影的山寨路线中心思想就是【西巴！】——要做就做狠一点，于是，新鲜的东西就出现了。', '李政宰演这种黑化的角色真的好性感啊！']"
189,房间,8.8,61543,"['小男孩才是真正的主角，故事站在受害者的视角上，讲心理自救，母亲努力让儿子和同龄的孩子一样，故事选择了一个非常有趣的切入点，环境改变到内心改变，一切都以小男孩的情绪展开，很有难度，所幸小男孩的演技是奥斯卡级别的，剧本是模式化的类型片写法，前一个小时非常完美，拍的工工整整。★★★★', '没想到是这样一个故事，小男孩扮演者雅各布·特伦布莱的表演实在太让人惊讶了！以小男孩的童趣视角来推进一个悲惨的故事，屋里屋外，成年与童真，既对立，又统一，“我本该高兴的啊”。最后小男孩跟那些物件告别的时候，太揪心了。但有一点不太通吧，施虐者为什么抛下了小男孩儿？', '克制而细腻，在基于母亲的事件论述和儿童视角中获得了平衡。前半部分和后面的节奏把握都很好，小演员的表演令人震惊，一个孩子的真实而纯洁的灵魂，大美。', '后半段差了点，仍然是个不错的故事，主要是两个演员太棒了。某场戏太催泪，哭得不能自控。', '目前看到的年度最佳！在相对自由和绝对自由之间，电影让我看到了人活在现代社会究竟是一个什么样的状态。虽然空间的转换让电影表面上画风突变，实际上不同空间里人对周围的反应没有变，时而压抑得令人发抖，时而被温情融化。爱让人安全，为了得到安全我们开始占有，占有又毁灭了爱。']"
190,雨中曲,9.0,26571,"['老电影总是快乐得那么纯粹', '“从此以后，我只在乎一个影迷”、“你是我的歌，春夏秋冬”…于是以后，见到这样的路灯，就想扶着灯柱起舞。', '最喜欢片头金凯利接受采访那段，讽的那叫一个犀利', '大雨的夜晚，与戴比·雷诺兹分别后，男主角陷入捕获芳心的无比快乐中，索性收起雨伞，在雨中载歌载舞！', '几乎是最早的一批使用彩色胶片而非后期染色但又能有良好质感的彩色片。所谓的歌舞片之王，也……就那样了。']"
191,哈利·波特与密室,8.6,30142,"['那时候看电影才9块钱！', 'snape越看越可爱。这部好多梗哈哈。', '影片让我印象最深刻的就是巨型蜘蛛，看得我毛骨悚然。哈利已有长残的倾向了，而小赫敏已活脱脱成一小美人了。怀念理查德·哈里斯，他的邓布利多让人印象深刻', '3星半，比哈1加半星，我最不满意就是电影根本都没把要讲的事情讲清楚。如果时间不够的话，变身高尔那对胖子不知道有什么必要描述那么详细，完全是主次不分。金妮的事情根本就没有讲，完全是最后一句话交待，太无语了。', '这一部倒看得津津有味，特效很多。我觉得这个系列之所以不能成为顶尖作品有两个原因：一是电影基本按照小说的章节顺序拍下来，小说可以讲清楚，拍成电影各段的连贯性就非常差，容易让人走神；第二就是特技虽然够多，但不够震撼，比如那场大蜘蛛的戏，很容易让人想起比她早几年的星河战队，效果比这个震']"
192,恐怖游轮,8.5,109769,"['一点细节都不浪费多余的精巧结构型电影～把循环轮回的结构发挥到一个及至～女主的美腿穿梭在N次的命运交汇过程中～层层推进又把细节先后安排滴水不露～导演功力真的很厉害～为结构型命运电影又增加了一个辉煌～', '4星，看过两遍以下者不要随便说有BUG，拜托您先多看几遍再说！又是“从前有座山，山里有座庙，庙里有个和尚讲故事的”的死循环的穿越片，很牛X。解析看http://www.douban.com/review/2820200/', '【导演缺钱花，钱只够拍一半，把这半段来回剪切播放！】真的！！！不觉得这个片子极其无聊么！', '所谓心魔往往就是一念之迷。其实只需在任一环节小小改变，循环即可终止。有话说：人生大部分痛苦，都來自于该离场时，不愿离场的执著。不过，西西弗斯式的轮回，看似一个惩罚，一个永远沉沦、万劫不复的诅咒，同时却也是我们籍由“一再面对相同的境况”，而学会和弄懂生命课题，并由之毕业的唯一方式。', '太好看了太好看了！！！我要哭了！！！！看得我鸡皮疙瘩乱起！！！六颗星在哪里！！！！在哪里！！！！我要打六颗星！！！！']"
193,人工智能,8.6,54484,"['很奇怪，看斯皮尔伯格的电影，即使有些场景拍摄得十分感人，但总是不能让我从心里感动，可能是觉得太商业了，太刻意了？', '如果不能爱我很久，为什么要启动我爱的程序？', '我只想成为你的唯一，获得你全部的爱。', '大卫固然可怜，可小熊比他可怜。每一个都渴望家人的爱，可惜小熊在所有人眼中都只是玩具，包括大卫。虽然他有和大卫一样的思维，却没有和大卫一样的外貌。', '就总是有这样的未来，人工智能超越了人类，然后努力追求成为人的过程——这其实是天马博士的故事吧。裘德洛的冒险却不是，但最后过了无数年，到人类都灭绝了，才由外星人已经无法理喻的高科技给了大卫以真正的生命：那么真正的生命是什么呢？到此已经超越了人类范围内狭隘的理解了吧：库布里克的理念啊']"
194,魔女宅急便,8.6,39593,"['我喜欢她头顶的大红蝴蝶结，还有狠狠白那个小男生的一眼', '空中快递将会是未来物流业的核心！没想到日本人早在上世纪80年代就想出来了！7.7', '看电影最能触动你的时候，就是电影的宗旨在你最迷茫的时候告诉你现在必须要做什么！KiKI成长了，你呢？KiKi又能飞了，你呢？', '又是一部关于飞行的动画，很喜欢这样类型的片子，能鼓舞人的梦想。不过这部的故事单薄了些，只是讲了生活中的一个片段。美丽的西欧海滨小城市，平静祥和的日子，一个可爱的魔女，一个善良的面包店阿姨，一个豪爽的女画家，哇~~这就是梦幻中的理想国啊~~非常喜欢里边那只黑猫，太可爱了~~', '宫崎骏的动画我最喜欢这一部。开始我不知道为什么，有一天我姐姐说，你看过《魔女宅急便》吗，那个琪琪好像你哦。']"
195,惊魂记,8.9,34098,"['最后那一抹笑容堪称经典。', '紧张的气氛营造得真棒！！！', '都不敢洗澡了...', '完美的黑白电影，女主角开场不到1/3猝然死去就先让人小shock一下，后面Perkins的表演几乎是完美无缺，有点神经质但又那么惹人怜爱', '希区柯克这回出现得太早了点，让观影的乐趣一下子降了不少。还有最后那个心理医生那趾高气扬的神情让人很不舒服。']"
196,海洋,9.1,31982,"['太震撼的画面了，目瞪口呆看完全片。砍鱼翅那一段的惨烈堪比《海豚湾》，配乐相当不错。全片就像是由千万生命谱写演奏的谢幕曲，如此绝美绝望，而镜头前的一切都在不断消失，请2012来得猛烈点吧。', '从此更加讨厌人类了，世界末日果然是有用的...', '人类是大自然最纠结的发明。但凡在大自然的和谐静美中出现人类的身影，非凶即恶、非恶即丑，一定是地球上最丢脸的存在、最恶心的物种，优胜劣汰、适者生存这样的说法可用来解释自然，但被用作强奸自然的由头、自我炫耀的工具，一切就变成屎了。如果人是不自大狂傲而只是充满好奇心和谦虚的态度，多好。', '这个剪的确实有点歌剧感觉了', '前半截是动物世界，后半截是没有买卖就没有杀害。因为没有主线，前后两截切换也生硬，相信很难像《鸟的迁徙》那样打动人。即使是那么少的旁白，译得也不理想，姜文也显得突兀。难得引进，特地去影院捧场，算是为之前雅克贝汉给过我们的那么多，致敬。']"
197,疯狂的石头,8.4,58597,"['从这部开始爱上黄渤', '说实话，我不喜欢四川人那点“聪明”样，所以也没觉得这片有什么太大的意思，soso看看而已。', '真大很有趣', '很精彩，算是里程碑式的作品，带火了同类型的各种电影好几年经久不衰', '算比较经典的黑色喜剧片了，影帝真不是盖的']"
198,奇迹男孩,8.6,102083,"['在这种家庭里做一条狗都好啊', '有种糖放多了的感觉，精华基本都在预告里了。但对孩子们的纯真友情毫无抵抗力啊，就像被温柔的抚摸了一下软肋。Jacob Tremblay涂着厚厚化妆都能感受到演技，小李子真好意思把奥斯卡摆在家里吗...', '“生命流逝太快，我们都没来得及多看对方一眼。” 那个帮助奥吉的同学杰克·威尔，在跟同学打架后，委屈扑在老师怀里的表情太心碎了…', '买票的时候很纠结，因为是完全可以预料到的剧情。这种温馨少年故事虽各各不同却又次次类似。若是你近来心情疲惫，这部电影是个流泪的好借口。', '把“生而为人，很抱歉”，变成了“是个人，都应该与人为善”，多视角还挺有意思的。人与人的孤独重量，都是同一种地心引力。虽然不出意外的，所有人都是自带光芒的nice好人。']"
199,罗生门,8.8,42098,"['如果不是那一阵风', '人，不需要任何理由就要说谎', '「人对于自己的事不会实话实说，谈他自己的事的时候，不可能不加虚饰。这个剧本描写的就是不加虚饰就活不下去的人的本性。甚至可以这样说：人就算死了也不会放弃虚饰，可见人的罪孽如何之深。这是一幅描绘人与生俱来的罪孽和人难以更改的本性、展示人的利己心的奇妙画卷。诸位说仍然不懂这个剧本，因为', '在某处电锯装修声音中看了最恐怖的那段。很惊神。受不了日本女人没眉毛。。。', '“住在罗生门这儿的鬼因为害怕人类的凶残而逃走了。”此类电影的开山鼻祖，但相对而言弱于原著不少，但毫无疑问，在50年代能拍出这样的一部电影，带来的震撼可想而知。人性中赤裸裸的谎言、软弱、猜忌和不信任，影片作为一面明镜，直入人心。★★★☆']"
200,燃情岁月,8.8,40180,"['生命中的险恶没有什么恐怖，生命中的寂寥没有什么悲愤，生命中的放纵没有什么缺憾，生命中的痛苦与埋没无关，关键是：即使在始终无人注目的暗夜中，你可曾动情地燃烧，像那颗不肯安歇的灵魂一样，为了答谢这一段短暂的岁月？', '又臭又长的电影', '看这片时我有一半时间在哭 哭到虚脱……这是美国片 商业片 心甘情愿的被煽情至此 还有它的配乐 放烂了没错 但实在是好 这么通俗入耳的交响曲 当年的彼特真正性感 如骏马 2003，7', '2010-11-17 看过。剧情时间跨度大，一战和大禁酒时代，美国西部人迹稀少的草原，开头夫人的离开就暗示了这种生活不是每个人都能接受，印第安人的角色也强调了自然和社会、不同价值观之间的冲突。电影用一个家庭一代人的故事串起很多历史事件，个人的爱恨情仇和时代的波澜壮阔缓缓道来。', '传奇，不是每个人都可以拥有。']"
201,终结者2：审判日,8.7,22857,"['少见的超越首部的续集，动作片中的经典~~', '可能看过差不多十遍，为红色头发的furlong着迷，最让我疯狂的不是他那青春美好的面容，而是他眼睛中超越他年龄的沧桑世故。。。他才是我眼中最美的少年', '比3强太多了', '液态机器人的创造者叫戴森，所以脑袋就经常被轰成中空的圆形。（胡扯==', '最大的光芒，就是这个肌肉发达不苟言笑的机器人学着人类勉强的挤出一丝微笑，还有最后沉入沸腾钢水炉里伸出的那只翘着大拇指的手。有思想的机器人，可以让人感动到泪流满面，但仍能学到人类的贪婪狡诈，这是个矛盾。所以在温情下，我隐隐的看到有思想有感情的机器人所带来的未来的恐惧。']"
202,魂断蓝桥,8.8,29715,"['那么多爱情，都在等待中蹉跎了。别让你爱的人等你太久。 \r\n', '悲剧是把美好的故事撕碎了给人看，用此话来形容这部残酷美好的电影，估计是最恰当的表述了吧。天真可爱又傻傻的玛拉，让她无法面对纯洁的爱情，可是放到现在，谁又会在意的呢？罗伊爱的是你，不是你那些不愿提及的过往。罗伊一见钟情后巴不得将玛拉介绍给自己认识的所有人，又是多么萌和可爱。', '“我爱你，我从未爱过别人。”经典的爱情故事就是无论发生在什么年代，无论是在什么样的文化差异下，都能够唤起大家共鸣的情愫。★★★★', '片子本身中规中矩，费雯·丽演技要加分！全片明确回避了“prostitute/whore”词汇，爱情戏也拍得比较克制，滑铁卢桥自杀场景的剪辑很棒，主题曲《Auld Lang Syne》闻名遐迩，让人百听不厌~ 但个人极度不赞成电影宣扬的这种保守甚至扭曲的价值观，更喜欢女二号的性格和思想。（8.0/10）', '难以想象这部美国电影竟是近80年前拍摄出来，水准之高让人咋舌，观影过程非常投入，纯洁的爱情让人心生感慨，结局之悲哀让人无比痛心，估计当年在电影院赚了不知道多少美国人的眼泪。说回故事，故事脉迹非常简单易懂，一个纯真的女人因爱人之死心灰意冷，落魄到需要出卖自己的肉体，电影在处理这一段时非常含蓄克制，由始至终没有出现过多显眼台词去提醒观众女主角的卖肉事实，可是却让懂的人更为着急，重逢一幕让人感动，最终的...']"
203,穿越时空的少女,8.6,56590,"['打多少星都不够', '我在未来等你...', '场景狠是漂亮。真琴的人物性格刻画是我最极讨厌那一类型，逃避现实，笨，配乐喜欢。完。', '爱杀真琴的性格和他们仨的感情。时间静止的画面。动画比人演得好！吉田潔的音乐大赞。', '最后千昭的那句“我在未来等你""足以秒杀一切。 放课后的棒球、蝉鸣、反复跳跃只为吃到一个布丁，缺乏的勇气和自行车一遍遍经过的河堤，所有的一切都融化在那个夏天和你分离。']"
204,爱在午夜降临前,8.8,54424,"['虽然之前的争吵真实得让人糟心，但结尾逐渐拉远的镜头仍让人感动。前两部的浪漫与激情都变成了书里的故事，这一部则完全生活下来。各种鸡毛蒜皮的琐事只是一个假设，关于如何让爱延续一生。生活中总会有这样那样的矛盾，人也会变老（比如半裸的朱莉·德尔佩却很难让你觉得性感）问题是我们如何挨过去。', '结婚快10年互相之间还有这么多话可讲，还有性生活，这他妈不是真爱是什么？', '“他们竟然____了”模式开启。从爱情的偶然到爱情的实然，浪漫也终于被相处的实用性取代。“就像日出日落，我们出现，我们消失，可最终只是经过。”那些琐碎的争吵怨念放在时间的河里似乎也就不算什么了。他最后向她朗读了一封40年后的来信——原来前18年还只是序曲，我流泪了...', '夫妻生活间的微小细节，无边无际的烦恼和烦恼中也不肯放手的爱，美中折射丑的侧面，丑中映射美的光辉。18年前的浪漫，9年前的真挚，终于走向今天的真实。Bravo！To the imperfect, self damaging, self redeeming, utterly twisted vulnerable yet brilliantly beautiful and strong, ephemer...', '作为Before的系列路，我终于在中年危机这里转了粉。Sunrise太甜，Sunset偏酸，只有Midnight酸甜苦辣都入了味。数度被台词戳中，我不得不一再提醒自己：那些只是台词，它们不是真的。']"
205,初恋这件小事,8.4,164115,"['结局真多余。。。。。。。。', '你有几个最佳损友，她们陪你分享你心里的小秘密。你在初中小心翼翼的喜欢一个男孩子，你收集关于他的一切消息，你在你们共同上学需要走的小巷口左顾右盼，你记住他的每一句话，你为他做了让自己可以变得更好更美的所有事情，那些好长好长的岁月里你只是想让他看你一眼而已。', '游泳池那段哭得我稀里哗啦 现实生活到那里就结束了', '我好想跟男主角初恋啊！！！要不然初夜也行……', '初恋这件事，谁也逃不过。。再一次被M秒杀>\u3000<']"
206,可可西里,8.8,29691,"['只能说陆川选对了题材~~', '不是路川会做的更好', '真实事件的结尾是这样的。队长跟记者说，国家没有给我们编入编制，几天以后被发现离奇死在家中。', '这次真不是因为陆川成功抢占道德制高点。看得我口干舌燥。', '一群非专业演员演绎了一场感人的护羊行动。这种偷猎者就应该抓了就毙，政府应该尽到自己的职责。']"
207,2001太空漫游,8.8,51815,"['原作作者克拉克：“如果有人觉得完全弄懂了《太空漫游2001》在讲些什么，那一定是我和库布里克弄错了。”', '现在这个年代没人敢如此玩观众了。\r\n', '对我，这是恐怖片，源自童年对星空的恐惧，关于人类的渺小。', '现代科幻电影的开山之作，文明进化的哲学片，史诗里的史诗。人类的渺小与广袤的宇宙相对比，更加深了我们对于自身命运的思考。当华彩乐章奏响的时候，生命的思维在没有起点，没有终点的宇宙里漫游，伸向无限的未知，探索那终极的意义。伟大的电影不朽，伟大的Kubrick不朽。', '史上最伟大的装逼片，就连作者克拉克和导演斯坦利都看不懂剧情……不过这丝毫不影响它的伟大，首先在视觉上它领先了同一时代数十年不止，很多星际旅行片都没有给我一种“星际旅行”的感觉，但这部有，关键就在于细节处理细致。还有就是，这部讲述星际旅行的片子拍摄于1968年，而美国登月则在1969']"
208,完美陌生人,8.5,107960,"['女儿早就看出了她妈的婊，果然女人才了解女人', '不要考验人性，因为人性不配。', '来啊，互相伤害啊！', '很喜剧，略过火。没什么可批判的，以中年心境来看，全不是大事儿，缝缝补补装着糊涂都能过下去。纯粹的爱沉重，非肉体凡胎消受，可能背叛与依赖交织的灰色，才能支撑彼此到人生尽头，不那么痛苦地告别：是虚伪和无聊保护着我们，而不是激情与真诚。', '相爱没有那么容易，每个人有他的手机。过了爱做梦的年纪，轰轰烈烈不如平静。']"
209,绿里奇迹,8.8,29931,"['“我累了，不想活了，真的，我不想再像孤雁一样，我不想再过没有朋友的日子，我希望有人能告诉我该何去何从，我不想再看到丑陋的人性，我不想在每日承担全世界的痛苦。”讲的是耶稣么？十字架变成了电椅。', '片子缺少一种关键的非现实渲染，让人感觉离奇得难以接受，但是仍然是一部好片子', '感人.汤姆 汉克斯的演技很牛～', '三个小时太长了  抽出时间耐心看还是很触动人心的', ""故事性很强的传奇宗教寓言式电影。神爱世人，而世人却不理解这份爱。人类摧毁了神迹，而神却不忍让世人背负这罪名。1.【you can't hide whate's in your heart】2.【What happens in the Mile, always stays in the Mile. 】3.【If don't help,don't tell him.Ever.】4.【awful tir...""]"
210,小偷家族,8.7,142711,"['最费力的成长留在树上的只有壳，最狰狞的伤口留在皮肤的只有疤。最动人的烟火绽在空中看不到，最深沉的感谢飘进风中听不清。你教我食物最美味的吃法，却教我获得食物最羞耻的手法；我学会祈祷最灵验的手势，也学会用来祈祷最不齿的心愿。我在商店里偷换掉童年，你在泥土里掩埋了伤疤，而我们组成了家。', '如果说爱你，还打你，那一定是说谎；如果爱你，就会像安藤樱一样紧紧抱住你。（沉溺于安藤樱的美色无法自拔', '安藤樱那场在警察局双手不停抹眼泪的戏，演技大爆炸，可以说是年度最佳哭戏！', '有援交和啪啪戏，希望局里不要一叶障目，淫者见淫啊。不知内地哪家片商买了，棕榈叶至少增量两千万票房。情绪感染到位，收尾看哭全场。尽管都是被社会遗弃的多余之人，依然还是要努力生活呀。', '萍水相逢，尽是他乡之客。是枝裕和依旧乐于探讨血缘与亲情究竟有没有必然联系。所谓小偷家族，偷的不止是能填饱肚子的食物，更是一种能够让灵魂产生幸福错觉的情感羁绊。偷生能不能叫偷？如果叫，那我们每个人，或许都是小偷家族的一员。中川雅也追车看得我哭晕，在海边抽了两根烟都没回过神。']"
211,牯岭街少年杀人事件,8.8,39610,"['我怎么都不会想到杀的人是她', '那一霎那我什么也没做，只是捅了你一刀。“原来你跟他们一样，对我好就是想改变我。你好可笑啊，你以为你是谁啊？我和这个世界一样是不可改变的…”', '张震小时候好萌...小明同学你好丑', '4个小时的片,中途睡着了', '【A+】杨德昌把这个世界看得太透了，透的可怕。']"
212,阿飞正传,8.5,65897,"['杜琪峰曾说，王家卫实际上只拍了这一部电影：后来影片中的人物都能在其中找到原型，而主题永远是人与人之间的沟通——疏离与亲近，拒绝与接纳，追求与失落，忘却与铭记，逃离故土与寻找自由。', '物是人非，你是否还记得那一秒，你到底最爱哪一个。刘德华在张国荣面前暗淡无光。', '虽然看不太懂，但片中张国荣实在太让人着迷了~~', '愣头青假装小资青年', '我只想知道最后在小阁楼里露脸的梁朝伟代表着什么']"
213,无耻混蛋,8.6,63885,"['当法国人不讲情义，美国人不讲人权，德国人不讲原则，英国人满脑浆糊，犹太人大开杀戒，希特勒就死了。', '我只有一点不理解：影院老板最后在电影上的那段宣言，可以是法语也可以是德语，它怎么会是英语呢。。。。', '流畅，看起来毫不费力。除了布拉德皮特显得格格不入，除了地下酒吧那场居然不收拾现场有些BUG，除了绑着TNT居然能混进元首活动场所很无稽，其他都很好，很完整，完成了电影所能给出的最重要的功能：娱乐。', 'Tarantino 真是电影天才.', 'Quentin是他媽的天才！']"
214,香水,8.5,79616,"['这简直就是一部资本主义发展史，出生于最肮脏和腐臭的地方，却追求最纯粹的美，通过杀戮得到迷惑人心的力量，就连最痛恨他的人也甘愿俯首称臣，最后犹如寓言一般消失于这个世界......', '一个单凭体香达到高潮的男人', '最大的缺点是：我根本闻不到香水嘛，你在那陶醉个啥？', '观影过程中如果曾有过那么一丝丝对杀手的憎恶, 那么你便是世俗和不纯洁的.', '每一个毛孔都在颤栗，这样的电影为什么不能以闻的方式来欣赏？格雷诺耶其实并不是谋杀犯，他只是一个醉心于自己试验的孩子，完全不知人间的因果善恶。这种美注定是要自我毁灭的。爱和被爱？那只是凡人的东西。怎么办，本喵已经让我彻底脑残，而我甚至还没嗅过他的气息...']"
215,谍影重重2,8.6,24148,"['手提摄影，快速剪辑，身体力行，暗藏杀机。间谍动作片由此洗牌', '环游欧洲风情片..', '专业谍战片就是不一样，各种细节都非常精彩，悬疑揭秘也扣人心弦，却没有靠复杂的要命的剧情', '巴拉克所演败坏间谍三部曲之二', '很难想象自己第一次看的时候居然不喜欢，看来随着年龄的增长对一部电影的看法也会改变。我们的伯恩没有高科技，没有帮手，靠高智商和好身手赤手空拳对抗强权，你以为电影传递的会是复仇的快感，想不到是一曲壮士的悲歌。']"
216,新龙门客栈,8.6,35219,"['当年看到最后把甄子丹的脚剃成骨头的时候我还吓了一跳', '张曼玉真是风骚啊', '中国版的《卡萨布兰卡》~~', '这是香港电影最鼎盛时期的佳作！张曼玉的柔媚，林青霞的英气，梁家辉的儒雅，无一不个性鲜明！', '张曼玉将金镶玉风骚入骨敢恨敢爱的性格刻画的入木三分。林青霞和梁家辉亦将江湖儿女的情怀与抱负演绎的丝丝入扣。其它一众配角个个可圈可点，经典之作。']"
217,猜火车,8.5,60557,"['那恶心的厕所。', '墮落也需要天分。', '360度旋转的婴儿头颅', '我有时候想不明白，吸毒的人，到底是因为太不快乐，而是太快乐。', '说实话，我真不好意思把这电影加进来，因为好多缺货都拿它当作粉饰太平的伪装！~']"
218,源代码,8.4,110701,"['竟然看到短评里有人言“结局累赘”、“如果一切停在这个吻就完美了”。卧槽，两位琼瑶剧迷请勿玷污科幻电影的SF之神好么！！！！可以说，影片3/4之前的剧情是立意新颖但仍中规中矩的悬疑惊悚片，但是结尾处的1/4剧情简直达到了科幻电影的肾上腺素暴表线。这个结局甚至比《月球》更加悬幻陡峭.', '8分钟重启一次，不带存档的。', '一部商业片，一部穿越剧，救无辜百姓于水火，顺便谈谈风月，这么老套，这么制式，为什么竟能如此触动人心?', 'Inception+Groundhog Day，现实和记忆是相辅相成的，只要能生存的有意义管它是哪里，何况这本身就是一个平行宇宙。结尾定格在静止画面时才是真正完美的结局，之后几分钟剧情完全可以忽视。', '牛B的本子，邓肯·琼斯没有淹没在好莱坞的体制中，继处女作《月球》之后再度奉献出一部精彩绝伦的科幻作品，唯一的遗憾就是在技术层面给出的解释不够充实，结尾稍显多余。']"
219,谍影重重,8.6,36025,"['喜欢Bourne的冷静。当Matt Damon打开银行的保险柜时，我突然发觉，世界之大，持有三样东西便可畅通无阻：金钱，身份（也可理解为地位），枪（强权）。要求自己象特工一样生活显然是很辛苦且不切实际的，然而，有些时候，特别是面对危机，试着用特工的思维方式去看待问题也许会很有效，特别是对于男生。', '马特达蒙的外貌在帅哥扎堆的好莱坞实在不算起眼,却又如此特别,总能为你喜欢他找到一个理由.他演天才,演间谍,演神偷,睿智,冷静,从容,身手敏捷,眼神偶尔忧郁,偶尔深情,偶尔锐利充满警觉,走路时姿势总是很怪异,他不常笑,但不经意展露笑容时,会觉得他的笑像孩童般天真,那么有感染力,一不留神已被他俘获', '我发觉叫JB的都很厉害，是不是？James Bond, Jason Bourne', '只有动作片，才能如此深沉霸气地表达人类的困境吧！', '最后一个杀手内忧郁的眼神呐~~~~']"
220,战争之王,8.6,31859,"['从影帝蜕变到烂片王也是需要一定的气度，就如同影片最后他被家人抛弃被抓到监狱却十分镇定一样。这片子政治隐喻很多。', '喜欢Nicholas Cage片中的表演，影片立意很高，最后的对现实的讽刺稍有些直白。', '做这生意别带文艺青年好吗？！8.4', '记得罗德岛战记动画版最后一段是这样的...""有一个梦想成为英雄的少年...他以光明为目标...坚信通过战斗可以驱除黑暗...但有光明的地方也必有黑暗存在...两者的斗争将永远不会停歇...当认识到这一事实之后...少年踏上了成为神之英雄的道路...""', '世界的正常运作内在地需要邪恶，对善与恶关系的探讨令人忆及沙马兰的反超级英雄电影[不死劫]。影片整体立意甚高，但节奏控制有待加强。结尾的自白过于直白了一点。PS：凯奇演技没话说，可惜沉沦于烂片的泥沼无法自拔。杰瑞德·莱托真可谓瘾君子专业户。伊桑·霍克在片中倒是颠覆了文艺形象。（8.0/10）']"
221,青蛇,8.5,52644,"['如果有六颗心我就打六星，如果有十颗星我就打十星，别问我为什么！', '每个女人，也希望她生命中有两个男人：许仙和法海。是的，法海是用尽千方百计博他偶一欢心的金漆神像，生世位候他稍假词色，仰之弥高；许仙是依依挽手，细细画眉的美少年，给你讲最好听的话语来熨帖心灵。', '作为一个性格被阉割的男人，青蛇那一剑捅得好！', '人生如此，浮生如斯。小时候看到的是群妖乱舞，大点看到的是情欲纠葛，昨天再看的时候是悲悲戚戚。谁人言，花彼岸，此生情长意短。谁都是不懂爱的罢了。', '九三年的徐克真先锋']"
222,地球上的星星,8.9,32074,"['为什么一定要成为全才，为什么一定要有出息，不会拼写有什么关系，不会系鞋带又有什么关系，你懂得什么是想象，你能画出美丽的池塘夜色吗。要相信每个人都有别人无法超越的那一面，可悲的不是有其他方面表现的比别人差，而是有些人一辈子都发现不了自己最闪光的那一面。喜欢最后一幕ishaan奔向nikumbh，脸上泛着喜悦与自信的光芒。', '相比起如此优秀的电影好莱坞现在的大部分片简直是biggest joke ever', ' 同龄小孩能轻松完成的，他却做不了。他是怎么熬过来的？他的自信肯定全被摧毁了，只好用逆反掩盖无能……与其承认“我不会”，还不如说“我不想”。大人不也常这么做？', '应试作文材料必备片！①极强的细节代入感。②童年印象：街犬、风筝、水坑、棉花糖、蜘蛛、小丑。③希特勒万岁：秩序、纪律、用功。④歌舞传统虽屡遭外世诟病，实而却予影片节奏以强化。⑤水彩如流动盛宴，泼染于画端。PS：想起我幼儿园时爱用彩色水笔写拼音。', '16分钟就差点看哭，后面仍不断涌出哭点，画的那一本自己逐渐离开爸妈哥哥的画册真是催人泪下。过度写实铺垫显得有点拖沓，插播几部MV果然是特色。同样还是一部可以看睡着但是醒来可以再看哭的片...ps简直要成阿米尔·汗的脑残粉了']"
223,城市之光,9.3,13996,"['""在她的眼睛未被治愈的时候，她说，“他不仅仅是个有钱人”，而当她的眼睛被治愈的时候，她是否还会说出这样的话语，在结尾处，一个笑容，将所有的想象留给了我们。 当她终于可以目睹这座城市的光芒的时候，她是否还可以感受到一个人内心的光芒？""', '永远的小人物，伟大的卓别林。', '老电影咖啡馆的第一弹。原来明天会更好的原文也可以是tomorrow the birds will sing。', '【B+】说实话，卓别林式的幽默放到今天确实有些过时了。但幽默并不是卓别林电影的唯一意义，剧本放到今天来看都很棒，对小人物的刻画也是一如既往的出色。不过还是更喜欢摩登时代', '大半时间各种捧腹，结尾却忍不住落泪~不愧是卓别林，兼具批判性、幽默诙谐与暖洋洋的正能量！在查理最后一部默片中，流浪汉与卖花盲女的爱情不知感动了多少人；笑点源源不断，拳击戏更是无与伦比；结尾被评为影史最佳结尾。当代的肥皂剧有几个能达到这种笑中带泪的喜剧片最高境界？（9.5/10）']"
224,血钻,8.6,33760,"['又是一个Leonardo适合的角色，彪悍的小混混。“几内亚，100万人的非洲第二大难民营，但在电视上，最多只能播1分钟新闻，在体育和气象之间。”', '每个国家都曾经是非洲', '基于背景值得一看；丹尼最后的选择有点突兀', '小李一直在努力，非常非常努力，虽然冲奥之路很坎坷，但是这些历练一定不会白费。期待你的《胡佛》《了不起的盖茨比》', '影片并非毫无瑕疵，也确实不够深刻，但在同类题材中已是翘楚。非洲的种种深重苦难、内战和血钻的残酷来历都令人震撼，片中还借女记者之口自讽我们都在消费别人的痛苦，一语中的。剪辑和摄影都可圈可点，小李子演技好到让我第一次真正喜欢上他了。故事本身十分沉重悲怆，詹妮弗康纳利太养眼。（8.8/10）']"
225,浪潮,8.7,45764,"['“他们无法理解法西斯主义，但突然间，他们就成了这场运动的一部分”，有些事情不是有理智就能够分辨清楚的', '人物动机设计简单粗暴，缺乏说服力，一个个入戏这么深，幼稚园过家家还是邪教团体', '浪潮的手势和上好佳广告里的手势95%相似。', '世界离独裁只有五天。让我们回到1967年4月克柏莱中学的那场试验。就在试验结束之时，罗恩•琼斯对他的学生说：“和德国人一样，你们也很难承认，竟然做得如此过分，你们不会愿意承认被人操纵，你们不会愿意承认，参与了这场闹剧。” ---作者熊培云 ，原载《凤凰周刊》', '存在即是合理，没有什么主义生来就带着正与邪，集权主义相比自由主义，首先在效率上就是天上地下，对于弱势群体的保护也是自由主义不能相比。为什么最后会走偏，症节就在人的劣根性，这是无解的！马克思哲学提出以变化发展眼光看问题就是这个道理。有人参与其中的任何思想或运动，到最后一定会脱离初衷']"
226,朗读者,8.5,57371,"['要不是那天的呕吐，也就不会有这么一段爱情。', '汉娜热衷于倾听朗读，她对文化世界中的美好事物的向往越强烈，她对自己文盲身份的厌恶和恐惧也就越强烈，这是同一种感情的两面。这让她近乎疯狂地走上了一条维护、追求尊严的道路，为此不惜撒谎，抛弃工作和爱她的人。为了守护秘密，你会走多远？', '这片不用德语就是先天性第一大败笔。改编没做好，知识分子气十足的小说被TMD改成了情色片，sigh，书还是很不错的。', '在他渐老的心里永远住着那个15岁的朗读少年，如果生命可以定格在那个夏天该有多好。之前的任它错过，之后的不重要了。文学部分略单薄...', '还好她选择了自杀……']"
227,彗星来的那一夜,8.5,79250,"['和来自地球的男人一样都胜在设计，往往在超自然的力量下面人类很容易暴露本性的缺陷，比如猜疑，鲁莽，自毁。这个电影在无数平行空间的外套下面，其实讲的是一个女孩，当她人生中的机遇都一个个逝去的时候，到最后她愿意付出任何代价去抓住最后一根救命稻草，甚至不惜去做一个替身。', '没觉得有什么“烧脑”的，有的只是人类共享的对未知维度的震撼和恐惧。结尾毫无防备地从科幻硬是升华出了人性。强烈推荐这部画面烂到不如DV短片却出奇有力的作品。', '如果我突然看见我自己来杀我，那就证明我过得还不错。', '小成本大魅力', '这部电影在诠释著名的物理学假想实验薛定谔的猫，现在盒子被打开了，我们看到了多世界理论和一致性历史的诠释，最后也看到这和哥本哈根诠释的不同之处。我们以为这群在不同平行时空里乱掉的几个人会想法回到自己的时空，结果最后却是证明了理论的真实性，让片子彻底变成了神棍科幻片。★★★☆']"
228,步履不停,8.8,46815,"['""你才25岁，你可以成为任何你想成为的人。""剧情没有什么起伏，不温不火，朴实平淡的对话，安静的生活，温馨的生活细节，这样讲出来的故事，总是娓娓动人。生命依旧不停的在循环，平淡、责任、羁绊、也许，这也叫做人生吧。当最后那只黄粉蝶飞出来的时候，却让人眼泪止不住的在流。★★★★☆', '我了解关于生命的哀伤，总是静默的，漫长的。', '试图用一个特殊的日子来讲述横山家数十年来的漫长岁月，不运用任何插叙，只是让时间一点点流过，从各人间的对话中了解这个家庭久远已逝的一切哀痛压抑温馨喜悦，然后日子还得淡淡前行。每个人物都刻划得立体有力，但是片长四分之三再往后有些情节：如蝴蝶入屋、孩子晨祈愿、多年后生孩子也开车等稍刻意', '生活尽管再平静偶尔也有波澜 不停走着有些东西还是趕不上。', '听说蝴蝶如果能够熬过一个冬天，来年就会变成黄色。从此，我每次看到黄色的蝴蝶，心里就会难过。']"
229,疯狂的麦克斯4：狂暴之路,8.6,82284,"['除了燃，Mad Max 4还说了一件事。背井离乡七千天，无一日不惦念。不论眼下多苦，相信只要回头就有希望，因为那里是丰饶的绿洲。但这终究只是个幻觉。离开家乡越久，幻觉越严重。你以为逃离能解决一切，但真正的胜者不是寻找green land的人，而是改变wasteland的人。', '全程内心戏都是：【卧槽！还有这种操作！……】', '勉强上5星。很爽，这个爽并不来自动作，而来自各种邪典的设计。镜头和剪辑也很到位。有些邪典设计实在太逗了，一帮人开着改装车掐架，旁边还有个弹吉他助威的，后面一片大喇叭，这个场景可以进年度邪典场景前10了吧。', '虽然名字是mad max,但这片本质上是塞隆饰演的furiosa带领一群娘子军的avenge。和这片酣畅淋漓的动作与邪典精神相比，男人戏为主的furious 7和avengers就像一群太监扯头发一样娘炮和可笑。(no pun intended)', '教无脑CG片做人的节奏。']"
230,色，戒,8.4,74824,"['男人是政治的动物，女人是情感的动物。李安用床戏“将易先生的内心活动外在化，外显他的恐惧、他的愤怒和挫折。你可以形容一个人如何不具备相信别人的能力，但更绝的是让他在高潮时都不敢闭上眼睛” “如果说断背山是一段发生在天堂里的爱情，那色戒就是来自地狱的爱情。”——李安', '从头笑到尾 抱歉。。。王力宏的出演简直是本片最大的灾难。。。', '李安的控制、梁汤和几个配角的表演，台词，场景，摄影，剧本，音乐，都几近完美。非要挑骨头的话，大概就是抗日大背景交待不够，无法形成王佳芝愿意作如此牺牲的充足理由。', '对，我是一个很在意细节的人，甚至有细节偏执狂的倾向。我喜欢王佳芝的嘴角总是倔强地微微翘起，在父亲寄来结婚照片她发去贺信的时候，在她为了王力宏那一心复仇的疯狂甘愿把自己最宝贵的给一个不相干的人的时候，在她接到梁朝伟太太电话的时候，在她和他纠缠在一起的时候，在她看到足以让世界上所有女人疯狂的“鸽子蛋”的时候，在她确认自己是真的爱上他救他一命的时候，她嘴角的弧度，堪称完美。', '“快走”, 汤唯说完这句话转到梁朝伟特写, 梁表情数变（“表情数变”,这是我在看网络小说时经常吐槽的一个词，但没想到居然真的有人能够表现出来）从微笑,困惑, 到醒悟, 再到慌乱, 种种神情一闪而过, 梁朝伟在这里直接奉献出了影帝级别的表演。最后一幕, 妻子进来, 光落在梁脸上, 而眼中隐有泪光闪动…']"
231,遗愿清单,8.6,46961,"['笑了三分之二，最后开始落泪。你亲吻了世界上最美的女孩，你们的故事成为别人见过的最美的传奇。', '喜欢定好小计划然后一一划去的小成就感', '那一刻，他闭上了双眼，却敞开了心灵。', 'Fing the joy in your life...在巴黎吃早饭，去香港吃午餐，溜弯儿到长城飙摩托，插缝跳伞，赛车，开飞机去金字塔和泰姬陵……两个老头去全世界旅游，用剩余不多的时间，去燃烧他们的整个生命。我也想如此来一次生命的释然！“这个故事里总有一些你因为今生没有做过而无限懊恼的事情。”When he closed', 'so one day when i go to some final resting place,if i happen to wake up next to a certian wall with a  gate i hope that you are there']"
232,大佛普拉斯,8.7,65805,"['看到“我要你干我”的时候家里人推门而入，真的百口莫辩', '你永远不会知道他人的皮囊之下，到底藏着什么样的秘密。就像你不会知道，万人朝拜的菩萨肚子里有一具死尸，也不会知道一个收垃圾的大叔，屋子里摆满了洋娃娃。', '那时我们还太年轻,不知道上帝已经在暗地里给每个人都准备好了最后一顿饭。', '有点茶馆听说书的感觉。市井乡氓的卑贱生活，乱象丛生的台湾社会，咿咿呀呀的旁白带来拍案惊奇的效果。在低俗猥琐中接地气，在黑色荒谬中怜悯，人生已是烂泥打滚，揣着一颗佛心才能普度——对小人物来说，平安是福...', '“我们已经可以依靠科技进入外太空，却依然无法走进一个人内心的宇宙。” 忍俊不禁的小幽默，互相打趣的小人物，上演着一出出悲伤的人间喜剧。富人的世界永远是彩色的…']"
233,小萝莉的猴神大叔,8.4,82960,"['近期唯一泪眼朦胧的电影，不能说电影拍的有多好，只是题材上升到了一种高度，宗教，政府，国家其实都是为人服务的，在爱的面前，这些都要让路，人性是能冲破这种种隔阂最后让奇迹出现发出呐喊声音的，也能判断是非对错的，哪怕那些违犯法律，制度，可这尊重人性，最后的最后那场景的确很震撼。', '不说了，洗脸去了', '推荐！推荐！推荐！\n理由一，宗教、国家、种群冲突，人性美与规则法律的碰撞。小事件大主题。\n理由二，有血性，有情怀，有毅力，有原则，有大爱。\n理由三，男主表现极佳，小萝莉笑容极甜。\n理由四，片长159分，但看着轻松愉悦。', '9.有两部宗教相关在前，还可以上升到核心问题。是该片最成功的能量之源。用温情、歧视、信仰和煽情包装的政治隐喻片。折射的却是千百年来相似的问题。从自身宗教的教义瓦解，到全民价值观的取胜。影视剧里帮助完成的，是现实胆小冷漠旁观。“世上所有的安逸都在你脚边，信徒在你仁慈的庇佑下无所畏惧”', '在真正深切的爱意与人性的光芒之下，一切由于偏见和狭隘而被塑造出来的障碍——不同的信仰、对立的政治、分割的土地，都不再重要。']"
234,再次出发之纽约遇见你,8.5,73686,"['奈特莉在教育少女方面颇有天赋“dont let him think you are easy”', '现代都市小清新，在纽约的各个角落讲故事。捕捉城市的声音这想法好棒啊，真希望乐队的段落能再多一点，看不够。当然，相比《曾经》，这部被打磨得更加美国化了，很多棱角没有了。而且曾经的歌也更好听一些……另外，KK的衣服都特别好看！！', '超爱KK！马尾超可爱，穿衣风格也超赞，唱歌也挺好听，Like a Fool最好听，还有敏锐的洞察力！求传授！以城市为背景音想法很棒，听得我燃起了音乐魂。男女主之间朦胧的感情处理地也很好，更多的是惺惺相惜吧。最后居然被骚当的Lost Stars戳哭了，还有可怜的小眼神儿。坚持做纯粹的音乐还是大众的音乐？', '用音乐写给城市的情书，不算新鲜但很讨人喜欢。', '我好喜歡這部電影，連討厭的凱拉奈特莉都變得順眼起來。John Carney有一顆青春之心，否則怎能如此浪漫寬容？結尾女主角選擇了重新開始，一段更加自由，嶄新的生活，反高潮之餘平添一份暖意']"
235,追随,8.9,30958,"['虽然你行的是鸡鸣狗盗之事，但也不用摆出一副鸡鸣狗盗之相', '两个发现，一个主角叫Cobb，另一个主角房门上有个蝙蝠侠标志。', '诺大神的处女作就这么牛逼了……', '关掉声音你会以为这是新浪潮。', '精巧的剪辑，如坠彀中的剧情，这样的故事就像一场不寒而栗的噩梦，让人失去醒来的勇气。还是早期的诺兰比较会玩，后期太绞尽脑汁了，反而失去了信手拈来的味道。']"
236,聚焦,8.8,48174,"['唯冷峻克制的表达，更具“于无声处听惊雷”的震撼效果。', '四星半 其实我觉得最能挖的是rapist may have been raped这一点', '作为一个前记者，看完这种电影真是感慨万千啊……如果不能坚持新闻理想，倒也不必把选择悲情化。做记者本身就要有一点理想主义才行，因为是你主动选择了那个桅杆上的瞭望哨作为岗位。只可惜我们受到的教育和现实完全是拧巴的……电影本身非常棒！尤其是演员的集体表演！', '一部非常沉稳扎实的investigative thriller，再现聚焦报道组调查大批天主教神父性侵儿童丑闻的攻坚过程，原报道曾获普利策奖，电影也如厚重的纪实文学，抽丝剥茧，丝丝入扣。基顿、鲁弗洛不动声色展露极高表演水准，麦克亚当斯状态也不错，片很有奥斯卡相。基顿在办公室尽头接电话一声喂聚焦，收尾太棒', '覺得有點被高估了⋯ 基於本身就很能帶動情緒的真實故事，電影本身沒有再錦上添花⋯⋯⋯']"
237,东京物语,9.2,23817,"['这世上本来就有许多令人灰心的事情。所以，还请你不要太灰心。', '片中的纪子，好善良美丽的女人，一个完美的日本女人。', '所有想说的都在电影里，相信每位观众都会有很深刻的体会', '京子：哥哥姐姐们应该再多待几天的\r\n\u3000\u3000纪子：大家都很忙啊。\r\n\u3000\u3000京子：可这样太自私了。只顾着自己，马上就回去了。\r\n\u3000\u3000纪子：这是没办法的事啊，因为他们有工作。\r\n\u3000\u3000京子：可嫂子你不是也有工作么？他们太自私了。\r\n\u3000\u3000纪子：可是，京子啊……\r\n\u3000\u3000京子：妈妈一死就要拿东西做纪念，我一想', '原节子小姐过世后的一个早晨重看。结尾她说：“不如意事太多了。天天一事无成的过日子，也十分寂寞。我内心深处，还在等待什么似的。”什么都不好的时候幸好还有好电影。']"
238,一次别离,8.7,49255,"['一个教育女儿坚持写正确答案，哪怕为此开罪老师（权威），哪怕为此失去分数和成绩（利益）的男人，却手按着圣洁的古兰经流利娴熟地撒了谎。而一个没什么文化，艰辛挣扎在社会底层的女人，却在向古兰经宣誓之前，想到自己说出的可能是难以确证的谎言，而瑟缩崩溃地说：不，我还有疑虑……', '不愧是柏林金熊奖的口味，白描了伊朗普通小市民的生活现状，时刻可以感觉一股政治气息。那股打官司的劲头都因生活困境而起，只是导演对于刻画人物时刻保持着客观性，而且悬念设置恰到好处，片子如行云流水般冷酷而又充满人情味，虽称不上大师之作，却也是一部足够优秀的文艺佳片！★★★★★', '两个平凡的家庭被卷入了一场谎言与真相，道德与信仰的风暴，片尾法院走廊上的夫妻俩中间隔着破碎的大门，看似能轻易跨过却实则深如鸿沟。人与人之间的理解和包容总是这样触不可及。影片始终让观众跟角色们一起处在焦虑怀疑矛盾的情绪之中，直到字幕出现都仍在等待某种答案。或许这本就是一道无解之题。', '不得不说，近两年的金熊作品，质量都没法跟戛纳威尼斯比。这种故意展现伤痛让人看的作品，实在没有高段到哪里去。', '格局无需大，笔触只要深。']"
239,驴得水,8.3,157494,"['幸好有个民国，不然借古讽今都没有抓手', '过去的如果就让它过去了，未来只会越来越糟！', '对人性的描写太精彩了，中国的好编剧是不是都去写话剧了。女一出色。有人嫌话剧感太重，我倒觉得没有问题，起码是好看的，总比电影感十足的烂片好看。', '悲叹的是被压迫的是女性，欣慰的是觉醒的也是女性', '这个笑话还真把我看哭了，惊喜之作，比夏洛特烦恼的故事高明，但电影感较弱']"
240,黑鹰坠落,8.7,28428,"['这里没有《拯救大兵瑞恩》的煽情回忆，也没有《现代启示录》的痛苦反思，有的只是战争，真实而残酷的战争！', '这是我看过的美国战争大片中最为经典的一部', '虽然长达2个半小时的片长，但能够记住的角色却几乎没有，甚至可以说，这片没有剧情……影片想高度还原一场战役的细节并非不好，但整部片子除了不断开枪开枪再开枪，却缺少对战争本身的思考，视野狭隘。同样是讲述小部队的命运，本片的制作理念和《从海底出击》几乎相反，而这也是我不喜欢本片的原因。', '背景乐配的超级赞！！。。动作和阵容十分强大，但是这样的战争，感觉美国多管闲事害了自己。。经典台词：不是我们想去做英雄，只是时势造英雄。PS：华丽丽的hugh是医官（就是满脸是血那个，和josh一起抢救别人的医官），orlando刚出来就坠机，ewan猥琐的倒茶兵。汗颜。。', '美化战争的绝对文化主义||||美国人的狭隘']"
241,我爱你,9.0,30230,"['“我是个胆小鬼，没有你，我怕活不下去。”四个古稀老人，两段浓浓黄昏恋，他们爱的善良，爱的浪漫，爱的纯粹。即便有些段落会让人感觉略显刻意煽情，但众多老戏骨奉献出的这部电影依然十分值得一看同时也耐人寻味。btw,我始终无法免疫这类电影，满满都是泪。★★★★', '用力有一点点的··过猛····', '我曾经也想那样老去', '不论到了何时，都不该失去爱的勇气和能量。如若是我，我会选择跟爱人一直走到生命尽头，并一同死去。下辈子能不能重新再在一起？这个答案交由老天来定断。', '你说，如果老了，我允许你先死。']"
242,千钧一发,8.8,37856,"['当你有梦想 全世界都会帮你', '人类的历史就是一部歧视史，财富、地位、年龄、性向、肤色...基因决定人生，不过是把这种歧视从人的出生开始以科学的形式固定下来。电影想讲述的是：我也许没有伟大的基因，但我有一颗造梦的心——我就是那个统计学上渺小到不计、但没人可以抹去的1%。', '这名字译得太搞了～＝＝', '科幻版天才雷普利', '梦想与扼杀梦想的不公平，过去、现在还是未来，这是人类戏剧的永恒主题之一。']"
243,发条橙,8.5,51197,"['人是神魔一体的动物 没有善的是畜生 只有善的也只是怪物。', '经典的3p节奏..漂亮干净的画面', '影响我太多的启蒙电影', 'Stanley Kubrick竟然用《发条橙》解读贝多芬，开头至今令我心有余悸。', '成功预言了杨永信的电击疗法。']"
244,E.T. 外星人,8.6,26852,"['断断续续看过很多次，而且都是很多年前，看完整版还是第一回，自行车突然飞腾的时候多少有些激动。童心与童年爱做的梦，属于童年的故事。', '到现在为止说到外星人我想到的都是这里面的模样', '电影很好看！小孩子们真的是特别的天真和单纯的群体！', '艾里奥特和E.T.一起划过月亮的那一段无限地复活了观众们心中的童话，自行车飞天等场面效果真实、华丽且富有童话的梦幻色彩，特效在这里成为了实现人类梦想的工具。', 'ET被抓进实验室，小埃利奥特也一病不起。孩子们愤怒了，他们自发组织起来，营救外星人。埃利奥特也在心灵的感召下苏醒过来，加入营救行动。他们能成功么']"
245,网络谜踪,8.6,97445,"['男主应该感谢妻子的陪伴，感谢女儿的善良，还应该感谢谷歌、脸书、油管，要是他用的是百度，估计不但找不到女儿还会被莆田系广告骗走2万块。', '从头到尾都是电子屏幕这个设定太酷了！导演在形式主义上做到了完美。一个父亲在女儿失踪后抽丝剥茧的寻找真相，各种峰回路转都暗藏铺垫、合情合理，还有亲情的对比反思。是不是今年最好的悬疑片不好说，但绝对够原创、够新颖~~~感谢互联网救命之恩！！！', '约翰赵怎么可能会生出这么丑的女儿！！', '其实抛去形式的话，故事本身还是比较狗血的，反转说服力也欠缺。但因为坚持把所有的镜头都用各种电子荧屏展示，除了电脑页面还有电视新闻、监控录像等等，有种奇异的满足窥探欲的感觉。整部电影就好像在网上找到一个都市传说之后拼命谷歌了两小时看遍各大论坛各种留言的感觉。作为新导演的第一部长篇，把形式拿捏的还是得当，甚至有些太老练了。不过这部电影和亚洲首富连看会令人思考，一部是疯狂拿自己的肤色洗脑，一部是完全隐去...', '9.6/10 不带脑子这片子可能会让你震到。仅仅是几台屏幕，外景也没多少;硬是被导演玩的反转再反转，从节奏掌握到剧情漏洞都不漏全部给弄好了。除此之外还有一张帅脸享眼福，还要纠结啥深度呢? PS:影片真火了绝对又有人又要说自己早就猜到Boss,显聪明打低分鸡蛋里挑骨头的。']"
246,四个春天,8.9,43086,"['导演一家人，一直有保存和记录家庭影像的传统（片中最早出现的素材是1997年），加上知识分子的文艺情趣，人物鲜活不拘谨，张口都能来上一段曲——已经有中国家庭很少见的乐观达然一面。尤其是导演确立了要创作的想法以后，对摄影拍摄的思考（机位、角度、构图），也令电影不乏美感。《四个春天》是家庭录像在这个时代，这个国度，所能做到的极佳案例。甚至对比《日常对话》，它来得更加随心所欲。父亲姐姐拍摄的素材（印象最深...', '真挚的记录，有一对普通老人能遇到的欢乐：香肠熏得好，燕子回巢，邻人送来腊梅苗，「闹热」。也有一个中国家庭能遇到的悲痛，这些我的祖辈也有，但十多年来一直被大家刻意回避掉了。片子叙述极为简洁朴素，没有任何刻意的技巧。凝练了日常生活的韵味，又高于日常生活，这个家庭的生活自有旋律，就像那些餐桌边、山野里、病榻上、坟前、旧视频里响起的歌声。', '人无艺术身不贵，不会娱乐是蠢才', '观影完，有人说想到沈从文笔下的湘西，但我第一反应想到的倒是《徒然草》里的一句话：“仔细想来，我在世上已经了无牵挂，只对于时序节令的推移，还不能忘怀。”时光迁流、景致变化，在东亚文艺传统中原就包含了最深的人生感受。日本电影《古都》也是。现在倒是中国人多失去了这种敏感。', '要说家庭是中国人的一种信仰，这部片记录的就是日常生活中的种种仪式化片段，却没有呈现父母与子女间真正的关系，也算是一种中国特色。对这种私人影像投入院线发行的做法也值得讨论，大银幕无疑放大了视听上的种种缺憾，像父亲那样在电脑上点开段段回忆，也许才是正确的打开方式。']"
247,撞车,8.6,42471,"['《断背山》因你与奥斯卡失之交臂。', 'CRASH，不仅是撞车，更是种族、人性的冲撞。沉重地我只能一再一再叹息。', '奇迹、正义和爱皆无处不在..先说缺点：收尾相对较一般，加入中国人稍有做作感，父亲是糖尿病的警察的那条线，主轴上稍微有些交待不清，奥康纳那条线也有些不够力度..除开这些以外，通过各种犯罪来探讨种族与隔膜并非新鲜事，但仅仅那双隐形的天使的翅膀，仅仅那一组镜头和铺垫就已经值得五星的评价', '喜欢这种看似毫无关联却关联紧密的小电影儿。', '每个人都觉得自己是社会不公的受害者，有的消极待世，有的怨天尤人，有的冷漠对待身边之人，有的则欺凌弱小，殊不知自己也成为了制造社会的不公的轮回的一分子，幸而每个人都有良知，今天的坏人明天也可以是好人，所以，还要怀有希望，五星 ']"
248,变脸,8.5,36143,"['当发哥的风衣、墨镜出现在了凯奇身上，当凯奇在教堂唱起“哈利路亚”，我完全被他迷倒了~~', '原来是吴宇森作品，看的时候还奇怪外国人是怎么想出这个复杂的事情的，而且还能看到《英雄本色》和《喋血双雄》的影子。。。', '永远也不要玩王子与贫儿的游戏(医生真是负责，肚子上的肥肉也被送回去了?)', '说实话，换脸变成另一个人是一件很可怕的事，想一想在变成另一个的时候可以无视道德和法律的约束，会不会在变换的过程中迷失最初的自己', '确实好看呀，我喜欢特拉沃尔塔~']"
249,梦之安魂曲,8.7,42637,"['一部极好的反吸毒电影……', '孤独和绝望，不能想象没有电视巧克力糖分的生活。世界上没有光或者它们统统被绝望的黑暗浇熄了。欲望上瘾如同被魔鬼引诱。一次又一次的站在精神濒临崩溃的边缘上。世界只剩下自己一人，一张床或者沙发前昏暗的电视光速，亢奋后的瞳孔缩小又放大扩散，世界如此空虚迷幻。', '黑色的，意识流的，充满绝望的，字幕的最后几分钟却是平静的海浪声。（FOR\u3000BETTY\u3000WITH\u3000LOVE\n1908－1999）', '哇，那条胳膊！哇，那棵管子！哇，那两张屁股！哇，我要吐了……', '一如既往的匠气，视听则非常过度，不是重口味而是语言上不知节制堆砌的差品味。剧本是典型自以为高明的美式多线程，无非是形式填塞浅薄内容表率。这种胡里花哨噱头电影最经不起时间考验，因为充满了可学视觉技巧，大家都玩烂之后，就会写满了过时两个字。']"
