排名,电影名称,电影详情url,评分,评价人数,评论top1,评论top2,评论top3,评论top4,评论top5,采集成功
1,肖申克的救赎,https://movie.douban.com/subject/1292052/,9.7,1905101,恐惧让你沦为囚犯，希望让你重获自由。——《肖申克的救赎》,当年的奥斯卡颁奖礼上，被如日中天的《阿甘正传》掩盖了它的光彩，而随着时间的推移，这部电影在越来越多的人们心中的地位已超越了《阿甘》。每当现实令我疲惫得产生无力感，翻出这张碟，就重获力量。毫无疑问，本片位列男人必看的电影前三名！回顾那一段经典台词：“有的人的羽翼是如此光辉，即使世界上最黑暗的牢狱，也无法长久地将他围困！”,关于希望最强有力的注释。,"“这是一部男人必看的电影。”人人都这么说。但单纯从性别区分，就会让这电影变狭隘。《肖申克的救赎》突破了男人电影的局限，通篇几乎充满令人难以置信的温馨基调，而电影里最伟大的主题是“希望”。
当我们无奈地遇到了如同肖申克一般囚禁了心灵自由的那种囹圄，我们是无奈的老布鲁克，灰心的瑞德，还是智慧的安迪？运用智慧，信任希望，并且勇敢面对恐惧心理，去打败它？
经典的电影之所以经典，因为他们都在做同一件事—...",超级喜欢超级喜欢，不看的话人生不圆满.,1
2,霸王别姬,https://movie.douban.com/subject/1291546/,9.6,1400552,在野路子出身的张国荣面前，学院出身的张丰毅显得那么单薄,不解，拍出过霸王别姬的人怎能拍出无极来,君王意气尽 贱妾何聊生,你凝视你的脸，几亿人在爱恋。,往事不要再提，人生已多风雨。纵然记忆抹不去，爱与恨都还在心里。真的要断了过去，让明天好好继续，你就不必再苦苦追问他的消息。爱情他是个难题，让人目眩神迷，忘了痛或许可以，忘了你却太不容易。我对你仍有爱意我对自己无能为力。,1
3,阿甘正传,https://movie.douban.com/subject/1292720/,9.5,1449096,阿甘奔跑的意象，应该留在了很多人心里。,我生命里最温暖的一部电影,重新再看一遍，觉得奥斯卡当年颁给《阿甘正传》而不是《肖申克的救赎》，还是对的……更广阔，经得起各种解读，每个人都能找到自己的点。,"这是一部美国典型的反智题材电影。聪明的人未必一定能成功。阿甘的智商极低，却情商极高。他一直怀着单纯的心，做了在别人眼里了不起的事，也尽力照顾身边的人。
成功充满必然与偶然。
人生就像是一盒巧克力。
最经典的两句台词
",他的十二支船，每一支都是她的名字。她走后，他只得跑遍世界的每一个湖泊和沙漠来思念她，只等她一声召唤便死心塌地的回到她的身边。好莱坞编造一个这么纯粹的故事，让我们看到我们所拥有的感情，是多么的残破不堪。这简直是残忍的，不道德的。,1
4,这个杀手不太冷,https://movie.douban.com/subject/1295644/,9.4,1645009,我开始想要过得快乐，睡在床上，有牵挂,这个男人他是从儿时的动画片里走出来的，是邪恶和童真的混合体，这令我着迷。,小妞造型不错，赶在长残之前拍完了,"看到泪飙，世上最温情的杀手。
幸运的姑娘在12岁就遇到了真正的男人。
",我到哪里找，像你这么好。,1
5,美丽人生,https://movie.douban.com/subject/1292063/,9.5,920105,如果谎言可以这样美丽，我也情愿生活在谎言之中,很久以前看过的，永远难忘片中父亲的鬼脸,父爱构筑了一场温馨的战争，没有在孩子心里留下任何阴影。故事分裂成两部分，前半是圭多对公主的追逐，用智慧战胜了强大的求婚者，抱得美人归；后半是战争风雨飘摇时对亲情的忠诚，在迈开大正步赴死，努力保护孩子时，父爱如山，界已成神.,前后如同两部电影。前一半有多欢脱，后一半就有多苍凉。我特别在意那位执着与于猜谜的军官，善与恶，竟然最终抵不过一道谜题，这也是一种人生的况味吧。,"看过很多遍，我会背很多台词：我想和你做爱，我见你的第一眼就想和你连续做三次爱。如果你违反了三条规定中的任何一条，你的得分就会被扣光：一、如果你哭，二、如果你想要见妈妈，三、如果你饿了，想要吃点心！想都别想！第一句爱情性感，第二句父爱如山 
最爱的还是那句：早安，公主！",1
6,泰坦尼克号,https://movie.douban.com/subject/1292722/,9.4,1394013,若干年后，2010年12月27日凌晨一点半，我不知道还有谁醒着没睡，还有谁和我一样，刚重温过这片子，或是刚刚打开准备重温。我又哭得很惨，这是毫无疑问的。我想，之所以不情愿活着，是因为没有那个如此相爱想要厮守的人；不情愿死去，是因为没有一个人如此爱我，值得我为他去死。,一部应该被记住的电影.,学校组织放映的影片，大家好像对rose和jack恋爱过程猎奇，但是让我感动的一幕是轮船将要沉沦，海上乐队的绅士们整理领结，肃穆庄严的弹奏最后一曲，那一瞬间，仿佛听见一首镇魂曲在响彻。,1998年，哈尔滨火车站地下给初恋女友买的盗版光盘。,第一次看到沉船，第一次看到正面全裸，第一次看到伟大的爱情，第一次...,1
7,千与千寻,https://movie.douban.com/subject/1291561/,9.3,1487855,曾发生过的事请不可能忘记 只不过是你想不起罢了,十年后重看只想大哭，其实我们都明白这个结局。,"你忘了吗?
往下飞的时候眼泪是往上流的.",一个寻找自我或者自我复苏的过程,有一点模糊的小爱情...小白龙报恩，千寻想起了她自己及小情人儿的名字。帮客人洗澡，小煤球儿来回跑。这些经历给我多好玩儿，我一定不会变成大猪，不乱吃东西，给客人洗得干干净净。小白龙永远跟我好^^回到14岁：）,1
8,辛德勒的名单,https://movie.douban.com/subject/1295124/,9.5,741606,印象很深刻的是黑白画面中的红色。,这不止是剧情，更是技术、镜头、剪辑、演技和配乐的综合胜利。表达是一出技巧活，不以剧本和背景定优劣，这一切都是导演的功力和运气造成，不可求，但可遇——《辛德勒的名单》可谓厚积薄发。而实论背景，辛德勒本人之事尚存争议，电影却已在全世界人面前诠释并且定性了，由此可见媒体的影响之大,不仅仅是犹太人，而是整个人类的悲剧。,每一次看都有新鲜发现，每一次看都会内牛满面。/ 记第一次在中国大银幕观看 20190413 @天幕新彩云巨幕厅,"斯皮尔伯格，犹太人，世界最著名的导演之一，他通过黑白映像把第二次世界大战中德国纳粹犯下的滔天罪行传播到世界各地，那段对犹太人灭绝人性的杀戮终于大白于天下。
苍天悲悯，辛德勒名单内是生命，外是死亡，他为此倾家荡产，1100犹太人得已生还，也记住了辛德勒这位伟人。
",1
9,盗梦空间,https://movie.douban.com/subject/3541415/,9.3,1397503,1、电影确实精彩。2、没有想象的难懂，相信你自己。3、总会有一个让你记一辈子的镜头。4、请降低期待值。5、请提前上厕所。6、记得关手机。7、一定要去影院，因为影院也是个造梦机器。8、记得听完结尾音乐。因为它负责让你醒来。9、极可能是近几年你在影院看过最精彩的电影。10、穿越吧少年,一部电影好看到即使你明白它在故弄玄虚也是义无反顾的打五星。,一直在牛逼，从未被超越。只有Nolan才能达到这种境界！！！,“既然做梦，就做大点” 这句太深得人心了。——2010年最天才的电影。“谁又能说，现实不是梦境。” Do you remember how you got here?,Nolan给了我们一场无法盗取的梦。,1
10,忠犬八公的故事,https://movie.douban.com/subject/3011091/,9.4,960308,八公的主人，也在天堂的门口等了它很久吧。,动物是我的死穴...从头哭到尾..,你要养狗，就不能当它是guest，十年可是一只狗的一辈子,天呐我从后半段开始一直在哭 为什么面对这么居心不良的赚眼泪煽情电影我还是被套牢了！我马上要给我家小羊皮一个热烈的大拥抱！！！,感动你们的是电影，还是故事本身？,1
11,海上钢琴师,https://movie.douban.com/subject/1292001/,9.3,1160818,某一天我突然明白，他不能离开的不是那艘船，而是那片养育他的精神家园,如果我把吉他练熟了，就可以不用买打火机啦,最喜欢的电影，喜欢，不是之一，而是唯一 ,又是一定该看的，只在自己的世界里坚持自己的人．哪怕生命就这样消逝．只留下一点声音的碎片，１９００，也许我们都一样害怕脚踏实地的生活，害怕乌烟瘴气的世界．,我想有些东西只是能在特定的环境下生长。当环境变了，其他的一切都会变。,1
12,机器人总动员,https://movie.douban.com/subject/2131459/,9.3,922210,这是一只安卓和苹果的故事么。。,小瓦力，大人生,呃，能吐句槽吗...剧情，好弱...,到底有多少人是因为《机器人总动员》这个烂译名错过它的！太出色的一部动画了，你找不到替代品的。默片，看似简单又非常复杂的设计，怎么那么棒，那么感人。,Just need someone who will look after you,1
13,三傻大闹宝莱坞,https://movie.douban.com/subject/3793023/,9.2,1284102,这几个月来看过的最好的片——”做自己“，也许才是人生终极的成功。别总嘲笑印度人”阿三“，他们已经追上来了，无论经济、科技还是我们一贯认为只会跳舞唱歌的宝莱坞电影。盛赞！5+1星！,太给力了，有史以来最励志的电影。,阿米尔·汗你是个天才！！！,如果有一天你变成了奇怪的家伙，生活于恐惧和虚假之中，就念重生的咒语“All is well”，狠狠地给这个世界一脚！对鼓励别样人生价值和给人梦想的片子我是举双手赞成，何况从头到尾都拍得这么欢乐。台词：“朋友是男人最大的胸部”、“你这么害怕明天，又怎么能过好今天”。,你们都说好看，我也就觉得一般般,1
14,楚门的世界,https://movie.douban.com/subject/1292064/,9.3,1021316,就算是已经完全知道剧情走向也还是被震撼被感动。就算你能摄影我的一切也无法在我脑内安装摄影机。,其实电影本身编得并不算十分出色，照顾到了一些细节，但破绽也浑身上下都是。不过，在乎的不是这个故事编得如何，而是这个idea，让人不由环视一下自己的周遭。以前在科幻世界上也看过类似的桥段，有关地球仪的。,打开这道门，即便现实再最肮脏也请让我自己感受！关掉你的镜头，即使现实再无奈你也必须自己体验！,这是一部每个中国人和每名中国同志都应该看的电影，我们就是无数的楚门，生活在这个时代。我们的命运被操控在他人手中，大多数人还并没有发现，更多的人发现了也无力挣脱。心灵的顿悟是人生的必修课，你不去选择它，它就会左右你。“人生如戏，戏如人生”,神作！！！！！！！！！！！！！！！！！！！！！！！！！！！！！！！！！！！！！！！！！！！！！！！！！！！！！！！！！！！！！！！！！！！！！！！！！！！！！！！！！！！！！！！！！！！！！！！！！！！！！！！！！！！！！！！！！！！！！！！！！！！！！！！！！！！！！！！！！！,1
15,放牛班的春天,https://movie.douban.com/subject/1291549/,9.3,894175,歌真好听，为什么我上学内会儿参加合唱队唱的都是《黄河大合唱》之类的,看到激动地直起鸡皮疙瘩，看来总有那么一种类型的东西能感动本人,被那些孩子们所感动。天籁一般的童声，定是最接近上帝的存在。,一日为师 终生为父,一位影评人：“不同于一般的运用悲情拼命煽情的悲情电影，或极尽夸张搞怪的爆笑喜剧，《放牛班的春天》是一部让人因为喜悦而泪流满面的电影。这也创造了法国电影新概念——阳光情感电影。这部没有美女、暴力；没有动作、凶杀和商业元素的好电影成为了本年度法国人的心灵鸡汤”,1
16,星际穿越,https://movie.douban.com/subject/1889243/,9.3,1033397,时间可以伸缩和折叠，唯独不能倒退。你的鹤发或许是我的童颜，而我一次呼吸能抵过你此生的岁月。,1.史上最强主角光环。2.黑科技飞船：烂成那样还能不被潮汐扯碎。3.友好的引力时空交互界面：不用学就会。4.凑数的反派角色二到家。5.按表现应该是3+3维时空，5个维度不太够。6.神棍。7.中二：爱战胜一切。,你应该敬畏时间，因为那是一切的密码；但不要滥用爱意，因为那不是一切的钥匙。,看完没人起立鼓掌，因为全跪着。,天地玄黄，宇宙洪荒。英雄气笃，儿女情长。,1
17,大话西游之大圣娶亲,https://movie.douban.com/subject/1292213/,9.2,1009438,一切的闹闹哄哄，只是他在水帘洞躲避风沙那晚做的一个梦。,一遍烂，两遍笑，三遍哭,"经历过和正在经历着悟空式的命运和紫霞式的爱情，才发现生命的本质是以最低的姿态出现的。英雄？你为什么不问问做英雄的代价？  
“想不到经过这五百年，我要找的并不是她，而是你。”人生际遇真是难以言喻。",我猜中了开头，却猜不到这结局。/ 20141024 在影院哭死,因为你还没有遇到给你三颗痣的人,1
18,熔炉,https://movie.douban.com/subject/5912992/,9.3,618323,這個世界的絕望在於，眼睜睜地看著那麼多的不公不平每天都在身邊發生，自己再怎麼努力卻依舊無可奈何；而這個世界的希望也在於，明知是蚍蜉撼大樹，卻還是有那麼一群人執著地選擇了這一條艱難而幾近不可能的路。,当邪恶的力量已经渗透至社会的每个角落尤其是当权者手中，我们还他妈向谁去央求公平和自由,不说别的，光电影那股正义的力量，就足以让人沸腾。,《内咸》--鲁迅,“奋起反抗不是为了改变这个世界，而是为了不让这个世界改变我们。”电影以真实故事改编，又一部极其精彩反映社会阴暗的题材。每个人物都刻画的立体丰满，情感同样控制得当，无力感充斥全身。电影完结，愤怒、无奈、唏嘘、悲伤各种情感如同“雾津”的浓雾一般，久久未能飘散，始终萦绕心头。★★★★,1
19,疯狂动物城,https://movie.douban.com/subject/25662329/,9.2,1195433,树懒太他妈好笑了！！那两分钟我嗓子都哑了！！卧槽！！真是太他妈好笑了！！,完爆冰雪超能头脑，动物再次证明了动画片不止是给小朋友看的，而是全年龄段和世界级的，尖端数码特技、新意剧情、老梗新用搭配萌Q画风，乌托励志、搞笑温情、自然销魂、阴谋反转，用动物来映射人类，涉及种族歧视和两党斗争，无论从制作技术还是政治倾向或是社会意义来说，基本锁定今年奥斯卡最佳动画,"对比Frozen又是一次进步，但迪士尼家的反转还是太好猜，在最明显的线索被披露前真反派其实就已让人隐隐有种感觉。但抛去这点不看整部电影的主题和执行都堪称模范，还顺带早早地贡献出了今年最佳CP。""You know you love me.""(整个人在椅子上被苏晕",绝对的好片子 裂墙推荐。实在是因为另一场满了…随手挑了这个片子。真是5分钟一小笑 10分钟哄堂大笑。看那个又懒又慢树獭简直要锤墙了。旁边法国妹子精辟的吐槽！看！这是我们法国人。我要憋到内伤了。最后散场大家都静坐着等着整首歌放完…五星好评。2016年度十佳。,好莱坞这套讲故事的模式可以把全世界都吃的死死的。,1
20,无间道,https://movie.douban.com/subject/1307914/,9.2,824288,牛就牛在，他让所有演员都达到了巅峰,港片新旗帜,现在看来，无间道一部电梯里挤了三个影帝，这部电梯也算是前无古人后无来者了。,卧！槽！居！然！这！么！好！看！（好后悔现在才看这部电影……所有人的演技都太棒了，甚至萧亚轩……）,难怪高中时大家那么喜欢。片尾才发现，陈永仁的生日和我一样。,1
21,龙猫,https://movie.douban.com/subject/1291560/,9.2,862602,如果你在下雨天的车站，遇到被淋湿的妖怪，请把雨伞借给它，你会得到森林的通行证哦,"龙猫，好烂漫的幻想。
消失的乡下风景、慈祥的爷爷奶奶、嬉笑追逐的儿时玩伴，是童年最纯真美好的回忆。","我要告诉你，纯真是一种财富。

",萌啊，给我一只龙猫吧,我好像看到小月和小梅坐在那棵松树上对我们笑。“搞不好真是她们呢。”,1
22,教父,https://movie.douban.com/subject/1291841/,9.3,632880,"男人。
千万不要记恨你的对手，这样会让你失去理智。",科波拉是有厌女症吧？这片子里的女人要么圣母得让人恶心，要么就傻逼得遭人烦，除了哭哭啼啼就是无理取闹。最后一个镜头，麦克成为新的教父，一道门隔开他的妻子，不是没有理由的。这是一个男人的世界。相对来说我最喜欢医院里那场戏，拍得相当有张力，第一场婚礼戏也喜欢。,平缓的节奏蕴藏着巨大的权威和张力，音乐舒缓淡淡忧伤，利益博弈人性冲突。无论是演技还是镜头、音乐的运用，都给人以一种美的享受。而看这部电影是极其需要沉下心来细细品味，也无论何时翻出来重温都能有新的感受。★★★★☆,这男人。。。牛逼又孤独吧。。,男性电影，没有打动我,1
23,当幸福来敲门,https://movie.douban.com/subject/1849031/,9.1,1030524,如果能让自己不再为光阴被虚度，才华被耗尽而流泪，如果能让自己坚定，“我不要似是而非的人生，我要自己做的每一件事都刻骨铭心”，那么这场狂热便是得其所，记住这永远不是最差的人生。,我一直记得，有人对我说：当你迈过这个坎之后，你会发现，还会有什么不可以面对的困难。,为毛不去天桥上乞讨？为毛不去地铁里乞讨？在我们这儿是这么办的。,除了幸福 什么都能放弃 一定要幸福 和自己喜欢的人在一起 做自己喜欢的事,想起来徐本禹说的那句话：”你穷，别人会同情你，但你一直穷，别人不会一直同情你的。“《幸福来敲门》虽然算不上是完美的励志片，但它至少教会我一点，不要把自己经历过的事儿当个事儿，即使能感动他人，这些也什么都不是。把这些扔在脑后，让生命爆发出战斗力，去击败一切，才是真正动人的感人故事。,1
24,怦然心动,https://movie.douban.com/subject/3319755/,9.1,1185283,某山渣树怎么好意思说自己是史上最纯？？！！！！！ 这个真打动我了。。。女孩是第二眼美女！！！！！！！！！！,上学的时候早恋，父母反对；上班了不恋爱，父母反对。你真是羡慕人家老外啊。,当她在他身边蹦跶乱窜，他始终不屑一顾。当他意识到原来自己的眼神早已无法离开她时，她已优雅、自信、美丽得如同女神一般。,"Some of us get dipped in flat， some in satin， some in gloss. But every once in a while， you find someone who""s iridescent. And when you do， nothing will ever compare.有些人浅薄，有些人金玉其外而败絮其中。有天你会遇到一个彩虹般绚丽的人...",这算完美吗？小镇美景、帅正太、酷萝莉、家庭温情、成长点滴。。。双线结构，视角切换，细节丰富，过程明晰。。。爱就该是这样悠悠扬扬、婉婉转转、一阵冷、一阵热、一阵抽风、一阵颤抖的过程。。。睿智外公和脑残叔叔是惊喜。。。爱到最后拼的果然还是人格魅力啊。,1
25,触不可及,https://movie.douban.com/subject/6786002/,9.2,673673,今年看的第二部佳片。茫茫人海，两个截然不同的人相遇，你改变了我，我改变了你，相逢的人会再相逢。关于社会的贫富差距、青少年犯罪、种族歧视这些虽没有明说却在暗中映射，以此来烘托角色。富豪有钱却残疾不快乐，黑人贫穷却有一颗善良乐观的心。ps:Ludovico Einaudi的配乐很加分！,原声实在是棒！两个演员都很精彩 完全是笑声和泪水齐飞的电影！！！,就像Ludovico Einaudi的钢琴配乐，古典，氛围，轻易就可以打动人心，我对于此人的印象，还停留在【这就是英格兰】电影原声阶段。欢乐和温情并存的法式温情喜剧，台词很精准，刻画人物的同时还让人捧腹，力道精准，火候尚佳，这应该就是点到即止的魅力！高雅和喜剧细胞还真不是随便就能学来的。★★★★,黑&白，老&少，超越种族和阶级的友情，感人至深的温情，细腻动人的剧情，以及极赞的电影配乐，不禁让人想再次回味...,不怜悯是种更高级的尊重,1
26,蝙蝠侠：黑暗骑士,https://movie.douban.com/subject/1851857/,9.2,693836,蝙蝠侠、双面人和小丑这三个形象把人在善恶两面的矛盾及选择映射得淋漓尽致，于是成就了史上最佳漫画和英雄电影。时光网：“诺兰让关于艺术片和商业片的讨论变得毫无价值。《黑暗骑士》不但拍出了古典悲剧的感觉，还探讨了恐怖主义、越界权力等美国当代的热点话题。最关键的是，电影好看得无懈可击。”,好到一秒钟都不曾浪费,大片中很有内涵的一部，不管是人们心中暗自涌动的对小丑疯狂灭世主义的不安的共鸣，还是对蝙蝠侠孤独暗夜行走的英雄惜英雄般同情，其实都是人们对这个世界失望的一种情绪释放。其实小丑说的很对，他和蝙蝠侠很像，都是异类，只不过蝙蝠侠把痛苦留给自己，顽固地去坚守一丝信仰，而小丑把痛苦还给世界。,Christopher Nolan太厉害了，好莱坞漫画类型片居然能拍到这样的高度...,Batman是最不漫画的漫画英雄，也正因为这一点，使之最有可能成为跨越犯罪剧情片和漫画英雄片界限的特例。而这一次，编导精准的抓到了这一点，把这部电影打造得丰富严谨又酷劲十足，无论是满足视听还是人性复杂层面的挖掘上都做到了堪称完美！,1
27,控方证人,https://movie.douban.com/subject/1296141/,9.6,259893,五星级结局，难以置信这是1958年的黑白电影！,阿加莎·克里斯蒂的精妙情节配上比利·怀德的风趣对白，以及查尔斯·劳顿、玛琳·黛德丽、泰隆·鲍华等人的精彩表演，几近完美的电影。不老的玛琳·黛德丽，又被感动了，真棒。,律师三寸舌，妇人宫心计，两者皆不敌，最坏男人心，花心郎算尽太聪明，反算了戚戚性命,阿加莎和怀尔德的完美结合 一群戏骨的完美演绎 意外而又意料的主线、熠熠生辉的细节向世人证明：小说和电影的结合能达到如何的高度 要是需要我用一句话来评价我的douban NO.1500部电影 那只能是：此曲只应天上有，人间难得几回闻,比利怀尔德的电影总是那么好看，老律师的一言一行都充满了喜感，法庭场面非常精彩，整个过程中的一些阴暗交易和最好的反转，有让影片有了一丝黑色电影的气质，力荐！,1
28,活着,https://movie.douban.com/subject/1292365/,9.2,535117,"活着就是受罪 活着就是劳累 
活着就是互相折磨 活着就是不对 
活着就是受罪 活着就是劳累 
活着还得互相安慰 活着就会憔悴 
活着就是受罪 活着就是劳累 
活着就得拼命挣扎 活着就得干脆
——尹吾 你笑着流出了泪",一个时代有一个时代的悲哀和可笑，你能在别人心酸的故事中读出些许温情，也能从自己的平凡中领会些许荡气回肠。电影少了原著的惨烈，但那种好死不如赖活着的悲凉还是存在的。,个人认为张艺谋最好的电影，可惜这样的电影被当局禁了，因为固有的自卑。9分,活着就是一切！戛纳评委会大奖，老谋子最好的电影。,改编自余华的小说【活着】。很好看。书和电影都好看。活着的人比死了的人还痛苦。我觉得是的。,1
29,乱世佳人,https://movie.douban.com/subject/1300267/,9.3,459735,也许每个女孩子心中都有一个艾希礼，只有经过时光才发现真爱原来是班瑞德。,郝思佳不算是个“好女人”，但她身上有着或许很多男人都没有的韧性，仿佛什么都无法打倒她，她永远能找到支点，重新站起来，正如她一直记在心里的“tomorrow is another day”。,這麽有名的片子，我今天才看。那時的彩色技術就那麽棒了？！！ / 你們都喜歡Scarlett和Rhett，我卻只喜歡Melanie和Ashley。,我不说。什么都不说。,永远的银幕经典.再说了，乱世佳人是我最爱看的书.,1
30,末代皇帝,https://movie.douban.com/subject/1293172/,9.2,470344,所有的离开你都赶不上，所有的门你都打不开。所有的人都是撒谎者。,溥仪登基之初的十六抬大辇，和片末游行时红卫兵扛在肩上的毛泽东像，讽刺意味浓重。感觉导演还想告诉我更多的东西。但我更多是对这位末代皇帝的同情，还有艳慕。。。好喜欢大被同床的双飞镜头。,有史以来一部最地道最出色的中国电影，居然，Made By Italian～,他痛哭流涕追阿毛、失魂落魄追婉容，但始终追不回那昔日辉煌的时代。他反抗太监偷窃文物、反抗日本傀儡操控，但终究反抗不了自己跌宕唏嘘的命运。他做了一辈子囚徒，在紫禁城在满洲国在抚顺管教所。终于买了张观光票，在赤色余晖中蹒跚进入太和殿。须臾一世，只有那皇座下藏着的蟋蟀，还认得他是帝王。,贝托鲁奇镜头下的中国始终是存在于他想象中的红色国度。电影拍得过于西化了，但讨巧的用溥仪的命运承载了近半个世纪中国的变迁，进而阐释了人与命运对抗的古希腊悲剧主题。如果说人的一生是不断失去的过程，溥仪无疑是失去最多的，因为他曾经拥有整个中国...,1
31,寻梦环游记,https://movie.douban.com/subject/20495023/,9.1,995638,我们是人类的一分子，而人类是充满激情的。医学、法律、商业、科技，这些都是崇高的追求，足以支撑人的一生。但音乐、诗歌、梦想、情感，这些才是我们活着的意义。,11月1日亡灵节当天，墨西哥城的影院里，隔壁座儿的小男孩画着鬼脸儿穿着骷髅服，老奶奶抱着万寿菊，举家一起看coco。生活与动画交叠而映，感慨又感动，炫目又泪目。这才叫文化输出，好羡慕，好嫉妒。（ps：盖尔加西亚~不枉爱了你十余年）（pps：开场前送了20分钟冰雪奇缘番外 ，以为走错片场）,满分。毕竟我已经很久没有看个电影哭得像个小孩子了 似乎大家又要说起那句老话：电影是绝佳的造梦机器。那些回不去的家乡 没能守护的家人也只有在梦里相见。,麻烦说比头脑特工队好的适可而止，coco这烂大街的设定真的被头脑完爆。只是一些观众更吃coco这种温情又煽情的故事罢了,看着看着就哭了，哭了有至少三次。片头叙事的载体与手法很巧妙，时空流畅地穿梭于缤纷色彩中。配乐动听，Dolby带来演唱会般的体验。纯真美好的梦想无比激昂，安稳温暖的亲情格外芬芳。我们都会离开这个世界，可是，有了一片金色花瓣的祝福，我们不会孤单。想唱就唱，唱得响亮；想哭就哭，泪过启航,1
32,摔跤吧！爸爸,https://movie.douban.com/subject/26387939/,9.0,1044209,豆瓣文青们可能已经成功被白左的西方政治正确洗脑了：不放在具体语境下，以西方女权衡量一切本来就是一种偏见和武断。在整体状况还不如中国的印度，本片已经适当地展现了一种进步的女性生活方式，即便在父权的引导之下。让符号化的解读蒙蔽影片传达的真情实感，令人感到可悲。,#北京电影节#我不觉得这个片子囿于父权的藩篱，父亲虽然有在女儿身上圆梦的渴望，但也建立在发现女儿的天分的前提上。摔跤让两个女孩子挣脱了偏见和无止境的家务，挣脱了14岁嫁人的命运，踏入更广阔的世界。说直男癌都是怎么想的？,最惊讶的是放印度国歌的时候电影院几乎所有人都站起来了。。,在印度看得169分钟，一部处处衬着男权和父权的女性电影，女儿没有任何选择权，被父亲残暴地教育成为世界冠军，这个冠军的“正确“结果就意味着父亲教育的正确了。意外这部电影宣传期在国内口碑这么好，大家去看完整版吧认知会反转的,父亲堪称年度最讨厌角色，女性意识的觉醒不是建立在自我的基础上，而是在父权的逼迫下强制产生，这种价值感实在不敢苟同。此外，本片将体育的竞技精神完全扭曲，以输赢作为唯一指标。放在励志题材电影横向比较，也毫无任何创新之处。,1
33,少年派的奇幻漂流,https://movie.douban.com/subject/1929463/,9.1,982933,语言匮乏。就想搬个板凳坐电影院门口跟行人说：来嘛~,深邃阔海，浩缈星空，绝境谕旨接踵而来，漩流深处响起弥撒之音。李安从来都不会纵情，他只是个温柔的人，腼腆着讲述内心的哲学。,李安的片子越来越有得道升仙的感觉。。。把奇幻的世界也拍的太美了/见证上帝的说辞是真是让人羡慕有信仰真好/男主角π说人生虽然要放开一些事物，但是放开的时候还是要好好的道别呀。然后我就哭了。。。,五星献给自己看到的最好的3D电影。李安自己也说，拍这电影是不可能完成的任务，但他自己辛苦努力四年终究做到了。第一次如此感受到3D是一部电影不可分割的一部分，以及变换的画幅比例、层层交替的剪辑，一切都是为了故事本身。故事从冒险到有些奇幻，PI其实没有很多内心表达的镜头，但我可以感受到它,基督在旷野修炼，魔鬼要求他展示奇迹将石头变成面包。但基督拒绝了，因为奇迹就是魔鬼的诱惑。故事出现第二个版本正是印证了这一点。它让电影主旨反转：不再是关于信仰的确立，而是它的缺失——信仰不能建立在奇迹之上，但假如你面对一个奇迹，却选择拒绝去相信，这就是没有信仰的悲哀了。,1
34,指环王3：王者无敌,https://movie.douban.com/subject/1291552/,9.2,507470,与咕鲁相比，弗罗多是幸运的。他具有别人无可比拟的强大的纯真力量。但他毁灭了魔戒，却无法清除内心被唤醒的邪恶。谁能说在故事最后他远渡海外，不是一种高傲的自我放逐？也许在索伦被消灭的那一刻，他也明白了邪恶的不可战胜。只是不得不与之抗争是英雄的使命。,最服的就是山姆了，走了那么长的路，路上吃得那么少，一点儿没瘦。,为什么我不爱看指环王,巨制就是巨制魔幻这题材少了美刀那不是人玩的感想如下：幽灵大军战斗力堪称最强阿拉贡你早调人马来省事好多 就是看着像清鼻涕 甘道夫你这个白袍儿怎么灰头土脸没有人家萨鲁曼当得有气势捏？精灵弓箭手萌~萌~萌~一大笑点是矮人金利 四个霍比特人就数弗罗多不讨喜这是角色设定没有办法 嫁人就嫁阿拉贡介样的人不过丽芙你脸也太长了我设定成宽屏还盛不下你的脸 有人说山姆和弗罗多其实是断背我看很有根据 所谓那会心一笑一切...,"彼得大帝告诉你：什么叫做史诗！
本片荣获第76届奥斯卡最佳影片、最佳导演、最佳改编剧本、最佳视觉效果等11项大奖，和《泰坦尼克号》《宾虚》并列“获得奥斯卡最多的电影”。",1
35,飞屋环游记,https://movie.douban.com/subject/2129039/,9.0,909150,有史以来最强壮的老爷爷和最轻便的房屋~一群最不靠谱的狗和一只引人发笑的怪鸟~外加一位惹人喜爱却戏份不多的老奶奶，组成了一部我大爱的好片！,史上第二彪悍钉子户的离奇拆迁故事。Pixar完美地成熟了。,梦想，多久开始实现都不晚。《冰河世纪》也好，《史瑞克》也好，永远都赶不上皮克斯动画的情怀与意境。,爱和梦想，勇气和希望,PIXAR总是能带来最单纯的美好,1
36,十二怒汉,https://movie.douban.com/subject/1293182/,9.4,305817,"情节展开的不错，但是戴维斯主张的部分都只是模棱两可的推测，实际上挨个求证这些东西之后，孩子有可能是凶手，也有可能不是。只是控方的初期工作没有做好，辩方的交叉质询没有做好，案子应该重新调查，而不是简单的判决无罪。

看到有人截屏引用这个十一年前短评做庸俗群众代表我很荣幸。

现在我要补充的话，会说，权利机关的失职是一回事，合理质疑没有毛病，但结局判决无罪是有毛病的。因为不管群众是盲从机构推测，还是盲...",辩论结束以后的镜头非常非常有趣，一群人各自散去消失在人群里，分分钟传递的是对美国民主制度的自信与自豪，而中国的《十二公民》辩论结束以后，陪审团成员们都各自走向了自己的孩子，这看来是把民主交给未来了.....时隔60年,看着五十年代的饮水机电风扇和豪华厕所只想感叹“万恶的资本主义”！,傻了B了，竟然先看介绍，结果观影过程觉得影片本身十分做作。,除开日出日落外，又一部以对话为主的电影。有张力，也有法律的基础常识、以及如何说服人和群体决策等要素。,1
37,鬼子来了,https://movie.douban.com/subject/1291858/,9.2,421654,陆川快来学习一下牛叉电影是怎么回事吧，不卑不亢不装逼，爱姜文,大哥大嫂过年好~~~~AND 姜文这个人是个天分极高的家伙。,中国最好的电影。,留口气活着很重要，可有些事比活着留口气重要,在抗战这个题材上，找不到比这部片子做得更好的了。与之相比，陆川简直是坨狗屎。,1
38,何以为家,https://movie.douban.com/subject/30170448/,9.1,580621,"在这里，女孩是一种商品，可以换钱；男孩是一种工具，负责养家糊口、照顾更小的小孩。
父母只管生，不管养，将孩子当做摇钱树和免费劳动力。他们不但不能给孩子带来快乐，只会给他们带来苦难和折磨。
现在做什么都要考证，做父母却不需要考证。然而并不是所有人都配当父母，也并不是生了孩子就自动成为妈妈。
他们只图一时的快活，让孩子跟着他们来到这个世界一起受苦，他们根本不配做父母。
如果不能给予孩子幸福，当初就不应...",前100分钟拍的没有任何一丝赘笔，冷静利落，最后20分钟稍有煽情过度，但也是在合理范围之内，小男孩的演技已经超过当年的柳乐优弥，戛纳最年轻影帝马上就要诞生了。,穷人可以生孩子，愚昧的人不要生孩子,这题材...这手法...锁定奥斯卡外语片提名。小男主的表演太厉害了！有点煽，可看性很高但艺术层面低些。技巧很干净，但偶见被安排的剧情。希望有更多人看到这部电影。,"孩子，你做了爸爸，你做了妈妈，你也做了替万千与你一样的人鸣不平的英雄，但你唯独没有做过你的本分——一个孩子。
孩子，于你，这世界是该享乐的，生活之苦，是该被那个叫父母的人默默承受，不该像现在这样颠倒着的，你太小，除了哭，你没有与这世界对抗的武器，但，分明连上天都哭了，你为什么从不愿使出这个武器呢？
孩子，你是上帝派来的上帝吧，你头戴光环，普照苦难，渡人却无法渡己，而你的表现却令人揪心：你好像早都知...",1
39,天空之城,https://movie.douban.com/subject/1291583/,9.1,577736,我看这部一直会哭，看了几次哭了几次，也不知道为了什么。总之，一看到手臂长长的铁皮人寂寥的站在那座城中，就控制不住了。,突然好想哭……,对天空的追逐，永不停止。,喜欢工业革命时期笨拙又功能性的全机械化的东西，觉得发明家很了不起,佩服宫崎骏的想象力，电影中的某些情节还历历在目，是部非常不错的动漫电影，弦乐很动听！,1
40,大话西游之月光宝盒,https://movie.douban.com/subject/1299398/,9.0,812491,大话西游是一代人心中的经典.,莫文蔚趴在地上时说了一句话让我很感动，她说，我找到了一个和你很像的人。,片尾曲真的很好听,"经典不用说 
没第2部好～",一代经典，据说上映的时候票房异常惨淡，也没有什么奖项。但现在还是西游系列标杆性的代表。,1
41,哈尔的移动城堡,https://movie.douban.com/subject/1308807/,9.0,658919,宫崎骏的片子里。老奶奶都很丑。但都是好老奶奶。,看了这个电影就想要一个家。擦地板，在阳光下面放上铺着干净桌布的餐桌，还有照顾小火苗，就如同守护爱人的心一般。,"赞这句 ""勇敢面对自己的时候是美丽的少女，退缩时就会变成风烛残年的老妇。"" 的评论",木村的哈尔~,木村拓哉的声音真是亚萨西啊……,1
42,天堂电影院,https://movie.douban.com/subject/1291828/,9.2,460729,124分钟版4星。173分钟导演加长版两星。,惟有经典二字。,男主很幸运，遇到如此善良的老爷爷,好的电影，只需要一个故事，一种情感，就足够感染观众，不需要刻意的高尚和深刻。,私影史十佳。那些青春都随影院倒下，那些吻戏和泪水都埋藏在记忆的深处，熠熠闪光。人生不是电影，人生比电影苦多了。  2017.12.5 巨幕厅重看导演剪辑版，尬了半小时回归重遇戏...导致最后情感也没上去。对其他部分的媒介运用与剪辑方式有了更仔细的学习。,1
43,素媛,https://movie.douban.com/subject/21937452/,9.2,409143,爸爸知道女儿介意排便器的塑料声为她准备装满塑料包装纸的糖果小包，女儿知道一直跟着身后的可可梦是爸爸。,1，现实还是那么恶心，家人和童话让我们活下去。2，如果心灵得不到安慰，再公正的判决也终是悲剧。,简直要疯了，强奸未成年的都去死啊啊啊啊。片子虽然虐的要死，但是中间有很多让人特别暖心的细节，包括同事同学朋友的那些帮忙，父亲对女儿那种深沉的爱，让人觉得是可以战胜悲剧的。今年青龙奖给了这部最佳影片也是肯定了它的积极意义,负能量正能量负能量正能量负能量正能量负能量正能量负能量正能量，已虐哭…,“你能来到这个世上真是太好了。”,1
44,罗马假日,https://movie.douban.com/subject/1293839/,9.0,666077,离开你 并不是因为不爱你,谁不爱赫本啊,没有看过这个的经历会显得自己太无知老土，看过了，觉得真是金童玉女啊，真是令人向往的爱情啊！真是......尽管看完了该无知还无知，老土的也没变洋气，毕竟主人公那长相那气质不是几个整容手术几部电影能成就的。,这真的是一部经典浪漫的电影，虽然是黑白的，却让人的内心充满美妙的色彩。赫本美的象天使，派克帅的不象话。演员们表演细腻投入，故事情节曲折动人，全片没有一句“我爱你”，却教人感受到爱的力量——爱是伟大的，无私的，可以战胜贪欲，唤醒美好。真正经久不衰的电影，百看不厌，今天就要重温一遍。,永远的奥黛丽·赫本,1
45,闻香识女人,https://movie.douban.com/subject/1298624/,9.1,578487,感谢在我灵魂枯竭的时候看到这部电影。,美酒佳肴衣鬓香影，一曲绝世探戈，尽情绽放然后死……连自杀都这么浪漫。片名叫人没有看的欲望，看完却觉得再适合不过。你我身边都可能会有这样一位愤世嫉俗自以为是夸夸其谈的老顽固，在他身边多呆一秒都是折磨，然后某一天发现他身上的优点比你所能想象的更多。,Al Pacino，老了也一样帅.,改编自一本意大利小说。个人认为电影比原著出色。主演Al Pacino演技出众。一段探戈，一篇演讲，皆令人印象深刻。,这个故事告诉我们……看得见看不见其实无所谓，长得帅怎么都行……,1
46,辩护人,https://movie.douban.com/subject/21937445/,9.2,411013,2013年韩国到底要生产多少部在中国是绝对敏感题材的电影，《恐怖直播》《流感》到这部《辩护人》，都是在最后半小时爆发，掏空灵魂的让人陷入深思…影界良心！电影的现实意义大过电影本身，前1个半小时还是有些难代入剧情，好在撑到了结尾，并对“点名”煽术毫无抵抗！,只有更卖力地骂内地院线片了。原来是改编了卢武铉的故事，法庭戏倒是一般，煽情没错，但合理性和逻辑性似乎不太够，结尾超级感人。宋康昊曾用那双大小眼注视着银幕观众，如今，又是直面冷血暴力机器，非常之动情,看着演技之神倾力贡献这样一部充满力量和信念的片子，本身就值回五颗星了，虽然片子拍面部特写太频繁了点儿，但因为对象是宋康昊，所以真的不能算是缺陷吧......至于故事和题材，除了震撼无话可说，我们只有羡慕嫉妒的份儿，毕竟，人家是用电影去改善制度，而我们，只是用制度来审判电影......,无字幕就算了 还全片釜山方言 忍住这点痛苦看完了两个小时 电影结束后跟朋友对视 决定出字幕版时一定要再看一次 怎么说都得搞清楚自己为什么哭了两次啊。。。,大家都看一下《辩护人》吧，我有一万个理由，来让你们去看，但是，请原谅我现在哭得一个都说不出来。我只想说，虽然，它是一个韩国电影，但是，它讲述的，就是中国，当下的中国，你我的中国，我们所熟悉又陌生的中国......,1
47,搏击俱乐部,https://movie.douban.com/subject/1292000/,9.0,608856,一则极具颠覆性质的社会生活寓言.无能为力，无法改变现状，是现代生活中的癌症。虚无使人痛苦，使人希望借各种方式找回存在的真实感。然而现代人的精神悲剧就是，当他们自我搏斗、脱离了一种精神上的奴役的时候，不知不觉又进入了另一种奴役。影片自身所带有的一种不可言传的魔幻性与自我消解意味使它,这种类型片很多，这也不是第一个讲述人格分裂题材的电影，不知为何评价很高~~,欢迎讨论。pitt帅成那样很不容易,看着所有的摩天大楼在我们面前轰然坍塌，结尾真他妈浪漫啊,"1.我看电影很少背台词，但这部片中的许多台词真是背的滚瓜烂熟. 2.我看过剧本结构最复杂的电影之一，其中情节的关联性对照性和许多彩蛋是模板级别的. 3.这部片后，大卫芬奇奠定了自己""黑暗小清新""教主地位. 4.原本大卫芬奇准备把1/24i秒一帧的布拉德皮特剪到片头24世纪福克斯处，太邪恶的念头了.可惜被否了",1
48,哈利·波特与魔法石,https://movie.douban.com/subject/1295038/,9.0,600453,演员最好看的一部。,作为HP系列的开篇，算是合格完成任务，对人物的交代都很清晰，在许多分裂的HP其他几部，这一部是最忠实表达魔法世界的异彩纷呈的，在交待情节的同时仍不忘学院里的幽灵，会动的画像和楼梯，这在后来几部都几乎没有了。,第一部是最忠于原著的~而且第一次接触魔幻世界很受震撼~,第一部好看啊  哈哈,电影院看的，还不错，哈利波特小时候好可爱，每个小演员都很可爱，现在除了几个都长糙了，为了拜托哈利给观众的印象也是拼了。,1
49,死亡诗社,https://movie.douban.com/subject/1291548/,9.1,474983,看这部电影才知道，原来自己已经死去了好久，从某个不经意间被打破的清晨开始。, 哦！船长！我的船长！,如果能遇到这样的老师，要积累多少的rp?,我和Nill有个一样的父亲，却从来没有遇见过像Mr. Keating那样的老师。所以我哭了。,“人无千日好，花无百日红。”为什么Keating喜欢当老师？也许正是喜欢置身于人生第一个转折处，给予他们自己最好的指引。“梭罗说，大多数人都生活在平静的绝望中”，这句话人至中年才慢慢体味个中含义，所以，少年时期的梦呀，爱呀，理想呀，追求呀，努力追问，努力回答，才不枉一生。,1
50,教父2,https://movie.douban.com/subject/1299131/,9.2,348469,罗斯之死是因为迈克赶尽杀绝的处事方式，潘坦居里之死体现着黑道规则，弗雷多的死则纯粹出于家族伦理。迈克在坚持父亲家族至上的价值观念，但时代的变迁使他的家族价值观无以为继，而缺乏亲和力的他也无法像父亲一样对自己的亲信恩威并施，这既令敌人与亲信都对他心生恐惧，也使他自己陷入孤独与偏执。,虽然有点儿长，但你会知道为什么三个小时你都坐在这里～（不明白自己2009年5月27日怎么留下了这样的短评，而且还被打了104个有用，毛用啊，对于回忆当时看完这片儿的感受一点用木有。2015.8.8重看，不如1爽，相比之下节奏氛围人物塑造都差了些，自然还有其精致所在但已经没了那种生猛，太可惜了）,优雅的孤独,半原作半原创，半上代半下代，半圆满半破碎，半上升半下降。普佐在原作完成后趁电影的便利所做的故事延续，操控了两条时空错叙的故事线，在对照中做出了无解的命题。,差点屏射。alpha male之殇。你只是为了我们才佯装坚强，现在请允许我照顾你吧。我是你哥哥，我并不像他们说的那样窝囊。禁酒年代我们在加拿大运糖浆，卡车还是你爸爸的。我回以色列是想落叶归根，回美国是因境外不给寄选票。三代代代有反骨，钓鱼之前说声万福。稳重的剪辑渗透时代的厚重。服。,1
51,窃听风暴,https://movie.douban.com/subject/1900841/,9.1,391461,我们总是歌颂从未发生过的事。,东诺士马克的电影用了很多当初东德的机关大楼实地拍摄， 但是监狱博物馆的馆长却拒绝了他拍摄的请求。原因？馆长说，因为东诺士马克的剧本不符合史实:整个东德历史，像魏斯乐那样“良心发现”的秘密警察，对不起，一个都没有。,两条线，两个男人，两个故事，两个互相打捞的故事。丢了一个，彼此的人生都会沉入海底。当剧作家在街头，看到行走在人行道上的特工时，他本可以上前喊住他的。但是终于是没有。就像哈代所言，呼唤的人与被呼唤的很少能互相答应。他们最终选择了沉默地相互记录。,作为一个专制的病人，应该拿什么来拯救自己的灵魂？,你还记不记得他听歌流泪的样子，倾斜在椅子上陶醉的样子？,1
52,狮子王,https://movie.douban.com/subject/1301753/,9.0,534298,从此得知，原来动画片还可以是这样的……,经典之所以称之为经典正是因为他无法复制，狮子王就是这样的经典，每一个细节都那么出色，每个音乐都那么动听，恰到好处的搞笑和贯彻始终的感动。这样的片子不管放到什么时候都不会落伍，因为他本身就是传奇,现在看剧情真的好简单啊，不过拟人感实在太完美了。还有那个“哈库那莫塔塔”，好多年没听到了...Can You Feel My Love Tonight？,这部动画绝对是经典，内容积极向上，音乐无可挑剔。,现在回头来看，已经很难从这种二元化的作品中找到感动了……,1
53,指环王2：双塔奇兵,https://movie.douban.com/subject/1291572/,9.1,465420,每次看魔戒都会被奥兰度惊艳到~,作为3步曲，比教父3部更完美!!,莱格拉斯无敌帅~,great novel， great movie,影视改编的重点偏移在这一部里表现得更为显著。彻底挑明的原创感情副线，比重加大打法几乎完全原创的圣盔谷一战（当然这段干得不错可以收货），到不算太成功但尚算是有想法的视角切换。最值得赞的是咕噜的形象设计，除了技术限制导致的皮肤质感略欠真实外几乎做到了满分。,1
54,我不是药神,https://movie.douban.com/subject/26752088/,9.0,1411599,“你敢保证你一辈子不得病？”纯粹、直接、有力！常常感叹：电影只能是电影。但每看到这样的佳作，又感慨：电影不只是电影！由衷的希望这部电影大卖！成为话题！成为榜样！成为国产电影最该有的可能。,这不是“中国版《达拉斯买家俱乐部》”，这是中国的真实事件改编的中国电影，是属于我们自己的电影，不知道就去百度一下“陆勇”。,最大的病，其实是穷病。真的被感动了，整体都很成熟，也有些许韩片的影子。几个演员表演都非常出色。可看性和内在的表达都不错。这个世界最荒诞在于，越贴近真实，真实越荒诞。人这一生，太不易了。最后，王传君，加油哦！,小时候路过一家药店，门口的对联写着“只愿世间无疾病，何愁架上药染尘”,电影能做到的好，这部电影都做到了。剩下的是这个时代不让它更好。在我们刚刚经历过的时代巨变洪流之中，有无数这样的小人物在时代洪流中艰难生存着，同时在竭力不丢失他们的灵魂。终于有这样一部电影，让我们能够看到时代，看到善意，看到希望。希望这部电影也能被这个时代善待。,1
55,大闹天宫,https://movie.douban.com/subject/1418019/,9.3,249304,这个无须评论。,没有阉割的猴子,反抗，反抗，再反抗,一类风格的极致，一种手法的极限与其所能趋至的完美。,致敬。,1
56,两杆大烟枪,https://movie.douban.com/subject/1293350/,9.1,415010,没有人尝试那个卖假JB的想法么！,中国多少年轻导演在学这风格,疯狂的石头在他面前只是浮云,谁说这片子比猜火车好的?,你敢骗我，我就杀了你。如果你敢耍我，或者我认为你在耍我，我也杀了你。如果你忘了，我也会杀了你。事实上你要很努力才能保住小命，我说的话你听懂了没有？因为如果你不懂，我就杀了你。,1
57,指环王1：魔戒再现,https://movie.douban.com/subject/1291571/,9.0,523116,于我，魔戒永远是不可逾越的史诗。,甘道夫掉下桥的那一刻，我真的落泪了……,在拒绝好莱坞N年后，一次意外的走入影院，我成为了LOTR的死忠，总有一个绿衣服的弓箭手在眼前晃悠，我冒着花痴般的笑容，历史就此翻开了崭新的一页。,一口气看完三部白金加长版，对于这样的片子，只有两个字形容：经典。相对于骇客帝国，这三部的连续性非常好，值得称赞。,只为~～奥兰多布鲁姆,1
58,飞越疯人院,https://movie.douban.com/subject/1292224/,9.1,415773,美国人为何会无端端诟病中国的人权问题？而我们又为何会觉得朝鲜人民生活在盲目的幸福中？正因为笼子外的人品尝过笼子内的人闻所未闻的自由。当一个人试图破坏笼子的时候，把他定义为疯子就好了。,这个世界上，一切都被预先谅解了，一切也就被卑鄙的许可了。---昆德拉,一群人的狂欢，一个人的疯人院。在电影中，疯人院是有着极强隐喻的地方，专制横行，自由和个性遭到极度的压制和剥夺，是一个模型化一般的专制社会，打着冠冕堂皇的旗号到处招摇撞骗，剥夺人们的个性。疯子是一个相对话的定义，需要一定的评价标准，在疯子眼中，那些所谓正常的人又何尝不是疯子。,片末切除额叶手术和禁闭岛相似 尼科尔森的演出像是史楚锡流浪记中那位 酋长的存在 又有些类似绿里奇迹 但总体还是最接近肖申克救赎的原型——七十年代风浓郁 船上一段是为上扬气氛的最高潮 众疯人都是很有爱的小朋友 奇迹最终可以催生 反派除护士长外渲染不足 其实护士长是无耻之徒里的传奇毒贩奶奶！,高能神结尾，酋长举起盥洗台时莫名的感动…身虽死，但信念犹存！唤起大家对自由的向往才是最重要的，尼克尔森把这个虽不安分守己但是心地善良的角色演活了…口吃小哥那段真想掐死护士长，孩子发型多in啊！每位卡司的表现都很精彩，比精神病还精神病，特别是那位翻飞的大爷，您的舞步好喜感啊…,1
59,美丽心灵,https://movie.douban.com/subject/1306029/,9.0,514268,是的，你必须学会分清哪些是幻觉，哪些是梦，哪些是真实的人生，才可以活下去。,你让我相信还真有感情这回事。,每个孤独的孩子其实都有一个别人看不见的好朋友,有你终生美丽,刚看到新闻说John Nash出车祸死了。。。,1
60,饮食男女,https://movie.douban.com/subject/1291818/,9.1,380225,看似最不能守住传统和孤独的人，坚持到最后。,人生不能像做菜，把所有的料都准备好了才下锅。还有就是，原来男人会一直有性欲。,你个杀千刀滴老朱，我以为你要勾引我，原来你是要拐走我滴女儿！,李安这次不仅把所有的细节都拍进了我的心坎，还给了一个“惊喜”。电影中复杂的菜式我们没法尝到，但他用镜头让我们把生活的酸甜苦辣都一一尝遍。最后的那个味儿，就是“幸福”，看他的电影，那也是我的幸福。,假如94年有豆瓣 着一定会是当年最精彩的一个直播贴,1
61,V字仇杀队,https://movie.douban.com/subject/1309046/,8.9,728772,站着不腰疼的政治童话,一个无政府主义者的非意外死亡,Behind this mask is a man， and behind this man is an idea. And ideas are bulletproof. 异常兴奋，爽到窒息。,这种电影掺了情爱那些东西就得降档次,民众没有这样善良。若真实发生，最后万人一张脸孔的场面仍是过于理想化。,1
62,黑客帝国,https://movie.douban.com/subject/1291843/,9.0,522662,新的哲学，开创动作片之先河,装逼哲学的开始,看得我满面春光！！,FUCKING DAMN COOL!,1999年的电影，脑洞大得不止一点两点。更好玩的是，好像全世界正往那个方向走。这两天看完《未来简史》后不断想到这个电影，就复习了一遍。真是毫无违和感，一点都不像18年前的电影。,1
63,猫鼠游戏,https://movie.douban.com/subject/1305487/,9.0,521850,能让巨骗进FBI，这份惜才的胸襟才是一个民族强大的原因。,他也只是一个伤心的孩子,我只想说，02年小李还是尖脸呢。,很难想象是根据真人真事改编的，很牛，不过在中国估计出不了这种人吧...除非，中国也有个FBI？很好莱坞的片子~~,那个单纯的可怜的女孩呢？她怎么办呢？,1
64,钢琴家,https://movie.douban.com/subject/1296736/,9.1,343387,"影片的结尾让整个故事的基调上升了几个层次，这并不是一部简单的反映二战反映犹太人与纳粹的影片。人性是很美的，当然，人生的际遇变幻各有轮回
",你叫什么名字？ 斯皮尔曼。斯皮尔曼，一个好钢琴家的名字。,某种程度上可以媲美《辛德勒名单》,这片子，跟男主角那两抹气质超群的眉毛一样耐看！哈哈,可能因为刚看了拯救大兵，所以难免的觉得这里描述的世界太干净了．是的，即使你已经觉得很残忍了，它还是太干净漂亮了一点．但是我还是非常喜欢这部电影，．只要那些温暖的东西在，就好了，尽管战争的事实，实际上是要残酷得多的．,1
65,本杰明·巴顿奇事,https://movie.douban.com/subject/1485260/,8.9,673297,你前进，我倒退，我们爱对方整整一个曾经。,“于时间的长廊上你再也不等我”,前半部太冗长了，我现在对这些都市童话不大有耐心了。也许我老了,或许我还没到打五星的年龄.结构，节奏是硬伤～～,和原著相比改动很大啊...甚至都很难说是同一个故事了...不过还是看的出来有菲茨杰拉德的那种享乐主义调调...应该说这是一部各方面技巧都比较纯熟的作品...特别是化妆...太赞了...不过看影片的时候总不自觉的想起<时间旅行者的妻子>...都是包着幻想外壳但实质是纯粹的爱情故事...,1
66,看不见的客人,https://movie.douban.com/subject/26580232/,8.8,777443,跟媳妇一起看的。看到一半的时候说了句最毒妇人心，指的那个情妇。后来看完，我媳妇特别藐视我，说了句男人都不是个好东西后睡了~。。我一脸尴尬~。。。总之。。。这是个好电影。,好看，强烈推荐。问题是如此重要的辩护人竟然不是当面引荐的。,剧本太精彩，处处伏笔，层层反转，虚实交错，暗潮涌动。自作聪明的往往一败涂地，不动声色的才能笑到最后。,有多少人是猜中了结尾却没猜中过程？有多少人是对猜中的结尾感到失望，对没猜中的过程感到傻逼？影片的引申主题就是——只要是个人说的话都别信。,调度上有种将阿加莎小说当代化的直感 谷仓之冰和密室的三重解答亦是对黄金时代的致敬 拍推理片需要的是娓娓道来 不急不缓的叙述 以及临近收尾时暴风骤雨般地揭晓真相 本片都做到了 虽然对于非脸盲症而言这个最早来自莎士比亚的诡计略显累赘 讲义系列若拍成电影 要的也是这种感觉,1
67,让子弹飞,https://movie.douban.com/subject/3742360/,8.8,1093891,姜文的个人英雄式表达，但拍得流畅热闹，复杂的剧情细节之下，是他坚持的自我，但与鬼子来了相比，他更懂得如何掩藏自己挑战的野心，这些野心都掩藏在了一流的喜剧功夫上。,叉着腰！牛着屄！嗨起来！,承认爆米花式的好看不行么？别分析政治隐喻了不如去分析下百年孤独更给力。这次是冯小刚式的姜文，不是国产大师不是救世主，他是凡客。。。,牛着逼！,姜文玩出来的电影，从头到尾都很放松，或者是太放松了，节奏总有点怪，有些情节也太儿戏。对白也不好，细节不如《鬼子来了》那么智慧，即便如此，这仍然是今年华语片最棒的。或者只能怪剩下那些太面货。请千万一定尽量降低期待。重看一遍，感觉这片舞台味真重啊。,1
68,海豚湾,https://movie.douban.com/subject/3442220/,9.3,274765,最具艺术感的纪录片。真相都真的让人难以想象，所以他们还在否认南京大屠杀。,看关于环保，动保的纪录片的最大意义就是转化为自身的行动。现在这种片子很多，如果看到10部你还没素食我怀疑你是不是要人格分裂了。,当Ric把屠杀海豚的视频绑在胸前闯进OPS的大会现场时...我的泪喷涌...,自己在家里看都能鼓掌,血淋淋的海湾……影片尾声那段触目惊心的屠杀场景让人看了感觉心里堵得厉害！地球村上的每个村民都该看看这部片子。,1
69,西西里的美丽传说,https://movie.douban.com/subject/1292402/,8.9,657152,原来男孩子青春期是这个样子地，原来女人美丽起来是这个样子地，原来登徒子的沉默和中年妇女的疯狂是这个样子地……,即使美丽也不能太招摇，招摇总会惹来悲惨的下场。男人在小的时候都喜欢成熟的女人吗？那为什么长大了却又喜欢小姑娘？......,这女人是可以让整个城市心跳加速的,@贺炜：一个出色的女人，她的全部罪恶在于她过于出众，庸众总是想亲近她的，可是发现她高不可攀，于是流言四起，每个人都不遗余力，直到她被流言所伤，被生活击溃，被拉回庸众的行列，终于学会对周围人道声早安，大家才心安理得起来。于是，平庸又杀死了一个人。,从13岁男孩眼里看到了人性的丑陋不堪，对特别美丽，又无所依傍的玛莲娜任意伤害，把她逼到绝境，不得已成为妓女，战后更是残酷暴虐把她逼离小镇，讽刺的是当一朵鲜花零落成泥后，她再一次和丈夫回到小镇时又用友善的一面对待。她终于不再美丽，不是异类，对她们没有威胁，沦为和她们同样普通。,1
70,情书,https://movie.douban.com/subject/1292220/,8.9,620049,那些没有开口的告白，最终还是让你听见了。,无聊！找了半天真相才发现自己是个替身……傻比青年啊……,这个人偷偷爱了你大半辈子,你好吗？ 我很好。 你好吗？ 我很好。 你好吗？ 我很好。,「把名字一遍又一遍的写在借书卡上，反反复复看一张并不想知道答案的英文试卷，在告别之前偷偷的把你画在借书卡背面，希望你有一天会知道，我喜欢你」整部电影的配乐都好伤感，女主角一人分饰两个性格不同的角色演绎的非常好，青春和暗恋的心情满点，话说岩井俊二的每部电影里都有几个无厘头的奇怪角色,1
71,拯救大兵瑞恩,https://movie.douban.com/subject/1292849/,9.0,434209,厄本这个角色很有意思，懦弱，非常懦弱，还有一种可笑的浪漫和无知的善良。他才是你我他，对战争的残酷抱有一种可耻的畏惧，并对其有好心的幻想。可惜事实并非如此，战争就是你死我活，战争是考验勇气的时刻，而非善心。胆小的也许能活下来，但在战争中，你已经输了。而那些死了的勇士，他们才是胜利者,我心目中的永恒经典。不知道集结号借用了他多少情节。反正不少。,为什么看中国战争片就感觉high得不行真想打一仗，看外国战争片就觉得战争真可怕和平多好啊。。。。再不在吃饭的时候看战争片了，太胸闷了。,其实……我并不赞同这部片子所宣扬的精神……,真正意义的大导大片，开场的抢滩和结尾的瑞梅尔血战机位控制臻入神技，牛逼的主次特写像一位幸存的二战联盟老兵啐着唾沫在回忆戎马。瑞梅尔的残破桥头，米勒上尉的身后是无尽残阳，他的面前是这个略显荒谬任务的完结，他的面前也是詹姆斯瑞恩的明天。,1
72,小鞋子,https://movie.douban.com/subject/1303021/,9.2,266148,这些故事那么熟悉，就发生在我身上。,　少年之爱，不染任何杂质，晶莹剔透。我认为这正是这部电影要表达的主题之一。当然，有尊严的活着，照样也能有如此安静而幸福的生活。影片给成人们许多看不到视角来观看这个世界,电影里很多日用品看起来都像中国货：铅笔、笔记本、塑料拖鞋,很少接触伊朗电影，这个是在CCTV-6看的。拍得很纯真，很感人~~,世影史：影片与很多伊朗电影一样清新、质朴，真诚地描摹伊朗人的真实生活，表现窘迫艰难的平民生活中隐含的人性的善良，带领观众回到纯真澄净的世界。导演以一种极其温情的目光关注了一个普通儿童去以自己的方式去实现一个梦想的全过程。结尾金鱼亲吻孩子双脚的画面，以其美感和创意备受推崇。,1
73,音乐之声,https://movie.douban.com/subject/1294408/,9.0,401180,很棒的电影，唱段经久不息，流传至今。,真希望世界像它描述的那么美好,从小看到现在，大概有50遍了吧。,不知看过多少遍的经典 阿尔卑斯山脚美如画 纯真美好得不行,会好看的电影，音乐非常好听，男主角的小孩真多啊！好可爱,1
74,美国往事,https://movie.douban.com/subject/1292262/,9.2,286864,以前看的时候并不能完全理解这部电影，电影里太多的内容让自己并不能一下子就可以消化得了。重看这部近四个小时的电影，没有觉得半点枯燥沉闷，好似在翻阅一本浑厚的小说，一生中所有最重要的东西都在里面，值得慢慢回味……★★★★★,两场强暴戏毕竟是吃不消，男性的传奇之路上似乎最少不得的就是美丽而无人格的女性牺牲品,当年姜文拍阳光灿烂的日子前拉美国往事拉了五十多遍，今次看来，果然颇多神似,史诗叙事大师笔法，黄昏已近青春已远。而今男人的理想已改变太多。配乐绝佳。,十五岁时，我是《美国往事》里的马克斯，初谙世事的街角英雄。我与同伴共享友情，但一样没尝过女人的滋味。这滋味我后来尝到了，还有，背叛伙伴的滋味。有些病在年轻时候得是好事（但那病是瘟疫不是麻疹！）,1
75,穿条纹睡衣的男孩,https://movie.douban.com/subject/3008247/,9.1,326917,无论你之前是什么样的人，在穿上这件条纹睡衣之后，都会变成一样的人。这部电影主题深得我心啊，故事讲得也不错，镜头运用，结局处理都很出色，特别是结尾处那个长达数秒的长镜头发人深省。,你还当这是一场游戏么？,感动我的是孩子的勇气，强大的勇气。,"每一个""纳粹""的孩子， 上辈子都是折翼的天使",我觉得它并不比[辛]差，不是只有透过大社会看战争才是正统的片子。父亲就算是纳粹也爱自己的妻子小孩，母亲做为女性心软，青少年容易被骟动，而什么都不知道的小孩只能接受大人给他灌输的知识。我觉得这些都是可以理解的，并不是“刻板”“形像化”的。最后的长镜头看了几遍,1
76,致命魔术,https://movie.douban.com/subject/1780330/,8.9,575891,一个与同胞兄弟轮流上台享受欢呼与掌声，一个自我牺牲自我毁灭让复制品延续艺术生命。人性泯灭在狂热之中。,故事编不下去就弄成科幻了。。。,牛逼的导演用的是情节去告诉人细节，而不是台词 咱普通人也是一样 想牛逼就要做到这种境界 不说话同样让人佩服的要死!!!,精彩绝伦的叙事！伯德的“双胞胎戏法”决斗安吉的“复制人重生”——牺牲是魔术表演的最高精神，双胞胎选择牺牲自我，轮流分享人生；安吉同样也是牺牲自我，却拿肉体做赌注。明显开放式的结局，你猜安吉有没有把新的自己都杀死了呢，如果没有，那安吉其实还没死。我杀了你的兄弟，你杀了我的备份。,诺兰牛比阿,1
77,七宗罪,https://movie.douban.com/subject/1292223/,8.8,672966,里面的布拉德皮特帅的掉渣……,多年以后再看，还是功力和锐气并重的作品,故事看多后的后遗症就是一般最后半小时就知道结局了。。。,印象最深的是那个胖子,结局真的很惊人。惨绝人寰……,1
78,低俗小说,https://movie.douban.com/subject/1291832/,8.8,572883,我爱特拉沃塔的舞。,"太正点了，那妞。。。
",事实证明，编剧恒大于结构。玩弄技术者必将悲惨淹没于日新月异中，新潮变做作，做作变老土。演员都是熟人，OST很好听。Travolta有点PITT的味道，昆汀大叔妒嫉他，竟把他写死了。讨厌拳击手，暴菊黑屋子太搞了。。Maria deMedeiros甜美性感小魔女——不是LES太可惜！,昆汀在这部集中展现了他的恶趣味：恋脚，屁眼，假奶，穿洞，SM，血浆。台词功力超屌！杀人时间还太早，再聊一会儿。,不要在上厕所的时候看书  不要过量吸毒 不要把枪放在厕所门口,1
79,绿皮书,https://movie.douban.com/subject/27060077/,8.9,994041,“如果我不够黑人，也不够白人，又或不够男人，那请你告诉我，托尼，那我到底算是什么人？！”——恭喜，你是最政治正确的人。,肤色、阶层、性格和性取向天差地远的两个男人，因为音乐而结缘，因为公路旅行而成为一生朋友。有时候才华并不够，还需要勇敢，推倒心中那面墙才能开门见山。电影就像一颗绿色小石子，投入黑白分明的美国社会，激起轻小而美丽的涟漪。虽然有刻意营造的温暖感，但我就是愿意买单~！,"肤色对调版《触不可及》，一场跨越美国的公路之旅，更是一场跨越种族与肤色、身份与阶层的人性之旅。
所有下属都对唐毕恭毕敬，唯有托尼把他当普通人对待，给他吃炸鸡、对他说出真实想法。
不把他当成黑人，才是真正不歧视他的表现。
另一方面，唐又受到外人的歧视和侮辱，他始终忍气吞声，低声下气。
听他演奏的观众可以在餐厅吃饭，而他作为表演者却不可以。
正是托尼教会他反击，教会他为自己发声、捍卫自己的权利和尊严。...",基层白人司机护送著名黑人钢琴家在美国南部巡回演出的故事。两位角色的社会阶级和教育程度的差异，让电影笑料百出，肤色的对比却又十分的讽刺，让电影充满种族平权的抗争和泪点。两位演员默契火花十足，是一个十分温暖人心的故事，影片结束之后响起经久不息的掌声，边笑着边流着眼泪鼓掌到手都疼了。,赶走偏见不是靠鸣枪，赢得尊重不是靠拳头。为了如厕宁可折返，为了用餐甘愿罢演，受到霸凌不视为侮辱而视为考验，受到恩惠不视为荣耀而视为耻辱。南方劳作的黑奴看到路边的他衣冠楚楚，如同一个预言。一家上流餐厅，一间宽敞厕所，一个高档试衣间都没能容纳下的东西，却装进了一方绿色车厢，勇敢上路。,1
80,沉默的羔羊,https://movie.douban.com/subject/1293544/,8.8,569573,棒就一字，看完后记住那句话“勇敢的克拉丽斯，如果有一天你的羔羊停止了尖叫，你会来告诉我吗？”,不觉得它是一部恐怖电影,“颇具匠心地将恐怖片与侦探片结合成一体，采用希区柯克式的悬念手法和现代恐怖片的心理分析，将观众引入了象征性的潜意识的世界。警察为了捉一名杀人狂魔而不得不求助于另一名杀人狂魔，这本身就具有强烈的荒诞与讽刺意味。影片一直在寻找人类社会的恐怖之源，最后得出了一个“由于秩序本身的问题造成的，反过来危及秩序的犯罪病例”的结论，这使得影片具有了一定的社会意义。”,Jodie Foster太美了天哪我都要心动了！,親愛的朱迪，當時我還不懂人為什么會有那麼深沉的夢魘……,1
81,蝴蝶效应,https://movie.douban.com/subject/1292343/,8.8,632854,"★★★★ (2004-12-17) 其实比起电影本身，还是更喜欢那段影评：“量子力学的平行多宇宙解释说，在交叉小径的花园里，总会有一条道路，让人们在生命中的每一个节点都得到幸福，在那条完全幸福的道路上，有且仅有一个你在行走。
这是多么令人宽慰啊，在每一次铭心刻骨的选择里，总有一个你选对了路，在茫茫的恒河沙数的宇宙里，总有一个你，终生幸福。”",从他第一次的人生来看，其实他并没有那么喜欢Kelly阿,最后《Stop Crying Your Heart Out》想起，悲伤总算找到了出口，那个擦肩而过也许就是最好的答案，但过去的现在的将来的依旧无法被改变，Oasis的这首歌太绝了！★★★★,原来是导演剪辑版，结尾的改动让它加了一颗星。这就一恐怖片呀...如果不讲剧情在哲学上的自洽和科学上的合理，编剧还挺不错的。怎么可能一次爆炸就把人格完全改变呢，人格是很稳定的嘛。蝴蝶效应可以改变事件，但说改变人格就有点扯了。【2009年9月25日看的，豆瓣记录有误】,不太喜欢这种故弄玄虚的矫揉造作的电影，其实他每一次回到过去都可以很好的改变，但一变回小时候，立马就变傻逼了，屎蛋了，每次都搞砸，让后来更惨。。这片子为了能拍下去，实在太做作了。给2星是因为结尾OASIS的歌而已……,1
82,被嫌弃的松子的一生,https://movie.douban.com/subject/1787291/,8.9,512275,她不明白人生失败的根源就是全身心地投入舍弃自尊来博得并不值得拥有的所谓爱,"　　""小时候，谁都觉得自己的未来闪闪发光，不是吗 　　但是一旦长大，没有一件事会遂自己心愿"" 　　 　　她总是想着办法，即便是些常人看起来怪异可笑的办法来面对不太公平的生活遭遇． 　　 　　看得我真他妈压抑. 　　我就是无比恐惧自己的生活会变成这个样子 　　导演和编剧把我对我生活的梦魇般的臆想变成了胶片",这个故事是对“少女情怀”赤裸裸的嘲讽！,【就算被打，也比孤独一人好】如果单拎出一段来看，一定会被浓烈的色彩、童话般的氛围和OST给骗了，其实这是一个在讲述“破碎”的故事，为了取悦别人松子不断的付出着钱财肉体灵魂乃至一切，可生活的变故却让她不断的破灭破灭再破灭，但她还是一次次站起来了，为松子鼓掌，操他妈的生活。,她只是怕寂寞……,1
83,春光乍泄,https://movie.douban.com/subject/1292679/,8.9,425301,爱一个男的还是爱一个女的尤其的不重要，只是爱一个爱上了的人……这个世界就完了,梁朝伟加张国荣，简直是挡不住的诱惑.,我敲诈你，人质是我自己,他说，不如我们从头来过。,影片两个男主人公的名字竟然就是两个摄影助手的名字，感叹于王家卫随性而行的个性。,1
84,禁闭岛,https://movie.douban.com/subject/2334904/,8.8,630443,非阴谋结局 泰迪确实病了 最后泰迪是被治好了 但他不愿活在痛苦中 因而假装自己又犯病了而去做切除手术,好吧，其实这是部*绝*对*不*能*剧*透*的电影。恩！,为什么俺觉得男主被忽悠了呢,结局是开放式的，随便你怎么演绎都有理。所以大概不能断定说看到一半就猜到吧。,他到底会像怪物一样活着，还是会像好人一样死去呢？,1
85,心灵捕手,https://movie.douban.com/subject/1292656/,8.9,471795,经历没有埋没我的才华，却抹杀了我应有的自信，我被吓坏了，成长出一腔的狂妄自大，我赖以这种方式保护自己，终于等到一句：这不是我的错。,心理学教授明显的INFP，数学教授则有些INTJ。至于天才少年大概是INTP。有些人天生就幸运，拿了一手好牌。而大部分的我们却只能努力把自己的烂牌打好。如果你可以自由选择做任何事，你会做什么？也许那才是你真正想做的——如果说天才类题材有其现实意义的话,“我们的小缺点让我们找到对的人。”没有谁是完美的人，最亲密的人就是能够完美的接受对方的不完美。在那个年代，有许多这样的励志影片，或许现在回头看会觉得俗套说教，但精致的对白，动人的配乐，达蒙与罗宾的飚戏，始终会有抓住你的地方。生活有時候只是一种伪装，真正的声音源自我们内心。★★★★,我想找个像Sean一样懂爱的人。,"这个世界总有对不起你的时候，这让你好像除了防御之外再也做不出来任何动作，不知道我们到底要体验多少才能懂得一个很简单的道理，不知道要过多久要靠多少机缘巧合，才能有一个人对我说：it""s not your fault",1
86,布达佩斯大饭店,https://movie.douban.com/subject/11525673/,8.8,596291,依然还是韦斯-安德森标志性的复古色调、悦耳配乐，神经兮兮的冷幽默。不像前作那么随意松散，《大饭店》故事紧凑、层层剥茧，而且居然有点“重口味”。也许只有韦斯-安德森才能把一个混合谋杀、越狱、械斗的故事拍得那么喜感。,刺激的色彩，独特的人物，湍急的镜头运动起飞的节奏，停不下来的爽与赞。对于这样的导演，不论多么细微的角色，演员都会愿意接受，因为最细微的角色，也有足够的个性，让观众记住。,竟然是以茨威格的昨日的世界为灵感的哦,“微弱的文明之光，仍存留在这野蛮的屠场里，这就是人性。”——维斯·安德森致敬斯蒂芬·茨威格，小清新的故事里注入了大历史的情怀。,一张寄往旧时欧洲的精致明信片，L’Air de Panache的味道充斥整个屏幕，冷幽默和由慢至快的节奏依旧，尾声的高潮之后迷漫着令人惆怅的尾香。逝去的终将逝去，这童话式的一瞥令人难忘。,1
87,海蒂和爷爷,https://movie.douban.com/subject/25958717/,9.2,223857,难怪看到片名有种莫名的熟悉感，看正片后才知道这与高畑勲导演、宫崎骏担任场面设定的动画片《阿尔卑斯山的少女》改编自同小说《海蒂》，简直惊喜到不行。……故事温情脉脉，风景怡情养目，一段醉我心脾的观影历程。……有时，我以为看过几千部电影，会审美疲劳，可当碰到心仪之作依然能看得身心愉悦。,小姑娘很有灵气，给人的感觉就好像天生属于大山，光着脚奔跑在花草山峦中，风般轻盈，鸟儿般欢乐。电影中的感情都很真挚，也很友善，没有绝对的坏人，而且大家到最后都得到了所希望的幸福，这种幸福让观众看着也幸福。,今年第一个惊喜！可能有点偏儿童，但绝对老少皆宜。小姑娘呀，你可千万别长残了,“大家都笑我，因为我想写故事”“那是因为大家知道的太少，而你看过更大的世界。如果你觉得这个世界有那些东西会让你快乐，就去做，无论别人说什么”,5颗星完全不够用,1
88,勇敢的心,https://movie.douban.com/subject/1294639/,8.9,429917,所有的人都会死，但并不是每一个人都活的有意义。,有时候男人的一句嘶吼也可以让人流泪,其实觉得一般来着,"结局华莱士被砍头的瞬间，我仿佛看到了屏幕上打出了""(此处有眼泪)""的大字，犹如一场精心编排的真人秀；使这片子不落于平庸的其实是几场清晰明了而又荡气回肠的战役，冷兵器的对决看上去永远热兵器更加震撼而血腥。",梅尔吉布森自导自演，斩获奥斯卡多项大奖。这部影片从史实角度看完全不及格，但从史诗角度看绝对堪称经典。童年苦情经历、爱情、复仇、战争、背叛、受刑等英雄片的元素齐集，配以高潮迭起的剧情和悠扬的苏格兰风笛，让人即使知道剧情与史实不符，也禁不住流泪。（8.5/10）,1
89,剪刀手爱德华,https://movie.douban.com/subject/1292370/,8.7,768769,孤独本是生命的常态,"         如果我没有刀，我就不能保护你。如果我有刀，我就不能拥抱你。
         这个城市看不到雪，我为你降一场雪，每一片雪花落地那都是在说，我爱你。
        我现在已经是个老妇人了。我只愿他记得我当初的样子。 
",第一页显示出来的影评都挺恶心的。滥情。影评的悲哀是写成了剧情介绍,佩格居住的小镇是画笔般彩色的，这里的人们好奇热情也多疑。爱德华获得明星般的关注，也在人类的世界遭遇讨伐。金对于他，永远只能是剪刀下冰雕的女神像，无法拥抱，无法守护。完美的悲剧童话，如同后来每年的雪。 ,当年看的还是没有字幕版的。英文那时候还不是很会，看的真的就是表演了。很出色的片子！启蒙片,1
90,阿凡达,https://movie.douban.com/subject/1652587/,8.7,909721,钉子户 大战 城管 in 3D,"抱歉，2012？在Avatar面前不过是小儿科！
只有一句话：这是史上最强科幻！
可恶的卡梅隆，你要让未来十年的所有科幻片都味同嚼蜡了！
因为所有观众的审美标准已经一口气被你提高了几个档次！
这部电影，不去剧院看绝对一辈子后悔
最后，感谢上帝赐给我们一个James Cameron",阿凡达同时也揭示了女人的悲惨命运，主角与他的空中坐骑即是说明这个问题：选择她，她挣扎，插入她，她被俘获，甘心被他骑一辈子，众叛亲离之时，只有她在身边，魅影出现以后，她消失无踪，他再也没有寻找与过问。,已经不是在看电影了，是在比谁Wow的次数多，眨眼次数少。,汗，这片基本论调就是反人类嘛。这个电影是一定要去影院看的，就算没有IMAX，起码也要看个3D的。而下载党和碟党都可以考虑放弃这个电影了。因为除了视觉刺激，单从剧情看，有太多值得选择的电影。,1
91,天使爱美丽,https://movie.douban.com/subject/1292215/,8.7,738496,洋溢着法国人的性格风情,配乐大好，剪辑大好.别的不够好. 至少不对胃口 到现在只对片子最开始的部分 也即艾米莉的自述印象深刻了 尝试做爱如何，但是感觉不太好. 那个微笑的表情,颜色！Tautou！细节！XX！四星。再想想，就五星了。,看名字就不怎么想看的一部片子，果然片子色彩那么美，女主角长得也不错，性格很萝莉，但就是不喜欢。她整水果摊老板的手段太刻薄了,浓重的法国情调，舒缓，镜头语言动听。女主角漂亮。唯一的不足就是……这样的爱情会不会太作了？爱情就是门口经过的大巴，现在不上，以后都不能再上了……,1
92,摩登时代,https://movie.douban.com/subject/1294371/,9.3,185100,靠，看了才知道，星爷有那么多东西是从这里学来的。,人的异化，极富前瞻性，即使放在今天看了依旧有着强烈的现实意义；卓别林是个极为矛盾的个体：一方面，他总是对社会那些最深入肌理的顽疾给予毫不留情的讽刺和抨击；另一方面，他也是个执拗的人性本善论者。,如果电影不曾有过卓别林，该会是一个多么无趣的世界。光前30分钟就让我几度笑岔了气。荒谬有理，喜谑至极！,当人不再是人，而是机器,大时代里的小人物，可悲可叹可怜。夸张的表演，展现那个时代中苦不堪言的资本主义国家的底层阶段，从笑声中看到当时社会现实，结局时主角相依微笑走向远方却又给观众留下希望。无论是表演力还是影片所传达的思想均足以让百年后的今天羞愧,1
93,加勒比海盗,https://movie.douban.com/subject/1298070/,8.7,602028,这次重温的感想主要是：准将（伊丽莎白的未婚夫）是个好人。超级大好人。（泪）,男二号太帅了,除了德普，有什么地方可看？？,在海岛的时候连看了三部，就记得第一部的剧情，2，3都忘记了,在斯派罗（Sparrow）第一次出现的时候，主题音乐达到高潮，标示着他的到来。但对我来说，电影真正起飞的那一刻是在他第一次逃跑时，他抓起绳子，犹如荡秋千一般，向上，向下， 向外摆动， 我的心一直保持着那种愉快的状态，直到电影结束。,1
94,致命ID,https://movie.douban.com/subject/1297192/,8.8,528157,救命啊，金牛座遭遇大屠杀...,"恐怖？剧情？科幻？探案？四不像！
我也想搞上十个自己，大家一起玩dota",没办法不打五星啊，虽然不到一半就猜到了结局。,其实创意还是有点意思的，就是拍的太俗了,本以为是娱乐片，却是一部精彩的悬疑片，和《记忆碎片》一样，不到结尾不见真相。前段或许有些老套，但进行到中段的解谜阶段就很紧张了，后面的真相揭开后，又将剧情推向一个让人瞠目结舌的高潮，难得的是在结尾，居然再次给了观众心灵一记刺痛。善与恶，原本就是一体的。 PS:1.以罪犯幻想之情节名义给剧本许多地方逻辑推理不足找到了借口2.Mhotel又有何寓意呢3.对影片营造的黑夜，阴冷，潮湿氛围很中意last....,1
95,喜剧之王,https://movie.douban.com/subject/1302425/,8.7,624405,我养你啊！,又有什么？谁说一个跑龙套的不能爱上一个妓女？,“去哪里啊？”“回家。”“然后呢？”“上班咯。”“不上班行不行？”“不上班你养我？”“嗨！”“又怎么了？”...“我养你啊。”“你先照顾好你自己吧，傻瓜。”接着张柏芝在计程车上哭成泪人，这一段真是演得太好太好了。,戏梦人生，笑中带泪，好作品,失望！太想真诚，倒显得做作了,1
96,断背山,https://movie.douban.com/subject/1418834/,8.8,511292,老公哭的稀里哗啦，我怀疑他有隐情，所以我都没看进去……,这就是他们的命吧。李安说：人人的心中都有一座断背山。其实，不如说每个人都有回不去的地方。一个夏天的故事就是一辈子的回忆，因为这种不等式的交换才让他们生命的价值显得悲壮而又无奈。烟花已灭，埃尼斯与杰克都在黑暗之中，一开始看不清别人，也看不清楚自己，可慢慢的都习惯了。潮起潮落，有的人认命了，就飘飘荡荡地活着，有的人不肯认命，就挣扎地想抱一丝希望，无非是想多找到一点可以温暖的回忆。其实，不管怎样都是不容...,李安将一个动人的爱情故事讲述到了完美。导演天衣无缝。,拍的很美 可惜的是Heath Ledger08年死了Jake Gyllenhaal也成 了同性恋。,乐是一大亮点。Gustavo.Santaolallan扎实的技术功底和开阔的音乐眼界用最简约的拨弦即勾勒出怀俄明州广漠的草原景色，铺展出朴实隽永的意象。识了山间的寂寞废墟的晕眩，帐下的寒冷。这世上原没有禁忌，和不能解释的事。你没有获得切身的感受，也就没有体恤。生命是极滑稽的，因为它那样地贴近死。,1
97,幽灵公主,https://movie.douban.com/subject/1297359/,8.9,375741,宫骑骏就是个生态环保大师啊。,飞鸟的一句你好美，把我心都化了。还有六部宫崎骏的动画片没看，这样算来岂不是比诸位都幸福多了？,史诗，叹为观止。可以想见它启迪了多少动画和电影！男主情绪层次的递进变化啊（他从头至尾的行为都很值得细细考究），树上的精灵们好可爱。多么让人心动的一个故事。【。。看了一个下午各种版本的阿凡达啊我】太好看了看哭了。,所看过最有深度的动画了，居然有几分史诗的感觉。分镜头比许多真人电影还好，好棒，五星力荐,宫崎骏的少年永远美好,1
98,杀人回忆,https://movie.douban.com/subject/1300299/,8.8,432352,电影告诉我一个有良心的警察是如何被逼成一个暴力狂的。,偏向于多人效仿作案，凶手不止一个。最后女学生是小白脸杀的可能性很大！言行逼供了三个人，只有小白脸最态度反抗、眼神一直有特写是充满恨意的，因为他并没有杀人还要被诬陷。出来后在酒馆喝酒，女学生从窗前走过也对他指点议论，让他觉得自己的名声已经彻底毁了洗不清了。所以最后警察媳妇和女学生同时出现他选了女学生。还有下手之前扶着树干的细嫩的手的特写。可能真的是出于报复——既然你们都觉得我是凶手那我就真杀个给你们...,又看了一遍，想当年第一次看这片时，我还恍惚觉得案子都没破就结束，什么玩意儿？！可多年过去，每一次重看，都更坚定地确定它的完美。一个没有找到凶手的故事，编导把它拍得悬疑跌宕而富有深意，看似普通实则卓尔不群，作为热爱电影的人，从这片里会深感电影的魅力,当整个警察局为扣押的是否是嫌犯而陷入一片争吵，那首每次杀人前都会被点播的情歌轻柔的响起，原来外面又开始下雨了——那一刻真是惊悚到无形。,无懈可击！影片的焦点从不在连环杀人案本身，主线是每个人深陷泥潭的不能自拔，副线则是当时整个韩国社会的动荡不安，时间的推移不能洗刷罪恶，宋康昊结尾处的眼神映射出无限的沧桑；第一次犯罪现场的长镜头和追捕手淫者的快速剪辑这两段都快要让我哭出来了。,1
99,入殓师,https://movie.douban.com/subject/2149806/,8.8,436614,我觉得这个电影不是讲死亡 甚至什么追忆怀念云云 而是讲一个人在逆境中如何面对世俗的目光生活 从在意别人的眼光 到最后在工作中找到自己的价值 高度认同它 与世界沟通 还有宽恕他人 从而达到自我的新生 从这个角度来讲 这部电影是更像是一部励志片 而不是简单的感情片,很温柔很温柔。。眼泪有很多种，这是非常有劲道，非常耐人寻味的一颗,好吃得让人为难,孝，最不能等,迷恋死亡仪式的日本人,1
100,狩猎,https://movie.douban.com/subject/6985810/,9.1,232380,这电影要是早两年看，不会有这么深感触。很多情况下，真相是什么对围观者并不重要，他们需要的只是一个支点，让自己站在虚妄的道德制高点上，得意一时是一时，反正过几天他们就会遗忘，任由真相被新的猎奇淹没，微博上这样的人和事比比皆是。,1.萝莉由爱生怨的报复手段又狠又蠢 2.孩子最可怕就在于明明无知，却会本能地以纯真作为武器，让他人深信不疑 3.人们习惯于自以为是，站在弱者角度分发所谓的正义和怜悯心，本身就是一种不公 4.信任和声誉一样，一旦破坏就无法修复 5.你永远活在他人的目光里，而世界本就有太多恶意~结局很现实，好片,如果你有个上幼儿园的孩子，就会明白，大多数情况下，通过诱导的方式，成人都能从孩子的口中得到他们想要得到的信息，所以，关键问题是大人们想得到什么，而不是孩子说了什么,童言无忌的威慑力足以将成人置于死地，但更怕的是人言可畏的成人世界，一味愚蠢、盲从、暴力，善良的猎人最终变成众人眼中的猎物。,由一件不经意的小事引起的连锁反应，最怕的是它一发不可收拾，没想到剧情岂止是不可收拾，竟然到了万劫不复。当所有人都站在你的对立面，当你以为还可以据理力争一下，到后来的破罐破摔、百口莫辩，甚至以为隐忍退让、顺其自然或许一切就会好起来、最后不了了之，然而深入骨髓的东西永远超乎你想象……,1
101,阳光灿烂的日子,https://movie.douban.com/subject/1291875/,8.8,431690,别人说这部片子很绝望，我看到的只是与我无关的，男生的青春期,理想是用来毁灭的。一句傻逼，喊出青春最有力度的挽歌。,看看当年夏雨演技多好，浑然天成。看看宁静，看看耿乐。这么牛逼的一群人。后来怎么都混成这么四六不靠的。,中影史：根据王朔的小说《动物凶猛》改编，是著名演员姜文的导演处女作。作品对文革时期青少年的生活状态和青春期的困惑有着极为真实的描绘，使用了当时在中国较为新鲜的一些超现实手法，反映了那个年代青少年的暴力和朦胧的爱情。用对青少年故事的描画，展示了一个时代和一个国家的混乱与成长。,性显然是姜文创作的原动力，当[阳光灿烂的日子]的主人公爬上了高高的烟囱，他似乎把世界都踩在了脚下，正是这种年轻人凶猛的征服欲让电影显得那么可爱。无论哪个年代的青春都意味着永恒的大太阳和过不完的日子。唯一的乌云来自旁白，它无数次地提醒我们韶华已逝，人终归要被独自落在泳池里自己扑腾。,1
102,重庆森林,https://movie.douban.com/subject/1291999/,8.7,541812,"一个人哭了，你给纸巾他就行； 
　　但如果一间屋哭了，你就要做很多事情。 ",看旧电影最无法跨越的逻辑障碍：金城武怎么可能会被甩！梁朝伟怎么可能会被甩！这不是渎神吗！,重新看了一遍重庆森林。想知道金城武为什么可以连吃三十罐凤梨罐头加四份厨师沙拉薯条汉堡而不胖。因为早上六点起床跑步吗？,城市里的现代童话..加州住着不同的人，流泪的房子和变胖的香皂,中影史：影片由两个基本不相干的故事构成，两个故事之间的关系，就像擦身而过的金城武和王菲，无限趋近，又无缘相交，只有0.01公分的距离。影片在各方面与巴洛克式繁复的悲剧巨制《东邪西毒》形成了对比。一言以蔽之，王家卫与杜可风的风格是典型的“万花筒、MTV、后现代”。,1
103,第六感,https://movie.douban.com/subject/1297630/,8.9,371388,小孩和妈咪的那一段结局 真感人,反转王加催泪王,他们无处不在，就像正常人一样到处行走，他们彼此看不到对方，只能看到他们想看到的东西。-“你想要什么？”-“我想要不再害怕……”,四次情节升华：第一次是Cole帮助死去的小女孩如愿，代表与自己和解；第二次是Cole拔出石中剑，代表与同龄人和解；第三次是告诉妈妈真相，代表与家人和解，而妈妈也与自己的妈妈和解。第四次，也就是全篇最精彩的一笔，即Mike与妻子以及自己的和解。那些正常世界无法言语的，只能透过非正常的世界告知。,天才儿童演员.出人意料的结局.,1
104,请以你的名字呼唤我,https://movie.douban.com/subject/26799731/,8.9,409490,elio坐在火炉前，一会儿落泪，一会儿抿着泪水笑了，一会儿眼睛里又恢复了冷漠，仿佛在短短几分钟内，他把那个夏天又度过了一次，且此生还要度过很多次。,后劲太大，沉醉在电影的情感和视听氛围中无法自拔。雕像下的长镜头，午夜约会时的触碰，深夜教堂外和陌生人的尬舞。最终所有乌托邦似的美好都凝固在了80年代初那个夏天的意大利小镇，就像父亲说的那些炽热纯粹又隐秘的欲望和情感，以及用尽全力去探索、去爱、去失去、去心碎的那个自己，再也没有了。,"细腻、唯美、慵懒，带着浮生若梦的气息。我们大多数要等到青年时才能将蒙昧的性觉醒付诸实践，而CMBYN呈现了同志电影绝无仅有的“少年时代”。这个叫Timothée Chalamet的男孩是世间最美的珍宝，他的一颦一笑、从脚趾到发梢都让人疯狂。请以你的名字呼唤我，因为在这一刻You""re MINE",刚刚在苏黎世电影节看的，导演一直坐在第一排。结尾的提问环节，他回答关于电影名的意义，他说：I think in love， when you call the other by your name， that means complete surrender. ,我知道读书，知道游泳，知道改编乐曲，知道皮亚韦战役是最惨烈的战役之一……我什么都知道，却不知道怎么让你喜欢我。,1
105,小森林 夏秋篇,https://movie.douban.com/subject/25814705/,9.0,275550,昨天看这个看一半看不下去了，这么美的电影，我看着心里特别难过，为什么，中国电影票房都那样了，审美还那样，什么时候才能不吃粗粮，也认认真真做顿可心的家常菜呢。,（桥本爱 × 村妹纸 × 天然呆 × 心独白 × 野食谱 × 闲生活 × 农家乐 + 万变云 + 清爽风 + 绿油油 + 湿淋淋 + 小动物）/ 无剧情 = 抗抑郁特效治愈片,事已至此，先吃飯吧。時已至此，先吃飯吧。詩意至此，先吃飯吧。【所有的美景都在意料之中，出乎意料的是配樂，終於不再只是是吉他或者尤克里里或者鋼琴或者手風琴了~電電的帶感】,人生在世，无非就是过日子，而如何能让过日子变的有滋有味，我想不到除了充实的劳动/工作+美味的食物更好的方式了。桥本爱不矫作真自然，让人心生欢喜宁静。也许中国需要等待很久很久之后，才能拍出这种气息的片子了。,当成舌尖上的日本看了。,1
106,哈利·波特与死亡圣器(下),https://movie.douban.com/subject/3011235/,8.8,494157,丹尼尔终极大叔的面庞标刻着我们的少年时代彻底完结,这绝对是David Yates这闷老头的巅峰之作了，虽然大部分场景3D效果非常不明显，但是仍有最后boss灰飞烟灭之类的场景充分体现了3D的美感。剧情安排相当紧凑，终于可以不必在太闷的过场掐自己大腿。结局的列车发车时的轰鸣声让我仿佛又回到了第一部，当时的我和小哈利一样依然很年轻。,我就想问问，年轻的格林德沃和邓布利多在哪儿？！都是坑爹的噱头啊！！,3.5★ 不談感情，這是我看完HP7.2的感受。如果你睡得朦朦朧朧的去看早場，也許會冷靜幾倍。HP7.2給我的感覺是結構很鬆散，簡略帶過、細節位少、3D失敗、配樂還算可以，有炫酷的特技、奈威和露娜的出場成亮點，說到笑位應該屬於最後成老爸、老媽那一段了。最後只能說：我們長大了，電影沒一起長大。,3D+IMAX观影体验极赞！不得不说，这是除第一部给我带来惊喜以后的又一次盛宴。给予五星并不单纯是因为伴随着这么多年下来的感情，还同时因为影片本身也很出色。情节紧凑，诸多场景颇具压迫感，从始至终满满都是高潮。伴随着那辆驶向霍格沃兹得列车开出，积累两个小时的情绪终究爆发。★★★★★,1
107,消失的爱人,https://movie.douban.com/subject/21318488/,8.7,610295,相信我...其实，这就是马伊琍和文章的故事...,哈内克似的割喉真是万能药... 大卫芬奇要多恨现代媒体。美国社会结构就是少数精英控制了洗脑话语权，而大部分人则自觉或者不自觉地维护着虚幻的道德...,I love David Fincher! P.S.: 开始前，旁边坐在一群couples中的单身小哥无聊郁闷地喝咖啡；结束后，他幸灾乐祸地跟我说，Now every couple feels no good...,爱人不见了，千夫所指。爱人回来了，万丈深渊；婚姻是一袭华美的袍，这是面子。爬满了虱子，这是里子。,特别喜欢在汽车旅馆打劫Amy的那对小流氓，简单直接，秒杀了没事瞎折腾的女主,1
108,7号房的礼物,https://movie.douban.com/subject/10777687/,8.9,340850,看这么虐心的电影我都没哭，可能真的没什么电影可以让我哭了。如果想挥泪解毒的，可以尝试一下，十有八九会哭个稀里哗啦的。电影不乏刻意之处，但胡椒芥末用量太足，不中招也难，中国要能拍出这种杀伤力的催泪弹来，票房十亿起。,看那么些年韩国电影，多少了解到一些韩国警界法则，电影里面把孩子送去监狱没有人告发这些看似无厘头、没有根据的情节在以前的大韩民国是完全可以实现的，所以啊更多时候不是为亲情而哭，而为这样的社会现状而哭,对亲情，友情之类的无法抵抗，影片后面女儿和爸爸在监狱门口分别那里哭得不能自已。,韩国片是狠，俗套的剧情，陈词滥调的煽情，竟然拍得很好看，早知道会往死里煽做好的一切防御，还是没能挺过最后一幕。电影有我是山姆、雨人、美丽人生的影子，组合到一起竟然不错，说明人家会抄，某些片连抄都不会。小女孩演的真棒,"他们甚至不惜冒险将艺胜带入牢房与父亲相会。
黑暗冰冷的监牢内，7号牢房阳光满满",1
109,玛丽和马克思,https://movie.douban.com/subject/3072124/,8.9,319583,伤心电影，好电影。结尾告诉我们，网友见面要早。,所以说，一般让人哭得那么惨的片子大半都是自传体。看到一豆友的短评“我们为什么需要3D？”说得真好，我们已经有这么优秀的2D动画了。这是09年最让我感动的动画电影,loser片。只是相比评价电影，现实中的人们会有如此多的宽容与同情？不可能嘛,拍电影是不是和做爱一样 只有技术做不出感情,在永恒的孤独之中，凡人皆有所寄托。,1
110,红辣椒,https://movie.douban.com/subject/1865703/,9.0,257041,如果说盗梦空间像是工科生拍的 充满了逻辑 数学 推理 极尽聪明之事 那红辣椒就像是文科生拍的 天马行空 无所不能 是一个真正的梦,极其喜欢游行部分的画面和音乐，虽然满诡异的，呵呵,相对于深远的梦境来说，科学可能不过是一堆垃圾而已。,梦境对现实的入侵真是惊悚而奇趣啊啊！相比之下“盗梦空间”相形见绌了——或者说正是因为“盗梦空间”太讲求规则与逻辑，反而失去了今敏天马行空、随心所欲的创造力～～～,每一场重刷都有新发现。,1
111,爱在黎明破晓前,https://movie.douban.com/subject/1296339/,8.8,392813,两个人在试听间里听爱情歌曲的那一段，局促的空间里，想看对方，又有些矜持，目光刚一接触就赶紧离开，那么一段长长的时间，很好。餐厅里互打电话。对话总是很聪明。“很多人结婚的理由比这还少。”,话唠爱情经典版本,那个诗人让我印象深刻。,成就了男人的幻想：遇见一个陌生的美貌女人，靠魅力跟她上床。成就了女人的幻想：遇见了一个陌生的帅气男人，拉着他的手叨逼叨一整天。,我所能想象的可以存在的最好的爱情啦~！,1
112,告白,https://movie.douban.com/subject/4268598/,8.7,518352,"当罪人无法通过法律将其制裁的时候，唯有以暴制暴。
本以为是个推理片，想不到电影一开始就已经知道犯人是谁，只剩下女教师的复仇；本以为她在关键时刻会俗套地圣母一把，看在对方“还是个孩子”的份上原谅杀死自己女儿的学生，想不到她腹黑到底，把两个少年折磨到求生不得求死不能。太tm帅了。",都是你爸害的（《松子》），都是你妈逼的（《告白》），中岛哲也太喜欢成长阴影了吧……,等本片有下载的时候一定会有不少恶评，与以往的中岛哲也完全不同，大量的特写与高速慢镜的运用，全片好似分段式MV，情节上各种意识流似的拼贴。导演视乎在还原一种心理动作。谈不上非常喜欢，但却仍想赞一下。,这片告诉我们，正太与萝莉都是斗不过御姐的……,电影表现的方式与以往比较相当不同，全片充斥着大量的慢镜大量的特写，画面也甚是唯美。有很多人说此片因为拍摄、剪辑与音乐的搭配十足就是一部超长版的MV，但至少代表这部电影很美；也有人说内容空洞苍白，那只能说原著本身就有这样的问题。最后那句“开玩笑的……”比原著带来的震撼还大。★★★★,1
113,一一,https://movie.douban.com/subject/1292434/,9.0,238199,婆婆，对不起，不是我不喜欢跟你讲话，只是我觉得我能跟你讲的你一定老早就知道了。不然，你就不会每次都叫我“听话”。就像他们都说你走了，你也没有告诉我你去了哪里，所以，我觉得，那一定是我们都知道的地方。婆婆，我不知道的事情太多了，所以，你知道我以后想做什么吗？我要去告诉别人他们不知道的事情，给别人看他们看不到的东西。我想，这样一定天天都很好玩。说不定，有一天，我会发现你到底去了哪里。到时候，我可不可以...,年轻的人无法解读的一种电影,从一个婚礼开始，到一个葬礼结束。 ,人生的命题我们还没能参透，世界却把我们看老。,"你说婚姻是个什么东西呢，这种相濡以沫带来的就是相对无言，那我们到底应该找一个爱的人一起，吵架，吵到精疲力尽声嘶力竭，一起尝尽人生百态的呢？还是应该找个差不多的人，平平淡淡，看似完满，因为不曾激烈相爱，所以无从争吵。那么，NJ，你幸福么。
我本以为我看懂了，想来最后还是没有
",1
114,小森林 冬春篇,https://movie.douban.com/subject/25814707/,9.0,242055,“她这么辛苦种田就是为了每天这么吃啊？”“对啊，人生不就是这样吗！”,有人说装逼呀什么的 我人生就得加一味装逼,嗯，要细心，要有耐性，还要要守得住寂寞。当然首先，你要有块地。8.5,想做饭想做饭想摸菜刀想翻锅想捏面团啊啊啊啊啊我的厨魂已经熊熊燃烧了！！！！感觉村里地上随便啥草都能焯一下炸了吃掉¯﹃¯…,舌尖上的日本啊。非常治愈，尤其在刚刚看完《疯狂的麦克斯4》之后接着看这部。这个世界上，可能也只有日本能拍出来这样的电影了。独立于地球的自我。一日三餐，周而复始，春播冬藏，这就是“日子”最好的解释。,1
115,侧耳倾听,https://movie.douban.com/subject/1297052/,8.9,304184,"...................如果不是片尾的一句""你愿意嫁给我吗"" 我愿意打五星",这是一个我早已错过的故事，我没有在十五岁看到它，我早已进入了不用借书卡的年代。现实中，只有我一个人与图书馆天荒地老。即便如此，我还是感谢它赐予我的全部勇气。|一五年夏去了多摩市。走在コンクリートロード上，山雨欲来，穿过长长长长的階段，从来没有觉得他们如此真实过。,最动人的一幕出现在爷爷拿着月岛刚完成的稚嫩的小说，对她说：太棒了，真是太棒了。在才华刚刚起步的日子里，有一个人能完全诚挚地赞美，比什么都好，它不会令人骄傲，相反会让人更看清自己。,我我...我，被两人青涩的爱情感动啦...在自己的生命里，会有那么一个激励自己想要走得快一点的人，为了能够赶上去，牵住他的手，不成为他的累赘，在背后支持着他，与他相爱，与她携手到老，实在是太美好了。,阿雯：我还是下来吧  圣司：我没问题...我早就决定...要这样载着你翻山越岭...   阿雯：我不要变成你的包袱...我也早就想好了，要在背后支持你...  圣司：知道了，拜托你了——哥觉得这就是伟大的爱情！,1
116,大鱼,https://movie.douban.com/subject/1291545/,8.8,399350,孪生姐妹不是连体，巨人没有那么高，他妈妈在葬礼上穿的是大红的外套,"哥特和亲情的融合..每个人心中都有一条大鱼，抱着梦想而活是最幸福的，怀抱梦想而死去的人是不朽的。
到了最后，真相已不重要，眼泪也淌下来了...其实他们都是真的，故事的虚化以外，所有的人们都是真实的.",父亲和母亲在浴缸里静静地抱在一起，父亲走后有很多朋友为他送行，这是最让我动容的两幕。此刻，我也知道了生命对我最重要的是什么了。,表面在过的人生，和在内心世界奔涌的人生，本来就是并行和交叉的。这个世界不仅仅是我们看得到的世界，它更真实地存在于地表之下，头顶之上。最后他变成大鱼游走了，我都看哭了。,似幻似真，此时没有真实或者不真实，只有你愿不愿意相信。,1
117,阳光姐妹淘,https://movie.douban.com/subject/4917726/,8.8,434460,其实片子的问题很多，表演过度，两组时空变化有时会很牵强且情节有断。不过仍然被感动了，回忆跟青春真是一辈子也不会烂的催泪神技啊！熟悉的旋律，友情与爱情。结尾收的也好，终于没有韩片尾大不掉的毛病了，适时而止反而有些回味。,一起哭，一起笑，一起疯，一起闹，一起尽情折腾我们的人生，即使老去也有最美最好的青春可以一起祭奠。,秀智被毁容那段太震撼了,傻逼的日子最开心，俺死的时候，他们都会回来么,论跟土豪做好朋友的重要性。,1
118,蝙蝠侠：黑暗骑士崛起,https://movie.douban.com/subject/3395373/,8.7,486401,Anne Hathaway美得足以把全世界的基佬都掰直，但刚被掰直的基佬们马上又会被囧瑟夫萌弯。,失望到爆！反派为什么反的设定，最后反转的设定，最后拯救的设定，都是那么的普通乃至无趣，甚至连打斗都毫无新意，那些反派配角就是一个个等着轮流给蝙蝠侠打。诺兰导演水准没差，只是这次的编剧编得真的弱到爆炸!,拍出了黑暗英雄的铁血丹心，但没能超越《黑暗骑士》。配乐超赞！,從《Inception》開始認清Nolan並非一位類型片作者，而《騎士崛起》只是佐證了這一看法而已。唯一可稱道的是他仍在嘗試用drama而非“奇觀”敘事，但在那drama裡人物的完整性常被忽略，取而代之的依然是獵奇的“結構”（如本片末尾最終boss的扭橋逆轉），他的走俏是”通俗“而非”電影“的勝利,当然不及第二部的无与伦比，但这一部说是非常完美也无可厚非，极其强大的卡司是基础，紧锣密鼓的情节全无走神之处。老爷是神，哥谭和我，都需要这样一个英雄，结尾时差点就哭了出来。PS：这部让我完全颠覆了对安妮海瑟薇的印象，要是她的戏份再多点就好了，老湿和囧子非常抢戏啊，反派也迷人。,1
119,射雕英雄传之东成西就,https://movie.douban.com/subject/1316510/,8.7,444041,这样的parody电影，如今已经不可得.......梁家辉叫人吐血那场唱段戏，竟是众人乐得不支之下张哥哥一手编词、导演的，10几年后我才知情......,梁家辉和刘嘉玲是亮点，特别是后者，我简直被惊艳了,刘镇伟哪里比王家卫差？！,当年看得我笑至浑身酥软的一部好电影.,跟同学一起又看了一遍，最喜欢刘嘉玲,1
120,唐伯虎点秋香,https://movie.douban.com/subject/1306249/,8.6,672782,哈哈哈.其实我是周星星FANS，心情不好看他的电影会边开朗.这个看了好多次了.一群人一起看最好玩.,电视上常常重播这部，真奇怪。,小时候看一次笑崩一次,N遍,周星驰的演技无话可说的好哪！特别喜剧是他最擅长的,1
121,超脱,https://movie.douban.com/subject/5322596/,8.9,306323,“我的灵魂与我之间的距离如此遥远，而我的存在却如此真实。”——加缪,我们不一样，我们都一样。,托尼·凯耶这么多年了，拍片仍然是一副死不回头的独立范儿，各种伪记实、访谈与剧情相结合以拉近观众的距离。整部影片始终弥散着一股伤感、落魄的情绪。很多男人都想在大街上拯救一个雏妓吧。布罗迪的表演很加分。,这部电影撩死了姐久违的厌世情绪（从值得褒奖的角度说的）。萝莉大叔之间的救赎之爱又很治愈，搞得姐要死不活（仍然是in good way）。个人风格非常强烈，影像形式非常自由，但信息传递得十分清晰。这很难得。姐真心觉得AB很帅的（好吧，我是马脸大叔爱好者），就是这长相注定演不了让人开心的电影,AB沉默多年，终于重新发威给出有超越《钢琴家》势头的影帝级表演。加上Tony Keye以擅长的纪录片手法给观众挖了一个美国教育灰色地带的大坑，题材不新但叙述角度和震撼力足够击穿经历过类似长短不一的时期的我们的心脏。,1
122,倩女幽魂,https://movie.douban.com/subject/1297447/,8.7,477383,王祖贤太太美了，哥哥风华绝代。,宁采臣只是张国荣的。,未见过电影院在非节假日只吉着第一排，未听过电影散场时有如此热烈的掌声，未见过全场观众都等到银幕彻底黑了才起身离场，未见过打字幕时有人拍照留念，十七年后，《倩女幽魂》仍然用事实告诉他人“经典”二字当之无愧,4星，但为了打压那个翻拍，5星！第一次看到张国荣和王祖贤的名字出现在豆瓣正在热映中好激动。我记得我第一次看的时候还哭了，现在就光顾着嘻嘻笑了。大屏幕上的王祖贤真美阿。据说那些黏糊糊的东西都是徐克同志想出来的。ps:大陆上映主题曲是国语，感觉少了不少，我真第一次听！童鞋们理性决定。,好吧，经典，音乐经典，片段经典，造型经典，神马都经典，就是那个粘糊糊长兮兮的大舌头太恶心了，吃完饭看的(#‵′),1
123,甜蜜蜜,https://movie.douban.com/subject/1305164/,8.8,349782,其实我是被米老鼠感动的,"This is not so much a story about people falling in love，
but rather of two young heart trying their best not to fall in love with each other.",曾经的香港电影多么令人激动与感动。,黎小军连豹哥的一根头毛都比不上吧，嫁黎小军我一天能因为无聊自杀三百回，“无聊”这种东西如果能拟人的话，它的形象一定是黎明！！！,张曼玉精彩绝伦的演出成就了这部电影。聚散离合，缘起缘灭，情感的纹理与能量、生成与幻灭、真挚与虚妄，历史的荒诞与无情，一切的一切都是张曼玉。情到深处爆发出来的能量，如花瞬间绽放，充沛又从容，亚洲女星中大概唯有巅峰年代的高峰秀子可与之比肩。,1
124,驯龙高手,https://movie.douban.com/subject/2353023/,8.7,514959,妙蛙种子龙。。呜哇,“没牙”真可爱呀真可爱~,虽然没有皮克斯那么有深度，故事情节也略显老套，但是好的电影就是能让观众沉浸其中，不管是用画面用音乐还是用其他的。错过档期没去电影院看3D只能说是一种遗憾，还好720p的效果也十分的赞，这应该是我今年到目前看过最好的一部动画片。★★★★☆,90分钟绝不冷场愉悦刺激的观影体验！3D技术的进步更是锦上添花~恰到好处的笑料，让人爱不释手的角色，精准传达的主题，精彩的动作场面，都是此片绝对值得推荐的理由。遗憾的是仍有缺陷，使影片仍算不上完美。,我怎么觉得一点都不好看呢。对于那么喜欢看动画片的我来说。情节实在有点弱。,1
125,萤火之森,https://movie.douban.com/subject/5989818/,8.9,323432,一点都没失望( >﹏<。) 真是发自内心的喜欢又痛恨这个故事！,最爱 没有之一 少女心都在这了,我有多渴望触碰你，我就有多害怕失去你。,TTTTvTTTT ←只有这个表情,在那个夏天那片森林 拥抱你 离开你 记住你 就知道是死虐,1
126,恐怖直播,https://movie.douban.com/subject/21360417/,8.8,420584,有紧张刺激的故事情节，有导演想传达出来的比恐怖炸弹还要严重的媒体、政治顽疾，还有河正宇超棒的表演（大势所趋，成影帝）。超喜欢最后一幕，河正宇摁下按钮，媒体大厦砸向国会议堂!!,韩国电影中一直有一种东西，合适的时候叫『热血』，过量了就是『狗血』。但从来没见过不足的时候是什么样子。,今年最好的韩国电影出现了，《恐怖直播》恐怖直播，绝对五星。韩国人再次一人之力对抗政府，在几十平方的演播室内，闪展腾挪，河正宇一个人撑起一部戏，身临其境的现场感宛如911直播，悬念绷紧紧张到手心捏汗。韩国电影人用小成本好故事，再次告诉我们故事为王，其余是浮云，好莱坞快去买改编权吧！,奶娘的，看得老娘热血贲张！！！让你们道个歉怎么就这么难！！！尤其是广播局长说完“刚刚收视率达到了78%，收工后一起喝个酒吧。”然后转身就走的画面，真的想一棒子敲死丫的！！人命如草芥，这电影就是说的天朝啊！！,还是那句老话，天朝现在就是制作不出这样的电影。（虽然知道不可能，但要是结尾打上根据事实改编就给五星了！）,1
127,菊次郎的夏天,https://movie.douban.com/subject/1293359/,8.8,341198,相比久石让的音乐，影片相形见拙。电影像是《中央车站》+《完美的世界》的结合，不同是《菊》以小清新喜剧基调和章回体叙事呈现，主角的可爱流氓性格，自始至终赋予影片乐观积极的情绪操控，即便孩子遇见母亲后主题仍能迅速回到积极一面；缺点是一些幽默元素是强加进去的，看似自然却不真实。,北野武与老母不和。事业稍有起色，老母就每月催他寄钱回家，偶有延迟，便来电破口大骂。母亲的贪婪势利让北野十分不爽，老母去世时甚至不想回家奔丧。后来，北野武的大哥交给他两件母亲留给他的遗物：一封信和一张存折。信里写道：我儿，你从小就生性浪荡，我担心你日后一无所有…存折里有一千万圆,而我只看到了深深的孤独，两个孩子的孤独。,爱有很多种~跟一个流氓过暑假会有这么好,过强的风格化有损叙事部分的流畅度，但反而造就出一种非常奇特的空白效应，与人物的怪诞乖张相得益彰。久石让的配乐为影片增色不少，是一部非常有趣而诚挚的作品。,1
128,幸福终点站,https://movie.douban.com/subject/1292274/,8.8,363087,等待让人生更加丰厚和充满期待，人生由无数等待组成，等待迟来的班车，等待一次机遇，等待成功，等待老去，等待死亡。幸福没有终点站，只要活着就总会有好事发生，在逆境中仍然活的如鱼得水才是一种境界。,亲爱的，有时候幸福需要等一等。,那个快餐店小伙的热情与多情、办理签证的女工作人员的一丝不苟、印度老清洁工的唠叨与古怪，都在影片设置的细节中展现了丰满的情节，给人留下很深的印象，皮尔伯格在电影中对塑造群体人物的功力还是显而易见的。,"泽塔琼斯还是动人啊。汉克斯还是牛啊。
（跟小白在新居里看的第一部，明珠台）",hanks真棒。。。一個人在機場如何度過一年，還是爲了家人,1
129,爱在日落黄昏时,https://movie.douban.com/subject/1291990/,8.8,336460,"“从某种意义上来说，我所有的浪漫
都在一夜之间消耗光了...”",她瘦了。好爱她那件黑色小衫，后背开襟。只是从她拥抱他开始，眼泪就往下掉,浪漫邂逅，偶然错过，久别重逢，物是人非……祝你们最后上床了,走啊说啊走啊，与一个能从婚姻、政治和理想谈到吹箫、快感和高潮的女人。整个过程，如Deja Vu，却又具象得令人发懵。回忆奇异飘渺，我会用三年的时光无间断地想念一晚上的事，却不愿用一晚上的时间去思索这三年中发生过什么。,欲买桂花同载酒，终不似，少年游。,1
130,超能陆战队,https://movie.douban.com/subject/11026735/,8.7,663822,故事不新鲜，但角色有新意。几处萌点和泪点全部来自大白，大白的陪伴，让人想起的不仅仅是：大熊身边的哆啦A梦、教授帕克的忠犬八公、坚守地球的WALL·E、邻家的多多龙、维克多的科学怪狗、小嗝嗝身边的无牙、库珀身边的机器人Case、山姆身边的Gerty、Wallace身边的Gromit...,大胖胖终于将瓦力拱下了机器人萌货的头名宝座，日漫元素和迪斯尼风格合体开出了一朵大奇葩！故事其实就是“蜘蛛侠”1+2，但想象力和细节太挠人心窝子了…,又是一个故事平平只靠细节讨巧的动画，但是没办法，就是超级吃这套啊！！,3.5 气球人真是很可爱，比那个贴胶布条的片段还要可爱！感觉短腿要开始流行了。但故事整个太模式化了，情感简单粗暴，感觉自己是婴儿，被喂了一套营养均衡的婴儿餐似的... 整个城市设定让人有点想看日语吹替版...,美国动画的一贯特色--强头弱尾，越到后面越无细节，只走套路。尽管如此，气球人依然是个相当出彩的新人物，是影片的最大（甚至唯一）亮点。旧金山的街景设置很逼真，各条路都令人熟悉而亲切。,1
131,无人知晓,https://movie.douban.com/subject/1292337/,9.1,174323,看完以后，也还是沉默，没有煽情的眼泪，没有明显的愤怒，就和这部电影一样，平静的说一个难过的故事，但没有一个人流泪，甚至连埋怨都没有。被抛弃真的很可怕。,意识到yuki已经死掉的那一刻，我一连说了十几个shit。难过却哭不出，像是被谁狠狠打懵了，完全不知该如何反应。,寂寞放入时间，死生藏进四季。你怎么不来玩了？问出的都是寂寞离散；这就算告别吗？道尽的皆是生死喜悲。泡面桶种下了盛与衰，行李箱藏匿着生与死。头发长了蜡笔短了，寂寞随季节更迭；灯泡暗了蜡烛亮了，生命与时光流转。日复一日无所事事，只好承载思念。最好的一次是枝裕和，最残忍的一场成长悼念。,看了开头以为这是关于爱的电影，其实这是关于无爱的电影。镜头和音乐看上去无比小清新，看进去之后，却无比悲凉。这四个孩子就像他们在路边捡的种子一样被丢弃，被遗忘，在角落里毫无希望地生长。方便面杯上写着的名字，终于出门时阿明的一笑，以及出门那段的轻快音乐，是仅有的动人时刻。,8.75 是枝裕和、许鞍华这样的形式上走平淡路线的导演，就应该拍有兴奋点的故事，比如不平凡的人物背景，走向极端的故事展开等，平淡的形式对激烈的故事有天然的压制效应，可以产生反作用力来打动观众。所以杨德昌能成为大师绝非偶然。,1
132,借东西的小人阿莉埃蒂,https://movie.douban.com/subject/4202302/,8.8,361194,能赠予你的临别礼物，不过是一块小小的方糖。,那个阿春好讨厌啊，让人家好好生活步行么，为啥要抓起来啊。。,阿春那种无缘无故的残忍和仇恨是怎么来的呢？不过想想我小时候也爱水淹蚂蚁什么的，大概是同一种心理吧。,这是千与千寻之后我第一个从心底喜欢的吉卜力，中间那四部mediocre的作品好忘掉了,还是那个最纯粹的宫崎骏。,1
133,神偷奶爸,https://movie.douban.com/subject/3287562/,8.6,666902,绝对史上top 5级别的动画片！！豆瓣评分不上9没天理,太喜欢里面人物的造型了！！！里面那个扎冲天马尾的小女孩萌到我心都融了。。。,这个动画片再次证明了，不怕讲老故事，只需要有颗不老的心。打动人的是里面的小情趣，小可爱，小孤独，坚硬外表下谁都渴望一颗被温暖的心。真的远比toy3得我的心。,"看到短短胖胖的小药丸， 就觉得好可爱，戈玛幼稚又充满希望的成熟让我心生怜爱。
^_^",精彩都在片花，没太大意思,1
134,怪兽电力公司,https://movie.douban.com/subject/1291579/,8.7,431686,买了张蓝光碟，再次重看，画质优秀了，似乎离怪物们更近了，原来毛怪10年前的毛发就这么逼真了。再次感叹皮克斯的创意和想象力，最棒的地方也就是这个创意了，皮克斯的动画片过程可能都很相似，唯独创意个个都很独特。★★★★,和女儿一起看的，她比阿布还要可爱。,在怪兽的世界，有一家最大的电力公司，依靠吓唬甜睡的宝宝，取得孩子的惊叫声做成发电的能量。惊叹于他们天马行空的想像能力。,好欢乐〜只是，麦克他俩发达了之后难道不应该回去探望感谢下雪人兄么？毕竟人家在他们被放逐的时候慷慨接待过，他俩也还摔烂了人家的雪橇，苟富贵，勿相忘啊。。。,皮克斯第四部长片，除了一炮而红的玩具总动员以及乘胜的二——以及成绩不佳的虫虫特工队之外的首个大收之作，阖家动画电影标本。,1
135,风之谷,https://movie.douban.com/subject/1291585/,8.9,270424,在此我们可以见到比卡丘的渊源，可以看到Spike飞船的渊源，可以看到虫师的渊源，也可以看到诸多动画人因此崛起的渊源。,当女主角在黄金之海上复活的时候，我那发达的泪腺又西里哗啦了..,《幽灵公主》的前奏，初步表现了宫崎骏在之后一系列电影所追求的人与自然和谐平衡的主题。,宫崎骏最爱。动画片的圣经,很有深意的一部片子，人与自然的关系是互相尊重的。,1
136,玩具总动员3,https://movie.douban.com/subject/1858711/,8.8,335322,前半部分就有好几次想哭的冲动，本来以为这次能够幸免的，没想到最后几分钟那么煽情，简直要哭死了。其实3D效果并没有很出色，但是精彩的剧本真的很让人感动。这不是一部给小孩子的动画，是一部给成人的童话。,让我笑已经够了，居然还能让我哭，nice job！,"闪耀着万丈光芒的又一动画杰作。每一处笑点都能轻易抓到，让我就像是回到了15年前，开心到得意忘形。最后一场戏动人程度堪比UP的""married life""!",即使放到皮克斯标准下来看，这都是一部好电影。,还记得你的那些玩伴么？,1
137,完美的世界,https://movie.douban.com/subject/1300992/,9.1,162153,他看见他，他带走他，就像带走童年的自己。他终于相信这个世界有鬼了，眼前这个开枪打伤他的小鬼就是童年自己的鬼魅。“再见，这是完美之旅。”再见，布奇。,遥远的记忆啊……每次看的时候都想如果Kevin要我做人质，一定张开双手欢迎，然后收紧两臂学足无尾熊的样子抱住他的大腿死都不放。有他当爹，再有Eastwood当爷爷，就是一个perfect world了。肚腩长在有些人身上莫名地就成了一块萌肉,灵魂在天上 看着绿草如茵的地方……,我童年时期最刻骨铭心的电影，今天终于找到了,标准的有点像是教科书里的故事,1
138,血战钢锯岭,https://movie.douban.com/subject/26325320/,8.7,551406,特别老派的热血直男片，甚至觉得叙事目的性强烈到有些直白。然而，就是好看。前半部分就是压制观众情绪，后面的战争就是帮主角和观者释放，去证明主角。战争场面太硬了，血腥可怕，看到紧张，如炼狱一般。我认同他的那些信仰？胡开尔啊！真正让人激动的，还是见证普通人创造的奇迹，因为这是真的。,救人75命，胜造525级浮屠。,李安想告诉我们英雄是会软弱会迷茫的平凡人，梅尔吉布森告诉我们英雄都是神一样的人。但是这部片的好处是，同样是展现人的神化，它可比手撕鬼子的剧真实多了。大概是因为真正的神从来不觉得自己所做的一切常人难以企及，他只是谦卑地认为自己做的还不够。克制是最大的美德。,这部片子最牛逼的，把钢锯岭拍成了寂静岭，把鬼子拍成了鬼。第一次被一部战争片的恐怖场面吓到，感同身受于士兵的恐惧。,其实这片子挺牛逼的，后面一个小时里黄继光，董存瑞，王成，李云龙，白求恩相继出场.....,1
139,上帝之城,https://movie.douban.com/subject/1292208/,8.9,221224,看过巴西，才知道我国多么安定……,脸盲症发作，愣是20分钟才把人脸分清。,"li""l的发小同伙眼镜benny太可爱了...五官一点都不像典型黑人，笑起来还有甜甜的酒窝..迄今我看过的最好的拉丁电影",冗长，杂乱,这配乐这镜头！！！！,1
140,傲慢与偏见,https://movie.douban.com/subject/1418200/,8.6,507957,最爱~~~伊丽莎白在大雾中看到渐渐清晰向自己走来的达西先生，我眼睛都湿润了……,那个傲慢的人在溢满雾气的晨曦中走来，用最卑微的姿态求你爱他，甚是美好,这一版的每一刻都美得让我心醉。特别是片尾达西从田野的晨雾中向伊丽莎白走来的镜头~,英伦田园的风景美丽如画，绅士淑女的爱情曲折如诗；也许这不是最好的一版，但绝对是最美的一版，画面太迷人了。,特別喜歡 看很多次了,1
141,时空恋旅人,https://movie.douban.com/subject/10577869/,8.7,365764,理查德·柯蒂斯擅长的轻松有趣加温情。时空旅行仅是噱头，重头还是亲情。当主角发现即便可以时空旅行，仍无法避免那些生活的悲剧。比如亲人的离去，我们始终无能为力，这恐怕是最触动我的地方。最终的主题仍是学会爱，学会生活，并珍惜与亲人的每一天，这话说来容易，实际却相当难。生活中同样应该如此,突然悟出一個道理。分分合合的戀情，多半因為其中一方熱切於go back in time，重臨兩人曾經的過往。而另一方並不。,"编剧是Love Actually的Richard Curtis， 女主角是来自于另一部时间旅行电影The Time Traveler""s Wife的Rachel McAdams. 配乐沿用了Gravity里的钢琴伴奏，画面美好到让人陷在爱恋中。在伦敦，若不好好谈一场恋爱就太辜负这个城市的一片深情。把每天当作最后一天般珍惜度过，积极拥抱生活，就是幸福。",编剧的笔尖犹如乐团指挥家手中的棒子，弹指之间，我们的欢笑与泪水全然失控。每一首配乐，每一段对白，都是如此触动心弦。,选角美，配乐美，造型美，镜头美，剧情美，台词美，这样一部让人心情好的电影，我都快忘了爱情事件多美的事儿了，可电影不仅仅只描述了爱情，还有温馨的家人，给一百颗星都不够！Rachel这样可人的女孩，要遇到了我一定会去追 ❤,1
142,电锯惊魂,https://movie.douban.com/subject/1417598/,8.7,338531,可是跟电锯有毛线关系啊 明明是手动的,最后五分钟让我全身发抖！,悬疑多过恐怖，结局很出人意料，非常值得一看。,看第一部的时候着实被他的情节设计给惊讶到了。,剧本唯一遗憾的地方是没有泄漏（分析）此人的变态动机，没有犯罪的心理学分析、社会学分析，这使它和《七宗罪》相比显得逊色。不过我还是很佩服这个创意，美国恐怖片发展到今天，血浆时代、血腥时代、性和喜剧的时代、心理分析时代都已经相继过时了，不怎么刺激了，如今拼的就是创意，用台湾广告业的行话讲，就是要……脑力激荡。,1
143,喜宴,https://movie.douban.com/subject/1303037/,8.9,228392,看到房间号1069我的玻璃心碎了一地...,这片在20年前是多么得前卫出格阿！！,父亲在片尾过安检的时候最终还是举起了双手。,故事讲圆了，金素梅的台词功太生硬，想打掉孩子的那两段台词写得不好。,所以说，结婚的时候一定要搞清楚伴郎和新郎的关系。微虐慎入。,1
144,教父3,https://movie.douban.com/subject/1294240/,8.9,231168,看到最后要哭死了，可能因为总算有终了，这是教父系列我最喜欢的一部。另外想问问索菲亚小姐，您演技差也没关系但是没见过人死吗。。。。要不是帕西诺在嚎啕就完全没泪点了。,"""All the power on faith can""t change destiny.""
任何信念的力量，都无法改变命运。
人们觉得第三部不好的原因只是我们不愿接受故事的真实结局。",可能是因为看电影中途没有被打断，也可能是因为阿尔哥岁数渐增，演技越加成熟，第三部的感觉比第二部好很多。如果说基督山伯爵最重要的五个字是期望和等待，那教父系列的主题就是责任和担当，或者得到和牺牲。教父三部，时间从72年，74年直到跨入90年，还有质有量，科波拉也非凡人。,Michael Corleone也想做一个好人。但人在江湖，身不由己，为了家族，黑道浮沉数十载，甚至杀死了自己的哥哥。风烛残年的昔日教父坐在故乡夕阳下的藤椅上，回想这世间他最爱的三个女人，如今全都已离他而去。手间滑落的橘子、两只土狗与一口老井见证了他最后的悲凉。 ——2018重温,牛逼人物的特质是枪都开不死。帕西诺。,1
145,谍影重重3,https://movie.douban.com/subject/1578507/,8.8,294516,作为Bourne系列，这部真是豹尾，节奏与情节安排都极为令人称道。,谍影重重三部曲，一部比一部好看，有“倒食甘蔗，渐入佳境”之感。难得。,Bourne去救Nicky这段最抓人。,第3部还那么NB,第三部，男主角终于不再杀人，因为他成佛了。自从他遇见了CIA的女观音菩萨后，就走上了成为斗战胜佛的道路。,1
146,岁月神偷,https://movie.douban.com/subject/3792799/,8.7,438404,“在变幻的生命里， 岁月，原是最大的小偷。”我喜欢这种褪色的温情脉脉。,每个人都有一场被岁月偷走的记忆。眼泪流了那么多，但丝毫不觉得煸情。节奏虽慢，但不琐碎。很喜欢李治廷的表演。这一场感动，来得无比自然、真实而朴素。难一步，佳一步。一步难，一步佳。有这样的爸妈，我们难道没有理由看得见天空中同时出现的两条彩虹吗。另，海报上明明不可以少了李冶廷的份嘛。,全放映室的大叔大哥都在抹眼泪，更别说女生了，这电影点了香港人的泪穴,并未洗净铅华，却用最自然的从容令人动容,影院里我哭的跟罗进二似的,1
147,英雄本色,https://movie.douban.com/subject/1297574/,8.7,333102,Leslie这个萌娃。据说有次Leslie在电影院看午夜场，他跟盆友说：要死了，观众那麼喜欢发仔，而我却是个要抓发仔和我哥哥的警察。 第二部的时候，他开森的说：这回有人同情我了。看我演得多好！我的妻子怀孕生子时，我死佐~,能够把握住自己命运的人，就是神,“杰仔，你冇错到，我地大家行嘅路唔同，你行嘅路系啱架，以前我行错咗，宜家行翻啱，都唔算太迟。”这句真感动。如果把兄弟情都看成基情，这真的挺可悲的。,兄弟和好的时候，哭得不行。,早年录像厅模糊印象 夜里被和某人重温了下 大叹原来当年主流片也这么恶心啊！ 张国荣还略显稚嫩 当然这也和面具化的人设不无关系 和十三少 风月 阿飞还远不能相提并论。兄弟情义的问题么，这叫人心慌，这叫人心慌。一向不怎么待见吴宇森的，“我已经倒霉了好多年”令人笑场。,1
148,七武士,https://movie.douban.com/subject/1295399/,9.2,126721,我什么话都么的说。什么叫NB，这就叫NB。,真正的经典，总是让人无语。,世影史：本片可说是日本名导演黑泽明第一部真正加入西片趣味的时代剧，他虽然意图将这部片子拍成彻底的娱乐动作片，但事实上，整部作品仍充分流露著黑泽明式的人道精神。影片构造了一个包含着深刻隐喻的寓言，揭示了日本武士阶层的特殊生存状态与必然消亡的历史趋势。,保卫家园的片子，也能拍出如此深刻的人性。,农民寻贤求武士；武士精心部署之；部署完备等山贼；双方对战各损失；是赢是败难界定；农民欣喜武士伤。长叹息以掩涕兮，哀民生之多艰，以哀其农民之拙劣的本性——懦弱、猜疑、自私、松散、缺乏主见、固守成规；然而，哀而不怪，历史索然，形势所趋，只能寄望于未来，农民阶层可以雄起！,1
149,被解救的姜戈,https://movie.douban.com/subject/6307447/,8.7,416948,舒尔茨大夫不远万里，来到米国。一个德国人，毫无利己的动机，把强哥的解放事业当作他自己的事业，这是什么精神？这是国际主义的精神，这是基友主义的精神，每一个好基友都要学习这种精神。,waltz魅力十足 却死的那么酱油。。。,故事核心其实老土得很，就是男的历尽千辛万苦去救他心爱的人。但是故事人物设定实在太棒，花165分钟在这部电影上是绝对不会后悔。,感觉比《无耻混蛋》都要好看啊！,或许不是年度最佳电影，但极可能是最令影迷们过瘾的电影。不再在结构上费心编排的昆汀这次采用了更为传统的单线程叙事，他向通心粉西部片、香港武侠片甚至自己的《无耻混蛋》致敬。混搭音乐、暴力、语言（特别是外语）再一次成为手下重要的道具。塞缪尔·L·杰克逊奉献了他《低俗小说》以来的最佳表演,1
150,功夫,https://movie.douban.com/subject/1291543/,8.5,613695,包租公，包租婆，斧头帮，冯小刚被砍，....都是经典.,不要说烂，其实很卡通很cult,周星驰形式上的巅峰，但是意境已走下神坛,电影院里他说，你笑得好开心。,豆瓣连8分都没上 明明很棒 心中可以8分以上 感觉被低估了,1
151,疯狂原始人,https://movie.douban.com/subject/1907966/,8.7,591812,和这个比起来ice age系列弱爆了。。。and没有男人有不要捉急，只要你力气够大，身为女汉子你总有一天能给自己抓一只男盆友,就让动画片拯救全人类吧！！,「疯狂原始人」说的是一个地震高发以及pm2.5老是超标的地方只有中科院的男朋友才能拯救你全家的故事。=3=,绝对今年最好的动画片！我凯奇叔和石头姐配音赞爆了！泪点低如我最受不了梦工厂煽亲情！后1/3都在为凯奇叔流泪~老掉牙的外来乱入和一家冒险！但架不住拍的好啊！梦工厂拍成这样再老掉牙的设定我也乐意看！人见人爱无可挑剔五星五星！续集快到碗里来！裤腰带和坦克莫名的萌啊！结尾的飞翔太诺亚方舟了！,绚丽的3D效果+随机乱入的萌物+搞笑亲情大套路+点睛式的人生说教，人见人爱的作品，想象力和娱乐性爆棚；但捧为神作有些过了，它既没有Pixar经典作品的原创性和灵动感，也缺少梦工厂传统大作的独特个性和贱趣味！,1
152,哪吒闹海,https://movie.douban.com/subject/1307315/,9.1,162285,蒋勋在孤独六讲里写哪吒，他说，我记得年少时，读到哪吒把肉身还给父母，变成幽魂，最后找了与父母不相干的东西作为肉体的寄托，隐约感觉到那是当时的我最想做的背叛，我不希望有血缘，血缘是我巨大的负担和束缚。父母是我们最大的原罪，是一辈子还不了的亏欠，就是欠他骨肉，欠他血脉，所以当小说描述到哪吒削骨还父，割肉还母时，会给读者带来那么大的震撼。可是，这个角色在过去饱受争议，大家不敢讨论他，因为在百善孝为先的前...,削骨削肉的哪吒 算不算我朝到现在塑造的最有血有肉的角色之一了。至少也是我们很多人的回忆吧,拦腰斩断的六十五分钟 被斩还有 吃人 被吃 弑父 权权倾轧 “这还你的骨肉 不连累你” 这是最大的背叛 委屈 和孤独,影片摆脱了原著《封神榜》的黑暗色彩，而是塑造了一个如梦似幻的美丽童话世界，电影中的色彩运用堪称出神入化，人物塑造也是极富神采，这是一个充满童真和童趣的电影。回忆啊,年轻勇敢的战士，为保护更年轻的一代不被老朽腐坏的政权吞食，抛弃了自己的血肉之躯，与怯懦的父亲决裂，战斗过后，向着光明的未来奔去。但是龙王是杀不死的啊，死了还会有新的龙王，永远渴求着更多的童男童女，几千年了，哪吒还打得动吗？,1
153,天书奇谭,https://movie.douban.com/subject/1428581/,9.2,129469,"“你是蛋生的，所以叫蛋生~”

蛋生的师傅好帅啊~~~~~~~~",普罗米修斯,中国动画的巅峰。,我喜欢这个故事～,动画好多，经典的却很少，是吧蛋生。。。。,1
154,心迷宫,https://movie.douban.com/subject/25917973/,8.7,328923,“有些事，非得问出来？不问就是压在他心头，压一辈子；一旦问出来了，这石头就是压在你心头了” 赞叙事结构，过去跟现在将来混合，多人视角交叉重叠连锁反应，最后完美衔接…没有一个多余情节，荒诞讽刺，千奇百巧，抽丝剥茧，百转千回。2015《大象》《全民目击》，超过《烈日》《吾先生》年度最佳。,国产犯罪片越来越好。「烈日灼心」力道够了，然剧本硬伤太重。「心迷宫」的剧本真是惊喜。如此群戏能这样流畅地自圆，已实属不易；时间线打散却又让观众能轻易缕清而不显杂乱无章，确是匠心别具地精巧。开场即惊艳；结尾父子对峙戏太棒。当然，为过审加上的那行字幕让人出戏，不过相信以后会更好。,平顶山版科恩兄弟，作为处女作，看到了新一代年轻人的追求,看了忻钰坤处女作《殡棺》，惊喜！从容缜密，会讲故事。看片名，容易误以为是闷蛋文艺片，其实是无巧不成书的三段式“乡村怪尸案”。成本太低，演员略逊，但也带来了陌生的乐趣。和拍《光棍儿》《美姐》的郝杰一样，忻钰坤，绝对有实力执导更大制作的类型片。这种会讲爱讲故事的年轻导演，是稀缺资源。,放冰箱那个红色塑料袋到底是干啥的？,1
155,真爱至上,https://movie.douban.com/subject/1292401/,8.6,500357,我的圣诞必备，年年都是看这个，年年心情大不同，有时候一个人，有时候两个人，有时候一群人，今晚又是一个人，心里偶尔想着另一个人，偶尔想着一群人。★★★★★,寂寞的圣诞夜一个人看这种电影，看完觉得更寂寞了！,还有比受爱情煎熬更惨和更甜蜜的事吗？,我不明白，如果导演早就决定给个皆大欢喜的结局，为什么又不给得彻底点呢?,像我这样一个对外国电影了解不多的观众，看的时候一直处于“我靠这个人好眼熟，这个人不是那个谁吗，这个人是大牌吧，这个人我知道名字！……”的状态中。,1
156,萤火虫之墓,https://movie.douban.com/subject/1293318/,8.7,306966,虽然很悲惨，但是一想到是在二战的背景之下，对于罪魁祸首的日本我无论如何也无法有同情之心。想当年，在中国的土地上，有千千万万比这更凄惨的悲剧上演过,“我们做错了什么？”这话应该由日本人说么，即使是平民？妹妹的神态、动作、配音都绝了。,【B-】一个日本骚年，他妈死了，他爸死了，因为不想工作也不想当兵更不想洗碗做事（俗称废物）所以流落街头没钱吃饭，于是他妹也死了，他自己也死了，啊，太感人了。,其实我非常想给两星。给这剧情。给这劣作。,日本人博取同情的功利 是中国的N倍。,1
157,三块广告牌,https://movie.douban.com/subject/26611804/,8.7,578084,當你完全站在喪女心痛的母親這邊時，你才發現她也可以是一個加害者；當你以為警長就是如廣告牌說的懦弱無用，你才發現他也正在自己的生命旅程面對死亡；當你以為種族歧視的白癡警察已經沒救了，又發現他竟因為一封信而完全改變。沒有誰是絕對正義，沒有誰是絕對邪惡，奉愛之名，可以善也可能是惡。,本届奥斯卡主题——美国妈妈牛逼死了。《伯德小姐》《我花样女王》《大病》《三块广告牌》拜托把这几个妈妈凑在一起吧，光聊天吵架就行，比超级英雄联盟好看一万倍。,一直觉得马丁·麦克唐纳是继昆汀·塔伦蒂诺之后最有才华的编剧，他的剧本每次都是超高的难度，既有一流的编剧技巧又有严肃的文学性。他总是以黑色和荒诞的东西先爽到你，最后再慢慢的用正能量感动你，让你在残酷的生活里看到一丝人性的暖色。这次的人物塑造很厉害，最佳群像表演也是这个剧本的功劳。,今年两大最政治不正确电影之一（另一部是《凭空而来》）。愤怒是活下去的动力，怼天怼地才能内心平静，麦克唐纳用冲天戾气和负能量熬出一碗悲喜交加的心灵鸡汤。科恩嫂的表演太炸裂了，枯瘦的身躯下隐藏着滚烫的力量，全片仅有的一次笑容锁定奥提...,蹦出一条小鹿这个必须减分了…而且还那么像CG做的…,1
158,纵横四海,https://movie.douban.com/subject/1295409/,8.8,270651,有些电影，就该在那个时代看……,看过多遍，完全被三个人特有的自身魅力迷住，张国荣用红酒越红外线、三个人的舞蹈，至今都是经典。还有，发哥说，伊拉克不打仗。那是91年。,这么多年，还是觉得周润发莫名其妙被人偷垒很可怜啊,三个主演都非常出色的演绎了各自的角色，虽然现在回看起来感觉质量并不十分过硬，但就凭这三个人四颗星不能再低了。,看点主要在这几个演员的魅力值爆表以及某几个好玩段落。简直高配版澳门风云，至于经典.....（手动再见）除了阵容完美，电影本身完全无话说。,1
159,我是山姆,https://movie.douban.com/subject/1306861/,8.9,197005,孩子和“傻子”演技都很强大，更重要的是，它表现的一种富于人文精神的理念。,父亲节看这电影真是应景。里面的小姑娘，原来真的是老友记1014里面卖房子夫妇的女儿McKenzie  —— 世故地吓人，凭什么她这样就感人至深，林妙可就受尽唾弃？？？不公平,五星送个Sean Penn。,还是很感动的，虽然很多人物都比较脸谱化，但是依旧感动,六星的片子，哭得一塌糊涂。老天忘了我这个可怜的小孩，偏偏要给我这部电影提醒我有些东西我永远得不到。不能重生，不能生，此生再无机会，那就只好死去了。,1
160,达拉斯买家俱乐部,https://movie.douban.com/subject/1793929/,8.8,307763,男主、男配演技都破表了。上次见马修.麦康纳还是<林肯律师>里那个拉轰的帅叔，又屌又骚包，这部就眼窝眍䁖、腮帮塌陷、瘦到脱形的战艾斗士了。最诗意，是万千黄蝶绕身飞舞那一幕，如幻似真。对有些人来说，活着就是紧紧攥住意志力的缰绳，制服那头蹦跶公牛，尽量不从牛背颠下，能待多久，就待多久。,满眼都是演技的片子，编导的功力都放在了两位戏霸身上了，一个皮包骨，一个异装癖，不是剧本给了他们多少戏肉，剧本多么偏袒他们，真的是这俩戏霸在用生命来演戏。其实这个从非法走私药物逐步到为人权抗争的故事本就很精彩，如今在两位戏霸面前，能让人印象深刻的也就是他俩的神演技了。★★★★,"本片最打动我的地方是杰瑞德·莱托的那一句：“I don""t wanna die”那种在垂死边缘挣扎的痛苦蔓延了整个电影，原来再堕落的人也有求生的欲望，而且他们比我们更痛苦，因为他们用玩世不恭来伪装自己。马修·麦康纳和杰瑞德·莱托的表演让人潸然泪下，他们值得一尊奥斯卡，直接五星送上！",一个瘾君子，一个吸毒者，同时还是一个艾滋患者，以自己极端的方式完成了一次自我救赎。从开始为利，到后来为权利，他逐渐升华为一个斗士，一个为80年代LGBT谋取正义与公平的斗士。马修麦康纳奉上了一次奥斯卡级别的表演，会不会得奖就要看评委们忌不忌讳敏感话题了,根据真人真事改编，生动再现了80年代艾滋病患者的生活状态和维权运动。从患者到药贩子本身就很励志，更何况他们对内不放弃生命、消除内部偏见；对外利大于弊的走私药与弊大于利的药监局之间相抗衡，温暖有力。两位演员真是用生命在演戏啊，用演技撑满全片！,1
161,东邪西毒,https://movie.douban.com/subject/1292328/,8.6,414386,在我最美好的时间，我最喜欢的人不在我身边。如果时间可以重新开始该多好。,电影诗,你以为谈的是武侠，其实谈的是爱情；你以为谈的是爱情，其实谈的是人生。,【B】这不是武侠片，这依然是一部王氏爱情片，故事更加弱化，发散情绪更加严重，最喜欢林青霞的部分，觉得是看过的王家卫电影中质量最一般的一部，虽然依旧是喜欢。（王家卫要是去开个微博，那些爱情鸡汤营销微博都得被他逼死。）,可不可以给六颗星？,1
162,爆裂鼓手,https://movie.douban.com/subject/25773932/,8.7,376768,如果你还有空去琢磨片子里的不人道行为和思考扭曲的人物关系，那么你也许错过了其中最美妙的部分：节奏。整个电影的剪辑踩着每一个最扣人心弦的镜头行云流水的推进，两个主演的表演也是每一帧都没有跑调，片中所有的轻重缓急都似乎是浑然天成的组合，推着人随节奏进入到只属于艺术人生的不疯魔不成活。,清晰果断。……另外这部电影真是不错的试金石，看看短评就知道了。只从中看到痛苦，而看不到痛苦之中挟裹着快乐的人，大概从没认真追求过什么。,J.k.西蒙斯应该能拿下男配！这片子的节奏感实在太棒了，爵士乐和剪辑简直融为一体了，还有西蒙斯机关枪版恶毒的台词，脏字就像鼓点一样密集且激烈，几场打鼓的重头戏在镜头上都是细碎古怪，靠剪辑重新赋予整体戏一气呵成且不断加速的节奏，可惜整部电影还是碎的，否则就真成大卫·芬奇了。★★★★,第二遍看的观感落差略大……之前那种在紧张气氛下的恐惧感不在了，单靠剪辑节奏创造的强度也就少了许多魅力，倒是因为过于戏剧化的情节在心里不断减分。况且对这师徒俩哪个都没啥好感，真碰上这样的老师和同学大概恨不得一手弄死一个吧…,看完许久心跳还在加速，并觉得绳命的心跳从此都会加速下去。Simmons脸上的皱纹变化比鲜血四溅还有戏。各方面都水准极高的处女座（导演真是nice到爆，聊天聊的老开心，祝福前途满满<3,1
163,记忆碎片,https://movie.douban.com/subject/1304447/,8.6,421676,虽然知道多看几遍有可能会看懂，但我觉得应该把这个时间献给更多的电影。,10分钟可以搞定的电影默默迹迹搞了2小时。故弄玄虚，文艺青年必看装13电影。,这片看起来太累了。。。,"用记忆来确定自己的身份，让自己相信世界仍然存在。
剪辑手法太诡异了，看的我也失忆了。浑身发抖",在六月五日的前一天特意看这部电影的，想了解一个没有记忆的组织，是如何确认自我的，在开头的时候还真以为没有记忆也是能确认自我的，然随着电影延伸，最终仍旧证明一个没有记忆的组织是没有自我的。一个没有自我的组织，在这世界做什么呢？复仇，杀人？,1
164,荒蛮故事,https://movie.douban.com/subject/24750126/,8.8,276082,《恨我的人都去死吧》《姑娘，让我喂你的仇人老鼠药吧》《古有泼妇骂街，今有壮士斗街》《该死的收费站，炸裂》《黑吃黑谈判》《相爱相杀的婚礼直播》，喜欢第一个，第三个，第六个。,客机坠毁背后有何惊天秘密？厨娘为何对顾客起了杀机？荒郊野外两车爆炸烧焦尸体怎会纠缠一起？爆破工程师炸毁拖车公司是有预谋还是耍脾气？顶包案背后是何种金钱利益？新郎新娘婚礼现场反目成仇与神秘女子又有何关系？请收看人间自保指南：《别刻薄 别冲动 别装逼 别较真 别贪婪 别约炮》,人生的大喜大悲实在是太TM刺激了。8.7,拉美人民多奇志，拉美导演有邪活。年度最值得期待、最超出预期的荒诞喜剧，劲爆黑色邪典幽默调侃社会弊端人生百态，猛打鸡血笑中带泪。视觉语言极其娴熟。喜剧版《六个道德故事》。《断背山》《通天塔》配乐师桑托拉亚拉美风情吉他电子音乐燃爆全场。,又一个酒神附体的电影，有笑有泪的复仇大赛，库斯图里卡的黑色味精，昆汀的血色糖精，加点马卡维耶夫的迷狂春药，好玩。最凶暴的两个司机玩命斗气斗殴那一段，跑到奥迪车头拉粑粑的司机要是腹泻，就棒了，可怜我最喜欢的Joe Esposito单曲《Lady， Lady， Lady》为这么重口味的故事伴奏。,1
165,贫民窟的百万富翁,https://movie.douban.com/subject/2209573/,8.6,547001,"杰玛在老大家中劝拉媞卡跟他一起逃走。
拉媞卡：那我们靠什么生活？
杰玛：爱。

这就是现实中爱情和电影中爱情的差距。",近年最弱金像影片。,很好的题材，但还是少了点什么,【B+】本片又名《阿三屌丝的逆袭之开心辞典背后的故事：论如何炮灰掉自己的兄弟虏获黑穷美》不觉得是最弱奥斯卡，剧情，叙事结构，剪辑都很棒，配乐更是大赞。对比人家节目一弄就是两千万，咱就送个液晶电视马尔代夫双人游啥的，抠死了。,严格意义上说这并不是一部真正的印度电影，印度只是个背景而已，西方人眼中的印度。,1
166,头号玩家,https://movie.douban.com/subject/4920389/,8.7,965056,游戏宅和影迷的春药！还原《闪灵》那场戏看到要爆炸了！值得去电影院刷十遍！,9。我爱这部电影，就好像我的梦想是能进入马丁·斯科塞斯的《出租车司机》，看罗伯特德尼罗枪杀嫖客和鸡头，营救朱迪·福斯特。所以，我爱这部电影。,公民凯恩串起了闪灵、鬼娃、高达、哥斯拉、亚基拉、街霸、铁巨人、金刚、龟波气功……，加上迪斯科音乐和各种游戏卡，简直是是一部全球世纪流行文化编年史。感谢撕皮儿剥壳，把我们这些大孩子一把拉回追看《回到未来》和《夺宝奇兵》的神奇年代，跟着逼真的特技和癫狂的想象去重温我们的“玫瑰花蕾“。,它是你们的情书，我的命。,要哭了，每个友邻都是五星好评，而我羞愧地半路睡着了……就感觉故事蛮老套的，那些让人嗨的点，心里只是“哦”了一下。,1
167,黑天鹅,https://movie.douban.com/subject/1978709/,8.6,611652,那一颗星星是被吓掉的,舞台上那段黑天鹅太惊艳了！！！！！！Natalie这牛逼演技！！！！！！,“我感受到了，感到了……完美。”一段用走火入魔来成就的完美，亦真亦假、亦实亦幻。影片从始至终都弥漫着黑暗的色调，很惊悚，很压抑，无论配乐还是摄影都极其吸引观众。娜塔莉·波特曼颠覆以往，奉献了一场精彩的演出。★★★★★,完美主义的确是一种失败的人格学说，直接导致走火入魔丧心病狂。Portman演得好用力，看得我心里发毛。假如她凭此片拿小金人的话，不为过。,這部電影真酷！ Natalie Portman太棒了...好幾幕看得我眼淚都快出來了太難過了嗚嗚嗚~~,1
168,人生果实,https://movie.douban.com/subject/26874505/,9.5,76787,怎样才能活得像个人一样呢？爷爷90岁奶奶87，身为建筑家居住在二层木结构老屋里，每日在自家庭院里锄地拔草、捡落叶、挖土豆、摘樱桃梅子、采核桃柿子、做木工、熬果酱、烤蛋糕、酿酸奶、打年糕…还要给笔友写十封信，亲自骑车去邮局寄。住得像个人，吃得像个人，像个人一样工作，死得像个人，如此，就有了像个人的尊严一生。,【20180117】很美好。让人不怕老。,“老头子 之后的事我会努力活下去 放心吧 那个 你等我 等我生命到尽头变成骨灰的时候 我们一起周游南太平洋 等我到那个时候 说好了哦 一个人会很寂寞 但要好好的等着我 我很期待再见到你 我会好好活下去的”,可能我也是需要这样一幢平房这样一个庭院的精神病吧。,实力羡慕花子，爷爷奶奶太宠溺了吧……树木希林的旁白好好听……生死部分也特别好。,1
169,花样年华,https://movie.douban.com/subject/1291557/,8.6,385512,深夜，雨巷，慢镜头；暧昧，寡欢，语还休。与君淡如水，千杯亦不醉。,最喜欢的一幕，还是突然响起的《Quizas Quizas Quizas》前奏，电话这头的周慕云，电话那头的苏丽珍，没有对话，但彼此好像听得见对方的心跳。无论故事还是爱情本身的可能，一切尽在不言中。这就是王家卫。,最棒的故事不是大战七七四十九个回合，而是欲言又止。,又观一遍，无法用言语形容。戈达尔（形式））+安东尼奥尼（疏离）+成濑（女性）。场景在时间线上“跳接”；戏中戏无缝接；慢镜头+配乐；正位镜头的平移自《随心所欲》；风华绝代的张曼玉；王家卫第一次这么正经，没有画外音旁白，日光下的镜头也是第一次吗。,【從明天開始我不能再見你了。】【真的麼？】【是。】於是蘇麗珍伏在周慕雲的肩頭從未有過的傷心。,1
170,你的名字。,https://movie.douban.com/subject/26683290/,8.4,918923,新海诚用这样的故事去温暖城市中每一个仍然愿意相信爱的人。在这么大的世界里，能够遇见你，竟然需要如此用力。穿越错位的时空，仰望陨落的星辰，你没留下你的名字，我却无法忘记那句“我爱你”。,"黛玉心中想道：“好生奇怪，倒像在哪里见过一般，何等眼熟到如此!”
宝玉看罢，因笑道：“这个妹妹我曾见过的。”
贾母笑道：“可又是胡说，你又何曾见过他？”
宝玉笑道：“虽然未曾见过他，然我看着面善，心里就算是旧相识，今日只作远别重逢，未为不可。”",这一次要给新海诚打200分，在我鄙视他不过只是纯情小清新的10年前，没料到有朝一日会在电影院里哭到断气。恍惚看到了穿越时空少女时期的细田守。为所有的少女心和中二病鼓掌，青春不死就能相遇，就能拯救地球。现在我抹着眼泪走出影厅，看到后排的少年摘下眼镜，嚎啕大哭起来。。。,一般吧，没感觉到泪点，一直觉得这种日漫太理想中二，豆瓣评分虚高,你我相逢在黑夜的空中，你有你的我有我的方向，你记得也好，最好你忘掉，在这交会时互放的光亮。,1
171,卢旺达饭店,https://movie.douban.com/subject/1291822/,8.9,193393,当这个世界闭上双眼，他却敞开了怀抱。,屠杀纵然可怕，但更可怕的是对屠杀的漠视。,电影没有什么花哨精巧的剪辑，有的只是质朴之中最撼动人心的真实。一个真实的故事一个真正的人间炼狱。当世界遗忘他们，国家陷入疯狂的时候，一个比辛德勒更加艰辛的男人在一个人人力求自保的环境下敞开了他的双臂。记住他的名字——保罗·卢斯萨巴基纳。★★★★☆,     记者和保罗对话，对于外国观众看到图西族遭受的惨象后所可能的反应作出的揣测，令我想起《关于他人的痛苦》，苏珊·桑塔格在书中提到，我们看多了反映苦难的照片，就会在某种层面上以为自己真的帮助了那些身陷囫囵的人。当然这是一句题外话，但与我们切身相关。,这种历史不应该被遗忘，在欧洲人用辛特勒名单纪念犹太屠杀的时候，非洲也同样有卢旺达饭店记录着感人的大救援。没有惨烈的屠杀与交火镜头，然而带给人的感动是那么真实，那种真实的生的欲望与善的本性。男主角在这部电影中的表演非常精湛，完全投入，彻底地让人记住了这样一位英雄。至于里面杀人工具砍刀来自中国的场景，也只有对于中国制造的一种无奈。,1
172,釜山行,https://movie.douban.com/subject/25986180/,8.5,738620,一切灾难皆人性，唉，最后那一枪要是开了，就是神作了。,妈呀韩国这丧尸片一来就全民皆丧而且个个跑得飞快！套路齐全、概念明确的商业电影，有阴谋有人性有牺牲，最后剩谁一目了然。看别人都从好莱坞毕业了我们还在比妖塔盗墓谁更烂，我心塞...,丧尸再也不是西方的专利了！韩国影人再一次向世人证明了他们非凡的叙事能力和精巧的借鉴本事。没有好莱坞式拯救人类的大英雄主义，多了的是人性的反思与情感的刻画。无论怎么看，这部电影都是亚洲影界的头一遭，五星鼓励！,这绝壁是散户在电影史上被黑得最厉害的一次……万恶的基金经理在收割韭菜后依然成了英雄……,这片最大的bug难道不是即使过隧道列车里面也有灯啊？,1
173,忠犬八公物语,https://movie.douban.com/subject/1959195/,9.2,122113,美版的才是忠诚，日版的看到是凄惨和无奈，无家可归，忍饥受冻，被人遗弃，追打，如果给他一个家，像教授一样爱它，它也不会这么凄惨，只能在车站那苦苦的等待那个唯一爱它的人。,我等你是因为，再没有人像你对我那么好T T,"八公的""原味""还是在日版，教授去世后与之相关的人们对八公的薄凉，在它始一而终的热诚面前抬不起眼。
片尾的长镜头中，始终无人关照这位""人类的朋友""的死亡。似乎是一种讽刺，人弃忠友而去，却等待它们用生命为人类守灵。
除了教授，没人担得起这份守候。",美版突出悲伤氛围的塑造，日版则显得更加真实。除了八公与主人外，日版更多地刻画了八公与其他一些人之间的种种。相比美版里大家都爱的八公，日版里的八公则是忠诚过头而遭到其他人厌烦像踢皮球一般推搡的对象，也因此更加真实感人。,反复叮嘱家人：狗狗也有狗狗的权力，要保护狗狗权力的教授，台风天担心阿八着凉所以淋雨把阿八抱进屋取暖的教授。给阿八抓虱子还要整齐排列的强迫症教授。和阿八一起洗澡的教授，看到阿八在车站接自己，满足骄傲的教授。想到这么温柔的人一会儿就要死了，我的眼泪根本止不住。阿八啊，你久等了。,1
174,头脑特工队,https://movie.douban.com/subject/10533913/,8.7,396295,皮克斯第一部没有反派的动画也是其最大胆的作品。整部影片在给孩子看的低龄冒险故事之下，满是只有成年人才能体会到的源自生活的非凡想像力和创造力，核心记忆，个性小岛，抽象空间，造梦制片厂，潜意识监狱，遗忘深渊... 而一如既往的欢笑与感动更使之成功挤进皮克斯TOP之列。,不止是卖萌的画面和天马行空的想象力，看完电影后会重新审视自己的情绪，记忆，甚至梦境。BingBong消失的时候我哭得和Toy story3结尾时一样……,好看，想不到一个动画片竟然看得我老泪纵横，从头到尾多处泪点。并不是说有多悲，而是从心底的感动。它会唤起你诸多的回忆，那些亲情与爱，难忘（或已经忘记的）回忆瞬间，一切都是这么真实又细腻，又是在这么一个充满想象力的故事基础上呈现。最终仍是成长与告别。真是服气。,那时你第一次明白人生不只由欢乐主导，第一次了解万物皆有反面，第一次忘却曾经觉得重要的记忆，第一次在无知无觉中送走曾经无比重要的成长点滴。第一次接受残缺，第一次懂得如何抱着怎么都会有的不完美继续小心翼翼走下去。令人赞叹的主题，毫不拖沓的情节推进，永不让人失望的皮克斯。,这部探索“脑洞”的动画新意十足，重回最高水准的皮克斯用它成熟而独特的叙事节奏牵引观众的内心，成长道路上的阵痛与迷茫最终迸发,1
175,雨人,https://movie.douban.com/subject/1291870/,8.7,297451,我可不可以把它看成一部公路片，某种程度。,ray……听上去很像rain，愚顿的哥哥曾经对心爱的弟弟说，我是rain man。直到生命进行到成人的阶段，弟弟才突然想起，童年时，他的生活中曾经有一个爱他疼他的雨人……,湿了，好莱坞现在不这么拍片了,原来童年最好的伙伴竟然是最亲密的兄长,Rain Man，Raymond,1
176,模仿游戏,https://movie.douban.com/subject/10463953/,8.7,410548,看完之后才理解为什么学校的数学楼叫alan turing building，为什么工程学院的咖啡馆叫enigma cafe,“无人所念之人，方能成就无人感想之事” 工整却依然好看。“我们用自己的方式爱着对方，我们能一起过我们想要的生活，你成不了完美丈夫，我也不想做什么完美的妻子，我不会整天给你做羊排，等你从办公室下班回家…我们享受互相的陪伴，我们享受互相的思想，因为我在乎你。我们彼此相知，胜过任何人”,重度虐伤。我承受不了图灵所承受的这种委屈，這個世界亏欠他太多太多。,现在这种精致的人物传记都大同小异。尤其是天才式的人物，他们大多呈现出同样的性格特质。不过过程中设置的层层障碍，让解谜成功的激动还是很振奋人心的。而影片最终还是把重心落在了同性这个话题上，一个伟大的天才，终究才是要毁在那个时代对同性的迫害上，确实非常可惜。BC表演确实不错，不过影帝难,没特别期待也没大失望。人物脸谱化。故事简单化。好莱坞。高大全。然而若不是这电影我也不会了解那故事的细节和其他人物。卡司非常好。我觉得最喜欢的表演反倒是Matthew Goode和Mark Strong. Matthew Beard在那角色里都发挥不出来，可惜。,1
177,黑客帝国3：矩阵革命,https://movie.douban.com/subject/1302467/,8.7,277966,"见过太多的才子，才发现都是膜拜的傻子。
到底有多少的电影有你的影子。",相对于第一部与第二部，这次的完结篇动作场面和特技场面大幅增加。以表达“和平”为战争的主要目的，并且还有几条感情分支为辅助，以大规模机器人作战和最终一战都堪称完美，也让这个经典的科幻作品画上了完美的休止符。★★★★,黑客帝国全套都喜欢，有空再看...嘎嘎,看完之后觉得没看懂于是看别人的剧评，感觉自己好像懂了，但是再看一遍又发现好像有解释不通的地方，于是又找搜索剧评，如此循环往复，还是觉得似懂非懂的一部电影。算了还是欣赏帅帅的基努里维斯就好啦,以前科幻看得少，不太能理解，现在再捋一捋剧情发现简直是神作！ 可惜了这俩导演后来再没拍过有点口碑的片子了,1
178,一个叫欧维的男人决定去死,https://movie.douban.com/subject/26628357/,8.8,241243,气哼哼的人要是爱起这个世界来，真是一把鼻涕一把泪啊。,巨人的花园，男主年轻时那副严谨又害羞的样子真是太迷人了。,内心深处觉得这是宜家广告该有的样子,我越是逃离，越是靠近你，我越是背过脸，却越是看见你。我是一座孤岛，处在相思之水中，四面八方，隔绝我通向你。一千零一面镜子，转映着你的容颜。我从你开始，我在你结束。----埃姆朗萨罗希《一千零一面镜子》,越多白痴的声音议论她，我对她仅存的回忆就越少。,1
179,你看起来好像很好吃,https://movie.douban.com/subject/4848115/,8.9,234373,“感情不分草食肉食” 豆瓣评分加分法则：小清新加分，成长加分，治愈加分，卖萌加分，卖腐加分，又是日本的，加分，还是动画，再加分，这么七加八加就加成了一部豆瓣8.9分电影。★★★☆,无论你去往何方，不管何时何地，我都会永远永远的爱着你。,治愈。希望霓虹也能在地震中恢复起来，warm hug,萌爆了~~~ umaso到底是神马龙呢=..=?,功夫恐龍……,1
180,无敌破坏王,https://movie.douban.com/subject/6534248/,8.7,360256,这难道不是Pixar出品的吗？,蜀黍和萝莉、御姐和正太的逆天组合，和《复联》《林中小屋》一样，以“穿越”串起主轴，却没有前者的一锅乱炖，而是毫无违和感。以“反英雄”主角的消极情绪，一路升温来找回正能量。倘若你曾是8位机或游戏厅的玩家，必定能够旧梦重温、重拾童趣！,正太把御姐，罗莉泡猛男——这真是一个三观尽毁的电玩世界！,OMG 在学校看的试映 一定要正式上映的时候再去看一次！！！ 从头到尾满满的都是彩蛋啊啊啊！！！  看到那么多游戏人物都聚在一起就觉得好有爱！！！ 啊各种好有爱！！！ 有机会一定列个Reference的列表出来 UUDDLRLRBA,画面和配乐赞，故事太没劲，期待到现在不过就是迪士尼百年不变的傻逼模式换一个糖衣，中文配音严重影响观感！！！,1
181,未麻的部屋,https://movie.douban.com/subject/1395091/,8.9,176052,达伦，你到底从今敏那里偷了多少灵感，这和《黑天鹅》的设定有很多相似之处啊！镜子的割裂，心理暗示，散碎的剪辑，真他妈牛逼。,看今敏解读，他自己提到《梦之安魂曲》里浴室镜头的模仿：“什么致敬，明明就是抄袭！那个坐在浴缸里的女主角就是詹妮弗·康纳利。后来我还和她坐过同一架飞机，结果她在头等舱，我在经济舱。”哈哈哈哈哈哈,边看边起鸡皮疙瘩，但看到结尾为什么觉得很励志……电影海报是神作,080331 今敏的片子比宫崎骏的假大空好太多，110分钟分分钟无法释怀，越到后来越奇妙,技法再屌，看完还是有一种被多毛的肥胖的秃顶的大叔给猥亵了的感觉。,1
182,恋恋笔记本,https://movie.douban.com/subject/1309163/,8.5,446796,飞屋环游记前传,为了那一池子的天鹅 ,老人不是诺亚，那是最感人的一笔,爱比记忆更长久，谁能如你般浪漫一生。,有几个细节很感人，不过总感觉故事有点散，悬念也解开的太早，故事的震撼也少了许多,1
183,冰川时代,https://movie.douban.com/subject/1291578/,8.6,434819,这只松鼠才是角儿！,成年后再次接触动画片的最初几部，当年刚上大一，跟《怪物史瑞克》一样刷新了我们整个宿舍的眼界，动画片可以这样精彩和不分年龄。,啊啊啊，我能为那只松鼠打十分！！！,说明了人类的孤芳自赏与自大无知，在史前一万年前动物们就已经知道如此了。老虎都这么有情，叫那小孩情何以堪。原来唯一不会使用英语的竟是人类，更讶异的是，那小松鼠直接改变地球生物史。其实他才是主角.8分,哈哈，那只贱贱的松鼠实在是太令人想搓拉几下啦。,1
184,哈利·波特与阿兹卡班的囚徒,https://movie.douban.com/subject/1291544/,8.6,354197,好导演出好片...,能感觉导演想拍出不一样的Harry Potter,这一部比前两部好看,《阿兹卡班的囚徒》虽然是《哈利·波特》系列中全球票房最低的一部，但也是极具艺术风格的一部。尽管《哈3》有些许缺憾（比如细节上，没道出活点地图是发明者；火弩箭的赠送者与原著有出入……），但TA依旧是我心中最爱的电影之一，因为我与哈利·波特的第一次邂逅就是发生在这部《哈利·波特》电影里！,偏爱这一部！虽说是唯一一部伏地魔本人没有出场的，却并不觉得缺点什么233，非常精彩，爱死活点地图！,1
185,海边的曼彻斯特,https://movie.douban.com/subject/25980443/,8.6,337121,我和我不想要的后半生，我和我不愿意和解的自己。你们都朝春天去，就留我在破碎里又丧又美丽。,最好的生活流电影，难得的是叙事手法又带着变化。叔侄俩各自面对各自的失去，亲情恬淡而走心。没有刻意追求正能量，但曼彻斯特阴冷的海，就这样被琐碎和小幽默一点点填满。——就像全世界的雪，最终会带来全世界的春之苏醒。毫无疑问我的年度最佳。,又名《回忆杀》。有遗憾和失望，二刷后感觉对角色的好感甚于电影，卡西的角色写得演得太饱满了，让我对这个角色产生了依恋感。,如今的影评人动辄靠骂“中产阶级”来博人眼球，只要喊“中产阶级”去死就有SB点赞，这我忍了，可是！人家一水管工也要被讲成是中产阶级，实在替凯西咽不下这口气！看电影只看到“阶级地位”、“政治目的”，人电影没你想的这么黑暗！而且我天C也已有25%的人是中产阶级了， 各位中产请不要自己打脸！,以前的生活哲理是“忘掉过去，才能往前”，这一部是“忘不掉，走不出，也是一种生活本真” 内心戏和回忆杀拍的太细腻…与《爱乐之城》并列2016年度最佳。“心一旦碎了，就会永远一直碎着。”,1
186,海街日记,https://movie.douban.com/subject/25895901/,8.8,259533,是枝裕和依旧干净细腻的日常化风格。仲夏，烟火，梅子酒，沙丁鱼，贴窗花的推拉门，四人的暖炉桌，樱花汇成的隧道，火车经过的小镇，梅雨时节走过的阶梯，沙滩上的脚印，最后所有温柔隽永的情感都堆积成随着海风轻轻拍打过来的海浪。真想也这样过好自己的生活。,简单、干净、温暖、治愈，海边的风与阳光，又一部是枝裕和亲情剧。难得的大牌云集，虽然在导演最近几部作品里，算平庸的，却也足够感人与回味，何况，还有一群养眼的妹子,“活着的东西都是很费工夫的” 淡淡的日本家庭片。只需微笑和淡然，便可解开心结。,我的年度最佳日影，是枝裕和拍家族片已臻于化境。镰仓旧居的线香花火里散淡描写的家族人情又不失生活感、淡化缺失、淡化戏剧性、带着故事的食物、充满仪式的日常，这才是最地道最细腻的日本。气质最合拍的竟然是向来浮夸的丝丝。,#Cannes2015#是枝裕和把他拿手的日本家庭戏推到了一种极致，在依然隽永淡然温柔的手法和镜头下，没有父母的四个姐妹在镰仓海边组成了如梦幻般美好亲密的家庭，对待父母一代的怨愤之情和各自的个人问题消解在了甜蜜无边姐妹情感中。无比丰富的日本普通人生活细节与如画似卷的帧帧风景，美不胜收。,1
187,二十二,https://movie.douban.com/subject/26430107/,8.7,202048,我们从不缺乏对英雄的崇拜，可很少有人佩服平凡人承受苦难的那种了不起。 ,一生的苦难都过来了，到最后也只有一座卑微的坟头。2017观影最佳。,"同意“抢救式记录”的说法，初衷值得肯定，但这种题材光以情动人还远远不够。
动不动就以各种漂亮（却做作）的空镜串场，开始还是因受触动而落泪，中段起基本都是因为哈欠了。“去苦难”适得其反，内容单薄隔靴搔痒，素材组接无力，没空镜就成了个短片访谈录。“唯美”的制作思路其实更接近剧情片，然而呈现出的效果却更像一场以慰安妇老人为主题的摄影展。同样是拍采访，得学学人家王兵“人类学影像”的力量是从哪里来的。",她们越笑我越难过 她们不是慰安妇 是被称之为慰安妇的受害者,3.0。1.相比《三十二》的深植内心，本片更倾注于昔日慰安妇的群体化描摹，或许更具史料价值，而非个体生命价值。2.对于郭柯的拍法，有人觉得投机抑或愤怒，在我以为，仍然算得上是一场值得去做的抢救式纪录。,1
188,虎口脱险,https://movie.douban.com/subject/1296909/,8.9,161075,果真是经典。,法国喜剧展。终于在大银幕上领略了这部经典喜剧的风采，其实称得上是战争意淫剧的始祖，只不过咱们中国的《举起手来》学的太低劣，人家很高级罢了。里面的剧情bug很多，但是笑点设计的很高级，过去几十年仍能给人们带来欢乐，这就是经典喜剧的魅力。菲耐斯真的是喜剧天才，他的名字值得被更多人记住,经典喜剧，看过很多遍，鸳鸯茶鸳鸯茶，哈哈,“胜利属于我们” 没想到60年代就能产出如此纯粹的喜剧。,喜剧效果十足，鸳鸯茶余音绕梁，国语版配音完美。,1
189,新世界,https://movie.douban.com/subject/10437779/,8.8,209491,好伟大的爱情片，我都快哭了,丁青最猛了，把别人完全变成自己那样，就是自己生命的延续啊，牛逼！最后这样的布局其实是最期待的，居然实现了，如今也只有棒子敢那样玩了，生猛！但韩国片比重更大放在警匪、黑帮的总体还是不太出彩，还是那些社会派案件拍得最牛逼。,老想按一个粤语音轨怎么破…………………………,李政宰演这种黑化的角色真的好性感啊！,“心要狠一点，才能活下去。”当棋子意识到可以不再是棋子，棋盘又算得了什么呢？和“无间道”相比格局上就已经青出于蓝了。黄政民太会抢戏，看完后对他坑坑洼洼的脸简直挥之不去！,1
190,房间,https://movie.douban.com/subject/25724855/,8.8,269158,被偷走的岁月，被伤害的生命，被禁锢的灵魂，终将被希望和善意救赎。,克制而细腻，在基于母亲的事件论述和儿童视角中获得了平衡。前半部分和后面的节奏把握都很好，小演员的表演令人震惊，一个孩子的真实而纯洁的灵魂，大美。,获救或创伤治疗的故事本身俗套，杰出之处是对那个孩子经验的世界的展示，我们都曾独有那个先验的经验主义的特异时空，却最终被这个符号的单一世界取代，有人温柔告别有人没有告别有人甚至忘了它的存在。问题不在于world解放了room，而是我们应该将room扩展至world，如果这真的是德勒兹的世纪。,在房间里你是我的全世界，走出房间也不会害怕，因为我们依然在一起…这句话是孩子说的，但同样适用于母亲，甚至可以说其实是孩子拯救了母亲！片子从孩子的角度出发，看似容易接受些，但实则更让人觉得残忍，男孩的独白好多地方直戳泪点，无耻弗兰克来演外祖父很出戏，最后这条线也不了了之了,小孩完爆小李子,1
191,雨中曲,https://movie.douban.com/subject/1293460/,9.0,141182,老电影总是快乐得那么纯粹,美国歌舞片的代表作。Gene Kelly初获芳心后在雨中欢快地载歌载舞，此段情节堪称歌舞片历史上的永恒经典！我都不记得我把这段看过多少遍了。,歌舞片之王~~,最喜欢片头金凯利接受采访那段，讽的那叫一个犀利,大雨的夜晚，与戴比·雷诺兹分别后，男主角陷入捕获芳心的无比快乐中，索性收起雨伞，在雨中载歌载舞！,1
192,哈利·波特与密室,https://movie.douban.com/subject/1296996/,8.6,373002,再没有什么比一封吼叫信更叫人晕菜了！,snape越看越可爱。这部好多梗哈哈。,影片让我印象最深刻的就是巨型蜘蛛，看得我毛骨悚然。哈利已有长残的倾向了，而小赫敏已活脱脱成一小美人了。怀念理查德·哈里斯，他的邓布利多让人印象深刻,邓布利多说：让我们成为哪种人的并不是我们的能力，而是我们的选择。,一间密室和一本日记揭开过去在霍格沃兹发生的恐怖事件，也引出哈利对于自己身分的疑惑。血统和家世不能代表一切，要成为什么样的人都是自己的选择。,1
193,恐怖游轮,https://movie.douban.com/subject/3011051/,8.5,535486,不要企图在重复中寻找已经失去的爱,首尾衔接的太完美了,【导演缺钱花，钱只够拍一半，把这半段来回剪切播放！】真的！！！不觉得这个片子极其无聊么！,stay+穆赫兰道+希腊神话+蝴蝶效应,这个237究竟是种么个情况……Jess家门牌号也是它，游轮上恐怖屋房号也是它；最奇怪的是……《闪灵》里面的神秘房间号码还是它……求解释……,1
194,人工智能,https://movie.douban.com/subject/1302827/,8.6,297633,那只熊在自己缝自己！！,很奇怪，看斯皮尔伯格的电影，即使有些场景拍摄得十分感人，但总是不能让我从心里感动，可能是觉得太商业了，太刻意了？,如果不能爱我很久，为什么要启动我爱的程序？,"看到片尾的时候，始终不能忍住眼泪。
我存在，曾经。",我只想成为你的唯一，获得你全部的爱。,1
195,魔女宅急便,https://movie.douban.com/subject/1307811/,8.6,318579,宫崎骏的动画总会让人觉得这个世界美好无比。,看电影最能触动你的时候，就是电影的宗旨在你最迷茫的时候告诉你现在必须要做什么！KiKI成长了，你呢？KiKi又能飞了，你呢？,与外表相反，宫崎骏的“核”一直都蛮硬的。观众其实只是想消费一个可爱的童话故事、浅薄地感动一下而已，但宫崎骏总要讲一个大道理，因此故事总要讲得残缺，叙事留下一些豁口。匠人精神所在，不过优劣就掺半了。,又是一部关于飞行的动画，很喜欢这样类型的片子，能鼓舞人的梦想。不过这部的故事单薄了些，只是讲了生活中的一个片段。美丽的西欧海滨小城市，平静祥和的日子，一个可爱的魔女，一个善良的面包店阿姨，一个豪爽的女画家，哇~~这就是梦幻中的理想国啊~~非常喜欢里边那只黑猫，太可爱了~~,宫崎骏的动画我最喜欢这一部。开始我不知道为什么，有一天我姐姐说，你看过《魔女宅急便》吗，那个琪琪好像你哦。,1
196,惊魂记,https://movie.douban.com/subject/1293181/,8.9,153167,且看诺曼的last smile  毛骨悚然！,关于花洒那段的拍摄手法？那个花洒是中空的，水是向外放射状喷洒的，你们想的太复杂了,老希让人最意想不到的悬疑经典之一。将故事串联起来，本来以为会是与这件事相关，但最终却变成了旅馆中的凶杀：对母亲话语唯命是从的儿子。然后竟又将一切推翻，转变为警局中冰冷的表述。经典的镜头：雨中行车（这里迎接了转变），浴室谋杀（唯美），早已死去的XX的骷髅孔洞的双眼（最大震撼）,紧张的气氛营造得真棒！！！,希区柯克这回出现得太早了点，让观影的乐趣一下子降了不少。还有最后那个心理医生那趾高气扬的神情让人很不舒服。,1
197,海洋,https://movie.douban.com/subject/3443389/,9.1,126003,从此更加讨厌人类了，世界末日果然是有用的...,大自然孕育生命也播散死亡。你见过它壮阔的美景，也会见识它怒吼的巨浪。但它从来都给你希望，讲给你听生命的礼赞。就像有日落，就会有日出。那唯一逃过捕食的小海龟，代表着生的喜悦，它仍会勇敢前行。那被割掉鱼鳍绝望而死的鲨鱼，代表着人类的残忍，这超越生命与自然的限度。看看吧趁一切还来得及。,海洋很美……不过好容易困,大自然很美好。而择其美好，为其配乐，加以剪辑，使之美好得如梦似幻曼妙呆萌壮丽秀雅，就是智慧了。 ,这个剪的确实有点歌剧感觉了,1
198,疯狂的石头,https://movie.douban.com/subject/1862151/,8.4,541265,从这部开始爱上黄渤,难怪老外会看不懂。重庆话版太接地气啊，简直笑死爹了～～～～～～～～,终于完整的看了一遍，笑不出来,说实话，我不喜欢四川人那点“聪明”样，所以也没觉得这片有什么太大的意思，soso看看而已。,有技巧的娱乐片,1
199,奇迹男孩,https://movie.douban.com/subject/26787574/,8.6,390283,有种糖放多了的感觉，精华基本都在预告里了。但对孩子们的纯真友情毫无抵抗力啊，就像被温柔的抚摸了一下软肋。Jacob Tremblay涂着厚厚化妆都能感受到演技，小李子真好意思把奥斯卡摆在家里吗...,其实这更像当代童话，因为，实在是太暖了。里面每个人都那么暖，怎么可以那么暖，怎么可以那么暖！像一个暖心的童话故事。虽然，我也怀疑这样故事的真实性，但是，却喜欢被这样暖的故事感动，一度哭到不行。,"一碗甜而不腻的普世价值鸡汤，非常好喝。

看之前我以为是讲主角小男孩的，原来是章回体，每个人都有故事每个人都有视角每个人都有选择。

每个人都很美很好。

开演前基友给我说这部电影就像夏天一样清新，是啊没错，像泡在透明干净的玻璃瓶中的黄瓜水一样，安心又健康，还有甘甜味。",买票的时候很纠结，因为是完全可以预料到的剧情。这种温馨少年故事虽各各不同却又次次类似。若是你近来心情疲惫，这部电影是个流泪的好借口。,五星推荐。不是想象的励志片，而是一部关于所有人的成长电影，就像那句话说的，聪明是一种天赋，但是善良是一种选择。电影并没有过分渲染小男孩，而是多角度展示身边的人，最终构建了一个充满天使和爱的世界。推荐有孩子的家长看，要知道，如果你们家有熊孩子，不是因为生的不好，而是你们教的不好。,1
200,罗生门,https://movie.douban.com/subject/1291879/,8.8,206354,看于复旦三教的一个夜晚。走出教室，但走不出黑泽明。,人，不需要任何理由就要说谎,再次认真观看时才发现摄影剪辑精妙之处。,人类生来就是自私的，在这个故事里没有谁对谁错。谎言＋推翻，即使在近几年这种形式仍旧很时兴。,在那个时代它肯定是一部开创性的好电影，但显然无法取悦现在的观众。所有关于人性的讨论都是以对白给出，并且竟然出自乞丐和樵夫。以三船敏郎为首的几个演员，演技跟《七武士》时期几乎一样表面、浮夸，以及慢半拍。人性部分，相信芥川龙之介的原著剖析得会更深刻。,1
201,燃情岁月,https://movie.douban.com/subject/1295865/,8.8,206557,又臭又长的电影,看这片时我有一半时间在哭 哭到虚脱……这是美国片 商业片 心甘情愿的被煽情至此 还有它的配乐 放烂了没错 但实在是好 这么通俗入耳的交响曲 当年的彼特真正性感 如骏马 2003，7,传奇，不是每个人都可以拥有。,是深渊也是大海，谁能担当 ,这些人压根没把自己的命当人命来活，他们活的是莽莽草原茫茫大海，活的是如血秋日和从心所欲的野性，遵守的也是血浓于水、成王败寇的丛林法则。社会意义上的人伦法律道德对这种极端到危险的浪漫主义是失效的。我不喜欢这个片子的价值观，然而也无法否认心底对这种生存方式的无限神往。,1
202,终结者2：审判日,https://movie.douban.com/subject/1291844/,8.7,239338,液态机器人的创造者叫戴森，所以脑袋就经常被轰成中空的圆形。（胡扯==,"I wish I can have my own terminator. 他能学会人类的情感，而你是不是已经忘了？
",比第一部要好很多，感情线不突兀了，相反，这部正是因为丰富的感情线造就的神作，最后T-800自融的镜头加上配乐简直可以称为影视经典片段，虽然我对这个结尾的时空理论还是有点疑问，不过已经影响不了我对电影的观感了。卡梅隆封神之作，不难想象他之后会拍出像Titanic、Avatar这种爆炸级电影。,永远记得第一次看本片时的情景，那个下着雨的清晨，用家里的旧DVD播放器放了那一张不知道从哪里搞来的港台盗版光碟，用半上午时间看完了本片，时至今日我依旧能够回忆起当时哭成狗的我，它给年少的我带来的震撼是永生难忘的,最大的光芒，就是这个肌肉发达不苟言笑的机器人学着人类勉强的挤出一丝微笑，还有最后沉入沸腾钢水炉里伸出的那只翘着大拇指的手。有思想的机器人，可以让人感动到泪流满面，但仍能学到人类的贪婪狡诈，这是个矛盾。所以在温情下，我隐隐的看到有思想有感情的机器人所带来的未来的恐惧。,1
203,魂断蓝桥,https://movie.douban.com/subject/1293964/,8.8,187849,早期的剧，译名那叫一个经典，一个快狠准，那个时候有匠人精神。,"那么多爱情，都在等待中蹉跎了。别让你爱的人等你太久。 
",“我爱你，我从未爱过别人。”经典的爱情故事就是无论发生在什么年代，无论是在什么样的文化差异下，都能够唤起大家共鸣的情愫。★★★★,身体是你自己的，你不需要为自己失身而感到抱歉。,难以想象这部美国电影竟是近80年前拍摄出来，水准之高让人咋舌，观影过程非常投入，纯洁的爱情让人心生感慨，结局之悲哀让人无比痛心，估计当年在电影院赚了不知道多少美国人的眼泪。说回故事，故事脉迹非常简单易懂，一个纯真的女人因爱人之死心灰意冷，落魄到需要出卖自己的肉体，电影在处理这一段时非常含蓄克制，由始至终没有出现过多显眼台词去提醒观众女主角的卖肉事实，可是却让懂的人更为着急，重逢一幕让人感动，最终的...,1
204,穿越时空的少女,https://movie.douban.com/subject/1937946/,8.6,283006,她有一条神奇的永远不会走光的短裙!,决定一件事，很多东西不能犹豫，特别是中意某个人的时候,我在未来等你...,爱杀真琴的性格和他们仨的感情。时间静止的画面。动画比人演得好！吉田潔的音乐大赞。,"最后千昭的那句“我在未来等你""足以秒杀一切。 放课后的棒球、蝉鸣、反复跳跃只为吃到一个布丁，缺乏的勇气和自行车一遍遍经过的河堤，所有的一切都融化在那个夏天和你分离。",1
205,爱在午夜降临前,https://movie.douban.com/subject/10808442/,8.8,207874,“我虽努力，却难于去亲近自己心爱的人”经历了平淡、争吵、否定、相濡以沫所有最真实的感情状态，18年过后，最难的是仍对彼此保有激情。上一次看到这么纯粹的爱情电影，还是九年前。伊桑朱莉理查请你们9年后准时回来，哪怕拍不动了、聊不起了、原地静坐90分钟，也好啊。期待2022年的第四部。,虽然之前的争吵真实得让人糟心，但结尾逐渐拉远的镜头仍让人感动。前两部的浪漫与激情都变成了书里的故事，这一部则完全生活下来。各种鸡毛蒜皮的琐事只是一个假设，关于如何让爱延续一生。生活中总会有这样那样的矛盾，人也会变老（比如半裸的朱莉·德尔佩却很难让你觉得性感）问题是我们如何挨过去。,飞一般的超越，硬生生的被朱莉的嘴炮给弄哭了。。那些随口就能背诵莎士比亚台词的人们是多么的可恶啊！那些吃个下午茶都在谈哲学谈人生的人们是多么可憎啊！那些连夫妻吵架都引经据典的男女是多么可怕啊！对彼此来说我们多么重要，可最终还是过客，我失去你，不是以死亡为界，而是再一次。。再一次。。,夫妻生活间的微小细节，无边无际的烦恼和烦恼中也不肯放手的爱，美中折射丑的侧面，丑中映射美的光辉。18年前的浪漫，9年前的真挚，终于走向今天的真实。Bravo！To the imperfect， self damaging， self redeeming， utterly twisted vulnerable yet brilliantly beautiful and strong， ephemer...,作为Before的系列路，我终于在中年危机这里转了粉。Sunrise太甜，Sunset偏酸，只有Midnight酸甜苦辣都入了味。数度被台词戳中，我不得不一再提醒自己：那些只是台词，它们不是真的。,1
206,初恋这件小事,https://movie.douban.com/subject/4739952/,8.4,726655,结局真多余。。。。。。。。,观影的两小时我宛如走入时光隧道，我仿佛看到当年那个冲动的愣头小子，只为心爱的人能看自己一眼而做出的种种傻事。对我来说，《初恋这件小事》不只是一部电影，还是一段值得永远珍藏的回忆。,游泳池那段哭得我稀里哗啦 现实生活到那里就结束了,泰国青春电影总喜欢把简单事情复杂化（动不动还喜欢搞个再过N年后我们来相会），但你又不能不承认小清新这种东西人家是越来越玩转了。女猪那变化也忒大了前后判若两人；Mario整部卖萌啊！还胖胖瘦瘦的来回变啊~真神奇。自己跟那儿翻本子小感伤那段小感动了；阿拓学长很自私，鉴定完毕！,“我喜欢你，我做的一切都是为了你。”一部很纯情很清纯很阳光的泰式爱情电影，故事本身并不多出彩，甚至让人觉得狗血过头，但我相信这是一部让几乎观影的每一个人都能在电影里找到共鸣的影片。能够回忆起曾经自己初恋暗恋的那些小事，回忆起儿时朋友间玩闹的趣事。btw，“凤姐”蛮可爱的。★★★☆,1
207,可可西里,https://movie.douban.com/subject/1308857/,8.8,198390,在中国最傻逼的问题就是：“县里不给你们解决经费吗？”。最耐人寻味的回答的是：“我们没有编制”。众所周知的是，有编制的从来不管这些事情，因为组织没安排。,看了陆川近年的作品...觉得这片绝壁不是他拍的,看着藏羚羊的眼睛，你的内心会怎样？,震撼的天堂,那是一种对那片土地以及生灵的情感。,1
208,2001太空漫游,https://movie.douban.com/subject/1292226/,8.8,187438,原作作者克拉克：“如果有人觉得完全弄懂了《太空漫游2001》在讲些什么，那一定是我和库布里克弄错了。”,首先你得忍者看完第一遍，觉得不知道在说什么;看了第二遍，觉得好像有点意思;看第三遍，知道原来这个电影讲述的是多个主题啊，看第四遍，觉得好像看懂了点什么;看了第五遍，啊，真他妈太牛了!这可是1968年的东西!,这部片子有三个特征：1）看不懂 2）无数的符号 3）必须熟读尼采 4）六十年代能够做出这样的特效真的是惊天动地 ,这不是照着剧本拍的，而是曲谱,史上最伟大的装逼片，就连作者克拉克和导演斯坦利都看不懂剧情……不过这丝毫不影响它的伟大，首先在视觉上它领先了同一时代数十年不止，很多星际旅行片都没有给我一种“星际旅行”的感觉，但这部有，关键就在于细节处理细致。还有就是，这部讲述星际旅行的片子拍摄于1968年，而美国登月则在1969,1
209,完美陌生人,https://movie.douban.com/subject/26614893/,8.5,383244,女主人这个婊啊，睡朋友老公还提议玩看手机的游戏，算准了自己最安全因为这个人不可能当面打给她吧……细思恐极,扫把星来的那一夜。,很喜剧，略过火。没什么可批判的，以中年心境来看，全不是大事儿，缝缝补补装着糊涂都能过下去。纯粹的爱沉重，非肉体凡胎消受，可能背叛与依赖交织的灰色，才能支撑彼此到人生尽头，不那么痛苦地告别：是虚伪和无聊保护着我们，而不是激情与真诚。,相爱没有那么容易，每个人有他的手机。过了爱做梦的年纪，轰轰烈烈不如平静。,人应该学会如何分手。没必要这么凄惨。,1
210,绿里奇迹,https://movie.douban.com/subject/1300374/,8.8,179234,片子缺少一种关键的非现实渲染，让人感觉离奇得难以接受，但是仍然是一部好片子,带着满脸的眼泪和鼻涕泡儿看完的,天使也怕黑暗。,耶稣小传,感人.汤姆 汉克斯的演技很牛～,1
211,小偷家族,https://movie.douban.com/subject/27622447/,8.7,547681,最费力的成长留在树上的只有壳，最狰狞的伤口留在皮肤的只有疤。最动人的烟火绽在空中看不到，最深沉的感谢飘进风中听不清。你教我食物最美味的吃法，却教我获得食物最羞耻的手法；我学会祈祷最灵验的手势，也学会用来祈祷最不齿的心愿。我在商店里偷换掉童年，你在泥土里掩埋了伤疤，而我们组成了家。,我很努力试图去同情人物，还是没法同情他们。情节很cheap，直白生硬，全片无一处情感发自创作者肺腑。可恨之人有可怜之处，如果可恨可怜都写得不充分，人物怎么立得住呢？是枝裕和最近作品太多，应该好好休息积累一下，一年三熟的水稻再好吃也比不上一年一熟的。,有援交和啪啪戏，希望局里不要一叶障目，淫者见淫啊。不知内地哪家片商买了，棕榈叶至少增量两千万票房。情绪感染到位，收尾看哭全场。尽管都是被社会遗弃的多余之人，依然还是要努力生活呀。,萍水相逢，尽是他乡之客。是枝裕和依旧乐于探讨血缘与亲情究竟有没有必然联系。所谓小偷家族，偷的不止是能填饱肚子的食物，更是一种能够让灵魂产生幸福错觉的情感羁绊。偷生能不能叫偷？如果叫，那我们每个人，或许都是小偷家族的一员。中川雅也追车看得我哭晕，在海边抽了两根烟都没回过神。,4.5。1.比血缘更重要的羁绊，是爱。2.听得见烟火的房间，看得见大海的弹球，已然是命运最大的馈赠；娓娓道来、含而不露的认真，是注定看不腻的是枝裕和。 3.谢谢你们了！那些说不出口的话最动人，而伤疤是联结彼此的纽带。4.安藤樱哭戏全场最佳；小演员附体柳乐优弥；树木希林内心藏深海。,1
212,牯岭街少年杀人事件,https://movie.douban.com/subject/1292329/,8.8,173548,很多电影里都会杀人。只有在杨德昌的电影里，那不是杀人，那是整个世界的崩毁。他要你眼睁睁的看着，他用两个多小时创造的世界，在少年捅下去的那一刀里，灰飞烟灭。,弱者送给弱者的一刀,海那边六十年代的生活跟海这边八、九十年代差不太多，但tmd海南边的学生凭什么人手一双converse？凭tm什么？,四小时冒油。五十年代台北群像。十四岁的张震。发力的杨德昌。成长编年史。黑暗中闪光。再回首，青春的轨迹依然明晰到深深嵌入地表，但那种鲜明和深刻是根本由不得人再走一遍。每一个时代都有各自的悲哀和伟大，卑微的人弯着脊背，聆听风雷，勇敢而纯洁的人拿身体和理想叩问苍天，从内部上升或陨落。,张震小时候好萌...小明同学你好丑,1
213,阿飞正传,https://movie.douban.com/subject/1305690/,8.5,338759,"在张国荣面前
所有的大牌都黯然失色",梁朝伟在阿飞正传中的登场令人匪夷所思.这也使得王家卫超越了一般的闷骚.（180630影院国语）,“我听别人说这世界上有一种鸟是没有脚的，它只能够一直的飞呀飞呀，飞累了就在风里面睡觉，这种鸟一辈子只能下地一次，那一次就是它死的时候。”  “以前我以为有一种鸟从一开始飞就可以飞到死的一天才落地，其实他什么地方都没有去过，这只鸟从一开始就已经死了。” ,"我听别人说这世界上有一种帆布鞋是不能洗的，它只能够一直的走呀走呀， 走累了就在风里面睡觉，这种鞋一辈子只能下水一次，那一次就是它死的时候。
——《匡威正传》",我只想知道最后在小阁楼里露脸的梁朝伟代表着什么,1
214,无耻混蛋,https://movie.douban.com/subject/1438652/,8.6,338092,昆汀的恋足癖还是藏不住啊。,放映室里俩人互相枪击那段，音乐配的太好了，我太想钻进去了,流畅，看起来毫不费力。除了布拉德皮特显得格格不入，除了地下酒吧那场居然不收拾现场有些BUG，除了绑着TNT居然能混进元首活动场所很无稽，其他都很好，很完整，完成了电影所能给出的最重要的功能：娱乐。,Tarantino 真是电影天才.,Quentin是他媽的天才！,1
215,香水,https://movie.douban.com/subject/1760622/,8.5,404031,一个单凭体香达到高潮的男人,观影过程中如果曾有过那么一丝丝对杀手的憎恶， 那么你便是世俗和不纯洁的.,广场上，众人皆醉他独醒，众人皆X他盛装。,看到最后原来是个香水广告,胶片群裸就是不一样。。。这种从故事到情节到化妆到道具到一切细节的精致，才能让人丛大银幕上嗅出香味。离这种精致，我们还差多少年呢。,1
216,谍影重重2,https://movie.douban.com/subject/1308767/,8.6,249230,俄罗斯出租质量真好,整个片子干净利落，扣人心弦。对自我身份的确认与对过去的救赎又让影片多一份厚重。,手提摄影，快速剪辑，身体力行，暗藏杀机。间谍动作片由此洗牌,拍摄手法牛哄哄的！无论镜头、配乐、节奏都无敌的!!!!!,很难想象自己第一次看的时候居然不喜欢，看来随着年龄的增长对一部电影的看法也会改变。我们的伯恩没有高科技，没有帮手，靠高智商和好身手赤手空拳对抗强权，你以为电影传递的会是复仇的快感，想不到是一曲壮士的悲歌。,1
217,新龙门客栈,https://movie.douban.com/subject/1292287/,8.6,301511,这部片子里面最帅的其实是小二,三步一个青霞， 五步一个曼玉， 甚是享受,当年看到最后把甄子丹的脚剃成骨头的时候我还吓了一跳,有眼不识金镶玉，当然不是说这里的老板娘，张曼玉的角色真的很百变，可温婉可风尘可纯真可忧郁，似乎没有她驾驭不了的角色了。,张曼玉将金镶玉风骚入骨敢恨敢爱的性格刻画的入木三分。林青霞和梁家辉亦将江湖儿女的情怀与抱负演绎的丝丝入扣。其它一众配角个个可圈可点，经典之作。,1
218,猜火车,https://movie.douban.com/subject/1292528/,8.5,330412,就一点想法，而且与电影无关：外国连个吸毒的流氓都知道和未成年发生性关系是违法的，即使是人家自愿的，但在天朝。。。。。我就不说了。。。,啊，马桶世界无比神奇,"开头：Choose your future， choose life， I chose not to choose life.
结尾：Getting by， looking ahead to the day you die.",在中国，这种~~青年文化只有从电影中感知了,口音太强大 求循环十遍洗脑 从此用上了最潮款的苏格兰乡下口音,1
219,源代码,https://movie.douban.com/subject/3075287/,8.4,580458,如果画面停在最后一吻上，就完美了.,平行世界理论一定是真的，我坚定不移的相信着,如果结局停在那一吻我就给四星半了。,这才是货真价值的穿越大作！,结尾又狗血了。,1
220,谍影重重,https://movie.douban.com/subject/1304102/,8.6,297928,个人感觉外界评价过誉了~~,马特达蒙的外貌在帅哥扎堆的好莱坞实在不算起眼，却又如此特别，总能为你喜欢他找到一个理由.他演天才，演间谍，演神偷，睿智，冷静，从容，身手敏捷，眼神偶尔忧郁，偶尔深情，偶尔锐利充满警觉，走路时姿势总是很怪异，他不常笑，但不经意展露笑容时，会觉得他的笑像孩童般天真，那么有感染力，一不留神已被他俘获,我发觉叫JB的都很厉害，是不是？James Bond， Jason Bourne,只有动作片，才能如此深沉霸气地表达人类的困境吧！,为什么不只拍一部就罢手呢,1
221,战争之王,https://movie.douban.com/subject/1419936/,8.6,251844,从影帝蜕变到烂片王也是需要一定的气度，就如同影片最后他被家人抛弃被抓到监狱却十分镇定一样。这片子政治隐喻很多。,喜欢Nicholas Cage片中的表演，影片立意很高，最后的对现实的讽刺稍有些直白。,还行吧，记录了一个超级军火商的职业生涯、生活、以及心理状况等等，其实这些东西主要还是为了讽刺世界上的灰色政治与背后的政府，归根到底，说反战也好，说晦涩的批判也好，最后都看明白了，就得了，算比较平铺直叙的东西。,灰色行业翘楚的半传记性质影片，与性书大亨、烟草之王相似，具备了成功的人物塑造与微妙的道德讨论。（小记：弟弟维的自毁心理与纯真的素食者如出一辙，身为生产消费中堕落且重要的一环，痛改前非，蚍蜉撼树，但请不要忽视渺小个体的反抗，因为那是一种非常难得的道德自觉。）,世界的正常运作内在地需要邪恶，对善与恶关系的探讨令人忆及沙马兰的反超级英雄电影[不死劫]。影片整体立意甚高，但节奏控制有待加强。结尾的自白过于直白了一点。PS：凯奇演技没话说，可惜沉沦于烂片的泥沼无法自拔。杰瑞德·莱托真可谓瘾君子专业户。伊桑·霍克在片中倒是颠覆了文艺形象。（8.0/10）,1
222,青蛇,https://movie.douban.com/subject/1303394/,8.5,346982,当时很不能接受的是，许仙竟然和小青有暧昧。不过长大之后再回想，男人，可不就是这样的么。,扭啊扭……扭啊扭……,人生如此，浮生如斯。小时候看到的是群妖乱舞，大点看到的是情欲纠葛，昨天再看的时候是悲悲戚戚。谁人言，花彼岸，此生情长意短。谁都是不懂爱的罢了。,两人的“扭啊扭”到现在我都还记得。,张国荣当年若愿意出演许仙的话此片会更美，但曼玉和祖贤姐姐已足够妖冶天仙，赵文卓的法海也更是傲世独立，吴兴国的许仙——猥琐男一个。全片的音乐美不胜收，飘飘欲仙，欲仙欲死，配乐和画面都极为出色。,1
223,地球上的星星,https://movie.douban.com/subject/2363506/,8.9,141056,为什么一定要成为全才，为什么一定要有出息，不会拼写有什么关系，不会系鞋带又有什么关系，你懂得什么是想象，你能画出美丽的池塘夜色吗。要相信每个人都有别人无法超越的那一面，可悲的不是有其他方面表现的比别人差，而是有些人一辈子都发现不了自己最闪光的那一面。喜欢最后一幕ishaan奔向nikumbh，脸上泛着喜悦与自信的光芒。,与《三个傻瓜》的理念同出一辙，视觉创意细节令人惊艳。大框架未能免俗，但对待更广大的社会问题态度自信从容。另：印度电影可真长！,节奏太慢了…,相比起如此优秀的电影好莱坞现在的大部分片简直是biggest joke ever,16分钟就差点看哭，后面仍不断涌出哭点，画的那一本自己逐渐离开爸妈哥哥的画册真是催人泪下。过度写实铺垫显得有点拖沓，插播几部MV果然是特色。同样还是一部可以看睡着但是醒来可以再看哭的片...ps简直要成阿米尔·汗的脑残粉了,1
224,城市之光,https://movie.douban.com/subject/1293908/,9.3,81147,"""在她的眼睛未被治愈的时候，她说，“他不仅仅是个有钱人”，而当她的眼睛被治愈的时候，她是否还会说出这样的话语，在结尾处，一个笑容，将所有的想象留给了我们。 当她终于可以目睹这座城市的光芒的时候，她是否还可以感受到一个人内心的光芒？""",爱情是光，将城市点亮，笑的最后却是感动。卓别林竟然是爱情电影的大师……,"卓别林兼任出品人、制作人、监制、导演、主演、配乐、剪辑，结果一个奥斯卡提名都没有。
卖花女一点不瞎，瞎的是奥斯卡评委。",不知道是看片情境不对，还是个人状态不佳，看完感触不多。,未来是美好的，人间总有真情，别放弃骚扰生活。,1
225,血钻,https://movie.douban.com/subject/1428175/,8.6,238081,迪卡普里奥就是比布拉皮特强,套着uncle sam一贯的假惺惺救世主外衣，其实就是纯popcorn片，看着挺娱乐的。,没有买卖就没有杀戮，这样的非洲是我不曾了解的！,对于这样的现实题材电影，真的是不好评价。明明是略显文艺的剧情片，却拍的和爆米花电影一样，就像机器加工出来的，煽情部分和动作场面被安排得严丝合缝，刚煽完情就打架，打架打累了再煽情。但是电影想要表达的东西是值得关注的，钻石行业的内幕以及非洲社会的军事安全，让人触目惊心。,很久不见，莱奥纳多已由偶像派转为实力派了。与非洲有关的电影，看得多了，总觉得都是一个套路了，战争、孩子、人性、爱情，有点免疫了~~,1
226,浪潮,https://movie.douban.com/subject/2297265/,8.7,194425,“还有，发言的人必须起立”“有点过分了吧！”,他们入戏太深，而我们连演戏的自由都没有.,（真实事件是发生在美国的）,只用了五天时间的“微型纳粹养成课“，最正常的学生往往是最不正常的。,迷人的法西斯。题材很好，可惜拍的不太好。,1
227,朗读者,https://movie.douban.com/subject/2213597/,8.5,358981,人因羞耻感而保有秘密，却又因秘密而困锁，但又因坚守秘密，留有一份尊严。难以言述的电影。,“只有一件事可以让灵魂完整，那就是爱！”男孩流着泪的脸经过隧道的阴影，变成了男人，但对她的爱从未消逝，从十五岁开始，一直到她死。甚至他死。,这片不用德语就是先天性第一大败笔。改编没做好，知识分子气十足的小说被TMD改成了情色片，sigh，书还是很不错的。,2008剧情类年度最佳！“我什么都不怕，越是痛苦，我越是喜欢，危险只能让我更加爱她，能让爱升华，带给爱趣味…只有一件事可以让灵魂完整，那就是爱！”肥温演技的完美之作，史蒂芬·戴德利没有让人失望。一个如此简单的故事可以讲述的如此曼妙与深刻，爱真的可以超越一切。,还好她选择了自杀……,1
228,彗星来的那一夜,https://movie.douban.com/subject/25807345/,8.5,335718,和来自地球的男人一样都胜在设计，往往在超自然的力量下面人类很容易暴露本性的缺陷，比如猜疑，鲁莽，自毁。这个电影在无数平行空间的外套下面，其实讲的是一个女孩，当她人生中的机遇都一个个逝去的时候，到最后她愿意付出任何代价去抓住最后一根救命稻草，甚至不惜去做一个替身。,没觉得有什么“烧脑”的，有的只是人类共享的对未知维度的震撼和恐惧。结尾毫无防备地从科幻硬是升华出了人性。强烈推荐这部画面烂到不如DV短片却出奇有力的作品。,平行时空不稀奇，神奇的是各路平行时空的交汇之后混乱的生活，看完真的有点恐怖。★★★★☆,前面有点难看，最后几分钟有被惊喜到，女主找到了平行空间里最好的男主，却杀死了最好的自己。,这部电影在诠释著名的物理学假想实验薛定谔的猫，现在盒子被打开了，我们看到了多世界理论和一致性历史的诠释，最后也看到这和哥本哈根诠释的不同之处。我们以为这群在不同平行时空里乱掉的几个人会想法回到自己的时空，结果最后却是证明了理论的真实性，让片子彻底变成了神棍科幻片。★★★☆,1
229,步履不停,https://movie.douban.com/subject/2222996/,8.8,167746,人生就这么步履不停地前行着，那些舍得的舍不得的人和事总会一一远去，以至再也无法望见。你可能偶尔怀念，也可能丢了命似的道不了别。,9.5；和解总是慢死亡一步,"夏至横山家，
小津屋檐下，
周围二三事，
外婆炸玉米，
攀折紫薇花，
追逐黄蝴蝶。
淡然疗心伤，
四肢渐愈合。
有了伴的路，
步履停一停；
牵了手的手，
岁月不回头。
",送走儿子后寡言的医生父亲念叨：“下次来的时候就是新年了。”与此同时儿子坐在远行的大巴上长舒一口气：“这次回家了新年之行总算可以省了。”转瞬下一个镜头就变成空的风景和儿子的画外音：三年后父亲死了。不多久母亲也走了，她最终也没坐上我买的车。这是日影特有的温情与残酷。玉米天妇罗。,试图用一个特殊的日子来讲述横山家数十年来的漫长岁月，不运用任何插叙，只是让时间一点点流过，从各人间的对话中了解这个家庭久远已逝的一切哀痛压抑温馨喜悦，然后日子还得淡淡前行。每个人物都刻划得立体有力，但是片长四分之三再往后有些情节：如蝴蝶入屋、孩子晨祈愿、多年后生孩子也开车等稍刻意,1
230,疯狂的麦克斯4：狂暴之路,https://movie.douban.com/subject/3592854/,8.6,348808,除了燃，Mad Max 4还说了一件事。背井离乡七千天，无一日不惦念。不论眼下多苦，相信只要回头就有希望，因为那里是丰饶的绿洲。但这终究只是个幻觉。离开家乡越久，幻觉越严重。你以为逃离能解决一切，但真正的胜者不是寻找green land的人，而是改变wasteland的人。,简直high爆了，前三十分钟已经让人目瞪口呆好几回了，但这电影基本没有要停下来的意思啊，如果一定要分成五六段的话，每两段之间的文戏只有大约三十秒，然后又开始High。。汤老湿前三分之二都没啥台词已经被帅cry，后面掀翻史上最炫酷公路乐队之后开始有台词了完全让人招架不住嘛！,屌炸天硬摇末日公路片，热血动作爆炸和女权主义完美融合。一定要刷IMAX，一定要刷IMAX，一定要刷IMAX，重要的事情要說三遍！,情节？情节？老子的贝斯都可以喷火了！还要特么什么情节！,怎么办，如果这个给五星，其他给过三星的公路电影都得改成一星,1
231,色，戒,https://movie.douban.com/subject/1828115/,8.4,448687,汤唯太美，沉静自持。整个电影紧张饱满，眼角眉梢没有一出不是戏。,从头笑到尾 抱歉。。。王力宏的出演简直是本片最大的灾难。。。,载她的三轮车夫有多快活,佳芝临死前面容很坦然，爱情就像有着超强药效的毒品可以使病危的人忘却痛楚。我想她不会后悔救了易，更加会庆幸自己终于可以摆脱这份灵魂和肉体的束缚。她随时都在准备着结束这场必输的赌局，只因为她压错了时间，压错方式，压错了对象。,王力宏演得太差，否则就是5星；又看了几遍，王力宏演得再差，还是5星,1
232,遗愿清单,https://movie.douban.com/subject/1867345/,8.6,242849,前提是：你也得有钱才行啊！,渐入佳境，直击心灵。老卡特的问题：在你的生命中，是否有过欢乐？那你这一生，有没有给别人带去快乐？爱德华的经验：想尿别谦让，硬了就快上，屁要小心放！,喜欢定好小计划然后一一划去的小成就感,那一刻，他闭上了双眼，却敞开了心灵。,Fing the joy in your life...在巴黎吃早饭，去香港吃午餐，溜弯儿到长城飙摩托，插缝跳伞，赛车，开飞机去金字塔和泰姬陵……两个老头去全世界旅游，用剩余不多的时间，去燃烧他们的整个生命。我也想如此来一次生命的释然！“这个故事里总有一些你因为今生没有做过而无限懊恼的事情。”When he closed,1
233,大佛普拉斯,https://movie.douban.com/subject/27059130/,8.7,249486,看到“我要你干我”的时候家里人推门而入，真的百口莫辩,你永远不会知道他人的皮囊之下，到底藏着什么样的秘密。就像你不会知道，万人朝拜的菩萨肚子里有一具死尸，也不会知道一个收垃圾的大叔，屋子里摆满了洋娃娃。,干！这片要是放在春节档我会刷十遍，比99.9%的贺岁片都有趣，但，片刻的有趣过后却是莫名的感伤和悲凉，俏皮的台词不止是博观者噗嗤一笑，更是导演和角色的自我解嘲，导演的旁白同时达到了调侃、补充和间离的多重效果。看似天马行空实则举重若轻，耍纪录片的导演拍的悲喜剧，轻盈的实在不像处女作。,有点茶馆听说书的感觉。市井乡氓的卑贱生活，乱象丛生的台湾社会，咿咿呀呀的旁白带来拍案惊奇的效果。在低俗猥琐中接地气，在黑色荒谬中怜悯，人生已是烂泥打滚，揣着一颗佛心才能普度——对小人物来说，平安是福...,黑白影调与有钱人的生活是彩色，似乎把问题抛向了绝望的阶层分化，但弁士说书人的口吻，兼有道听途说的打趣和人生空空如也的抒情，巧妙地渗漏掉老司机开车上路的金钱性事狗血，完成黑色幽默到虚无文艺的主旨提升。谈笑风生间是轻松加愉快，但不知道为什么，总有种让人想哭的吴念真·酸。,1
234,小萝莉的猴神大叔,https://movie.douban.com/subject/26393561/,8.4,331174,近期唯一泪眼朦胧的电影，不能说电影拍的有多好，只是题材上升到了一种高度，宗教，政府，国家其实都是为人服务的，在爱的面前，这些都要让路，人性是能冲破这种种隔阂最后让奇迹出现发出呐喊声音的，也能判断是非对错的，哪怕那些违犯法律，制度，可这尊重人性，最后的最后那场景的确很震撼。,不说了，洗脸去了,虽说故事距离现实太遥远（印度教与穆斯林的冲突，社会安全状况），但电影拍得真的很好。故事讲得好，很感人，某种意义上很真实（如果不是真的了解印度）。歌舞片段很节制。配乐烘托到位。自然环境的呈现直追BBC。能把主旋律拍成这个效果，堪称神作。,难道是政治阻止了爱？圣母婊以为爱可以战胜一切,在真正深切的爱意与人性的光芒之下，一切由于偏见和狭隘而被塑造出来的障碍——不同的信仰、对立的政治、分割的土地，都不再重要。,1
235,再次出发之纽约遇见你,https://movie.douban.com/subject/6874403/,8.5,285039,电影给4星，歌曲加一星。原声带真的是要进入本年度最佳电影原声候选了。,一部好听的电影，来自《曾经》导演新作。由音乐串起来的电影，音乐密布全片，角色的快乐、难过、愤怒、释放，所有表达感情的方法都是音乐。由于原声非常好听，观众也很接受。影片关于一群音乐文青如何用他们的独立音乐对抗世界，虽然很理想主义，但愿望是美好。音乐从心开始。,延续once但不如前作，一场独立音乐人的梦想YY。用录专辑串故事，用歌曲串电影，独立音乐与独立电影相辅相成。用倒霉制作人被音乐拯救开篇，作用鲜明。醉酒状态下对幻想的伴奏、跟随耳机扫街两场戏很吸引人。但剧情全随歌曲烘托推动，正如片中台词:再无聊的场景也会因音乐变为璀璨珍珠。,用音乐写给城市的情书，不算新鲜但很讨人喜欢。,我好喜歡這部電影，連討厭的凱拉奈特莉都變得順眼起來。John Carney有一顆青春之心，否則怎能如此浪漫寬容？結尾女主角選擇了重新開始，一段更加自由，嶄新的生活，反高潮之餘平添一份暖意,1
236,追随,https://movie.douban.com/subject/1397546/,8.9,124706,叙事大师诺兰的处女作，“里面埋藏着政治寓言，还包括我作为一个英国人对于国家这个概念的一丁点想法”。“虽然你行的是鸡鸣狗盗之事，但也不用摆出一副鸡鸣狗盗之相。”“每个人都有个小盒子，里面装着大秘密。”“把一样东西从你身边拿走后，你才会发现自己拥有过什么。” ,诺兰的牛逼来源于内心散发出的恐惧。,“虽然你行的是鸡鸣狗盗之事，但也不用摆出一副鸡鸣狗盗之相。”区区6000美元的成本，克里斯托弗·诺兰一人负责导演、编剧、摄影、剪辑，虽不及《美国丽人》、《肖申克的救赎》那样的经典处女作，但也绝对可称之为传奇，短小精干，非线性叙事的佳作。★★★★★,诺大神的处女作就这么牛逼了……,Nolan天赋之作，之后的作品太工于技巧而丧失味道了。,1
237,聚焦,https://movie.douban.com/subject/25954475/,8.8,198517,四星半 其实我觉得最能挖的是rapist may have been raped这一点,本来想打四星。然后我问了自己一个问题：“如果这个题材让韩国人拍…”不由得虎躯一震，赶紧改成五星。,奥斯卡最佳影片你好！（从第一篇的影评开始我就预测它拿奖，非常值得！）,“有时候我们都很爱忘记，大多数时候我们都是在黑暗中磕磕绊绊，突然天亮了，而人们却开始相互指责。”那一天早上，报道发出后，“聚焦”小组办公室的电话突然被打爆了。对记者而言，揭露真相永远是第一位的，可是这部电影在记者调查事件真相之外还讲述了“沉默的螺旋”机制以及囚徒困境，同样值得深思,摒除所有抓马和猎奇，以极度冷静克制的表述抵消偏见和煽情，暗中积聚能量抽丝剥茧层层深入，如一篇扎实负责的新闻报导，将判断和情绪的释放留给观众，坚持写实的态度令人敬佩。结尾字幕更鼓励关注调查记者并请受害者发声，报道结束而思考不止，这不正是新闻的意义所在吗？,1
238,东京物语,https://movie.douban.com/subject/1291568/,9.2,85475,刚到东京的时候，妈妈说：“原来东京这么近。”决定离开东京的时候，妈妈说：“东京真的太远了。”,这世上本来就有许多令人灰心的事情。所以，还请你不要太灰心。,片中的纪子，好善良美丽的女人，一个完美的日本女人。,生活总是让人失望的,胶片就是细节丰富啊。尤其对于小津这样见微知著一叶知秋的导演。取景的角度典型的日式美感，且又远中近景层次都在。甚至人物道具的位置都好像刻意小津化似的，看上去非常和谐。夸张的透视只用于列车，眺望的平铺画面简洁令人印象深刻。欧巴桑在海堤上笨拙地爬起来那一幕，奴家差点哭出来。,1
239,一次别离,https://movie.douban.com/subject/5964718/,8.7,188415,一个有信仰的国家才能发生的道德纠结。手持与频繁的主观镜头将观众带进他们的世界，甚至会错觉自己也是当事人。对角色感情细腻且准确的把握让你的情感天平反复在两组家庭之间。对角色心理暗角和懦弱一面的剖析，让人忍不住叫好。情节上波折不断，是生活的力量。与《关于依丽》一样，与众不同的伊朗电影,伊朗人至少有信仰,4.5。一次即永恒！①着意隐去匠气，还故事以挚诚本真，唯象征私隐于后。②一席黑头巾掠过楼道、车流。③隐匿于镜头外的西方理想国。④你怎么敢看着我的眼睛撒谎！⑤古兰经的存在一度置瑞茨于人性罪责和信仰之间，如替老人洗澡、告白真相等。⑥玻璃门之隔。,令人窒息的真实感...,这是我第一部伊朗电影，很幸运遇上这么棒的一部。撇开外面世界的动荡，而是关注2个普通家庭的矛盾。代入感特别强，完全置身于这一次冲突。宗教，信仰，坚持，无一不回味无穷。当我们没有一本可以用来起誓的《古兰经》时，你用什么来约束自己？,1
240,驴得水,https://movie.douban.com/subject/25921812/,8.3,621698,这样的剧本，这样的电影，任凭你们怎么说风凉话，都休想模仿出来，国产片的普通货色离它差距太大。,1.库斯图里卡的癫狂、荒诞+法哈蒂的困境、冲突，而这...其实在中国这片土地上随处可见；2.追求自由的人，死了；3.愤怒的人，成了听话的牲口；4.宽容的人，成了小人；5.淳朴的人，成了恶棍；6.正面向上的人，总在行骗；7.就让我们忘掉过去吧，才能继续作为“人”活下去。,用喜剧的方式谈悲剧，用讽刺的手法讲人性，为这个故事就值得5星,普通观众全嗨了，说这才是国产佳作;电影专业人员全崩溃了，说这是舞台剧不算是电影。讲真，我觉得当一个作品只剩下它的形式能被人吐槽的时候，已经足以证明其成功。不管它是啥，哪怕我是去电影院看话剧了，我还是觉得，甚好，没错过这个乌龙甚好。,这个笑话还真把我看哭了，惊喜之作，比夏洛特烦恼的故事高明，但电影感较弱,1
241,黑鹰坠落,https://movie.douban.com/subject/1291824/,8.7,198432,非洲兄弟命贱，一死一大片！,是想当作一个任务如何失败的案例来看的。。战斗场面够多，信息量还是不够全。。战争残酷狰狞自不必说，只是只有美方士兵单方面的人性化描画，至于那些发狂的索马里士兵却只是默默而生，默默而死，成不了一个相互沟通的契机。。背景音乐很不错,这是我看过的美国战争大片中最为经典的一部,16年之后（2017年）再看这部电影，更能体会到它的伟大——它开创的现代战争片电影美学，迄今没有人能够超越。,在经过了短暂的铺垫后，电影就进入了令人窒息无停顿的高潮；其中做得最好的一点就是对战争细节的描绘了，在如此复杂的战术地形下，能让观众最大程度地了解整个局势且不犯迷糊，无论是剪辑还是斯科特的调度，都堪称完美；但对于那些所谓为了升华主题所刻意加入的段落和细节，着实多余了些。,1
242,我爱你,https://movie.douban.com/subject/5908478/,9.0,101768,你说，如果到人生的尽头，还没找到牵手的人，那咋办啊？,對不起，我是個膽小鬼，沒有妳我怕活不下去。,"“我是个胆小鬼，没有你，我怕活不下去。” 
",不论到了何时，都不该失去爱的勇气和能量。如若是我，我会选择跟爱人一直走到生命尽头，并一同死去。下辈子能不能重新再在一起？这个答案交由老天来定断。,你说，如果老了，我允许你先死。,1
243,千钧一发,https://movie.douban.com/subject/1300117/,8.8,160159,没有触目惊心的科幻大场面，娓娓的说伦理、说基因技术的双刃剑。落了泪的点不是主角，而是最后那个医生，原来他一直都帮助着Vincent，这种梦想一旦被共享，也就推动了第一块多米诺骨牌。有趣的是，片名本身是由DNA的碱基组成的，还有剧组成员名字出来的时候，也是先凸显出G.A.C.T，很有心思的小细节。,看了这部《千钧一发》，没想到还真不错，男煮饺儿追求梦想时不给自己留任何后路的精神真鸡巴励志啊……这种励志非心灵鸡汤式励志，而是心灵牛鞭汤式励志……我们曾经都是星尘，莫名其妙地来到了父亲的睾丸里，来人世走一遭后重新变成星尘……反正迟早变星尘，不如追梦尽情活…… ,古怪的老电影气质，很励志，有点基。世界若是真的如此不公平，那我们就集体作弊去吧。,非常优秀的科幻电影！小时侯看过一次，丝毫没有察觉这居然是97年的作品 !今天重温依旧无法看出，当时囫囵吞枣也没法理解其中深意，如今看过后不禁唏嘘感叹！影片各个方面都堪称精品！导演对节奏拿捏得非常精准，看似平淡的叙事，表面下却暗流涌动！好剧本、好配乐、好演员、好导演，成就一部好电影,这片子在我的科幻片单里排前10。楚门秀编剧的导演作品，比楚门秀无论概念还是执行都好太多了。“我就是那个统计学上无关紧要、但没人可以抹去的1%。”改变生命，分享梦想，泪目。,1
244,发条橙,https://movie.douban.com/subject/1292233/,8.5,269628,影片通过一个漫长而完满的暴力实验揭示了这样一个道理：人们对待暴力与对待行为准则的态度不经意间便自相矛盾，既反对暴力又以暴制暴，西方社会一直追寻的人性在影片中却不复存在，这使影片给人一种飘渺洪荒的感觉，而对社会政治的深刻嘲讽以及人的生活信念的崩溃与迷茫也表达着一种深切的探索精神~,我也想买那个瓷的大JJ,经典的3p节奏..漂亮干净的画面,成功预言了杨永信的电击疗法。,第三遍看生理上的不适感减轻很多，在英国骚乱之后更能理解文明社会下隐藏着的危机原由，库布里克尽情展现在乌托邦神话下所能发生的丑陋一面，又转回手痛击倾向于将人符号化的国家机器，最终把世界交给暴力像永动机般循环的开放式结局，正义在人被剥削掉道德选择权后沦为了贝多芬第九交响一样的背景音乐,1
245,E.T. 外星人,https://movie.douban.com/subject/1294638/,8.6,245039,生病的ＥＴ皮肤的颜色就像柿子饼,断断续续看过很多次，而且都是很多年前，看完整版还是第一回，自行车突然飞腾的时候多少有些激动。童心与童年爱做的梦，属于童年的故事。,一则感人的美丽童话，适合大人和孩子们一起观看。没想到竟然是82年的片子~~,小伙子骑自行车是十级水平，可以代表国家参加奥运会了。2015.3.24成都,ET被抓进实验室，小埃利奥特也一病不起。孩子们愤怒了，他们自发组织起来，营救外星人。埃利奥特也在心灵的感召下苏醒过来，加入营救行动。他们能成功么,1
246,网络谜踪,https://movie.douban.com/subject/27615441/,8.6,358822,看到结尾回想起一个细节，妈妈电脑里保存的班级电话簿，上面有真凶的联系方式来着，备注写着：家长在警局工作，离异家庭，喜欢玛格。,Amazing! 剧本写得太好了，千回百转。几乎没有实景拍摄，但节奏感超强。这种拍摄方式真的太省成本了。,啊 真的好厉害 哎 真的很厉害 学长终于接了一部超棒的片 非常显演技了（。,全程通过一个桌面，把案件的悬疑性带到那么强的地步，佩服！有个细节很赞：当爸爸首次听说汤不热，搜索的是Tumbler，谷歌推荐的是Tumblr。嗯，细致的推理逻辑可见一斑（请点赞）~,评价名不符实…《暗网》先入为主，这部就一点也不惊艳了。,1
247,四个春天,https://movie.douban.com/subject/27191492/,8.9,109563,我自己的片子，我打五星。。。⁄(⁄ ⁄•⁄ω⁄•⁄ ⁄)⁄,看哭了。倒不是说这片子拍得多么惊世（当然导演本来就是一枚文艺大叔&很棒的图片摄影爱好者，对影像有很强的敏感度，拍出一份质朴的诗意），主要是这对老人家太令我羡慕和感动了，这就是中国家庭最缺失的爱的教育啊，小时候梦想中其乐融融的家庭氛围。他们将岁月的苦难化为财富（生活能力极强，除彼此不依附任何人，对一切事物尤其文化生活有强烈的好奇心），展现出超乎常人的乐观、豁达、坚韧与感染力，拍成连续剧我都愿意看。古...,人无艺术身不贵，不会娱乐是蠢才,共情真的是一种很高级的情感，无论悲喜都如沐春风，是燕子回巢的呢喃，是半亩方塘的春水搅动，是厨房的乒铃乓啷，是迟迟不愿挪步的送别，是白发人送黑发人噙着的泪，是用DV记录家庭生活的镜头。父亲这一代知识分子拿的起乐器学的来剪辑，即使年纪大了“每天也要为这个家做一件事”，母亲总是囿于厨房但总能笑呵呵地唱起旧曲，还经常地木楞停住想起亡去的姐姐。两位老人鲜活可爱，我也是第一次注意到我有时候竟然会错过这些身边类...,九点半的早场，三分之二的上座率，前半段欢歌笑语此起彼伏，后半段默默啜泣，结束后无人离席仍沉浸其中，直到字幕走完银幕全黑才如梦初醒。这不是近十年来看过最好的国产纪录片的话，是什么,1
248,撞车,https://movie.douban.com/subject/1388216/,8.6,242027,《断背山》因你与奥斯卡失之交臂。,伟大的作品。重看一遍的时候仍旧感动，冲入汽车中的男人，女人烟火中的回头而落泪。为小女孩抱住父亲，父亲绝望的哭喊。这城市的华灯初上，雨中车灯，滚落的黑人男孩手中的木头雕像。向一切的怀疑、争吵、怯弱、爱。致敬。,有点太假的感觉。,表面上是在探讨种族间的偏见与冲突(crash)，本质上是在讲人性的和解与救赎(touch)。,"其实这部电影挺成功的。只是可惜了米国人眼中的“老外”李安演绎了那么地道而又唯美的《断背山》，所以它拜在了“物以稀为贵”之上。
后一年邀请布拉德皮特参演的《通天塔》就是模仿《撞车》的垃圾。撞车……从一个小城市反映美国的文化，寻找人类在城市中一度迷失的心灵。",1
249,变脸,https://movie.douban.com/subject/1292659/,8.5,306772,当发哥的风衣、墨镜出现在了凯奇身上，当凯奇在教堂唱起“哈利路亚”，我完全被他迷倒了~~,白鸽……又见白鸽……,看到导演我就知道这肯定是又一部佳作~并没有失望,概念不错拍得一般，配角选得很烂，华裔女探员，男女黑人探员，气质农民，做派乡土，很难看。,凯斯特醒来，此时他有着西恩的面相。于是他决定将计就计，将知情人杀掉之后，他就变成了西恩……,1
250,梦之安魂曲,https://movie.douban.com/subject/1292270/,8.7,158601,最绝望的观影经历！绝望到耳不敢闻，目不敢视，心灵战栗！,憨憨说看了这片你就不想吸毒了，恩，真不想了,其实人和人的生活是很脆弱的，很容易分崩离析。欲望是快速的，惩罚却来日方长。,牛逼的嗑药大片，剪接和音效极赞,哇，那条胳膊！哇，那棵管子！哇，那两张屁股！哇，我要吐了……,1
