鸭腿姑娘啊,努力奋斗,2020-05-05 22:07:02
一枚要努力的伦嘉人fly,新青年加油＾０＾~,2020-05-05 14:58:20
每日一问累不累,不负韶华，乘风破浪！,2020-05-05 13:42:32
用户7334391433,奋斗[加油],2020-05-05 12:13:07
青盌浮香,不负韶华,2020-05-05 11:01:37
人生只若初见04569,不负韶光  一起加油,2020-05-05 00:56:50
Eddie_01,习大大辛苦啦！,2020-05-05 00:40:13
用户7312474244,做个好青年！,2020-05-04 23:50:25
敏敏898989,青年节快乐,2020-05-04 23:11:15
优盘85平安喜乐,让奋斗的汗水书写我们青春的色彩,2020-05-04 22:15:48
乌拉特草原人,习主席的关怀，一定牢记。,2020-05-04 19:06:35
无话没有不说咯,热爱祖国是新时代中国青年的立身之本、成才之基,2020-05-04 18:06:10
阿银行ZH,写在“五四”青年节爱国主义民族根，进步青年更发奋。民主集中相统一，科学发展人为本。,2020-05-04 15:57:56
用户6597031557浪迹天涯,好的,2020-05-04 11:36:11
迷妈2020,听习主席的话，为祖国建议贡献自已的一份力量！向前冲呀！加油！,2020-05-04 11:25:10
D钰宝贝,中国会越来越好,2020-05-04 11:22:39
贤贤妈打,为中华掘起而努力，纪念五四青年节。,2020-05-04 11:22:32
云端的邓邓,争做为国争光的好青年,2020-05-04 11:21:42
用户7447855226,祝总书记身体健康！,2020-05-04 11:11:55
凉辰没景0817,加油！努力！不辜负习大大对青年人的期望！,2020-05-04 10:58:40
赖麦99,习大大，五四快乐！,2020-05-04 10:48:18
用户7441330607,习主席对当代青年寄于很大期望。当代青年应不负众望，勇于担当，勤奋努力，为强国梦多作贡献！,2020-05-04 10:42:59
飘雪7406059052,听习大大的话做中国好青年,2020-05-04 10:24:38
Jillian1990,祖国的青年，勇于担当,2020-05-04 09:49:29
飞虎888999,青年是未来的希望。,2020-05-04 09:41:26
禹心wang,加油吧青年们,2020-05-04 09:20:32
肉骨茶CC,中国加油＾０＾~,2020-05-04 09:16:49
名字乱输的,努力不负韶华,2020-05-04 08:50:48
用户6374940069日岀东方,不负韶华，努力奋斗,2020-05-04 08:49:23
用户7441931601,少年强则中国强，加油,2020-05-04 08:43:34
幸福点点585,五四青年节快乐！无奋斗，不青春,2020-05-04 08:39:52
粑粑精的爸爸,你们太棒啦,2020-05-04 08:37:38
用户7425866406,🇨🇳加油,2020-05-04 08:33:02
利儿的世界,不负青春，不负韶华，用奋斗谱写人生！,2020-05-04 08:31:44
用户5531028129,作奋斗的青年,2020-05-04 08:30:21
真正刘老虎,做有理想有信仰的青年人。,2020-05-04 08:28:00
张立9692,英明卓见。,2020-05-04 08:26:33
商丘深度新闻,主席好,2020-05-04 08:25:34
只有嘉伦深入我心ALLEN,中国加油加油！,2020-05-04 08:23:04
DS小颖子,认真学习习大大的指示,2020-05-04 08:10:27
资深男人3602897883,国富民强,2020-05-04 08:01:48
用户7401811490,加油伟大的祖国！,2020-05-04 07:40:27
用户6426118048,谢谢习主席的祝福，我们会更加努力,2020-05-04 07:19:23
小怡不吃香菜-,继承发扬五四精神！,2020-05-04 07:01:07
用户6728071559,青年强国,2020-05-04 06:48:26
奋斗16836,五四青年节,2020-05-04 06:38:30
黄靖博先生,习主席关心青年人的成长，教导他们要好好学习，天天向上，将来做个有用之人。国家科技、经济的高速发展，迫切需要大量的技术人才。青年人应学好本领，积极投入到国家建设的队伍之中，为社会做出自己的贡献。,2020-05-04 06:27:00
haelieli,是的，做爱国好青年！,2020-05-04 06:23:36
恰奶奶7998,青年是祖国的未来，五四青年节快乐！,2020-05-04 06:17:04
娜0205,练就本领，发扬五四精神,2020-05-04 05:43:55
鸭腿姑娘啊,努力奋斗,2020-05-05 22:07:02
一枚要努力的伦嘉人fly,新青年加油＾０＾~,2020-05-05 14:58:20
每日一问累不累,不负韶华，乘风破浪！,2020-05-05 13:42:32
用户7334391433,奋斗[加油],2020-05-05 12:13:07
青盌浮香,不负韶华,2020-05-05 11:01:37
人生只若初见04569,不负韶光  一起加油,2020-05-05 00:56:50
Eddie_01,习大大辛苦啦！,2020-05-05 00:40:13
用户7312474244,做个好青年！,2020-05-04 23:50:25
敏敏898989,青年节快乐,2020-05-04 23:11:15
优盘85平安喜乐,让奋斗的汗水书写我们青春的色彩,2020-05-04 22:15:48
鸭腿姑娘啊,努力奋斗,2020-05-05 22:07:02
一枚要努力的伦嘉人fly,新青年加油＾０＾~,2020-05-05 14:58:20
每日一问累不累,不负韶华，乘风破浪！,2020-05-05 13:42:32
用户7334391433,奋斗[加油],2020-05-05 12:13:07
青盌浮香,不负韶华,2020-05-05 11:01:37
人生只若初见04569,不负韶光  一起加油,2020-05-05 00:56:50
Eddie_01,习大大辛苦啦！,2020-05-05 00:40:13
用户7312474244,做个好青年！,2020-05-04 23:50:25
敏敏898989,青年节快乐,2020-05-04 23:11:15
优盘85平安喜乐,让奋斗的汗水书写我们青春的色彩,2020-05-04 22:15:48
鸭腿姑娘啊,努力奋斗,2020-05-05 22:07:02
一枚要努力的伦嘉人fly,新青年加油＾０＾~,2020-05-05 14:58:20
每日一问累不累,不负韶华，乘风破浪！,2020-05-05 13:42:32
用户7334391433,奋斗[加油],2020-05-05 12:13:07
青盌浮香,不负韶华,2020-05-05 11:01:37
人生只若初见04569,不负韶光  一起加油,2020-05-05 00:56:50
Eddie_01,习大大辛苦啦！,2020-05-05 00:40:13
用户7312474244,做个好青年！,2020-05-04 23:50:25
敏敏898989,青年节快乐,2020-05-04 23:11:15
优盘85平安喜乐,让奋斗的汗水书写我们青春的色彩,2020-05-04 22:15:48
鸭腿姑娘啊,努力奋斗,2020-05-05 22:07:02
一枚要努力的伦嘉人fly,新青年加油＾０＾~,2020-05-05 14:58:20
每日一问累不累,不负韶华，乘风破浪！,2020-05-05 13:42:32
用户7334391433,奋斗[加油],2020-05-05 12:13:07
青盌浮香,不负韶华,2020-05-05 11:01:37
人生只若初见04569,不负韶光  一起加油,2020-05-05 00:56:50
Eddie_01,习大大辛苦啦！,2020-05-05 00:40:13
用户7312474244,做个好青年！,2020-05-04 23:50:25
敏敏898989,青年节快乐,2020-05-04 23:11:15
优盘85平安喜乐,让奋斗的汗水书写我们青春的色彩,2020-05-04 22:15:48
鸭腿姑娘啊,努力奋斗,2020-05-05 22:07:02
一枚要努力的伦嘉人fly,新青年加油＾０＾~,2020-05-05 14:58:20
每日一问累不累,不负韶华，乘风破浪！,2020-05-05 13:42:32
用户7334391433,奋斗[加油],2020-05-05 12:13:07
青盌浮香,不负韶华,2020-05-05 11:01:37
人生只若初见04569,不负韶光  一起加油,2020-05-05 00:56:50
Eddie_01,习大大辛苦啦！,2020-05-05 00:40:13
用户7312474244,做个好青年！,2020-05-04 23:50:25
敏敏898989,青年节快乐,2020-05-04 23:11:15
优盘85平安喜乐,让奋斗的汗水书写我们青春的色彩,2020-05-04 22:15:48
