电影名,评分,短评数量,评论1,评论2,评论3,评论4,评论5,排名
肖申克的救赎,9.7,1897620,当年的奥斯卡颁奖礼上，被如日中天的《阿甘正传》掩盖了它的光彩，而随着时间的推移，这部电影在越来越多的人们心中的地位已超越了《阿甘》。每当现实令我疲惫得产生无力感，翻出这张碟，就重获力量。毫无疑问，本片位列男人必看的电影前三名！回顾那一段经典台词：“有的人的羽翼是如此光辉，即使世界上最黑暗的牢狱，也无法长久地将他围困！”,不需要女主角的好电影,恐惧让你沦为囚犯，希望让你重获自由。——《肖申克的救赎》,“这是一部男人必看的电影。”人人都这么说。但单纯从性别区分，就会让这电影变狭隘。《肖申克的救赎》突破了男人电影的局限，通篇几乎充满令人难以置信的温馨基调，而电影里最伟大的主题是“希望”。当我们无奈地遇到了如同肖申克一般囚禁了心灵自由的那种囹圄，我们是无奈的老布鲁克，灰心的瑞德，还是智慧的安迪？运用智慧，信任希望，并且勇敢面对恐惧心理，去打败它？经典的电影之所以经典，因为他们都在做同一件事——让你从不同的角度来欣赏希望的美好。,策划了19年的私奔……
教父2,9.2,347316,两代人的对比，AlPacino和RobertDuvall都太帅了，不同的是，父亲拥有家庭与荣华，而AlPacino几乎失去了所有亲人。,74/47th第一部是关于神化的智慧。第二部是男人的光辉与悲哀，以及意大利的传统家族观念在美国的狗屁价值观前节节败退,【720P】这部电影告诉我们，为什么“富不过三代”——因为富二代们的生活总是很混乱。,阿尔·帕西诺不能再帅，是年轻时的代表作。,虽然有点儿长，但你会知道为什么三个小时你都坐在这里～（不明白自己2009年5月27日怎么留下了这样的短评，而且还被打了104个有用，毛用啊，对于回忆当时看完这片儿的感受一点用木有。2015.8.8重看，不如1爽，相比之下节奏氛围人物塑造都差了些，自然还有其精致所在但已经没了那种生猛，太可惜了）
阳光灿烂的日子,8.8,430633,再也没有这样的时候了。被禁锢的青春里面溶着化不开的酸涩。年轻的时候爱一个姑娘，就可以奋不顾身的把所有逞能的事情都做完。长大了以后就不会了。不是不爱姑娘了，而是理智的弦告诫你自己再这样做是多么蠢的一件事情。,“我的故事总是发生在夏天。炎热的气候使人们裸露得更多，也更能掩饰心中的欲望。那时侯，好像永远是夏天，太阳总是有空出来伴随着我，阳光充足，太亮，使得眼前一阵阵发黑”——电影《阳光灿烂的日子》开场对白,为什么你们都那么牛B地看到了时代的悲剧，我却傻B的没看出什么来？,别人说这部片子很绝望，我看到的只是与我无关的，男生的青春期,大陆电影的巅峰之作。
致命魔术,8.9,574281,孪生蝙蝠侠大战克隆金刚狼,一个与同胞兄弟轮流上台享受欢呼与掌声，一个自我牺牲自我毁灭让复制品延续艺术生命。人性泯灭在狂热之中。,本片最大的看点其实是用Angier和Borden的幻术竞争来影射历史上Edison和Tesla的直流电与交流电之争。《记忆碎片》、《致命魔术》和《盗梦空间》基本上一个套路嘛。如果Nolan拍片子总是用这种捣蒜的方式讲故事的话，看多了真觉得没啥意思了。,他选择了和他妻子一样的死法。100次。,诺兰是一个伟大的魔术师，谜底都在变小鸟那个魔术里了。。
蝙蝠侠：黑暗骑士,9.2,691413,诺兰接手后蝙蝠侠和其它漫画英雄片完全不是一个等级了,赞誉众口一致夸上了天，百闻不如一见，这种连环画超级英雄故事居然能扯到第六集真是要把编剧逼跳楼了，最后呈现的暗夜骑士全然超越了原著，悲怆到迷人的境界，着实是个奇迹。剧本确实很卓越，导演确实很出色，还有演技真是不得不叹服一下太tmd震撼,蝙蝠侠、双面人和小丑这三个形象把人在善恶两面的矛盾及选择映射得淋漓尽致，于是成就了史上最佳漫画和英雄电影。时光网：“诺兰让关于艺术片和商业片的讨论变得毫无价值。《黑暗骑士》不但拍出了古典悲剧的感觉，还探讨了恐怖主义、越界权力等美国当代的热点话题。最关键的是，电影好看得无懈可击。”,"伟大之作,与其在文艺片里奋战,不如像这样提升商业片的水准!",诺兰的叙事能力不但在于结构上。。他总有一个与众不同的主题
霸王别姬,9.6,1394212,陈凯歌可以靠它吃两辈子饭了，现在看来江郎才尽也情有可原,说好了一辈子，少一年、一天、一个时辰，都不是一辈子。,他竟当面一语点破：虞姬是真虞姬，霸王是假霸王。,就凭这个，我愿意原谅陈凯歌一切的烂片你只要伟大过一次就可以了就凭这个哥哥你是我心中永远不朽的传奇你是全世界最大的角儿,这真的不是电影，而是人生。如此真实深刻地反映了从抗战前夕至文革的那段历史时期下命运凄惨的人们，渗透在每一个细节，包括那个不能忍受戏班虐打的孩子，而文革中六亲不认，人格扭曲更是展现到了极致。当然最赞的是哥哥的表演，如此悲哀可怜的蝶衣让人心痛，不疯魔不成活，人戏不分，现实的他也是如此
狮子王,9.0,532140,败在“刀疤”没有反派魅力！,“太阳所能照到的地方，都是我们的国土”随时随地、再看百遍、都会感动如初的经典。,从此得知，原来动画片还可以是这样的……,hakunamatata,现在看剧情真的好简单啊，不过拟人感实在太完美了。还有那个“哈库那莫塔塔”，好多年没听到了...CanYouFeelMyLoveTonight？
重庆森林,8.7,540288,当时没有看得太懂的一个片子,一个人哭了，你给纸巾他就行；但如果一间屋哭了，你就要做很多事情。,"那时她还被叫做王靖雯,小鹿様闪烁的眼神,细痩无邪的身体,疯狂的暗恋也不过是纯真执着的本能",失恋无聊的警察金城武爱上了戴金色假发的女杀手林青霞；在速食店打工的王靖雯暗恋着每晚来买宵夜的警察梁朝伟。落在王家卫的魔手却拍成了深具映象魅力的新感觉派电影，堪称迄今为止最能掌握新新人类触觉的华语片。,看旧电影最无法跨越的逻辑障碍：金城武怎么可能会被甩！梁朝伟怎么可能会被甩！这不是渎神吗！
七宗罪,8.8,671348,里面的布拉德皮特帅的掉渣……,决定永远不暴食,故事看多后的后遗症就是一般最后半小时就知道结局了。。。,阴沉而绝望。基督教用撒旦的七个恶魔形象来代表七种罪恶：傲慢，嫉妒，暴怒，懒惰，贪婪，暴食，以及淫欲。一个变态的宗教杀手，平时连一只鸡也不杀，但他找到了依据来实施对人的毛骨悚然的谋杀。有什么能比一个人做魔鬼的行径更为恐怖的吗？台词：“这是个美好的世界，值得我们为之奋斗。我同意后半句,多年以后再看，还是功力和锐气并重的作品
控方证人,9.6,258545,男人贪心，女人贪爱,当结尾旁白说“影院友情提示，为了保证您没有看过这部电影的朋友，有机会获得更大观影乐趣，请您不要像任何人透露这部电影的结局”时，真爽，这个电影真是骗足了同情心，飚足了演技，压足了节奏，然后唰唰大释放。一场英国男人和德国女人之间爱情与欺骗的故事，现在才看，对不起比利·怀尔德老人家。,好片遇上好字幕~爽,查尔斯劳顿简直是戏精！比利怀德的电影和阿加莎克里斯蒂的小说都是在结尾峰回路转，此片简直是两位大师珠联璧合的杰作！,五星级结局，难以置信这是1958年的黑白电影！
阿甘正传,9.5,1444250,羡慕珍妮，不管她多么叛逆、落魄、堕落，永远有阿甘在等她回来,妈妈说，生活就像一盒巧克力……请不要再续下一句，耳朵听的起了茧子。,太甜美的美國夢,"电影开篇,就告诉了人生的真实意义，就是羽毛,你无法决定和选择将要遇到什么,只能随风摇曳,在空中尽情的舒展美好!",每年看一遍，每年哭一遍，看看自己幸福还是阿甘幸福！时间：从2003开始每年一遍
指环王2：双塔奇兵,9.1,464142,其实这个故事挺弱智的。,LOTR都有意或无意地削弱魔法的存在。因为LOTR所要传达的是：即使是平凡人也能改变事情的发展趋势，即使是最微不足道的角色也能改变许多人的命运，而魔法对事物进程的影响，却在演员们本色的表演中渐渐被淡化，这也是为什么在三部曲中魔法仅仅以渲染人物心理变化作为某种基调存在，而非针对某样事物的实体了。FOTR的行云如水可称为“公路电影”，而TTT与其说是魔幻篇章还不如说是战争史诗。,比第一部有意思，树人开闸放水冲毁艾辛格的时候，其中一个着火的树人赶紧把头伸进水里笑死我了，好萌啊。假如一开始魔戒就被丢到末日火焰哪来这么多战争和死亡，和异形一样，都是人类的贪欲，自作孽。,你能想象吗，彼得·杰克逊总共只花了2.8亿美元，就把《指环王》三部曲拍出来了，最后全球票房29亿美元，三部曲通通获得奥斯卡最佳视觉效果，还有一部拿了奥斯卡最佳影片。,莱格拉斯无敌帅~
第六感,8.9,370350,看到最后眼泪哗哗。。的惊悚片。。。,小孩和妈咪的那一段结局真感人,虽然第一次看《第六感》已是四年前的事，但现在仍然记忆犹新。看之前就知道这是一部惊悚片，看的过程也的确被个别镜头“惊悚”了几下，但没想到的是，真正令人恐惧，心有余悸的却是影片的最后一分钟。当之前两个小时“惊悚”情节的铺垫成熟时，最后一分钟的真相大白更像是一种宣泄，一种试图冲破所有观看者心里防线的宣泄，而我的确被深深地震撼到了，那是一种发自心灵深处的震颤，一种深刻的心理体验。,还好我没知道结局就看了。,操，看之前让人给剧透了
低俗小说,8.8,571389,非线性的叙事电影的代表作。结构巧妙而富有深意，精彩的对白。片中每个人的身上都有着美好的品质，却都无可救药的走向了黑暗与迷茫。各个段落不分首尾，互补结构，开头和结尾相连，暗示现实中类似影片中的情节总在发生，永不停歇。台词：为什么我们一定要不停地说废话来维持气氛？只有当你找到一个真正特别的人时，才能闭嘴享受片刻的沉默。,事实证明，编剧恒大于结构。玩弄技术者必将悲惨淹没于日新月异中，新潮变做作，做作变老土。演员都是熟人，OST很好听。Travolta有点PITT的味道，昆汀大叔妒嫉他，竟把他写死了。讨厌拳击手，暴菊黑屋子太搞了。。MariadeMedeiros甜美性感小魔女——不是LES太可惜！,據說導演把膠片剪成撲克牌，洗了牌重新組接，影片就變成了我們看到的樣子。學會了fucking的37種語調。,太正点了，那妞。。。,我爱特拉沃塔的舞。
活着,9.2,533188,个人认为是张义谋最好的电影。,能活在现在这个时代其实还是很庆幸的了，虽然天朝依旧威武。,活着就是受罪活着就是劳累活着就是互相折磨活着就是不对活着就是受罪活着就是劳累活着还得互相安慰活着就会憔悴活着就是受罪活着就是劳累活着就得拼命挣扎活着就得干脆——尹吾你笑着流出了泪,年代记实录，看了让人不舒服，特别是里面的台词，虽然他们在拼尽全力的活着，可是却又显得如此可笑和悲凉。“小鸡长大了就变成了鹅，鹅长大了就变成了羊，羊长大了就变成了牛，牛长大了就是共产主义了。”,一个时代有一个时代的悲哀和可笑，你能在别人心酸的故事中读出些许温情，也能从自己的平凡中领会些许荡气回肠。电影少了原著的惨烈，但那种好死不如赖活着的悲凉还是存在的。
请以你的名字呼唤我,8.9,407281,"刚刚在苏黎世电影节看的，导演一直坐在第一排。结尾的提问环节，他回答关于电影名的意义，他说：Ithinkinlove,whenyoucalltheotherbyyourname,thatmeanscompletesurrender.",elio坐在火炉前，一会儿落泪，一会儿抿着泪水笑了，一会儿眼睛里又恢复了冷漠，仿佛在短短几分钟内，他把那个夏天又度过了一次，且此生还要度过很多次。,后劲太大，沉醉在电影的情感和视听氛围中无法自拔。雕像下的长镜头，午夜约会时的触碰，深夜教堂外和陌生人的尬舞。最终所有乌托邦似的美好都凝固在了80年代初那个夏天的意大利小镇，就像父亲说的那些炽热纯粹又隐秘的欲望和情感，以及用尽全力去探索、去爱、去失去、去心碎的那个自己，再也没有了。,当年读小说的时候，就被最后老爹那段话感动，是那段话的态度，让整个故事变得不一样了。一个意大利少年和一个美国青年渡过了生命中的六周，他们之间不仅仅是同志感情，最后成了一种超越爱情和友谊的美好东西，告诉你要学会去感受生命中的一切，在年轻的时候拥抱所有感觉和情绪，就像一种修行和成长。,细腻、唯美、慵懒，带着浮生若梦的气息。我们大多数要等到青年时才能将蒙昧的性觉醒付诸实践，而CMBYN呈现了同志电影绝无仅有的“少年时代”。这个叫TimothéeChalamet的男孩是世间最美的珍宝，他的一颦一笑、从脚趾到发梢都让人疯狂。请以你的名字呼唤我，因为在这一刻You'reMINE
这个杀手不太冷,9.4,1639947,我开始想要过得快乐，睡在床上，有牵挂,萝莉有颗御姐心，正太有个大叔身——邪恶又天真、残酷又温柔，多完美~,一半的魅力来自反派：GaryOldman.,里昂只有一颗盆栽，不善言辞，爱喝牛奶。他不像，却真正是一个杀手。玛蒂达的到来，是包袱，也给里昂带来了生机。不过这种设定，注定是悲剧收场。里昂死后，玛蒂达将他盆栽的种子落地生根，里昂终于不再每日拿着手枪在椅子上不安地入睡，他落地了。娜塔莉波特曼太灵了，玛蒂达是如此特别。,我没啥感觉的公认好片。
我不是药神,9.0,1407287,“你敢保证你一辈子不得病？”纯粹、直接、有力！常常感叹：电影只能是电影。但每看到这样的佳作，又感慨：电影不只是电影！由衷的希望这部电影大卖！成为话题！成为榜样！成为国产电影最该有的可能。,王传君所有不被外人理解的坚持，都在这一刻得到了完美释放。他不是关谷神奇，他是王传君。你看，即使依旧烂片如云，只要还有哪怕极少的人坚持，中国影视也终于还是从中生出了茁壮的根。我不是药神，治不好这世界。但能改变一点，总归是会好的。,这不是“中国版《达拉斯买家俱乐部》”，这是中国的真实事件改编的中国电影，是属于我们自己的电影，不知道就去百度一下“陆勇”。,小时候路过一家药店，门口的对联写着“只愿世间无疾病，何愁架上药染尘”,文牧野眼睛太毒了，观众的笑点、泪点、痛点被他牢牢抓住，徐峥现在不拼演技开始掏心炸肺放脱自我了，药物在中国绝对是个“不可说”，但这个电影说了它能说的，也不显山不漏水的说了它所不能说的，讲的是现实，但看过电影之后才会明白其实是超现实，2018最佳!
沉默的羔羊,8.8,568055,周黑鸭的毛豆不如绝味的好吃。。。,如果汉尼拜尔教授不整天嘴上念叨着吃人，和他共进晚餐一定是世界上最迷人的事情。★★★★★,所谓经典就是无论什么时候翻出来，都能让人回味许久，值得反复琢磨研究。其实小说本身并没有多么出彩，但安东尼·霍普金斯却超一流的演技诠释到了近乎完美的境界。★★★★☆,正是因为米国没有卤煮火烧和烩羊杂，就连爆肚、溜肥肠，酱爆肝尖，火爆腰花什么的都没有，所以作为美食家的汉尼拔很尴尬，常常为了一份食材而绞尽脑汁，大费周章，其实。北京欢迎你，大可满足你顿顿吃卤煮的愿望。,棒就一字，看完后记住那句话“勇敢的克拉丽斯，如果有一天你的羔羊停止了尖叫，你会来告诉我吗？”
乱世佳人,9.3,458181,请上帝保佑那个真正爱你的人吧，你把他的心都揉碎了。,"一定要看啊,我喜欢斯加丽那种几乎有点蛮横的可爱感觉.甚至可以为了达到目的不责手段,要么爱她,要么讨厌她.她在贫瘠的大地上拿着一根萝卜说(这个,好象很搞笑)""我对上帝发誓,我再也不要挨饿!""我爱上她了!",也许每个女孩子心中都有一个艾希礼，只有经过时光才发现真爱原来是班瑞德。,Tomorrowisanotherday.又一句该死的经典台词。,整整4、5个小时啊，看到我中途昏死了过去。郝思嘉最后的那句“tomorrowisanotherday”鼓励了多少脑残志坚的女性呀！（包括我在内）
小森林 夏秋篇,9.0,274394,那些静得只能听见呼吸的日子里，你明白孤独即生活。,看着看着，突然觉得好难过....,劳作令人无暇烦恼，片中的人物时而离凡世很远，时而又触手可及。我们有舌尖上的中国，通篇累述奉献、感恩，手艺传承和文化气节，却没人教导我们劳作本身的意义。一屋一田一人食，已是最令人羡慕的事。,把日本乡间简素的一餐一饭，拍得很有质感、美感、生活感。在天朝这个审美粗糙的国度，日式情调显得如此有“逼格”。但时人追捧日式美学所谓的“禅意”，恰恰最无禅意可言。刻意追求的形式感，努力再努力去趋向于“美”和“精致”的态度，其实都离禅很远。禅是一箪食、一瓢饮里全都是平常心，无谓美丑。,桥本哥演出了吃货的本心，一边捧着小鸭子说好可爱下一秒就开始平心静气的磨刀嘴角含笑的杀鸭肢解，大写的帅。
大闹天宫,9.3,247972,看着此片，仿佛回到了穿开裆裤的年龄。那时候还小，以为这是神话，还因为知道了这片是在讽刺封建主义而沾沾自喜，直到现在，我才发现，原来这故事不是神话，而是警示预言，它预示着21世纪的中国跟当初没什么本质的区别。整整110分钟都陶醉在中国的国粹——京剧里！！！,这个猴子是我们国产动画片的骄傲，到了今天依然得指望着它说事儿～,经典,向中国早期的动画制作人员致敬！,50年过去了，中国动画不进反退，还有比这更可悲的事么。技术上止步不前，创意上才思枯竭。一群羊和两只狼的故事都被反复翻炒出N部，悲矣；当年号称十年巨制制出一部宝莲灯，贻笑大方矣。现在小孩的物质条件比我们好了n倍，但是我仍然觉得当年的我们是幸福的，因为有这么多优秀的动画片陪伴成长。
美丽人生,9.5,917353,人生，就是喜剧，就是一场1000分的游戏。千万别哭，不然那个迈着正步去赴死的犹太人会笑话你的。,在真实的历史面前，不可能有这样的轻松与浪漫！,我以为如此智慧的一个人，在那几声枪响过后，必定是会走出来，继续对他的公主说早安的...,如果谎言可以这样美丽，我也情愿生活在谎言之中,喜剧的开始，悲剧的结束，满满的亲情，无限的父爱
被嫌弃的松子的一生,8.9,510896,到底好看在哪，这样的人生不都是她咎由自取么。,她不明白人生失败的根源就是全身心地投入舍弃自尊来博得并不值得拥有的所谓爱,是嘲讽吧——你以为人生要完了的时候它还在继续，你以为人生可以重新开始的时候，人生已完。,用喜剧的手法来拍一部悲剧你会发现最后笑得前仰后合而眼里却挂满了泪水,松子的生命力真顽强，每次说着“我觉得人生完了”，但是又都站了起来，当然，那时候她多么年轻，还有时间，还有爱。可惜正常的人生还是可望不可及，无非想被爱和爱人，但是不止寡情会辜负人，浓情同样也会。她总是在忍受，即便挨打，也还是要坚持在一起，留着希望，也许这也是一种方式的被重视吧，聊胜于无。是呀，为了被重视，她不断的去讨好别人，用鬼脸、用身体、用爱，但是那雪地上的一击，任谁都会被打垮吧，所以她不再反抗了，对人生逆来顺受，没有人可以相信，善良终于被挥霍完毕了。
末代皇帝,9.2,467723,溥仪登基之初的十六抬大辇，和片末游行时红卫兵扛在肩上的毛泽东像，讽刺意味浓重。感觉导演还想告诉我更多的东西。但我更多是对这位末代皇帝的同情，还有艳慕。。。好喜欢大被同床的双飞镜头。,不偏袒的好片儿！一个进自己原来的宫殿还要买票的皇帝。,有史以来一部最地道最出色的中国电影，居然，MadeByItalian～,所有的离开你都赶不上，所有的门你都打不开。所有的人都是撒谎者。,"尽管看一群中国人在屏幕上讲英语很是奇怪，但不能否认这是部出色的电影：它与国家无关，与王朝无关，这只是一个渴望自由却不得的人的编年史；""门""的意象被反复提及，寓意溥仪被禁闭的一生；贝托鲁奇娴熟的运镜，要人命的广角自然光，美妙的配乐。"
哈利·波特与死亡圣器(下),8.8,492183,电影的质量不重要了。每一个打五星的人，都是在谢幕前向自己过去的十年致敬。十年，足够让它长成你的血肉呼吸。Likeneverbefore.Likeneveragain.,一整场电影下来大家都很安静，几乎没有人说话，都掉进了长达十年的回忆之中，百感交集，直到结束，但是所有人都知道，它将永远不会结束，也许每个人心中都在期待着某一天自己的会收到霍格沃茨的offer然后拿着行李冲向九又四分之三站台。对于我这种脑残粉来说，给一百颗星都不够。,我们的童年结束了，希望下一代人的童年里还会有魔法师，还会有霍格沃茨。,经历了Pt.1的铺垫全片只有高潮.零点首映结束后全场鼓掌很久.于是余生就再也不会有新的HarryPotter电影了.,这绝对是DavidYates这闷老头的巅峰之作了，虽然大部分场景3D效果非常不明显，但是仍有最后boss灰飞烟灭之类的场景充分体现了3D的美感。剧情安排相当紧凑，终于可以不必在太闷的过场掐自己大腿。结局的列车发车时的轰鸣声让我仿佛又回到了第一部，当时的我和小哈利一样依然很年轻。
两杆大烟枪,9.1,413744,没有人尝试那个卖假JB的想法么！,嘛叫编剧功夫？界就叫编剧的功夫！,中国多少年轻导演在学这风格,周杰伦捧红了萧邦，疯狂的石头捧红了两杆大烟枪，夜宴捧红了哈姆雷特，集结号捧红了太极旗飘飘？,谁说这片子比猜火车好的?
蝴蝶效应,8.8,631096,我们每个人，都会幻想能够改变过去使目前的状态更好些，或者希望过另一种生活成为另一个人，这部电影反映的就是这种想法以及假如我们真这样做的结果。埃文不停的改变过去的选择，希望能够找到一个完美的未来。可事与愿违，往往导致更加悲剧化的结尾。人类对自己的认识一度忘乎所以，以为自己就是上帝，而最终仍将认识到自然的种种限制，但正是这种限制，体现了生命的意义、抉择和努力的意义。当我们回首往事，自然会对以往的错误感到懊悔，然而也正是这些错误、这些道路，成就了我们的个性；正是这些痛苦使我们感受到生命中的刻骨铭心。,或许，我也应该用脐带勒死自己,每一次的选择已经是最好的选择了。改变未必是优化。,★★★★(2004-12-17)其实比起电影本身，还是更喜欢那段影评：“量子力学的平行多宇宙解释说，在交叉小径的花园里，总会有一条道路，让人们在生命中的每一个节点都得到幸福，在那条完全幸福的道路上，有且仅有一个你在行走。这是多么令人宽慰啊，在每一次铭心刻骨的选择里，总有一个你选对了路，在茫茫的恒河沙数的宇宙里，总有一个你，终生幸福。”,"尽管有破绽,但是构思的巧妙和创新足以弥补,不能用科学的角度来分析艺术"
泰坦尼克号,9.4,1388669,那对对死无所畏惧的老夫妇，那个不为外界干扰的乐队，那个为生而做一次假父亲的男人，那个为爱人吹响口哨的女人。都是为了一种心灵上的执着。,“我甚至连一张他的画像都没有，但他永远活在我心中。”要敢说，这是我一直深爱的电影。,若干年后，2010年12月27日凌晨一点半，我不知道还有谁醒着没睡，还有谁和我一样，刚重温过这片子，或是刚刚打开准备重温。我又哭得很惨，这是毫无疑问的。我想，之所以不情愿活着，是因为没有那个如此相爱想要厮守的人；不情愿死去，是因为没有一个人如此爱我，值得我为他去死。,永远是我在电影院所看过最好的电影,生死两茫茫不思量自难忘
摔跤吧！爸爸,9.0,1040458,阿米尔一人饰演男主角19、29、55岁三个人生段。他首先完成了19岁的戏，然后疯狂增肥，一个月时间变成了体重194斤的55胖大爷，拍完老年戏后，又用5个月的时间疯狂减肥，回去拍29的戏！所以：为什么要这么折腾自己？直接拍完29再拍55不就好了？阿米尔说：那样我就没有动力瘦回去了！,根据真人真事改编，讲述印度一块女子摔跤金牌的诞生。剧情热血逗乐，竞技惊心动魄，挑不出什么毛病的宝莱坞电影，父女情尽在不言中。阿米尔·汗太敬业了，为了一闪而过的几秒就把自己的身材从肥胖练成魔鬼，好演员都是用生命在演戏啊～,关于本片价值观－不看社会背景就评判三观就是耍流氓。在印度的社会状况下，女性是没有自由选择职业的氛围的，先破才能立。就像片中父亲对女儿说的－你不是在为你一个人战斗，你要让千千万万的女性看到女生并不是只能相夫教子。最后，这场斗争的意义早已超脱出父亲一己的梦想，升华了呀。,这么好的一部电影。。弄得这踏马什么破译名。。听起来像儿童片似的。。,在印度看得169分钟，一部处处衬着男权和父权的女性电影，女儿没有任何选择权，被父亲残暴地教育成为世界冠军，这个冠军的“正确“结果就意味着父亲教育的正确了。意外这部电影宣传期在国内口碑这么好，大家去看完整版吧认知会反转的
消失的爱人,8.7,608635,相信我...其实，这就是马伊琍和文章的故事...,婊子配狗天长地久的故事……值全价票……,男：我们互相折磨，互相控制，这样有什么意义呢？女：这就是婚姻。,哈内克似的割喉真是万能药...大卫芬奇要多恨现代媒体。美国社会结构就是少数精英控制了洗脑话语权，而大部分人则自觉或者不自觉地维护着虚幻的道德...,IloveDavidFincher!P.S.:开始前，旁边坐在一群couples中的单身小哥无聊郁闷地喝咖啡；结束后，他幸灾乐祸地跟我说，Noweverycouplefeelsnogood...
指环王1：魔戒再现,9.0,521688,于我，魔戒永远是不可逾越的史诗。,每次看魔戒都会被奥兰度惊艳到~,说实在的我很讨厌大片制作精美情节招人讨厌,一口气看完三部白金加长版，对于这样的片子，只有两个字形容：经典。相对于骇客帝国，这三部的连续性非常好，值得称赞。,在拒绝好莱坞N年后，一次意外的走入影院，我成为了LOTR的死忠，总有一个绿衣服的弓箭手在眼前晃悠，我冒着花痴般的笑容，历史就此翻开了崭新的一页。
绿皮书,8.9,989686,让人印象最深的片段是他们的车在南部的乡间小路上抛锚，和田里劳作的黑奴对视的那一幕，无声却发出巨响。,绝对是今年tiff我看过的最有意思的一部电影，全场笑声掌声就没停过。节奏欢快，情节有趣又不失深度。V叔扮演的来自Bronx街头的意大利裔司机和Ali扮演的受高等教育的黑人音乐家碰撞出令人惊喜的火花，二人从纽约一路向南巡演，然而越向南种族歧视也越来越严重。导演用一种巧妙的角度向观众展示了当时的不公以及音乐家内心的纠葛。尽管他从小就在不同的重要场合表演，然而最尽兴的一次却是在圣诞前夕的一个黑人小酒吧。他最终选择了为自己发声，不再对歧视屈服。结局温馨感人，着实是一部好电影。,肯德基年度推广大电影,肤色、阶层、性格和性取向天差地远的两个男人，因为音乐而结缘，因为公路旅行而成为一生朋友。有时候才华并不够，还需要勇敢，推倒心中那面墙才能开门见山。电影就像一颗绿色小石子，投入黑白分明的美国社会，激起轻小而美丽的涟漪。虽然有刻意营造的温暖感，但我就是愿意买单~！,Mahershala說片子里某個根本不會被人注意到的佈景里的某塊石頭或許就是V撿的。他說V在拍攝的時候，一直留心撿很漂亮的石頭，撿到了就拿給導演說：看，把這塊石頭放在背景里會有多好看說到電影里的部分，他可能增肥了有二三十斤，從來沒見過他有那麼大的肚腩（現在似乎已經減回來了）。今天在看V表演時，大部分的時間，我忘了他是Viggo，他就是那樣一個沒文化又油滑、滿嘴跑火車的司機。僅僅偶爾偶爾有幾個他不說話、只抽煙的鏡頭，鼻孔一噴白霧，就那麼一瞥，卻還像是十幾年前、《東方的承諾》里那個冷酷無情的殺手。今天導演說He’sagreatpersonbeforehe’sagreatactor.這麼多年了，還是一直一直都沒變啊。
千与千寻,9.3,1482270,有那么那么经典吗？还是我老了？,一个寻找自我或者自我复苏的过程,"每次看这些神作的时候想到这是动画片这是一群牛人一笔一笔画出来的,就觉得漏看掉一帧都实在是对不起他们啊",宫崎骏没有迪斯尼那么花哨甚至有些落伍直到现在他还坚持用手工绘画而不是电脑绘图来完成自己的卡通片但他懂得一部卡通片或者一部影片应该用什么去打动别人所以宫崎骏笔下的形象是一个个人而不是一个个没有知觉的卡通形象,不努力工作会变成猪
寻梦环游记,9.1,991673,供奉的遗像是牵引家人回家的通道，驻留的记忆是保持亡灵存续的神力，热闹的音乐是唤醒思念启封的药引。我为你写了首歌，穿越浩瀚的岁月烟尘，捱过冰冷的孤独冬季，横跨漫长的天人之路，在你老去的时候，唱给你听。这瑰丽的灯火万家，摇曳的烛光千盏，不如你梳着麻花辫坐在床头时，眼里闪烁的星光璀璨。,邻座的女孩哭倒在我怀里啊电影多么美妙！,我们是人类的一分子，而人类是充满激情的。医学、法律、商业、科技，这些都是崇高的追求，足以支撑人的一生。但音乐、诗歌、梦想、情感，这些才是我们活着的意义。,11月1日亡灵节当天，墨西哥城的影院里，隔壁座儿的小男孩画着鬼脸儿穿着骷髅服，老奶奶抱着万寿菊，举家一起看coco。生活与动画交叠而映，感慨又感动，炫目又泪目。这才叫文化输出，好羡慕，好嫉妒。（ps：盖尔加西亚~不枉爱了你十余年）（pps：开场前送了20分钟冰雪奇缘番外，以为走错片场）,第一次觉得死后世界通往人间的万寿菊之桥和七夕鹊桥是一样的原理，爱不分种类是共通的，相见是因为想念，存在是因为记忆的力量。而只有墨西哥人能有欢乐的能力把悼念先人的节日过得如此五彩斑斓。欢迎有女儿的爸爸来影院哭一哭。亡灵节海关大厅井井有条，效率极佳!拒绝寂静的死后世界，我们要喧嚣!
7号房的礼物,8.9,339365,我们目击的事实，往往只是浮出水面的冰凌，冰山下面的巨大事实，更排山倒海穿透视听。我们直面的人生舞台，也许只是化蝶幻影，层层垂帘般幕后的故事，更震撼世道人心。,韩片一定要这样吗！！！哭肿了都,里面有太多不现实的地方，故事的结局却又那么的现实。童话般的影片，让我大半夜看的哭到抽搐了。,看这么虐心的电影我都没哭，可能真的没什么电影可以让我哭了。如果想挥泪解毒的，可以尝试一下，十有八九会哭个稀里哗啦的。电影不乏刻意之处，但胡椒芥末用量太足，不中招也难，中国要能拍出这种杀伤力的催泪弹来，票房十亿起。,对亲情，友情之类的无法抵抗，影片后面女儿和爸爸在监狱门口分别那里哭得不能自已。
飞越疯人院,9.1,414925,Chief给我的启示大于墨菲。一旦打破缄默，那便是行动的语言。,无论是现在还是在将来，疯人院和护士长化妆成各种形状潜伏在我们周围，飞越疯人院就永远有意义,“至少我试过了”★★★★,不可能飞越的，社会就是一个巨大的疯人院,谁是疯子？谁又是正常人？没有答案。
春光乍泄,8.9,423842,张国荣死后，有一个女荣迷，在网上发了一片贴子，说到自己看到梁朝伟的情形，有一次梁朝伟到内地来演出，等演出完毕后她守在他出门的必经之路，等看到他和一群人走来，她便大声的哭喊道：“黎耀辉，你还记不记得何宝荣？”梁朝伟听到她的喊叫，停下来，朝她这个方向看来，然后点了点头，急匆匆地走了,光棍节给自己准备的电影《春光乍泄》，根本就是找虐。。。。黎耀辉简直是八心八箭4个9的纯GAY，极品中的极品，GAY中的爱马仕，GAY中的劳力士，GAY中的劳斯莱斯，上下5000年不可多得的尤物！！！我想变男人要这样的男朋友啊啊啊啊,何宝荣。黎耀辉。如果你对一个人有特别的感情，你会更喜欢叫他的全名。,总是觉得，站在瀑布下的应该是两个人。,影片两个男主人公的名字竟然就是两个摄影助手的名字，感叹于王家卫随性而行的个性。
少年派的奇幻漂流,9.1,980484,语言匮乏。就想搬个板凳坐电影院门口跟行人说：来嘛~,整座岛上都是丁满！！！,【狐獴】，艺名丁满，出道时因自身面部表情傻不被业内看好，一直无名，早期作品有《狐獴大宅门》、《狐獴国度》。94年因参演《狮子王》名声大噪，后与疣猪彭彭发行单曲《哈库拉·马塔塔》，并出演电视剧《彭彭丁满历险记》，全球热播。近期，它又在《少年派的奇幻漂流》有着出色表演被更多观众熟知。,深邃阔海，浩缈星空，绝境谕旨接踵而来，漩流深处响起弥撒之音。李安从来都不会纵情，他只是个温柔的人，腼腆着讲述内心的哲学。,基督在旷野修炼，魔鬼要求他展示奇迹将石头变成面包。但基督拒绝了，因为奇迹就是魔鬼的诱惑。故事出现第二个版本正是印证了这一点。它让电影主旨反转：不再是关于信仰的确立，而是它的缺失——信仰不能建立在奇迹之上，但假如你面对一个奇迹，却选择拒绝去相信，这就是没有信仰的悲哀了。
辛德勒的名单,9.5,739231,有钱才能保护喜欢的人,这不止是剧情，更是技术、镜头、剪辑、演技和配乐的综合胜利。表达是一出技巧活，不以剧本和背景定优劣，这一切都是导演的功力和运气造成，不可求，但可遇——《辛德勒的名单》可谓厚积薄发。而实论背景，辛德勒本人之事尚存争议，电影却已在全世界人面前诠释并且定性了，由此可见媒体的影响之大,印象很深刻的是黑白画面中的红色。,出门的时候，看到灯火辉煌的城市，会觉得一切幸福美好都是罪恶。。。,救人一命就是救全世界.
禁闭岛,8.8,628558,所有人都陪你玩，你好牛逼,好吧，其实这是部*绝*对*不*能*剧*透*的电影。恩！,非阴谋结局泰迪确实病了最后泰迪是被治好了但他不愿活在痛苦中因而假装自己又犯病了而去做切除手术,我打4.5星，不能得5星的原因是，电影有些长……故事很好，每个转折点都很清晰，故事就像《本能》一样，到最后一分钟揭晓大结局给人惊喜。说不好看的同学，大概没有注意结尾。因为谜题的揭晓，是在影片结尾莱昂纳多说的一句话里。,他只是厌倦了，所以将错就错，结束了自己。
玛丽和马克思,8.9,318974,伤心电影，好电影。结尾告诉我们，网友见面要早。,个人认为影片比《飞屋环游记》要出色,年轻时我想变成任何人除了自己。,我们为什么需要3D？,loser片。只是相比评价电影，现实中的人们会有如此多的宽容与同情？不可能嘛
美丽心灵,9.0,512630,幸运的是爱他的女人存在于真实里。,"所以说不要学数学,你就是不信邪","我觉得你很有魅力,你对我的主动性说明你对我有同感。尽管如此，传统的信任仍然需要我们在做爱之前进行数多次柏拉图式恋爱。我正在往这方面发展，但事实说来，我真正想做的只是尽快和你XXXX。",是的，你必须学会分清哪些是幻觉，哪些是梦，哪些是真实的人生，才可以活下去。,“我的追求带我穿越了物理、形而上学、幻觉，又带了回来”，顶尖科学家的世界已经足够神奇，何况他还有着伟大的爱情。这部电影不仅是纳什的精彩传记，更是对爱情的崇高礼赞——爱是无限，爱是信仰，爱是一切逻辑和原由。
指环王3：王者无敌,9.2,505938,我就不明白甘道夫升级为白袍巫师了怎么不爱使魔法，改成肉搏战士了。一直期待他使一招毁天灭地……,即使在一起喝过多少次酒，逛过多少次街，掏过多少次心窝，共度过多少时光，许多人还是没能拥有一个能背起你从地狱走向天堂的朋友——山姆。,骑白马的不一定是王子，是甘道夫；精灵战斗的时候，导演不会毁了他的美貌，别提莱戈拉斯了；裹着蜘蛛丝的弗罗多就像埃及艳后克娄巴特拉；胖子是重要的，他们可以背你；俩人被困在末日火山上，我说要有鹰，于是有鹰了；我差点以为阿拉贡要迎娶莱戈拉斯；弗罗多和山姆是真爱，绝逼的真爱。我要再看原著。,与咕鲁相比，弗罗多是幸运的。他具有别人无可比拟的强大的纯真力量。但他毁灭了魔戒，却无法清除内心被唤醒的邪恶。谁能说在故事最后他远渡海外，不是一种高傲的自我放逐？也许在索伦被消灭的那一刻，他也明白了邪恶的不可战胜。只是不得不与之抗争是英雄的使命。,要是让peterjackson来拍西游记，会怎样？？
盗梦空间,9.3,1393525,大概广电局也不知道该从哪里剪,卡梅隆负责革新电影技术，诺兰负责革新电影结构...,一部电影好看到即使你明白它在故弄玄虚也是义无反顾的打五星。,我的陀螺停不下来了。,一直在牛逼，从未被超越。只有Nolan才能达到这种境界！！！
红辣椒,9.0,256049,如果说盗梦空间像是工科生拍的充满了逻辑数学推理极尽聪明之事那红辣椒就像是文科生拍的天马行空无所不能是一个真正的梦,看完这个，我真的相信今敏是去过未来的人。他早就看过盗梦空间了，也经历了我们尚未经历的时代，到未来世界走了一圈，终于对人类失去了信心，所以选择离开。,居然有不是很明显的gay支线。。。,看这片的时候一直在怀疑自己的智商，不敢松懈半点，生怕脑力不够用。看罢更一直觉得身在梦中，久久醒不过来，今敏脑子里都在想些什么。。这片牛逼到可怕，高级到渗人，精彩到傻眼，色彩和配乐也是满分。甩开诺兰的盗梦何止十条街。谎言与真实，梦境与现实，其实一直在并存。我想给10星。,极其喜欢游行部分的画面和音乐，虽然满诡异的，呵呵
饮食男女,9.1,378797,看到最后，原来是老爸最猛~~,人生不能像做菜，把所有的料都准备好了才下锅。还有就是，原来男人会一直有性欲。,看似最不能守住传统和孤独的人，坚持到最后。,到现在才看这种基础款片子实在该打。吴倩莲的角色看得我如坐针毡。归亚蕾对小珊珊说：“小孩就嘴这么叼，长大必定嫁不出了。”镜头一扫吴，我才后迟钝地顿悟。问题或许甚至不在美貌和才情就在那份致命的骄傲。这才只是副线之一。李安这人坏到骨子里去了。,老处女性饥渴献身机车男、约炮女遇渣男回头是岸、心机女挖墙脚嫁入豪门，老鳏夫暮年入花丛枯木逢春，李安导演，你牛。
心灵捕手,8.9,470170,比起心灵捕手更让我触动的是男人的友情。“我每天到你家接你，我们出去喝酒笑闹，那很棒。但我一天中最棒的时刻，只有十秒，从停车到你家门口，每次我敲门，都希望你不在了，不说再见，什么都没有，你就走了，我懂得不多，但我很清楚。”,经历没有埋没我的才华，却抹杀了我应有的自信，我被吓坏了，成长出一腔的狂妄自大，我赖以这种方式保护自己，终于等到一句：这不是我的错。,你年轻彪悍，我如果和你谈论战争，你大可以向我大抛莎士比亚，背诵“共赴战场，亲爱的朋友”，但你从未亲临战阵，未试过把挚友的头拥入怀里，看着他吸着最后一口气，凝望着你，向你求助。不要以为，我了解你。也许我可以通过“知识”来看你，但那不是你，除非你愿意谈谈你自己，否则我不知道你到底是谁,人生中应该拥有这样的一段豁然开朗。,我每天到你家接你，我们出去喝酒笑闹，那很棒但我一天中最棒的时刻，只有十秒，从停车到你家门口，每次我敲门，都希望你不在了，不说再见，什么都没有，你就走了，我懂得不多，但我很清楚。
忠犬八公的故事,9.4,956905,八公的主人，也在天堂的门口等了它很久吧。,Hachi就是爱一个人过一生了。,被狗狗的一往情深击倒，和老公两个哭得稀里哗啦。今天抱着家里的狗亲了一天。,这真是漫长的一生啊，八公。,动物是我的死穴...从头哭到尾..
飞屋环游记,9.0,906411,最后那些最无聊的事情，才是我最怀念的。,“我总是记得那些无聊的小事情……”“感谢你给了我精彩的一生”，简单并深情着,有史以来最强壮的老爷爷和最轻便的房屋~一群最不靠谱的狗和一只引人发笑的怪鸟~外加一位惹人喜爱却戏份不多的老奶奶，组成了一部我大爱的好片！,去掉小孩，坏蛋，狗，鸟的话，这会是部完美的短片，but......;那段夫妻蒙太奇应该是我迄今最喜欢的pixar段落了;有一点不得不佩服pixar，拍的第一部3D就能完全摒弃滥斛噱头；而片头前那个“国内首部真人3D电影”的三分钟预告片，足以列入反面教材的经典了,从头哭到尾
爱在黎明破晓前,8.8,391256,两个人在试听间里听爱情歌曲的那一段，局促的空间里，想看对方，又有些矜持，目光刚一接触就赶紧离开，那么一段长长的时间，很好。餐厅里互打电话。对话总是很聪明。“很多人结婚的理由比这还少。”,你之前提到过以后几年的光景，一对夫妻会开始厌恶对方，对彼此的一举一动都了如指掌因此而感到厌烦，我想我会有相反的发展，我对一个人越是了解就越是能真正的去爱他，他会梳某种头发，他会穿哪件T恤，他在某种场合一定会讲的故事，我相信那会是我爱一个人最真实的境界。,我觉得一个更可能的故事是：同一列火车上长相平庸的男女，也许真的能聊得非常非常投契，他们看过一样的书，喜欢同一部电影，讲的笑话能让对方哈哈大笑，甚至能理解彼此的某些小怪癖。但他们的面目是如此模糊啊，两个人的目光都没有在对方的身上停留过，下车的时候，大家也就这样擦过肩去了。,全是对白的100分钟，能让你一点都不觉得沉闷，还泛起很多心思。当然是好片啦。,一天的时限和异地两个因素得以让两人更无保留的展示和欣赏彼此的优点，而忽视彼此的缺点。才会有这么一场新鲜的，完全付出的浪漫故事。
V字仇杀队,8.9,727034,人民不应该惧怕政府，政府应该惧怕人民。现实和电影的区别是，他们没开枪。,观此片，有种身临其境的奇妙。,忘却乃是苍生之罪过。有些人不愿意我们说话，因为尽管沉默代替了对话，言语却总能保持它的力量。它向那些愿意倾听的人们发出真相的宣告。而真相是，这个国家有些事情错得可怕。残暴、不公、歧视和镇压，曾几何时，你们拥有自由，可以按照喜欢的方式所思所言，今天你有了审查和监督，强迫你随波逐流。想,"Behindthismaskisaman,andbehindthismanisanidea.Andideasarebulletproof.异常兴奋，爽到窒息。",还好没摘，摘了就俗了，但是作为演员一直不露脸是不是很憋屈？这个角色80％是用声音塑造的，太TM深邃了好听了！主题很好，后面鸡皮疙瘩起的。。OST棒，尤其是中间有段弥撒曲太好听了啊！！
布达佩斯大饭店,8.8,594196,《布达佩斯大饭店》，配得上太多赞美的词汇，但是电影最后的十几分钟，我内心感到了一股深刻却难以名状的悲伤，想了好久，也想不明白是为什么。走出电影院，感觉就像做了一场梦一样，似乎历历在目，却又难以言说。,这不仅仅是一部电影，它是游戏，是童话，还是一件艺术品，将作者化的美学风格、形式感和怀旧的主题完美融合！无论从故事、剧作、主题和美学，它的辨识度都只属于自己，对于韦斯·安德森的粉丝，这是杰作！,非常好。像一杯温暖的热可可，做得如此甜蜜却又不轻佻，好多台词和段子都有所指涉，却又浑然天成，不像在掉书袋。片尾看到对茨威格的致敬，眼泪都掉下来了。自从好多年前看了Visconti的《豹》之后，这是第二部让我对“昨日的世界”充满向往的电影。,四重讲述空间，层层递进，宛如俄罗斯套娃。依次揭开，掏出一个如万花筒斑斓的昨日世界:单线故事情节串起性格迥异的众多出场人物。场景切换如同梦境接力。现实与虚幻交织，严肃与荒诞同存，甜美和苦涩共生。整体观感相当有趣又十分充实。最后必须咆哮一句，满屏的演技帝甜得简直人神共愤！,四重时空与讲述方式以及画幅的迷人结构【越靠近现在越狭窄间接】，主体故事全景描绘了欧洲战前文化褪色的最后辉煌【礼数，名画，家族】，作为见证者的Zero【移民】对依然消失的“精神家园欧洲”的怀旧感，以及对老电影的表演方式和镜头运用的模仿致敬，加上费因斯的精妙表演与卡司，安德森迈入大师门槛
海上钢琴师,9.3,1157080,某一天我突然明白，他不能离开的不是那艘船，而是那片养育他的精神家园,每个人的心里都有自己的一艘船一个近乎偏执的小归宿只是因为它让我们感到实实在在的安全不致无枝可依。,如果我把吉他练熟了，就可以不用买打火机啦,又是一定该看的，只在自己的世界里坚持自己的人．哪怕生命就这样消逝．只留下一点声音的碎片，１９００，也许我们都一样害怕脚踏实地的生活，害怕乌烟瘴气的世界．,一个人到底需要多大的世界呢？
十二怒汉,9.4,304790,其意义不在于“无罪”的结果，而在于整个辩论过程，那是关于人类和世界的哲学大命题，借助12陪审团之辩，对个人和集体，个人和社会，真相和怀疑，等级和尊严，意见和理解，理性和情绪，坚持和盲从，法律和良心，激情和冷静，大胆假设和小心求证等命题，进行交流和探讨，那是火花四溅的碰撞，直指人心。,情节展开的不错，但是戴维斯主张的部分都只是模棱两可的推测，实际上挨个求证这些东西之后，孩子有可能是凶手，也有可能不是。只是控方的初期工作没有做好，辩方的交叉质询没有做好，案子应该重新调查，而不是简单的判决无罪。看到有人截屏引用这个十一年前短评做庸俗群众代表我很荣幸。现在我要补充的话，会说，权利机关的失职是一回事，合理质疑没有毛病，但结局判决无罪是有毛病的。因为不管群众是盲从机构推测，还是盲从男主推测，都只是被碾压。文艺青年批评我追求真相庸俗，那么只要和机构观点相反就行，接受无罪结局才是公平和正义吗。,“我们会来这里，不是来吵架的。我们肩负着重责大任。我一直觉得这就是民主社会的优点。我们收到信，被通知要来这里，决定一个跟我们素昧平生的人到底有没有罪，不论做出什么样的判决，我们都拿不到好处，也没有损失，那就是我们的国家能这么强大的原因。”精采！剧本、导演、演员个个出色★★★★★,偏见，合理的怀疑。任何时候都要保持怀疑的能力。最后，当意见终于统一，每个人默默地穿上外套，离开，桌子上是刚刚一个半小时内发生的巨大震荡留下的痕迹，烟灰缸，纸团，凌乱的纸张，笔，还有那把刀。经过这些震荡后的十二个男人，不管之前是多么的抱着偏见不放，此刻都闪着光。这是人类进步的光芒。,转最高人民法院学习
告白,8.7,517442,当罪人无法通过法律将其制裁的时候，唯有以暴制暴。本以为是个推理片，想不到电影一开始就已经知道犯人是谁，只剩下女教师的复仇；本以为她在关键时刻会俗套地圣母一把，看在对方“还是个孩子”的份上原谅杀死自己女儿的学生，想不到她腹黑到底，把两个少年折磨到求生不得求死不能。太tm帅了。,都是你爸害的（《松子》），都是你妈逼的（《告白》），中岛哲也太喜欢成长阴影了吧……,等本片有下载的时候一定会有不少恶评，与以往的中岛哲也完全不同，大量的特写与高速慢镜的运用，全片好似分段式MV，情节上各种意识流似的拼贴。导演视乎在还原一种心理动作。谈不上非常喜欢，但却仍想赞一下。,这片告诉我们，正太与萝莉都是斗不过御姐的……,中岛哲也导演《下妻物语》《被嫌弃的松子的一生》《告白》可以算华丽三部曲，都喜欢，但这部太厉害，太好看，形式感，音乐衬底，故事内容，叙事方式，以及一大堆萝莉正太扎堆，以优雅、轻松、热闹的外在形式，表达巨大的无边的哀凉和悲观，太对个人胃口了。100分。
黑客帝国,9.0,520974,果真没让我失望~频频赞叹1999年人家的思维人家的意识而咱都2012了还是爱构思古装穿越剧。。。,其中的哲学影响我的哲学道路,有没有可能整个世界都是电脑模拟出来的，我们以及我们周围的一切也只是电脑中的一串代码？“你和所有人一样，生来就是奴隶，你生在一座自己感知不到的监狱”这种猜想已经足够震撼人心，但《黑客帝国》的深度还不止于此，它还在这个基础上提出了新的问题：你会选择蓝药丸还是红药丸？是选择美好的虚幻还是残酷的现实？表面上好像很好选，其实比我们想象中困难得多。一边是未来的末日世界，被饥饿和寒冷所摧残，还要面临被机器人追杀的危险；一边是温馨和平的年代，有蓝天白云、良辰美景，甚至还有成为成功人士的机会。的确，所有人都知道梦境再美好也只是梦境。但塞弗就是愿意为了区区一个梦境出卖所有人。假如我们真的逃出矩阵，体验到现实的残酷，也许我们会做出和塞弗相同的选择。正如当你做了美梦的时候，你宁愿继续留在梦里，不愿醒来。,真是沧海桑田：那时候基努-里维斯还是清瘦小嫩肉，沃卓斯基姐弟还是沃卓斯基兄弟，诺基亚还是业界老大。,一部蕴含丰富哲理的科幻巨制，袁和平的动作指导将东方武学艺术推向全世界，尼奥躲子弹的镜头成为经典~~
勇敢的心,8.9,429097,一句“freedom”煽的我眼泪哗哗的,有时候男人的一句嘶吼也可以让人流泪,那时候的史诗片拍的多好，90年代的大片就应该是这样的。,所有的人都会死，但并不是每一个人都活的有意义。,freedom
机器人总动员,9.3,919507,这是一只安卓和苹果的故事么。。,把所有的好东西都给eva,很久没看过这么可爱的动画片了。瓦力什么都不会说，除了那一声声执拗的：Eve！他们在星空画出美丽的弧线，他们无意间守候了一份真正的爱情。,乡下文艺小伙儿追求都市女精英的故事……以及……,我看哭了。。。
鬼子来了,9.2,420561,陆川快来学习一下牛叉电影是怎么回事吧，不卑不亢不装逼，爱姜文,一刀刘、二脖子、马大三、四表姐夫、五舅姥爷、六旺、七爷、八婶子、小碌碡...,“你是我的爷，我是你的儿！”这辈份够乱的,十部南京也抵不过一部鬼子来了。,从此，“大哥大嫂过年好”在耳边经久回荡……
一一,9.0,237645,“电影发明以后，人类的生命至少比以前延长了三倍”，当我觉得自己已经看了两个小时，一拉进度条发现才过了三十几分钟的时候，我深刻地理解到了这句话,如果电影都是过生活，那我们就过生活就好了,婆婆，对不起，不是我不喜欢跟你讲话，只是我觉得我能跟你讲的你一定老早就知道了。不然，你就不会每次都叫我“听话”。就像他们都说你走了，你也没有告诉我你去了哪里，所以，我觉得，那一定是我们都知道的地方。婆婆，我不知道的事情太多了，所以，你知道我以后想做什么吗？我要去告诉别人他们不知道的事情，给别人看他们看不到的东西。我想，这样一定天天都很好玩。说不定，有一天，我会发现你到底去了哪里。到时候，我可不可以跟大家讲，找大家一起过来看你呢？婆婆，我好想你，尤其是我看到那个还没有名字的小表弟，就会想起，你常跟我说：你老,我这样说好了，你不在的时候，我有个机会去过了一段年轻时候的日子，本来以为我再活一次的话也许会有什么不一样，结果还是差不多，没什么不同。只是突然间觉得，再活一次的话，好像真的没那个必要。真的没那个必要……★★★★★★,"看似平淡无奇,其实蕴含深意"
猫鼠游戏,9.0,519404,艾米·亚当斯演了一个牙套妹,他离家出走，说谎，制造不同的身份开始光鲜亮丽的生活。他是智商超群的罪犯，但是他只是个孤独的孩子。在平安夜的时候打电话给抓他的警探，在平安夜被捕的时候拥抱着他说圣诞快乐，在听到父亲的死讯以后失声痛哭，看到妈妈的新家庭以后对来抓他的警察说你们带我走吧。他终究只是个孩子。,能让巨骗进FBI，这份惜才的胸襟才是一个民族强大的原因。,事实证明，聪明的头脑永远可以赚钱。,我只想说，02年小李还是尖脸呢。
剪刀手爱德华,8.7,766765,除了JohnnyDepp还能有谁能有那样的眼神？,就让我相信全世界的雪都是爱德华下的吧。,有时候卑劣的人性才是剪刀。,感觉情绪还没酝酿好就结束了。失望。,蒂姆伯顿电影中的大部分人物智商都为负值。
三傻大闹宝莱坞,9.2,1279856,看了这部电影是我2010年最幸运的一件事力荐！,"【温馨提示：请忽略这傻逼名字.不然你会错过一部好电影】1、病毒的鸟巢飞来了一只自由之鸟；2、Ta有没有告诉你,朋友就是给你一枚硬币教你自己独立做出选择的那个人.这个人才是你最大的财富：）",这几个月来看过的最好的片——”做自己“，也许才是人生终极的成功。别总嘲笑印度人”阿三“，他们已经追上来了，无论经济、科技还是我们一贯认为只会跳舞唱歌的宝莱坞电影。盛赞！5+1星！,你们都说好看，我也就觉得一般般,当你不断追求卓越，成功就会不知不觉追赶你。害怕明天，怎能过好今天呢？心很脆弱，我们要学会哄它。鸡不会知道蛋的前程。学习是为了完善人生，而非享乐人生。只为生命而感激。朋友失败，你难过，朋友成功，你更难过。一切顺利。
天空之城,9.1,576142,多年后重看天空之城才能更加明白，宫崎骏对细节的处理的用心不仅仅是一时的感动你，宫崎骏能通过他的作品来让你逐渐明白生活的可贵，来明白爱与和平的作用。但就……还是早恋！,我看这部一直会哭，看了几次哭了几次，也不知道为了什么。总之，一看到手臂长长的铁皮人寂寥的站在那座城中，就控制不住了。,不看人生不圆满!!!宫爷爷的所有电影都是!,好电影从来都不会因为岁月的流逝而失去它的味道，反而会越来越香醇，一如地窖里的酒。久石让的音乐堪称完美，画面虽是手绘，但亲切感十足，故事背景细节丰富，人物刻画生动，还有区别于一般动画的深刻主题。★★★★☆,我愿意给10颗星！！！！！！！！！！
侧耳倾听,8.9,303145,原来图书卡寻人是这里来的呀。他们的城市是立体的，真漂亮，恋爱要翻山越岭才行。电影几乎集结了所有少女时代的美好回忆，完美、理想到失真，像一个斑斓的气泡，害怕一伸手就会破碎…乱糟糟的书桌，伸手摸来摸去就是摸不到台灯开关，生活中的细节被它完整地还原，似曾相识，却不属于我…,喜歡《夢幻街少女》的男孩值得託付終生。,"...................如果不是片尾的一句""你愿意嫁给我吗""我愿意打五星",我爱死青涩的恋爱的感觉了~~~~~,这是一个我早已错过的故事，我没有在十五岁看到它，我早已进入了不用借书卡的年代。现实中，只有我一个人与图书馆天荒地老。即便如此，我还是感谢它赐予我的全部勇气。|一五年夏去了多摩市。走在コンクリートロード上，山雨欲来，穿过长长长长的階段，从来没有觉得他们如此真实过。
钢琴家,9.1,342232,最刺痛的是那被直接丢出阳台的坐轮椅的老人,影片的结尾让整个故事的基调上升了几个层次，这并不是一部简单的反映二战反映犹太人与纳粹的影片。人性是很美的，当然，人生的际遇变幻各有轮回,从此就喜欢上Adrien那张驴脸了,如果说它想反映纳粹的残酷，那一点都不算残酷；如果它想反映主角的坚韧性命，那只能说他是运气好；反而我倒挺同情那个最后就他一命的德国人的。。。我想用ridiculous来形容，可以么？,前半段一直觉得很沉重后半段直接被我当腐片看了（跪。。。我爱德国军官攻。。给犹太钢琴师送食物和大衣神马的，结果最后连名字也没留下死在俄国战俘营了。另：纳粹军装真的太好看了！
海蒂和爷爷,9.2,221625,人至善，景至美，故事细腻，淳朴动人，人生本该如此，温情永存，何惧苦难？,有生之年不去瑞士还有啥可活？,难怪看到片名有种莫名的熟悉感，看正片后才知道这与高畑勲导演、宫崎骏担任场面设定的动画片《阿尔卑斯山的少女》改编自同小说《海蒂》，简直惊喜到不行。……故事温情脉脉，风景怡情养目，一段醉我心脾的观影历程。……有时，我以为看过几千部电影，会审美疲劳，可当碰到心仪之作依然能看得身心愉悦。,成功之处在于每个角色都很立体，都有优点缺点，海蒂不守规矩却天真可爱，克劳拉自私骄纵却优雅美丽，皮特淘气却耿直，爷爷脾气古怪却默默付出，女管家严厉却谨慎。山里的人没有那么朴实无华，“宫殿”里的人也没那么惟利是图。,人老了，由頭哭到尾。
楚门的世界,9.3,1017329,“如果再也不能见到你，祝你早安，午安和晚安。”,我是不是也在楚门的世界活着？,"Goodmorning,andincaseIdon'tseeya,goodafternoon,goodevening,andgoodnight!",原来植入广告那都是人家美国人玩剩下的玩意儿……,每个人都向往自由而不仅仅是安定
何以为家,9.1,576423,在小男孩视角为主导的戏份中充分展示了拉巴基的执导能力，尤其是中后段小男孩和黑娃在街头的戏，高难度的拍摄环境和条件竟然拍得毫无痕迹以至于造成纪录片的错觉，的确厉害。但是剧作上又实在糟糕，法庭戏难以直视，黑人母亲视角画蛇添足，刻意的煽情戏更是把整部片往下拽了几个档次。,见过游乐园女神被扒光，洗过沾了鲜血的衣服，听过蜘蛛侠变成蟑螂侠的传闻。才知道美丽会变丑陋，纯净会变脏臭，英雄泯然众人，自己却无能为力。把童贞交给世界，用匕首刺穿丑陋，靠起诉状告父母，挤笑脸嘲弄命运。赞恩把婴儿交给男人，才明白自己谁都保护不了。他就站在破败的街角，仿佛人生走到尽头。,生，继续生，越穷越要生，扔在地上嚎两年，能走路能说话也就能干活了。大的带小的，小的带更小的，再养几年就能送出去打工了。男孩传宗接代，女孩能挣彩礼钱，生那么多个，总有一个出息的，吃牢他，吃牢她！生！凭什么不生？,拍给生育癌看的。我就不说卖惨了，因为是真惨。善良而倔强的叙利亚小男孩，默默把全世界扛在瘦弱的肩上，拖着生活往前走。最后他露出全片唯一一个微笑我一下就泪奔了。孩子永远是我的软肋，我给你五星还不行么...,在这里，女孩是一种商品，可以换钱；男孩是一种工具，负责养家糊口、照顾更小的小孩。父母只管生，不管养，将孩子当做摇钱树和免费劳动力。他们不但不能给孩子带来快乐，只会给他们带来苦难和折磨。现在做什么都要考证，做父母却不需要考证。然而并不是所有人都配当父母，也并不是生了孩子就自动成为妈妈。他们只图一时的快活，让孩子跟着他们来到这个世界一起受苦，他们根本不配做父母。如果不能给予孩子幸福，当初就不应该把他们生下来。他们是你的孩子，但他们更是他们自己，他们有自己的人格和思想，不应该被虐待，更不应该被贩卖。父母有管教孩子的义务，孩子也有权利将父母告上法庭。赞恩什么都不要，他只要父母别再生了。因为一个人在还没有学会如何做一名合格的父母之前，Ta不配拥有孩子，更不配当爸爸（妈妈）。
小森林 冬春篇,9.0,241028,“她这么辛苦种田就是为了每天这么吃啊？”“对啊，人生不就是这样吗！”,真希望变成晨间剧啊，每天都想看到,有人说装逼呀什么的我人生就得加一味装逼,完全抹去了互联网时代的痕迹，联络仅靠寥寥书信，甚至电视机的画面都不易见。人物们不玩手机不发短信、不上推特晒图朋友圈发吃，只自己默默耕种、收获、烹饪、享用。抱着电脑手机看了部片子就说日本农民很优雅？先别忙着叶公好龙、去浪漫化乡村生活。抱着审美心态，在任何地方都无法承受生活的真面目。,昨晚做草莓酱的时候，幻想女主上身。
本杰明·巴顿奇事,8.9,671394,你前进，我倒退，我们爱对方整整一个曾经。,你可以像疯狗那样对周围的一切愤愤不平，你可以诅咒命运，但是等到最后一刻到来之时，你还得平静的放手而去。每个人在某种程度上都对自己有不同的认识，但是我们最后都会去往同一个地方。只是走的路不同罢了。你也有属于你的道路。,有种莫名的伤感。我们总会失去所爱之人，要不，怎么会感到他们有多重要呢。,"我们像婴儿一般来到这个世上,又像婴儿般安详的离去.留下的,也许都在最后与心爱的人眼神交汇那一个瞬间,从眼前飞逝而过的所有故事吧.",细节成功，但缺乏整体性。
大话西游之月光宝盒,9.0,809696,2000年。周星星结尾背着金箍棒转身时看得流眼泪。,对我们这代人影响最大的电影。寓言故事已然存在，不可避免。世界是巨大的枷锁，你不得不重复自己或是别人的生活。台词：你看那个人的背影好奇怪，他好像条狗啊。,神马乱七八糟的。。。过度被神化了的作品。80后们的爱情灵感居然是被这样混乱无厘头的一部剧都激发出来的。。。囧,一遍烂，两遍笑，三遍哭。盘丝大仙给了三颗痣，斧头帮主翻过照妖镜，看着镜中的猴子，此处的配乐足够震撼,大话西游是一代人心中的经典.
阿凡达,8.7,907380,钉子户大战城管in3D,当所有美国大片都开始炫耀自己的视觉效果时，詹姆斯卡梅隆只是坐在阴暗的角落里冷笑，然后抛出这么一部让所有人感慨“操，真他妈牛逼啊！”的电影。,JamesCameron闭上眼，全是电影的明天。,抱歉，2012？在Avatar面前不过是小儿科！只有一句话：这是史上最强科幻！可恶的卡梅隆，你要让未来十年的所有科幻片都味同嚼蜡了！因为所有观众的审美标准已经一口气被你提高了几个档次！这部电影，不去剧院看绝对一辈子后悔最后，感谢上帝赐给我们一个JamesCameron,阿凡达同时也揭示了女人的悲惨命运，主角与他的空中坐骑即是说明这个问题：选择她，她挣扎，插入她，她被俘获，甘心被他骑一辈子，众叛亲离之时，只有她在身边，魅影出现以后，她消失无踪，他再也没有寻找与过问。
放牛班的春天,9.3,891167,那漫天飘扬的纸飞机是我对你最诚挚的敬意。,纸飞机+挥动的小手——那一刻，什么都值了,这是一次心灵的洗礼，没人生本向恶，只是无情的手把人推向了无尽的深渊。Morhange每一次天使般的独唱，总让我感动的浑身直起鸡皮疙瘩，特别是那纸飞机从窗口飞出，“感谢、再见”的小手一挥，那份感动，不言而喻。而最重要的，看这部电影不仅是好“看”，天籁的童声更是听觉的享受。★★★★☆,一个孩子在启蒙时期，能够遇到一位好的老师，真的是一件非常幸运的事情。,星期六，贝贝抱着小熊跟马修老师回家了！QwQ
大鱼,8.8,398207,小王子说：“因为有一朵我们看不到的花儿，星星才显得如此美丽。沙漠之所以美丽，是因为沙漠的某处藏着一口井。”波顿说：“他说故事，因为他无法忍受这无趣的地方。”这片子是献给在现实世界中迷失、畏首畏尾、丢失了童年时代欢愉梦想的人，那条游向远方的大鱼是我们对美的向往。,在这世界上，只有在你所爱的人之外，才需要辨别所谓真假。生活中的事，有种种说法。所谓真相，可能是最令人乏味最让人难以接受的。而在生活外表涂上彩虹颜色的人，他们值得尊重和信赖，因为他们的爱。,孪生姐妹不是连体，巨人没有那么高，他妈妈在葬礼上穿的是大红的外套,这个叫蒂姆·波顿的人，身体里住着大鱼爸爸(BigFish)、剪刀手爱德华(EdwardScissorhand)、威利·旺卡(WillyWonka)和疯帽子先生们的灵魂。,我怎么没有感动？因为我没有父亲。
看不见的客人,8.8,774638,跟媳妇一起看的。看到一半的时候说了句最毒妇人心，指的那个情妇。后来看完，我媳妇特别藐视我，说了句男人都不是个好东西后睡了~。。我一脸尴尬~。。。总之。。。这是个好电影。,现在能有意外结局还让人颠覆的故事，真的很难得了。结局半小时的反转再反转，能自圆其说，能刷新认识，能大呼过瘾，对一部悬疑推理片来说已经完成的相当漂亮。不会苛求太多，这样的故事和设定已经满足。,好看，强烈推荐。问题是如此重要的辩护人竟然不是当面引荐的。,大爷大妈智商这么高家里娃却蠢到开车不系安全带还tm发短信。。,律师是假扮的这个梗其实倒是不难猜。不过这不是重点。重点在于“叙述”和“真相”的关系。在缺乏物证链条的基础上，男主的每一次叙述其实都是自洽且成立的，但或许也都不是真的。这一点才真的引人深思。我们所认定和掌握的真相，又有多少是被叙述掌控的呢？
哈尔的移动城堡,9.0,656842,哈尔是个大帅哥。,目前为止觉得哈尔是宫崎骏作品里最帅的男角,看了这个电影就想要一个家。擦地板，在阳光下面放上铺着干净桌布的餐桌，还有照顾小火苗，就如同守护爱人的心一般。,虽然它确实不如宫崎骏的很多作品，也不是最受欢迎的，但却是我最爱。每次响起俩人初遇时在屋顶跳跃的那段音乐，都觉得莫名的悲伤。也正是因为这种感觉，它才是最爱。,你的头发染上了星光的颜色……爱的颜色……
天使爱美丽,8.7,736713,艾米丽扶着那个盲老头走过马路和天桥和无数商店，飞快地告诉他自己看到了什么，然后又像天使一样离开。,其实我也经常做这样的事情，为什么拍成电影就有人赞好，现实当中被当成白痴,左上唇，右脸颊，左眼，右后脖颈。,配乐大好，剪辑大好.别的不够好.至少不对胃口到现在只对片子最开始的部分也即艾米莉的自述印象深刻了尝试做爱如何，但是感觉不太好.那个微笑的表情,有没有人觉得和重庆深林里的王菲有点相似？
星际穿越,9.3,1029922,你应该敬畏时间，因为那是一切的密码；但不要滥用爱意，因为那不是一切的钥匙。,诺兰说：如果我活得够长那么豆瓣TOP250就被我承包了。,以地球全部北京化（咦？）为背景的近未来硬科幻，对虫洞、重力和时间维度都有新颖的理解，刻画的浩瀚宇宙让人目眩。可惜诺兰的野心太大（真的是biggerthanbigger！），而且把人性拔那么高，到最后就成太空神棍片了...,时间可以伸缩和折叠，唯独不能倒退。你的鹤发或许是我的童颜，而我一次呼吸能抵过你此生的岁月。,一边太空冒险，一边是通俗的情感戏。无论外表多硬科幻：虫洞、黑洞、太空冒险、多维空间……最核心的仍是亲情与爱。科学与理论其实都是为感情服务的，用很硬的外壳包裹最柔软的情感。也因为此，它不会是2001那样严肃伟大的科幻片，但却有更饱满的感情。包括那些泪点
阳光姐妹淘,8.8,433428,再多各自牛逼的时光，也比不上一起傻逼的岁月。,再多分开牛逼的岁月，也比不上一起傻逼的时光。这个电影必须要看。。。,但是，如果她们都没有钱，故事还能顺利的展开、完美的收场吗,一起哭，一起笑，一起疯，一起闹，一起尽情折腾我们的人生，即使老去也有最美最好的青春可以一起祭奠。,其实片子的问题很多，表演过度，两组时空变化有时会很牵强且情节有断。不过仍然被感动了，回忆跟青春真是一辈子也不会烂的催泪神技啊！熟悉的旋律，友情与爱情。结尾收的也好，终于没有韩片尾大不掉的毛病了，适时而止反而有些回味。
让子弹飞,8.8,1090907,因为对《让子弹飞》吹捧得无耻到惊世骇俗的地步，本短评已被和谐。,叉着腰！牛着屄！嗨起来！,你给我翻译翻译，神马叫做TMD的惊喜！幽默、炫酷、西部片，自恋、隐喻、男性化，黑色、血腥、怪点子，卖腐、露点、性暗示，酒神、荒诞、神经错乱，草莽气息、英雄情结、革命浪漫主义外加一分的孤独。,说姜文用力过猛的那只能说明您受功不够受用不起！影志老师在各方压力下更新短评缓和了语气“姜文导演作品里最差的，远不如《阳光灿烂》和《鬼子来了》。”难道这也是打一星的理由？您明知道阳光灿烂和鬼子来了都是中国影史经典难道在您看来不如经典就是一星？！牛掰就别改短评！,姜文的个人英雄式表达，但拍得流畅热闹，复杂的剧情细节之下，是他坚持的自我，但与鬼子来了相比，他更懂得如何掩藏自己挑战的野心，这些野心都掩藏在了一流的喜剧功夫上。
天堂电影院,9.2,459937,看来我要少看电影了，我的人生才是我经营的重点，电影终究只是电影啊~~,没有结尾的热吻，这部片子就只能是还行,如此美丽，如此悲伤。那些吻戏，那些青春，都在影院的黑暗里被泪水冲刷得无比清晰。,在中国电影资料馆先看了177分钟版本的导剪版，感觉后半段特别糟心；随后立刻找来124分钟国际版扫了一眼，感叹这片的制片人和国际发行商够牛逼，直接将一个狗血剧剪成了未央歌：爱情无果而终，影院坍塌解体，不完美的完美。,出去闯荡吧，永远不要回来，不要打电话，不要写信。我不要在这里跟你谈话，我要听别人谈论你。。。
大话西游之大圣娶亲,9.2,1005614,看了不下20遍，彻底看伤了。,鲜花虽会凋谢，但会再开。一生所爱，隐约在白云外。苦海翻起爱恨，在世间难逃避命运。相亲竟不可接近，或我应该相信是命运。,其实很伤感,无论是看第三十遍，还是第三十一遍，我都会对着那个寂寥的背影流泪。那落寞的大圣身上烙印着我青春时所有梦想，我们曾以为自己会成为盖世英雄，以为自己是这个世界的唯一，以为爱情专为自己存在，可是渐渐发现自己和别人没有什么不同，当你踏上社会时，总会有人看着你的背影说：看，他好像条狗啊！,一切的闹闹哄哄，只是他在水帘洞躲避风沙那晚做的一个梦。
摩登时代,9.3,184392,惭愧死了，这才是我第一次真正看卓别林的电影。在放映之前我还想，为什么人们要叫他“大师”？不就是一个演员么。结果几秒以后，字幕上映，导演，编剧，主演，甚至音乐配乐都是卓别林创作的。我完全被震撼，真的是大师啊……这是一部又辛酸又喜剧的片子，对当时的社会不论是在工业，政治，还是生活,人的异化，极富前瞻性，即使放在今天看了依旧有着强烈的现实意义；卓别林是个极为矛盾的个体：一方面，他总是对社会那些最深入肌理的顽疾给予毫不留情的讽刺和抨击；另一方面，他也是个执拗的人性本善论者。,靠，看了才知道，星爷有那么多东西是从这里学来的。,这是卓别林第一部有声片，他尽可能写一个对话剧本，尽可能尝试一次“声音”的实验，然而由于卓别林坚持一贯的“流浪汉”角色，“声音”似乎又与角色不协调。反观，声音又以一种独特的方式呈现，我们听到的机械设备（有声）对人的打压（无声）正符合了电影主题的象征。,如果电影不曾有过卓别林，该会是一个多么无趣的世界。光前30分钟就让我几度笑岔了气。荒谬有理，喜谑至极！
射雕英雄传之东成西就,8.7,442685,张学友让梁朝伟杀他那段，笑翻了,香港缺心眼儿喜剧之最，看100次笑100次～,从来不曾想起，永远不会忘记。,40几遍了吧,刘镇伟哪里比王家卫差？！
海豚湾,9.3,274165,我觉得大部分看本片会有感的人，都不知道，中国的白暨豚已经灭绝8年了，也不会知道，长江里的江豚也仅剩1000左右了。与其感慨，咒骂日本人如何捕杀海豚，不如做些实际的事情，保护一下长江里的江豚吧，没几年，也将绝迹了。中国人做出来的事情，也不会比小日本好到哪儿去。,太煽情太主观,我想知道的是大地村那里的海豚屠宰场现在怎样？关闭了没有？当地的渔民是否还以屠宰海豚谋生？,最具艺术感的纪录片。真相都真的让人难以想象，所以他们还在否认南京大屠杀。,“Allsocialchangecomesfromthepassionofindividuals./所有社會變化都源于個體的激情。”
加勒比海盗,8.7,600395,加勒比海盗这一系列我都特别喜欢，喜欢杰克幽默风趣，顽强，坚韧勇敢，像永远也打不死的小强，还有他的黑珍珠海盗船，太神奇了！,讲个小故事吧，有个小女孩给JohnnyDepp写信，希望他带着他的部下去学校铲除校长，于是JohnnyDepp打电话给学校，让学校把学生带到礼堂，这时候JohnnyDepp带着演员么冲上舞台，全场欢呼。嗯，我爱如此感人的故事,我看了六遍.好不好已经和商业无关了.,放荡不羁的杰克船长，以海为家，以船为马的海盗们，那是属于你们的航海时代，升起骷髅旗，去远航吧！,船长登陆那一段，有点创意。
素媛,9.2,407224,“受过伤害的人总是笑得最开心的，因为他们不愿意让身边的人承受一样的痛苦。”,"""最孤独的人最亲切，受过伤的人总是笑的最灿烂，因为他们不愿让身边的人承受一样的痛苦""从素媛到素望，生活有阳光才有希望，可可梦是全片最治愈点，哭成傻逼。“我总想睡一觉就能回到过去，可早上起来发现，还是没有任何变化，太伤心了...以前奶奶说，哎哟要死要死了，这大概就是人活在世的意义”",太催泪了，素媛和爸爸之间的很多细节都特别感人，素媛住院时，爸爸笨拙的在电脑上搜索“如何和女儿交流”；出院后爸爸悄悄在她床头放上装满糖的小包让她背着来掩盖便袋的声音；还有素媛不再和爸爸亲近，他只能扮成可可梦哄她开心，每次想到笑嘻嘻的可可梦背后是一个无奈的父亲就会觉得特别心酸。,爸爸知道女儿介意排便器的塑料声为她准备装满塑料包装纸的糖果小包，女儿知道一直跟着身后的可可梦是爸爸。,1，现实还是那么恶心，家人和童话让我们活下去。2，如果心灵得不到安慰，再公正的判决也终是悲剧。
熔炉,9.3,615726,媒体越干净，社会越肮脏,想起一级恐惧的片头台词来：想找公平就到妓院，想被人干才到法庭。深雾中到处是颤栗的呻吟。,這個世界的絕望在於，眼睜睜地看著那麼多的不公不平每天都在身邊發生，自己再怎麼努力卻依舊無可奈何；而這個世界的希望也在於，明知是蚍蜉撼大樹，卻還是有那麼一群人執著地選擇了這一條艱難而幾近不可能的路。,。。。套用被嫌弃的松子的一生里面的一句话：生而为人，对不起。,我们无法改变世界，但我们可以选择不被世界改变...
蝙蝠侠：黑暗骑士崛起,8.7,485070,失望到爆！反派为什么反的设定，最后反转的设定，最后拯救的设定，都是那么的普通乃至无趣，甚至连打斗都毫无新意，那些反派配角就是一个个等着轮流给蝙蝠侠打。诺兰导演水准没差，只是这次的编剧编得真的弱到爆炸!,AnneHathaway美得足以把全世界的基佬都掰直，但刚被掰直的基佬们马上又会被囧瑟夫萌弯。,"三部曲，都是关于一次又一次的选择。庞大的人物线索和故事，诺兰已经构造出自己的世界观——我觉得，他是相信黑暗的。Gothamdoesn'tdeserveaherolikethis,buthe'llstillgiveeverythingtothem.另，小丑有且只有一个。（用打一星来表达对脑残粉的蔑视的人可以省省了，你们配吗？","超过TDK不敢说,但永垂影史是扛扛的.",英雄挥别，正气永存；史诗落幕，传奇不朽。漫长黑暗过后，终迎黎明曙光。
西西里的美丽传说,8.9,654918,看到了人性的丑恶更是看到了人性的光辉一个性启蒙时期的少年雷纳多爱上了成熟美艳的少妇玛莲娜那些为了能见到她为了能碰到她而骑着自行车狂奔的时刻像是在追逐自己的幸福那些因为看到别人诋毁自己喜欢的女人而去报复的小动作那个在教堂里虔诚的跪在圣象面前喃喃自语的说在我未有能力照顾好她之前请神一定要好好保护她的少年那个亲眼目睹她因为生活所迫而被迫出卖肉体去换取卑微的生活用品时看到她被那些世俗的男子拥抱在怀里那种悲愤交加的心情的少年个中掺杂的辛酸和怨恨还有嫉妒又有谁可以明白呢这是一个少年最初的爱啊会记得那个女人被小镇人唾弃侮辱的时候少年的眼泪哗啦啦的流着就像那些难以言明的痛楚一样还有在月台上少年看着自己一直爱的女人落魄的离开小镇时那双洋溢着不舍和爱的眼睛里目睹着火车的渐行渐远像是在把少年的思念延续到远方一样我想尽管火车带走了她但少年那份爱是任何时间和距离都无法跨越的这个少年就是爱的如此执着爱的如此刻骨铭心感谢导演托纳托雷在最后把尊严还给了玛莲娜这个曾被世俗所堙灭的美丽女人在洗尽铅华过后重返小镇在广场上在众人的诧异和谈论中丈夫挽着她的手她依靠在丈夫的怀里目无表情的穿越过人群那些曾垂涎并且无耻的占有过她肉体的男人们看到她的那份淡定和从容不知他们会不会有所反思想起片中的一句话只有重返旧地才能重拾尊严这也许是对玛莲娜最好的褒奖不得不提的是玛莲娜那位被误以为战死于沙场的断臂丈夫在经历了一场因狂热的民族主义而爆发的战争后带着已有残缺的身体和疲惫不堪的心回到他的故乡或许生命于他而言唯一还有一点希望的是他一直以为他的妻子还有他们的家一直在等待着他的归来只是当他回到那个小镇回到他曾经的家却再也找不到他的妻子爱人没有人告诉他玛莲娜在他离开之后所遭受的种种不平没有人告诉他玛莲娜的下落只有小镇的人对他的无尽的讥讽和嘲笑他甚至必须和难民一起拥挤在曾属于他和她的温暖小家里会想起电影的这些镜头在沉默的黑夜里他背对着镜头沉思尽管看到他的表情但我想那便是关于落寞的最好诠释还好有雷纳多的帮助或许说是这为丈夫对玛莲娜的爱让他去相信自己的妻子在是非面前依然坚定不移的相信自己妻子的人这才是真正的好男人再美好的花前月下的承诺也比不上他在黎明之前踏上列车去远方寻找妻子的动作因为这才是真爱我喜欢这个男人他让我有理由相信男人除了所谓的好色和花心以外还有一种所不能获缺的品质它的名字叫责任影片最后这个叫黎诺的玛莲娜的丈夫用仅存的一只手臂挽着妻子穿越所有的人穿越所有的舆论和诧异穿越所有小镇的人曾对他们夫妇的伤害表情坚定就如他对妻子的信任和爱看到这里若是要我以一个词来形容这个戏份并不多的男人我想到的是绅士优雅的绅士真正的男人真正的好男人其实或许我应该把重点放在影片主角雷纳多身上但我却不想对他做过多的评论我相信看这部片的每个人会以不同的角度去审视他看待他我想说的是在他的身上我看到了一个少年在成为一位男人的过程里在面对着所谓的“爱情”时面对自己真正喜欢和爱的女人时所有的细腻心情包括很多看似荒诞但却真实反映人性的动作也许这少年浓烈的感情里面包括占有嫉妒或许还有少年时对感情浓烈的企盼但请别怀疑这个少年对自己喜欢的女人的爱在雷纳多最后看到那个曾深爱的女人玛莲娜时看到她也开始老了胖了开始有皱纹了不再是那个穿着丝袜身着性感的美丽女子了但我不怀疑他的爱会因为玛莲娜的容颜逝去而有所褪减也许是他成熟了懂得了真正的爱最后的镜头里雷纳多骑着他那辆自行车在向前行的同时不时回头看渐行渐远的玛莲娜也许这个细微的动作已足以说明他所有内心的爱“好象要逃避似的逃避的是我对她的一段纯真之情岁月匆匆而今我爱上过许多女人当她们紧紧拥抱我时问我会不会记挂她们我相信我当时的心里是会的但唯一我从来没忘记的是一个从来没问过我的人她就是玛莲娜”---雷纳多,震撼全城的美貌，罪恶之源，情欲之源，纯真之源。这是公共意淫、诋毁、同化的典范。,原来男孩子青春期是这个样子地，原来女人美丽起来是这个样子地，原来登徒子的沉默和中年妇女的疯狂是这个样子地……,关键时候男人都不出来帮他们的女神，不过如此,当你不再年轻艳丽，当你的丈夫回到了身边，那么你就成了那群丑妇的朋友。
罗马假日,9.0,664173,没有看过这个的经历会显得自己太无知老土，看过了，觉得真是金童玉女啊，真是令人向往的爱情啊！真是......尽管看完了该无知还无知，老土的也没变洋气，毕竟主人公那长相那气质不是几个整容手术几部电影能成就的。,赫本，无与伦比的美丽。,因为罗马，所以经典。因为短暂，所以永恒。顶着锅盖说一句：其实赫本的气质大过演技～,当他把手伸进去，她的表情美丽极了……,离开你并不是因为不爱你
致命ID,8.8,526552,他的人格实在是个竞争市场。由此可见，寡头和垄断未尝不好。,医生的治疗方案是让不同人格互相残杀以产生幸存者，但残杀所诞生的幸存者就不可能是最优人格,吓得我都要人格分裂了！！！以后打死都不要再看恐怖烧脑片！！！！！,本以为是娱乐片，却是一部精彩的悬疑片，和《记忆碎片》一样，不到结尾不见真相。前段或许有些老套，但进行到中段的解谜阶段就很紧张了，后面的真相揭开后，又将剧情推向一个让人瞠目结舌的高潮，难得的是在结尾，居然再次给了观众心灵一记刺痛。善与恶，原本就是一体的。PS:1.以罪犯幻想之情节名义给剧本许多地方逻辑推理不足找到了借口2.Mhotel又有何寓意呢3.对影片营造的黑夜，阴冷，潮湿氛围很中意last.每个人或许都有多重人格，后怕。H22008.7.1203:38,救命啊，金牛座遭遇大屠杀...
疯狂动物城,9.2,1190559,树懒太他妈好笑了！！那两分钟我嗓子都哑了！！卧槽！！真是太他妈好笑了！！,港真，面对人家动画片里连一把椅子扶手上的铝合金划痕都做得活灵活现的态度，咱们就默默低头学就好，不要一天到晚吹“国产视效大片”这个概念了，略尴尬,看过了这一部，我好像能够更坚定地说我会当迪士尼一辈子的粉丝。迪士尼给我们营造的乌托邦就是这样，永远善良勇敢，永远出乎意料。,无论是人设，世界观，动画制作，还是剧本，都挑不出毛病来啊啊啊！！细节多到爆！！好幸福！！！！>w<最难能可贵的是配角们的人物性格和形象设置都非常饱满（教父梗好惊喜><）虽然是动画，但是剧本还是隐射很多人类社会的种族问题，以及政治两党上位之争的问题。另外我狐Nick的眼神是在太苏了TwT...,完爆冰雪超能头脑，动物再次证明了动画片不止是给小朋友看的，而是全年龄段和世界级的，尖端数码特技、新意剧情、老梗新用搭配萌Q画风，乌托励志、搞笑温情、自然销魂、阴谋反转，用动物来映射人类，涉及种族歧视和两党斗争，无论从制作技术还是政治倾向或是社会意义来说，基本锁定今年奥斯卡最佳动画
唐伯虎点秋香,8.6,670009,"哈哈哈.其实我是周星星FANS,心情不好看他的电影会边开朗.这个看了好多次了.一群人一起看最好玩.",巩俐真难看,可以忽略秋香……,经典中的经典,电视上常常重播这部，真奇怪。
情书,8.9,618352,暗恋的极致,总是点到为止的岩井俊二.,无聊！找了半天真相才发现自己是个替身……傻比青年啊……,那些没有开口的告白，最终还是让你听见了。,无论如何都会流下热泪的电影，五星又怎么够！
喜剧之王,8.7,622031,我最讨厌别人不擦润唇膏了！每次看到嘴上干裂起皮都忍不住想要亲上去！所以你要多擦一点润唇膏啊！你到底要不要我给你擦润唇膏！——好喜欢这一段，那时的张柏芝漂亮的无法用笔墨形容，脚趾甲上涂着五彩的颜色，小巧的下巴和明亮的眼，根本就是个小妖孽。【MD电影短评怎么字数限制这么短！】,以前看的时候，电影里真正隐含的意思我都不懂，但当我慢慢长大，经历的东西越来越多的时候，再回顾这些，我能领悟到星爷电影里人生的真谛，同理也可以套用在《大话西游》。ps，每次看到那句“我养你啊！”都会毫无疑问的飙泪。★★★★☆,周星星电影中最喜欢的一部,“我是一个演员”，我最爱的周星驰作品，笑得流泪,“哇你怎么穿成这样啊？你不是演主角吗？不管你是主角也好，跑龙套的也好你都要养我一辈子的啊！呐，试试，看合适不合适？哇红色的，唇膏印啊，你去鬼混啊！呐，这次我放你一条生路啊，再有下次，我不给你饭吃。走，走啊。看什么看？不服气呀？打我呀，笨蛋！”
超脱,8.9,305367,少年时，我们都自私无知，夸张那些伤痛来当作放纵的借口。只知依赖不知自救，只知索取不知珍惜。打架，滥交，还自以为是看透了生命，绝望的很酷，其实肤浅的令人发指。孩子，什么时候你开始沉默的承受加诸你身上的重量，尊重它并与它和平相处，你才真的能称为一个大写的人。,这是一部不推荐看的好电影。没病的都要看出病的。好的作品分两种，一是发现世界的极美，二是挖掘人间的极苦。这部就是后者。,一次次泪倾，哭到胸口抽痛、难以呼吸。当我们感到需要暖意，首先要学会的，是彼此拥抱。穷尽一生，我们要学会的，不过是彼此拥抱。只因“一个人可以轻易地学会不在乎，但学会在乎，却要付出百倍的努力和勇气”，再不要独自一人穿过灰暗暝寂的暮色，在摇摇欲坠之前，在生命荒芜心脏冷却之前，彼此拥抱。,每个人的内心都是一座孤岛，人的心有多深，深到让别人无法试探的地步？教育和生活其实一样，教育者既可以超然物外，也可以放下防备与被教育者心灵交互。讽刺的却是，超脱既可以赢来尊敬，也一样能扼杀心灵。AdrienBrody终于跳出了烂片的泥潭，用忧郁气质和演技，再次将人性的考量重重甩在了观众脸上。,托尼·凯耶这么多年了，拍片仍然是一副死不回头的独立范儿，各种伪记实、访谈与剧情相结合以拉近观众的距离。整部影片始终弥散着一股伤感、落魄的情绪。很多男人都想在大街上拯救一个雏妓吧。布罗迪的表演很加分。
闻香识女人,9.1,576589,"当我心中的正直感逐渐淡去之时,我庆幸我看到此片.",刚开始，我觉得阿尔帕西诺演得有些用力了。但是看完，我觉得他就应该这么演。甚至那个年轻人O'Donneil也被他带动出极好的水准。探戈，演说。几近完美的一部片子。,或许是因为年代久远，会觉得故事略显老套，但并不影响影片带来的强烈感触。问题不是哪条路是对的，问题是，你敢不敢走？人即使身残，也应保持灵魂的完整，因为灵魂没有假肢。★★★★,史上最美的探戈,美酒佳肴衣鬓香影，一曲绝世探戈，尽情绽放然后死……连自杀都这么浪漫。片名叫人没有看的欲望，看完却觉得再适合不过。你我身边都可能会有这样一位愤世嫉俗自以为是夸夸其谈的老顽固，在他身边多呆一秒都是折磨，然后某一天发现他身上的优点比你所能想象的更多。
无间道,9.2,821472,牛就牛在，他让所有演员都达到了巅峰,当年我深刻的爱上了梁朝伟同学,我还是不能理解为什么美国人可以这么无耻直接拿本子过去拍出烂片还得了奥斯卡但是不给这部片子正名?,“出来混，迟早要还的。”别说，这种港片老爸老妈们已经欣赏不了了，就连弟弟一起看都没坚持看完，哎，我说，片子都这么牛逼了，对你们来说却成不了经典，叹息。,看了美版的，才知道港版有多好看~55555555
拯救大兵瑞恩,9.0,432925,如果没有办法想起他什么样子，就试着想想和他共渡的时光。,厄本这个角色很有意思，懦弱，非常懦弱，还有一种可笑的浪漫和无知的善良。他才是你我他，对战争的残酷抱有一种可耻的畏惧，并对其有好心的幻想。可惜事实并非如此，战争就是你死我活，战争是考验勇气的时刻，而非善心。胆小的也许能活下来，但在战争中，你已经输了。而那些死了的勇士，他们才是胜利者,战争电影No1，美利坚精神输出大片。,为什么看中国战争片就感觉high得不行真想打一仗，看外国战争片就觉得战争真可怕和平多好啊。。。。再不在吃饭的时候看战争片了，太胸闷了。,我心目中的永恒经典。不知道集结号借用了他多少情节。反正不少。
断背山,8.8,510146,老公哭的稀里哗啦，我怀疑他有隐情，所以我都没看进去……,看来我没有弯的潜质，一上来我就把攻受猜反了,Ennis不爱男人，也不爱女人，他只爱Jack。“希斯·莱杰和吉伦哈尔让这个痛苦的感情故事在我们身体中蔓延，莱杰先生神奇且难以置信地从他自己的身上消失而完全融入了角色，这是一个在银幕上可以企及马龙·白兰度和西恩·潘的表演”人人心中都有一座断背山，那是一个永远也无法抵达的梦-李安,【剧透】你有一个挚爱你的人，但我不敢说你也挚爱着他，因为你有太多的怯懦。我当然知道你爱他，你哭着对那两件衬衣发誓，让我也跟着掉泪。只不过我还是会想：或许你更爱你自己。他死了，再也不能爱你了，你后悔了吗？,如果一生不能和最爱的人渡过，那贫富喜怒又有什么区别，责任信仰又有什么意义。
倩女幽魂,8.7,475499,唉，王祖贤哪有张国荣漂亮,這個聶小倩，爾等休想再超越！,两张绝世的脸。,宁采臣只是张国荣的。,多年后看，还是好看。
辩护人,9.2,409446,如果在影院看这部电影，我会起立鼓掌，只是不知道有生之年有没有在中国影院看到这样电影的机会。当我们在自卑到狂妄的心理下吹嘘自己贬低邻国时；当我们对一切黑暗和罪恶习以为常并理所应当时；当我们成为这些行为的帮凶时...我们闭上眼睛装作看不见，其实已经落后人家30年，并且差距只会越来越大...,一部改变现实的电影：釜山地方法院于2014年2月13日对“釜林事件”进行了二审宣判，判决5名被告人无罪，距离一审判决时隔33年。“因为国民不富裕就不能受法律保护，就不能享受民主，这种说法我是无法接受的。”——宋佑硕,韩国电影再一次展现法制边缘的尺度问题，这一切在贵国恐怕是不能发生的。可以自由表达真好，可以潜心创作真好，可以有这样无边无际的影像环境真好。结合实事再看电影，心中无限悲凉，一切无能为力，好想逃离。,一部电影，看完后，留给人们思考的空间越大、时间越长，电影的张力就越大，价值就越厚重，对人们的影响就会越加深而广。《辩护人》-----我想，当我满头白发时，无论脚下的这片土地变或不变，我依然会记得宋佑硕放弃安稳选择颠簸的理由：想让我的孩子们，还有你的孩子，不要生活在这种荒唐的时代。,我所生活的社会，通过示威改变世界，做梦去吧。但是以卵击石，石虽坚利却是死物，卵甚脆弱仍焕新生。问题是，我国中产想要发起革命，国民所得起码要提高三倍。还不是时候。1:16开始的三分钟长镜头展现宋大叔的铿锵机智与沉稳。就算是理想，也容我动容。在此对韩国历史上最低学历总统致以敬意。
龙猫,9.2,860027,那音乐壮丽的响起的时候，觉得心里被一种温暖充满，然后实在控制不住眼泪了，不是因为伤心，而是因为，它给人的感觉，实在美好到无法表达了．,龙猫，好烂漫的幻想。消失的乡下风景、慈祥的爷爷奶奶、嬉笑追逐的儿时玩伴，是童年最纯真美好的回忆。,人人心中都有个龙猫，童年就永远不会消失，爱是最美的拥有～★★★★★,宫崎骏真是个内心柔软的天才。能给这个残酷的世界这么多温暖。龙猫真像童年时的一场梦，长大之后似乎忘记了，突然看见它毛茸茸的身躯，就想起了所有的奢望。这大概就是我们得以在孤独中相互告慰的东西吧。无论怎样，成熟都是一场病，而能够治愈它的，大概只有对这个世界最温存的渴望。,摸摸龙猫的鼻子胡须就会颤动起来哦=w=……看见斜眼偷瞄逃跑的小白一定要跟上去！童话总是在相信它的人心中真实的存在着，想起来的时候心中就会充满温暖守护的力量
甜蜜蜜,8.8,348821,你们看到了爱情，我看到了背叛。,这么多人都看哭了么。。。我就在张曼玉低头碰到喇叭那块儿眼红了下。。。这俩人的缘分太让人嫉妒了,曾经的香港电影多么令人激动与感动。,黎小军连豹哥的一根头毛都比不上吧，嫁黎小军我一天能因为无聊自杀三百回，“无聊”这种东西如果能拟人的话，它的形象一定是黎明！！！,你什么时候变得这么罗嗦，以前都不是这样，傻女，听我说，现在立刻回家，洗个热水澡，明早起来，满街都有男人，个个都比豹哥好。不用担心，我很有办法的，在台湾有很多老婆，高雄有一个，台中有一个，花莲有一个，阿里山也有一个……\\\\我这辈子最开心的那一天，就是威廉带我去半岛吃饭，我趁着他不留意，偷了我们用过的刀叉杯碟，现在偶尔拿出来看一下，仍然是很开心，可能威廉早就不记得我了，不过不要紧，我记得就行了，想一下，我现在这么老这么难看，他不来找我其实都是好的。\\\哈，那你要快点，芥兰有艾滋。
小鞋子,9.2,265038,小演员表情无敌，故事朴素真挚，比赛一段过分煽情，结尾收得真漂亮。,没有一点刻意、展览、景观，老老实实地拍，可就是能抓人，令人反思——电影真的需要那些东西么？最后那个金鱼池的场景甚至带点禅意，又那么平凡朴实，让整个片子顿时通透明澈，怎么会这么好！,"当他知道他得了第一名却拿不到第三名的奖品时,他伤心的哭了.",没钱不要养孩子,妹妹给正在为寺院磨糖的爸爸倒了杯茶，“怎么不给爸爸准备糖呢？”“你手边不是有那么多糖么””那怎么行，这些是给清真寺的，我们只是代为保管，不可以拿的“。
幽灵公主,8.9,374817,宫骑骏就是个生态环保大师啊。,宫崎骏果然是最关注女性的导演之一。,宫崎骏的巅峰之作,他的作品中的思想深度和人文思考区别于其他浅薄的娱乐性动画片。,都不知道在说些什么，但是受伤的时候很让人心疼
教父,9.3,631026,to所有男生：别想太多。你们都不是马龙白兰度，不是阿尔帕西诺。,"""Becauseamanwhodoesn'tspendtimewithhisfamilycanneverbearealman.""",男人。千万不要记恨你的对手，这样会让你失去理智。,2010-02-17看过。对权力有清醒的认识才能写出这样的剧本。只知道引用台词或把此片当作所谓“男人圣经”的观众退散！,时隔八年有必要修正自己的观点，简陋之处依旧，而编剧与表演上的神来之笔多不胜数，回头重新品，亦可以发现《教父》带给观众的“大银幕”体验是足以驳斥掉持反对论者的。一杀二场面中的短暂神色与打击数量，确实精确到无以复加。
搏击俱乐部,9.0,607645,一则极具颠覆性质的社会生活寓言.无能为力，无法改变现状，是现代生活中的癌症。虚无使人痛苦，使人希望借各种方式找回存在的真实感。然而现代人的精神悲剧就是，当他们自我搏斗、脱离了一种精神上的奴役的时候，不知不觉又进入了另一种奴役。影片自身所带有的一种不可言传的魔幻性与自我消解意味使它,这种类型片很多，这也不是第一个讲述人格分裂题材的电影，不知为何评价很高~~,我要带我的女朋友去看炸大楼,与同学一起观看。在一个专放商业片校级电影社团放映。一直到大四才看此片，似乎有点不应该。不过我不能理解的是，此片居然如此大众，而且评价如此之高。。。其实我很客观地说，在我心目中，这部电影只能算是一般。坦率地说，我看到中间的时候还睡着了。。。,这就是神作！完美的镜头，丰富的特效，不可预料的情节，优秀但不装13的台词：我们还能期待从一部电影里得到什么？
美国往事,9.2,286161,两场强暴戏毕竟是吃不消，男性的传奇之路上似乎最少不得的就是美丽而无人格的女性牺牲品,兄弟如垫背黑一枪，女人如蛋糕揩一块，美国梦一场滑一跤，往事烟一口笑一笑,一年多以后，我将它从四星改为了五星，期间未曾多看一遍。,史诗叙事大师笔法，黄昏已近青春已远。而今男人的理想已改变太多。配乐绝佳。,姜文的阳光灿烂的日子，杨德昌的牯岭街少年杀人事件，韩国的朋友都是模仿这部
驯龙高手,8.7,513373,哇哇哇好看那龙的原型绝对是一猫,我觉得今年其他的动画片可以不要演了,“和谐的生活离不开摸头与被摸头。”《驯龙高手》的优秀足以证明皮克斯动画并不是不可超越。,“没牙”真可爱呀真可爱~,和谐的生活离不开摸头与被摸头
杀人回忆,8.8,430288,这并非一个寻求真相的故事，而是关于真到底相如何被整没了……,想到真凶可能会若无其事坐在电影院里面，与电影最后一个镜头里宋康昊含泪的双眼四目相对就觉得好惊悚,一部很普通的电影。,偏向于多人效仿作案，凶手不止一个。最后女学生是小白脸杀的可能性很大！言行逼供了三个人，只有小白脸最态度反抗、眼神一直有特写是充满恨意的，因为他并没有杀人还要被诬陷。出来后在酒馆喝酒，女学生从窗前走过也对他指点议论，让他觉得自己的名声已经彻底毁了洗不清了。所以最后警察媳妇和女学生同时出现他选了女学生。还有下手之前扶着树干的细嫩的手的特写。可能真的是出于报复——既然你们都觉得我是凶手那我就真杀个给你们看看。DNA对不上是因为之前那个真不是他杀的。还有开头第一个案件发生后男主抓了很多个“嫌疑犯”，这里有个细节，几乎每个人都是面目可憎凶神恶煞的。因为男主潜意识认为杀人犯就应该长成这样的气质和模样。然而结尾小女孩说凶手“就是个普通人啊”是个记不住长相过目就忘的路人。每个平平无奇的人背地里都可能是凶手。,电影告诉我一个有良心的警察是如何被逼成一个暴力狂的。
当幸福来敲门,9.1,1027278,看到开头就知道结局，不过这并不重要，重要的是过程。。。最感人的不是赢得职位，而是在厕所里捂住儿子的耳朵。。。作为一名容易感情用事的中国观众，感动比励志对我来说更重要=。=,如果能让自己不再为光阴被虚度，才华被耗尽而流泪，如果能让自己坚定，“我不要似是而非的人生，我要自己做的每一件事都刻骨铭心”，那么这场狂热便是得其所，记住这永远不是最差的人生。,"Thereisno""why""inhappiness,thereisan""I""里面立志的桥段很多，比如说打篮球时候威尔对他儿子说的话.这是中国父母需要学到的...尽可能地给孩子一个美好的世界.",我一直记得，有人对我说：当你迈过这个坎之后，你会发现，还会有什么不可以面对的困难。,为毛不去天桥上乞讨？为毛不去地铁里乞讨？在我们这儿是这么办的。
哈利·波特与魔法石,9.0,597672,一整个世界被打开了的感觉啊。,演员最好看的一部。,我觉得这仍然是这个系列里最好看的一集吧，第一次看的时候真的惊喜死了，整体设定的展开和铺陈都让人激动，重点是哈利在这个时候是最萌最可爱的时候了，第二集开始就慢慢的长开了！对！长！开！了！,忠实原著有时候未必就不能打造惊喜。,你信不信，我也养了一只猫头鹰^^
音乐之声,9.0,399867,很棒的电影，唱段经久不息，流传至今。,不知看过多少遍的经典阿尔卑斯山脚美如画纯真美好得不行,主题的音乐很好听，但可能是距离现在太久了，不太符合现在人的审美，感觉还好吧。,真希望世界像它描述的那么美好,难以被超越的音乐剧经典~~
恐怖直播,8.8,419098,能在自己国家的银幕上看到《恐怖直播》的公民是幸福的。,黑政府剧情紧凑犀利，宇宙国会看天朝笑而不语：我们敢抄袭你们你们敢反抄袭么。,小人物，大成功。低成本，高票房。热电影，冷导演。旧模式，新包装。雅追求，俗定位。内棚衬，外景托。熟表演，生情境。远特效，近手持。慢推入，快剪辑。有利益，无朋友。左警察，右悍匪。正势力，恶交锋。假道德，真和谐。恩未报，怨已结。问有主，答无解。单兵战，双人桥。哭邻国，笑天朝。,天朝刀客杨之韩国炸药版——任何事情，你要给我一个说法，你不给我一个说法，我就给你一个说法。,这种题材的电影有漏洞在所难免，但韩国电影能做到这一步值得称赞，几乎是一间房子中的故事，格局却相当大，节奏紧张，剧情张力太强，舆论、媒体与政治的黑洞令人反思，结尾比搏击俱乐部还激进，美国估计都不敢拍，但韩国敢拍能拍。河正宇的独角戏太强大，五星。
入殓师,8.8,435991,我觉得这个电影不是讲死亡甚至什么追忆怀念云云而是讲一个人在逆境中如何面对世俗的目光生活从在意别人的眼光到最后在工作中找到自己的价值高度认同它与世界沟通还有宽恕他人从而达到自我的新生从这个角度来讲这部电影是更像是一部励志片而不是简单的感情片,整矫情了..做殡葬业需要那么多感怀身世和心理建设吗...在我们中国，这是一个超级暴利而令人羡慕的行业,Thegiftofthelastmemories.“人一辈子买的最后一样东西(棺材)是由他人决定的。”“死可能是一道门，逝去并不是终结，而是超越，走向下一程。”“入殓师就是让已经冰冷的人重新焕发生机，给她永恒的美丽，这要有冷静、准确、而且要怀着温柔的情感。”《入殓师》的中国遭遇：“它的国际首映在大连,“很轻的电影很重的人生”,对待死的敬意，犹如对待生的真诚。举重若轻。
死亡诗社,9.1,473624,开场精彩，中场尽显疲态，结局来了个绝杀，最后终于反败为胜，深入我心。凶手毋庸置疑是那个“船长”，他教会了学生追求快乐，但是却没有教会他们反抗，他教学生成为一个理想主义的诗人，却没有教会他们现实的残酷。充满理想的开篇却以悲剧性的事件结尾，理想终归要回到现实，并一直被现实压制。,看这部电影才知道，原来自己已经死去了好久，从某个不经意间被打破的清晨开始。,《死亡诗社》最后安德森爬上课桌那一幕哭得我稀里哗啦的，一个刚到口的龙眼就活生生地吞下去了。它和《孩子王》有一个同样的情境设定，但立意确实不同的。《孩子王》里“从前有座山”那段也是让我唏嘘呀。另外，《死亡诗社》的中文配音配得很好，不知道出自哪儿。,"选择和别人不一样的路走的人,虽然会感觉孤独甚至会招致歧视,但并不意味着那就是过错——相反,一个真正的英雄往往会选择一条很少人会走的路.大多数的人都在平静的绝望着",哦！船长！我的船长！
怦然心动,9.1,1180898,小女孩跑回家跟母亲说在学校里当着那么多人他想吻我~~~母亲说看来你应该跟他谈谈。换成中国，不堪设想。,外公说的话：有些人浅薄，有些人金玉其外败絮其中，但是总有一天，你会遇到一个绚丽的人，她让你觉得你以前遇到过的所有人都只是浮云。片尾曲Everlybrothers的Letitbeme很好听。,我看完后也对这女孩感触特别深，她独立而勤劳，恪守自尊但又不敏感到浑身长刺，正像邦妮另外一条说的，没有那个男孩，她也会生长得很好。对于成长电影来说，它对孩子和家长都很有教育意义，不论面对挫折还是爱，它都有非常正向的可贵的价值观。,当你喜欢我的时候，我不喜欢你；当你爱上我的时候，我喜欢上你；当你离开我的时候，我却爱上你；是你走得太快，还是我跟不上你的脚步……,………………我能給十星嗎！
穿条纹睡衣的男孩,9.1,325519,这大概是对纳粹反犹最狠毒的嘲讽了吧，通过欺骗，杀害的不仅是“敌人”，还有自己的孩子。,"""突然镜头换到那扇黑色大门前，慢慢拉远。如果你哭了。是为BRUNO对吗？那么，shmul呢？""",你还当这是一场游戏么？,大半夜很容易走进情绪，最后的结局压抑得我说不出话。最可怕的教育是价值观的强行灌输，而最可怕的价值观是被一件条纹睡衣分割，看着姐姐满墙的贴画真是触目惊心的疼。,最后他成为了穿条纹睡衣的男孩。
狩猎,9.1,231565,这电影要是早两年看，不会有这么深感触。很多情况下，真相是什么对围观者并不重要，他们需要的只是一个支点，让自己站在虚妄的道德制高点上，得意一时是一时，反正过几天他们就会遗忘，任由真相被新的猎奇淹没，微博上这样的人和事比比皆是。,占据道德的制高点猎杀他者，你手上可有血污！？,1.萝莉由爱生怨的报复手段又狠又蠢2.孩子最可怕就在于明明无知，却会本能地以纯真作为武器，让他人深信不疑3.人们习惯于自以为是，站在弱者角度分发所谓的正义和怜悯心，本身就是一种不公4.信任和声誉一样，一旦破坏就无法修复5.你永远活在他人的目光里，而世界本就有太多恶意~结局很现实，好片,极度深寒。很难不联想到韩寒事件、杰克逊娈童案、及阿瑟米勒剧本的<妒焰飞灰>。孩童之恶源于无知。成人之恶却发乎偏见、道听盲从、各种嗜血癖嗜尸癖嗜黑癖，对恶的无反思、不推己、不自知。诬名者往往善假正义之帜，无不高举道德刑具。泼粪杀人的最大恐惧是谁也无法预知，这冤假错何时会降临自己头上。,天真无邪才是最大的邪，童言无忌才是最大的忌，天使有时候才是恶魔。能说出口的委屈都不叫委屈，最大的委屈是承受不白之冤还百口莫辩。
窃听风暴,9.1,390348,饰演魏斯乐入木三分的名演员穆荷自己，在两德统一后去察看自己的“忠诚资料”，发现有长达六年的时间，每天向秘密警察报告他的言行举止的，正是他自己的妻子。,我们总是歌颂从未发生过的事。,国安局血的教训：千万别请文艺青年做秘密警察～,2006年最佳奥斯卡外语提名。用自己的后半生成全了理想，沉默又坚定的男人，最后只得到“献给好人的奏鸣曲”。有时选择坚持自己的路，是用幸福去交换的。,两条线，两个男人，两个故事，两个互相打捞的故事。丢了一个，彼此的人生都会沉入海底。当剧作家在街头，看到行走在人行道上的特工时，他本可以上前喊住他的。但是终于是没有。就像哈代所言，呼唤的人与被呼唤的很少能互相答应。他们最终选择了沉默地相互记录。
触不可及,9.2,671746,音乐真棒，看到最后有些意犹未尽。很舒服的电影，故事有趣又会带些感动。两个完全不同世界的人，因为教育、知识、习惯等各种不同造成情节冲突及笑料；而彼此的影响和同化则是感动的部分。对于菲利普来说，有时需要的未必是小心翼翼的服侍，而是像对待普通人一样的无歧视对待。,轻松诙谐，很有趣的搭档故事。但叙事浮于表面，人物塑造脸谱化，故事缺乏真实感（尽管是据真事改编）。弗朗索瓦·克鲁塞和奥玛·赛的表演动人，但受剧本限制人物缺乏层次。过分中正的温情。3.5星。,我想每个人都至少有这么一个挚友，你和他/她在人生的拐点遇到，惊叹于彼此的不同或者相似，有过不少平淡无奇却值得纪念的时光，ta会将心比心，为你的哀伤扼腕，为你的快慰击节，更会在ta的心里，为你留下那么一块永恒的位置，任白云苍狗，风云变幻。,开怀大笑一整场，最后却蓦然飙泪。身份、地位、财富、性格、教养、爱好、年龄，各方面皆如此悬殊的两人，磁场却契合完美。无论爱情友情，所谓好的、有爱的关系，是两个人都在关系里感到开心融合、自由释放、并因而成长。什么是灵魂伴侣？这，就是传说中的，灵魂伴侣。,对残障人士最大的尊重，就是不要把他们当做残障人士。尊重比爱和同情心更高等级
萤火之森,8.8,322002,郁闷死了守着一颗白白嫩嫩的大白菜多少年细心栽培没舍得吃，最后这颗大白菜被猪给拱了的感觉(☍﹏⁰),我说………………既然树枝和毛巾可以，那么手套也不会有问题吧…………所以婚姻幸福就指望保险套了……………………………………………………………………,妖怪有颜就是治愈片妖怪没有颜就是恐怖片,永远不会忘记的拥抱，是你让我曾有过怎样也不想结束夏天,时间停止在阿金消失的那个夏天，一生一次的拥抱放在回忆里不会变老。
功夫,8.5,610180,超级耐看和严重被低估的电影，看十来遍了越看越好看，我想100年后还是有很多人爱看它。,不要说烂，其实很卡通很cult,周星驰形式上的巅峰，但是意境已走下神坛,再都不可能出现比它牛B的功夫电影了,华丽的夸张，情节倒是紧凑，毫不拖沓
菊次郎的夏天,8.8,340011,从没见过那么流氓的温柔，从没见过那么温柔的流氓。,北斗七星的来由：一个小女孩走了很久的路为她发烧的母亲找水，晕倒在路上，醒来时看到自己的水斗里盛满了水，她开心地要跑回家，这时来了一只很渴的小狗，她把水喂了它，水斗就变成银色的，升上了天空。即便自己缺少爱，也带给别人爱，因为头上有北斗。每个人都在旅行，有目的的，没方向的。有的人一直在走，有的人原地呆着，但我们都会经历很多人事，去遇见，或是被遇见。夏天，就这么结束。,相比久石让的音乐，影片相形见拙。电影像是《中央车站》+《完美的世界》的结合，不同是《菊》以小清新喜剧基调和章回体叙事呈现，主角的可爱流氓性格，自始至终赋予影片乐观积极的情绪操控，即便孩子遇见母亲后主题仍能迅速回到积极一面；缺点是一些幽默元素是强加进去的，看似自然却不真实。,看到最后我哭了，巨大的孤独感将我摧毁。,奇怪，明明夏天总会有能烧焦皮肤的太阳，讨人厌的蚊虫，闷热的空气。但只要有一阵风吹过来，夏天就是一年中最好的季节。
模仿游戏,8.7,409285,看完之后才理解为什么学校的数学楼叫alanturingbuilding，为什么工程学院的咖啡馆叫enigmacafe,1最佳soulmate是去掉性吸引力你仍是完美伴侣2唯一爱你的方式，是建造一部解决人类所有问题的机器，冠以你名。卷福又上升了一个新高度，演绎淋漓尽致结巴天才四星半,最后她去看望他，拥抱他。他孤独地站在那一排为之奉献一生并恩泽全人类的庞大机器面前说，I’mnotalone，neverhavebeen。然后伸手抚摸那些柔软的冰冷。它是他的恋人。而谁记得，孤独的孩子，你是造物的恩宠。,天才之觞。AlanTuring的这台babycomputer如今安静地站在曼城的科学工业博物馆一角，看电影之前我刚去看了它。机器不能思考，但天才倾注于它的所有心血和情感，也许是他孤独短暂的一生唯一可宝贵的珍藏。,再被图灵的守护感动前竟然先被KK感动了，“那又如何？我们和一般人不一样，我们用自己的方式爱着对方”
浪潮,8.7,193898,你认为新纳粹主义不会重新卷土重来吗？看看这部影片吧！法西斯强大的生命力深植于每个人内心，轻易被点燃。,奇怪的不是獨裁者而是服從者,“他们无法理解法西斯主义，但突然间，他们就成了这场运动的一部分”，有些事情不是有理智就能够分辨清楚的,由个人魅力领导不平等社会因素推动的独裁主义遏制除领袖外一切个人主义妄图以集体的力量去对抗所有不平等逃避现实忽视个体的重要性只要还有贫富不均那么法西斯主义的民众基础永远都会有的,君子朋而不党。保持每一个独立思考和人格。这是我反对任何机构和活动“党同伐异”的基本原因。包括乐迷、包括观众、包括粉丝，狂热的、无理性的、邪恶的、革命的、红卫兵式的、党卫军式的群体爆发。这不是游戏。后果不堪设想。你知道我在说什么。
真爱至上,8.6,499122,1、每当我对世局倍感忧虑时，就会想到希思罗机场的入境闸口。人们认为世界充满仇恨与贪婪，但我却不同意。在我看来爱无处不在，虽然未必来的轰轰烈烈，但是爱永远存在。父子，母女，夫妻，男朋友，女朋友，老朋友，当飞机撞上世贸大厦时，临终打出的电话，谈的不是报复，而都是爱。如果你肯留意，你会发现爱其实无处不在。loveactuallyisallaround.,我的圣诞必备，年年都是看这个，年年心情大不同，有时候一个人，有时候两个人，有时候一群人，今晚又是一个人，心里偶尔想着另一个人，偶尔想着一群人。★★★★★,足以爱上HughGrant，爱上他的胖女孩，爱上那个男人对好友新娘无声无果的爱，爱上8岁的山姆和10岁的乔安娜，爱上英格兰男人和葡萄牙女子之间沉默的爱情，原谅那条被你带走的项链，原谅再冷都可以的圣诞节。爱上英国。,至少能干掉几十部《全城热恋》吧,我最期待的那一对没有走到一起。
幸福终点站,8.8,361895,我差点以为TomHanks是智障，但他其实是不抱怨，他踏实，他愿意等待。,等待让人生更加丰厚和充满期待，人生由无数等待组成，等待迟来的班车，等待一次机遇，等待成功，等待老去，等待死亡。幸福没有终点站，只要活着就总会有好事发生，在逆境中仍然活的如鱼得水才是一种境界。,我在维克多身上看到了阿甘的影子~~,人不可妄自菲薄，人应当勇敢、坚强、坚定、乐观、积极、向上的活着。,亲爱的，有时候幸福需要等一等。
一个叫欧维的男人决定去死,8.8,240215,气哼哼的人要是爱起这个世界来，真是一把鼻涕一把泪啊。,忧郁蓝为构色基调，适当的黑色幽默略显温馨，亡妻回忆杀构建出老人高大的男友力max形象，毒舌暴戾的外衣下是颗极感性的心，所有的抱怨均是对这片土地爱的深沉，古板和偏执让人格更显真实。当然，作为北欧片少不了提下环境与人文问题。北欧的天和一个一生爱你的男人，这就是女人一生想要的了吧。,我也拦过在小区开大灯的傻逼，把车开上人行道的傻逼，骂过让狗在电梯撒尿的傻逼，就要这样和傻逼干下去。,剧情其实特别套路，每一个步骤都似曾相识。欧维就像飞屋环游记中的卡尔，怀念着完美的故人的同时偏执和固执被邻居一点一点的磨平最终变亲近。淡淡的音乐伴随着平凡又不平凡的小人物的一生。最后一幕真的无法不想到泰坦尼克吧。,巨人的花园，男主年轻时那副严谨又害羞的样子真是太迷人了。
燃情岁月,8.8,206147,TRADITION.真他妈legends！里三层外三层都是琼瑶阿姨...妻离子散哦...家破人亡哦...国家使命哦...男才女貌哦...宏大家族哦...爱得死去活来哦，女主角出场必洒眼泪...我对此类型已无感...,看这片时我有一半时间在哭哭到虚脱……这是美国片商业片心甘情愿的被煽情至此还有它的配乐放烂了没错但实在是好这么通俗入耳的交响曲当年的彼特真正性感如骏马2003，7,基本可给五星，但纠结的情感使人难受。有两种东西会毁掉家庭：带回家的女人，和政治。,2010-11-17看过。剧情时间跨度大，一战和大禁酒时代，美国西部人迹稀少的草原，开头夫人的离开就暗示了这种生活不是每个人都能接受，印第安人的角色也强调了自然和社会、不同价值观之间的冲突。电影用一个家庭一代人的故事串起很多历史事件，个人的爱恨情仇和时代的波澜壮阔缓缓道来。,又臭又长的电影
朗读者,8.5,358382,终于有从另一个角度看纳粹的电影了。人性的愚笨，执着，甚至荒谬，却又是那样的自然，值得同情，甚至是值得尊敬的。这是今年奥斯卡最佳电影提名里面我认为最有深度和内涵的片子。Winslet的表演也相当棒，把一个低层劳动妇女的善良与粗犷刻画得入木三分。,人因羞耻感而保有秘密，却又因秘密而困锁，但又因坚守秘密，留有一份尊严。难以言述的电影。,“只有一件事可以让灵魂完整，那就是爱！”男孩流着泪的脸经过隧道的阴影，变成了男人，但对她的爱从未消逝，从十五岁开始，一直到她死。甚至他死。,这片不用德语就是先天性第一大败笔。改编没做好，知识分子气十足的小说被TMD改成了情色片，sigh，书还是很不错的。,汉娜热衷于倾听朗读，她对文化世界中的美好事物的向往越强烈，她对自己文盲身份的厌恶和恐惧也就越强烈，这是同一种感情的两面。这让她近乎疯狂地走上了一条维护、追求尊严的道路，为此不惜撒谎，抛弃工作和爱她的人。为了守护秘密，你会走多远？
三块广告牌,8.7,576529,當你完全站在喪女心痛的母親這邊時，你才發現她也可以是一個加害者；當你以為警長就是如廣告牌說的懦弱無用，你才發現他也正在自己的生命旅程面對死亡；當你以為種族歧視的白癡警察已經沒救了，又發現他竟因為一封信而完全改變。沒有誰是絕對正義，沒有誰是絕對邪惡，奉愛之名，可以善也可能是惡。,本届奥斯卡主题——美国妈妈牛逼死了。《伯德小姐》《我花样女王》《大病》《三块广告牌》拜托把这几个妈妈凑在一起吧，光聊天吵架就行，比超级英雄联盟好看一万倍。,一直觉得马丁·麦克唐纳是继昆汀·塔伦蒂诺之后最有才华的编剧，他的剧本每次都是超高的难度，既有一流的编剧技巧又有严肃的文学性。他总是以黑色和荒诞的东西先爽到你，最后再慢慢的用正能量感动你，让你在残酷的生活里看到一丝人性的暖色。这次的人物塑造很厉害，最佳群像表演也是这个剧本的功劳。,这部竟然拍得非常温柔，有点落寞和伤感，看完会被人的善良所打动。虽然确实有些天真，但还是好爱这样的电影，会让你很享受这个故事。当然，导演之前擅长的喜剧部分仍然很到位。几个演员都非常出色，女主和两个男配，写得好，演得更好。挺奥斯卡的片，应该能有斩获吧。,麦克唐纳真的太会写对白了，女主每次怼人都怼得很精彩（怼完神父全场掌声雷动hhh），而她怼得越畅快，就越有“一人对抗全世界“的孤胆气概；越坚强就越寂寞、越寻找就越绝望，这是属于小人物的日常英雄/反英雄瞬间，是麦又一次用十分擅长的荒谬口吻讲述了一个沉重的、很人性的故事。
爱在日落黄昏时,8.8,335301,最后的结尾，杰西坐在沙发上似笑非笑的看着塞林，他一定在想，这个女人太他妈可爱，可爱的想立即上了她，再娶她。,浪漫邂逅，偶然错过，久别重逢，物是人非……祝你们最后上床了,最喜欢一起上楼梯那段，也是两小时话痨电影里唯一没有对话的一段，和九年前两人在视听室里一样，安静，尴尬，暧昧得浓厚。,好的不得了的对白,2018年5月12日第三次重温。面容略憔悴的他们大谈政治经济以掩饰慌乱，说着无关紧要暗暗焦虑时间的流逝；可是车内的哭诉和家门前拥抱，还有那首歌，真的那么痛，那么无法抹去，“你”只不过已成为“爱”的抽象名词，终生和记忆捆绑。在语无伦次的的玩笑里，现实的冷峻逐渐渗透，眼神确认爱情的存在。
终结者2：审判日,8.7,238588,少见的超越首部的续集，动作片中的经典~~,伙计们~还有什么比这个更棒的?,看这个我也能看哭，我多感性啊·,金属狂躁！！！T1000的空前绝后在于一个机器人居然真的具有妖气。,终结者三部曲中最经典的一部
黑客帝国3：矩阵革命,8.7,276943,见过太多的才子，才发现都是膜拜的傻子。到底有多少的电影有你的影子。,严重被低估的好片。我走到哪里都为它叫好平反。,在《黑客1》的结尾所说的那个“无限可能的世界”无疑给了我们最美好的憧憬，但是在《黑客3》中，尼奥的死亡却达到了弥赛亚主义的最高潮，虽然“上帝之国”依然没有得到建立，虽然最后的平衡只是暂时的，但是《黑客帝国》依然给我们留下了一个大同世界的梦。,一个bug和一个流氓软件打来打去，打来打去和打来打去,相对于第一部与第二部，这次的完结篇动作场面和特技场面大幅增加。以表达“和平”为战争的主要目的，并且还有几条感情分支为辅助，以大规模机器人作战和最终一战都堪称完美，也让这个经典的科幻作品画上了完美的休止符。★★★★
彗星来的那一夜,8.5,334485,「量子力学的平行多宇宙学说，在交叉小径的花园里总会有一条路，让人们在生命中的每一个节点都得到幸福。在每一次铭心刻骨的选择里，总有一个你选对了路。在茫茫的恒河沙数的宇宙里，总有一个你，终生幸福。」所以，最后我选择了，留在那一个看似最好的版本，不惜干掉另一个“我”。,没觉得有什么“烧脑”的，有的只是人类共享的对未知维度的震撼和恐惧。结尾毫无防备地从科幻硬是升华出了人性。强烈推荐这部画面烂到不如DV短片却出奇有力的作品。,平行时空不稀奇，神奇的是各路平行时空的交汇之后混乱的生活，看完真的有点恐怖。★★★★☆,真·烧脑，认真看了两遍。第二遍主要注意一些细节，杯子啊衣服扣子啊还有走错门二人组拿箱子跑的时候塞进去的隔热手套……最后总结，如果以女主视角来看，到她落单遇上伪老公吓回屋子往后，身边已经没有一个是最早跟着出来的那拨人了，一个觉得自己被全世界抛弃的人其实做出什么来都不奇怪啦,不知道我还是不是我。睡一觉，过一晚，说不定旧我早已被此刻打字刷豆瓣的我杀死调换，因为据说梦是平行世界的记忆显现。把自己敲死挖坑埋了这种念头，估计谁都有过。总觉得会有个更好最好的自己，也是种心魔吧，得治。反正不管有多少个平行世界存在，我敢肯定，那些我不认识的我也都爱涮海底捞小肥羊。
萤火虫之墓,8.7,306225,【B-】一个日本骚年，他妈死了，他爸死了，因为不想工作也不想当兵更不想洗碗做事（俗称废物）所以流落街头没钱吃饭，于是他妹也死了，他自己也死了，啊，太感人了。,又精致又催人泪下。可是二战时期的日本一点也不值得让人那么同情,“我们做错了什么？”这话应该由日本人说么，即使是平民？妹妹的神态、动作、配音都绝了。,虽然事先知道这是个煽情的片子，知道它注定是个悲剧，还是哭了。告诉你这是个悲伤电影，在你准备好的情况下，还能达到效果，的确是个好片子,虽然很悲惨，但是一想到是在二战的背景之下，对于罪魁祸首的日本我无论如何也无法有同情之心。想当年，在中国的土地上，有千千万万比这更凄惨的悲剧上演过
超能陆战队,8.7,661556,故事不新鲜，但角色有新意。几处萌点和泪点全部来自大白，大白的陪伴，让人想起的不仅仅是：大熊身边的哆啦A梦、教授帕克的忠犬八公、坚守地球的WALL·E、邻家的多多龙、维克多的科学怪狗、小嗝嗝身边的无牙、库珀身边的机器人Case、山姆身边的Gerty、Wallace身边的Gromit...,迪士尼最新的Hyperion渲染器，渲染旧金山全景，几千个光源，无数的preceduralshading...碉堡...剧情的话Hero'sjourny，感情带动很好。动画感觉比Dragon2有看头~忘了说一句，记得看彩蛋~StanLee的哏儿~,好想戳爆胖子看会发生什么……,balalala,三番和东京，动画和机器人，樱花和Caltech，我们的城市我们的大学我们的专业，这部片子对我的意义不一样，我真的惊。呆。了。对最近在想皮肤材质和场景建模和粒子特效的我也格外有教科书的意义。再见MonsterCo，你现在排第二了！（DC在这个我所看过的最彩的彩蛋里被Marvel黑出翔~~~！！！！
穿越时空的少女,8.6,282369,她有一条神奇的永远不会走光的短裙!,打多少星都不够,决定一件事，很多东西不能犹豫，特别是中意某个人的时候,我就奇怪她为什么每次回去都是靠滚的,年轻真好，可以为了各种小事情去穿越时空。
你看起来好像很好吃,8.9,233591,里面的恐龙都像是一群会走路会说话的龟头,“感情不分草食肉食”豆瓣评分加分法则：小清新加分，成长加分，治愈加分，卖萌加分，卖腐加分，又是日本的，加分，还是动画，再加分，这么七加八加就加成了一部豆瓣8.9分电影。★★★☆,这个故事告诉我们霸王龙也是可以过肩摔的！！！！！！（小甲龙的声音怎么可以这么萌T▽T（话说这片是天然腐啊兄弟爱父子情敌友CP啥的,童年时彩色的果子和森林，迷路时被莫名其妙的青色包围，可以开心吃肉的平原是一片金黄，小甲龙的盔甲粉橙搭配得真奇怪，面对父亲的时刻不知为啥周围变得灰暗，遇见情人日子天空澄净如许，和妈妈告别时下着白茫茫的雪……嗯，感谢妈妈你让我来到这个七彩斑斓的世界。,成长、亲情、动作、励志、治愈、搞笑、惊悚、史诗、卖萌、卖腐、名著改编一个不少！谁说非我族类其心必异？明明是天下大同好么！看我头像就知道这种人设完全是狠戳我萌点啊！
步履不停,8.8,167131,亲人只有一次的缘分，无论这辈子我和你会相处多久，也请好好珍惜共聚的时光，下辈子，无论爱与不爱，都不会再见。★★★★★,日本的家庭电影已经是世界巅峰了，步履不停是巅峰中的佳作。,我喜欢电影里的台词，真实不做作，却把这个家庭十几年隐藏的哀痛和矛盾表达的很清楚，最让人感动的莫过于倔老头子送走良多后那句像是自言自语般的，“下次来就是新年了吧”，父亲所特有的不动声色的爱啊～,人生就这么步履不停地前行着，那些舍得的舍不得的人和事总会一一远去，以至再也无法望见。你可能偶尔怀念，也可能丢了命似的道不了别。,我了解关于生命的哀伤，总是静默的，漫长的。
心迷宫,8.7,327695,作为一部小成本处女作，这是一部值得鼓励和需要鼓励的好电影。主要好在剧本方面，多视角拼图叙事，缓缓揭开一个环环相扣的农村题材罪案故事。并以此去照出每个人心中的恶与自私。整个片子剧作结构与剧情设定都很巧。只可惜，因为制作成本过低，制作水平还是略粗糙。其实可以更好。,“有些事，非得问出来？不问就是压在他心头，压一辈子；一旦问出来了，这石头就是压在你心头了”赞叙事结构，过去跟现在将来混合，多人视角交叉重叠连锁反应，最后完美衔接…没有一个多余情节，荒诞讽刺，千奇百巧，抽丝剥茧，百转千回。2015《大象》《全民目击》，超过《烈日》《吾先生》年度最佳。,剧本挺有趣的，没有让三段式沦为中国电影常见的山寨故事。电影化处理上有所欠缺（无论一眼可见的演员表现还是画面处理），不知是不是受限于制作成本，不过，作为第一部，确实不错了。中国电影的未来，依然是在乡村和县城啊。,国产犯罪片越来越好。「烈日灼心」力道够了，然剧本硬伤太重。「心迷宫」的剧本真是惊喜。如此群戏能这样流畅地自圆，已实属不易；时间线打散却又让观众能轻易缕清而不显杂乱无章，确是匠心别具地精巧。开场即惊艳；结尾父子对峙戏太棒。当然，为过审加上的那行字幕让人出戏，不过相信以后会更好。,不造有多少编剧爱好者心里都构思着一个昆汀/里奇/科恩式的犯罪故事，有些故事可能永远都构思不完。起码这部电影把每块拼图都对上了，而且非常中国。非常中国的电影里警察很多地方是缺位的，但关键时刻会在屏幕上用汉字提醒观众他们的高能存在
无人知晓,9.1,173400,家中早已经没有了妈妈，生活早已经很拮据，水电早已经停了，今天吃过的泡面汤要留作明天拌饭，喜爱画画就画在水电停用通知单上，从公园偷水饮用，把摔死的妹妹埋掉......这一切，都没有人知道,真是可爱的孩子啊。从《距离》之后，是枝裕和的电影就越来越生活化，有些纪实的风格，琐碎的生活细节，两个小孩甚至算不上表演，即兴发挥的表演也让这部电影充满了生活气息。更难得的是，面对这种狗血的题材，是枝裕和却并没有煽情和大喊大叫，只是让所有角色一起忍耐、承受着，连同观众一起,艾小柯写的：两个十几岁的孩子，白衣服上沾了泥巴，迎着微曦的曙光，在空旷的早晨一语不发的从黑暗走向黎明，耳边响起的是《珍宝》的歌声：“姗姗来迟的春光，让人深吸一口气……我逐渐成长，没有人可以亲近……”——这段情节最美了,看完以后，也还是沉默，没有煽情的眼泪，没有明显的愤怒，就和这部电影一样，平静的说一个难过的故事，但没有一个人流泪，甚至连埋怨都没有。被抛弃真的很可怕。,男孩一次也没有掉过泪，你看见了吗。
魂断蓝桥,8.8,187354,中国式内在的美国电影。。。,真正的经典电影绝非是口口相传，继而跟风装B，而是即便过了那么多个时代，如今看来依旧让人发自内心由衷地喜爱它称赞它。此片真的是经典，费雯丽的表演震慑人心令人难以忘怀。尤其是从她极为迷人的大眼睛流露出的眼神里包含着的各种情绪（而不是像如今很多女星那般眼大却无神），羞涩甜蜜幸福绝望绝决,早期的剧，译名那叫一个经典，一个快狠准，那个时候有匠人精神。,真爱不是订婚之后隔天就跑去打仗再无音信，真爱是一起去车站揽活儿。Kitty才是真爱Myra。,悲剧是把美好的故事撕碎了给人看，用此话来形容这部残酷美好的电影，估计是最恰当的表述了吧。天真可爱又傻傻的玛拉，让她无法面对纯洁的爱情，可是放到现在，谁又会在意的呢？罗伊爱的是你，不是你那些不愿提及的过往。罗伊一见钟情后巴不得将玛拉介绍给自己认识的所有人，又是多么萌和可爱。
无敌破坏王,8.7,359088,即便今年的动画电影整体水平偏低，也不至于把这样一部作品推上神坛。,迪士尼的华丽逆袭！当拉尔夫落向可乐山，耳边响起坏蛋宣言的时候，即使我已经猜到了结局依然被感动到一塌糊涂……,给我一瓶可乐+一包曼妥思我能拯救全世界！！！！,蜀黍和萝莉、御姐和正太的逆天组合，和《复联》《林中小屋》一样，以“穿越”串起主轴，却没有前者的一锅乱炖，而是毫无违和感。以“反英雄”主角的消极情绪，一路升温来找回正能量。倘若你曾是8位机或游戏厅的玩家，必定能够旧梦重温、重拾童趣！,如果说人设制作配乐什么的是动画的血肉，那创意和情感就是动画的魂。而为什么当初说《勇敢传说》让人失望，因为它虽然将前者做到无可挑剔，但它的后者却弱到爆。《无敌破坏王》游戏机内世界的设定之巧堪比当时的《怪物公司》，而对于主角心理的描摹也令人叫好，小机灵更是遍布全篇。最后我有泪啦。
疯狂的麦克斯4：狂暴之路,8.6,347719,分为什么那么高。。。。,核辐射末日美学……不能大银幕欣赏，只能这样了。,全程内心戏都是：【卧槽！还有这种操作！……】,黄沙漫漫，一路追逐一路干。末日疯狂，不死不残不算完。,除了燃，MadMax4还说了一件事。背井离乡七千天，无一日不惦念。不论眼下多苦，相信只要回头就有希望，因为那里是丰饶的绿洲。但这终究只是个幻觉。离开家乡越久，幻觉越严重。你以为逃离能解决一切，但真正的胜者不是寻找greenland的人，而是改变wasteland的人。
哪吒闹海,9.0,161659,蒋勋在孤独六讲里写哪吒，他说，我记得年少时，读到哪吒把肉身还给父母，变成幽魂，最后找了与父母不相干的东西作为肉体的寄托，隐约感觉到那是当时的我最想做的背叛，我不希望有血缘，血缘是我巨大的负担和束缚。父母是我们最大的原罪，是一辈子还不了的亏欠，就是欠他骨肉，欠他血脉，所以当小说描述到哪吒削骨还父，割肉还母时，会给读者带来那么大的震撼。可是，这个角色在过去饱受争议，大家不敢讨论他，因为在百善孝为先的前提之下，他是一个孤独的出走者。,哪吒要是搁现在，就是一少儿精神病患者：躁郁症、暴力狂、自杀倾向、逆反心理……辅导人员要密切关注他看什么书，听什么音乐，玩什么电脑游戏，业余时间从事什么活动，必须定期参加心理辅导，服用抗躁郁症药……比美国哥伦比亚中学枪击案主谋更犀利的家伙,爹爹，你的骨肉我还给你，我不连累你。,~~想你时你在闹海~~,电影真的是时代的产物，小时候看这版的哪吒，不觉得故事有问题，现在再看，才发现这是一个政治味道浓重的故事，传达的价值观念赤裸裸。对比饺子导演对【哪吒之魔童降世】的处理，我命由我不由天的主题又很符合我们当下的主流价值观，哪吒变成了另外一个故事，可能会成为现在这代小朋友的童年回忆，和我们这一代看的哪吒是完全不一样的，可能这就是讲故事的魅力吧。
借东西的小人阿莉埃蒂,8.8,359886,富四代，虽然你粗暴地用华丽的厨房打动了丈母娘，却无法用奢华的别墅赢得美人的心。太多现实问题你没考虑，比如抚育下一代的问题，你想过没有？！！,此生暂借于世上。。这是无言的结局，我能想见阿莉艾蒂最终被同族淳朴少年打动，相守繁衍。那个有温柔眼眸的人，从此相忘天涯，深藏于心。,能赠予你的临别礼物，不过是一块小小的方糖。,比波妞好看多了……而且配乐相当好听……,刚去看了回来，音乐实在太赞了！
爱在午夜降临前,8.8,206833,这世上不会有一个绝对完美的灵魂伴侣，永远都不会有。也许会有那么一霎那的真爱，这不完美，但这就是真实。你如果看不到，你就是他妈的瞎子。,“我虽努力，却难于去亲近自己心爱的人”经历了平淡、争吵、否定、相濡以沫所有最真实的感情状态，18年过后，最难的是仍对彼此保有激情。上一次看到这么纯粹的爱情电影，还是九年前。伊桑朱莉理查请你们9年后准时回来，哪怕拍不动了、聊不起了、原地静坐90分钟，也好啊。期待2022年的第四部。,结婚快10年互相之间还有这么多话可讲，还有性生活，这他妈不是真爱是什么？,虽然之前的争吵真实得让人糟心，但结尾逐渐拉远的镜头仍让人感动。前两部的浪漫与激情都变成了书里的故事，这一部则完全生活下来。各种鸡毛蒜皮的琐事只是一个假设，关于如何让爱延续一生。生活中总会有这样那样的矛盾，人也会变老（比如半裸的朱莉·德尔佩却很难让你觉得性感）问题是我们如何挨过去。,"""Weappearandwedisappear,andwe'reimportanttosome,butwe'rejustpassingthrough."""
未麻的部屋,8.9,175409,达伦，你到底从今敏那里偷了多少灵感，这和《黑天鹅》的设定有很多相似之处啊！镜子的割裂，心理暗示，散碎的剪辑，真他妈牛逼。,好的剧本就是就算你猜到了结局也猜不到全部,《黑天鹅》《梦之安魂曲》轮番借鉴本片。在日本做idol真是不容易，总是在理想和现实中挣扎，被大量地消费色相，想起了也曾被剥削过度的天地真理、冈田有希子、南野阳子、酒井法子、宫泽理惠和泽尻英龙华……也许这样的悲剧还会一代接着一代地进行下去,“好片子，但不想再看第二遍”,想想看这才是1997年的动画电影！今时今日很多真人电影仍然无法比拟它的用心良苦、诚意、和所达到的效果。为了扑朔迷离，今敏用尽心思。
遗愿清单,8.6,241497,在电影最后卡特的念白声中，科尔来到女儿家，俯身亲吻美丽的孙女，随后划去“亲吻世上最美的女孩”，我就开始哭，一直哭到电影结束，太温暖了，这个故事仿佛离我很远啊，可我为什么会被感动成这样子。,笑了三分之二，最后开始落泪。你亲吻了世界上最美的女孩，你们的故事成为别人见过的最美的传奇。,渐入佳境，直击心灵。老卡特的问题：在你的生命中，是否有过欢乐？那你这一生，有没有给别人带去快乐？爱德华的经验：想尿别谦让，硬了就快上，屁要小心放！,喜欢定好小计划然后一一划去的小成就感,三流剧本，一流演技，主要是看两个主角啦
纵横四海,8.8,269657,香港浪漫主义警匪动作片的巅峰之作！那段发哥和红姑的轮椅舞堪称香港电影史上的经典镜头~~,有新武侠的潇洒。“其实爱一个人并不是要跟她一辈子的。我喜欢花，难道你摘下来让我闻；我喜欢风，难道你让风停下来；我喜欢云，难道你就让云罩着我；我喜欢海，难道我就去跳海？”,发哥在轮椅上和红姑共舞，忘不了啊……,你们都知道我的性格，我喜欢西逛逛，东逛逛，我喜欢流浪，其实爱一个人并不是要跟她一辈子的，我喜欢花，难道我摘下来你让我闻闻，我喜欢风，难道你让风停下来，我喜欢云，难道你就让云罩着我，我喜欢海，难道我去跳海？,看过多遍，完全被三个人特有的自身魅力迷住，张国荣用红酒越红外线、三个人的舞蹈，至今都是经典。还有，发哥说，伊拉克不打仗。那是91年。
神偷奶爸,8.6,664849,这个动画片再次证明了，不怕讲老故事，只需要有颗不老的心。打动人的是里面的小情趣，小可爱，小孤独，坚硬外表下谁都渴望一颗被温暖的心。真的远比toy3得我的心。,虽然很俗套，依然百看不厌。那黄黄的小豆子们怎么那么像雷曼兔啊。片中还有WII的镜头。真是又可爱又感动，三个小姑娘太亲切了，还有斯蒂夫·卡瑞尔的精彩配音,造型趣味，3D效果也佳，只是故事实在老套，人物形象也很脸谱化。,比玩具总动员3还要好看，同意的点有用,剧情搞笑轻松，有时又有温暖，看三个小女孩怎么融化坏蛋格鲁的心，还有萌萌的小黄人！
初恋这件小事,8.4,724839,结局真多余。。。。。。。。,一场强大的暗恋背后其实还有另外一场相反的暗恋,你有几个最佳损友，她们陪你分享你心里的小秘密。你在初中小心翼翼的喜欢一个男孩子，你收集关于他的一切消息，你在你们共同上学需要走的小巷口左顾右盼，你记住他的每一句话，你为他做了让自己可以变得更好更美的所有事情，那些好长好长的岁月里你只是想让他看你一眼而已。,那英语老师是凤姐么--什么时候去泰国发展了。。。,要不是这狗血的结尾我会打五星的！最让我感动的反而不是初恋了，是这群丑小鸭之间的友谊，让我想起我初中时候的那群小姐妹，“朱古力跳跳队”——谢十三、吴玲、杨秀丽、徐星云、拉链、吴美，还有我，一共七个，傻妞！十二万分怀念那个时候的我们……向青春致敬！
恋恋笔记本,8.5,445360,飞屋环游记前传,1.先入为主是王道。2.等人不要等過7年。,我会永远记住你。爱情没有那么多借口，如果不能圆满，只能说明爱的不够。,俗套的好看。“爱情没有那么多借口，如果最终没能在一起，只能说明爱的不够。”,为了那一池子的天鹅
天书奇谭,9.2,128455,这是中国动画中的又一部里程碑似的、绝对顶级的、足以彪炳史册的伟大作品，从故事情节的编排到人物造型与性格的设计再到动画技术的运用都堪称无以伦比，它虽然没有《大闹天宫》《哪吒闹海》在国际上那么知名，但我相信不少人还是会在自己心中将其列为中国动画的第一，因为《天书奇谭》绝对有这个实力。,"看了很多遍.喜欢.那个年轻的女狐狸精真美,声音也动人.",可以打10星,“你是蛋生的，所以叫蛋生~”蛋生的师傅好帅啊~~~~~~~~,普罗米修斯
色，戒,8.4,446859,男人是政治的动物，女人是情感的动物。李安用床戏“将易先生的内心活动外在化，外显他的恐惧、他的愤怒和挫折。你可以形容一个人如何不具备相信别人的能力，但更绝的是让他在高潮时都不敢闭上眼睛”“如果说断背山是一段发生在天堂里的爱情，那色戒就是来自地狱的爱情。”——李安,表面上是王佳芝的自私害了一群战友，但她的上级早就有机会杀了易先生，却为了得到更多的情报迟迟不动手，打着“爱国”的旗号逼良为娼，强迫早在崩溃边缘的王佳芝继续和易先生发生关系。在拿出实际行动证明对她好的易先生，和惨无人道、毫无人性的党之间，王佳芝只是选择了前者而已，她真的有错吗？党在本片的形象并非伟光正，而是为了达到目的不择手段，甚至放弃人性和道义，这也是在华语片中罕见的。,王力宏是最大的败笔,再看《色戒》觉得很残酷。王佳芝是因为爱上了邝裕民才加入了这个所谓的爱国计划。但这个口才甚好的爱国青年却不像他所标榜的那样勇敢。甚至连担起对心爱的女人在肉体上负责的能力都没有。而后她却发现易先生跟她想的确实不一样。易是个好情人嘛。至少她愿意为了他放弃这个计划。而这个计划的败露则意味着让她自己死。最后那些革命者面对死亡哭了。这个电影蕴涵的太多。很喜欢。,汤唯太美，沉静自持。整个电影紧张饱满，眼角眉梢没有一出不是戏。
怪兽电力公司,8.7,430133,其实我觉得。。。这片是一对gaycouple养孩子的故事。。。,口碑巨好但我一直都特无感的一部。。。。。。可能是因为我特烦小孩吧。。。看到片子里那个孩子一直闹闹闹，我都快疯了。。。这里面最喜欢的就是布西密配的兰道~~~~~~~大眼怪也萌死了~不过放在2001年确实不错~~~,"""不要给它起名字，起了名字就有感情了""，不管是什么物种，它们的情感在皮克斯手笔下永远都是那么细腻，看到毛怪对小阿布告别时说：“Goahead,Gogrowup...”眼珠各种打滚。《WALL·E》之外最爱的一部Pixar动画长片。Wescare,becausewecare.",买了张蓝光碟，再次重看，画质优秀了，似乎离怪物们更近了，原来毛怪10年前的毛发就这么逼真了。再次感叹皮克斯的创意和想象力，最棒的地方也就是这个创意了，皮克斯的动画片过程可能都很相似，唯独创意个个都很独特。★★★★,片子本身很平庸，而且大毛怪这种只顾自己当好人的性格很让我觉得讨厌，那个小女孩也很烦，反派也不够强力，不过大眼怪这个角色倒是很有意思，另外CDA的No.1婆婆也很不错…剧情方面，开头电力公司到处去吓小朋友的故事很有意思，中段二怪照看小孩比较索然无味，最后的开门战还算精彩，3-4星间给个4星吧
可可西里,8.8,197832,见过磕长头的人吗？他们的手和脸脏得很，可他们的心特别干净。我卖过皮子，可我没办法。,在中国最傻逼的问题就是：“县里不给你们解决经费吗？”。最耐人寻味的回答的是：“我们没有编制”。众所周知的是，有编制的从来不管这些事情，因为组织没安排。,分不是给你陆川的，是给那些人,“你看过磕长头的人吗？他们的脸和手特别脏，但他们的心特别干净。”,不是路川会做的更好
大佛普拉斯,8.7,248190,年三十晚，我妈在旁边和我一起看完了那场两分钟的车震戏。年度最尬观影体验........,「雖然現在已經是太空時代了，人類可以搭乘太空船到達月球，但卻沒辦法看穿每個人心裡的宇宙。」,人生好孤独啊，我们作为朋友，你却一点不了解我；我们作为爱人，你却要杀掉我；我们作为亲人，你却要欺骗我。就让我做一个追逐海浪的人好了，没有故乡，在世界上仅剩的一张摇篮上，抱着你的遗像，用沉默祝福你，用愤怒度化你，用夏天的雨纪念你。,看到“我要你干我”的时候家里人推门而入，真的百口莫辩,生而平等是不存在的，死而平等也是不存在的，唯有人类永生的孤独是众生平等的。
冰川时代,8.6,433683,很久很久以前的冰河世纪，一只剑齿虎攻和一只树赖受相遇了……最后他们和宠物长毛象幸福的生活在了一起。THEEND~,2009/4/4夜，土豆网，台湾配音，象和虎的配音缺乏感情，情节老套，笑点贫乏，价值观扭曲，俩素食动物不让肉食的虎吃同样肉食的人，虎不吃肉，难道去吃面包？人不是要照样猎杀象和虎？2星。,还好是由动物出演，如果是真人的话，你一定大叫：“哇噻，这是一部gay片来的嘛”！三个雄性动物千里迢迢护送一个小baby回家……？其实我早就过了为卡通片的桥段而感动的年纪，但是在三个动物与小baby告别的时候，我还是情不自禁的哭了，只不过，眼泪还没擦干就又马上嫌弃自己太恶心……,这只松鼠才是角儿！,我纯粹是喜欢那抱着松果的小倒霉蛋儿松鼠，哈哈……
我是山姆,8.9,196123,孩子和“傻子”演技都很强大，更重要的是，它表现的一种富于人文精神的理念。,怎么说呢，西恩潘的表演五星，范宁五星，菲佛五星，也被催泪的不得了，可就是不知道问题在哪里，不喜欢这个（也确实显得很真实的）故事。,哭到只剩半条人命~,哭啊一直在哭……,allineedislove~很浓的beatles情结，小女孩好萌
风之谷,8.9,269828,在此我们可以见到比卡丘的渊源，可以看到Spike飞船的渊源，可以看到虫师的渊源，也可以看到诸多动画人因此崛起的渊源。,"当女主角在黄金之海上复活的时候,我那发达的泪腺又西里哗啦了..",细节：解开那个女孩衣服的时候看到了什么？,潇洒、乐观、仁爱的女英雄，用爱拯救了自己的领土。宫崎骏的电影真的是太有启发性了，小时候也是完全没看懂。宫崎骏不管哪部电影都是在宣导爱，正义，和平，友善，人性的温暖。但，王虫真的好恶心！,宫崎骏的主角为什么都是女生==
2001太空漫游,8.8,186819,现在这个年代没人敢如此玩观众了。,既为举世公认之经典，必有高深奥妙之内涵。若觉难以理解，不妨从自身找找原因。对超出自我认知水平的事物极端排斥已属不智，再加以肆意的诋毁和谩骂只会将无知与庸俗进一步放大。更有甚者分明是哗众取宠，名为鄙视随波逐流，实则借机标新立异，以此彰显自己是如何的与众不同。实乃跳梁小丑，贻笑大方。,"首先你得忍者看完第一遍,觉得不知道在说什么;看了第二遍,觉得好像有点意思;看第三遍,知道原来这个电影讲述的是多个主题啊,看第四遍,觉得好像看懂了点什么;看了第五遍,啊,真他妈太牛了!这可是1968年的东西!",这部片子有三个特征：1）看不懂2）无数的符号3）必须熟读尼采4）六十年代能够做出这样的特效真的是惊天动地,不好意思我只能把经典电影给两星因为不喜欢
再次出发之纽约遇见你,8.5,284277,电影院里坐我前面的男子，每当音乐响起时，都会打开QQ音乐的曲目识别，我很想告诉他，你每一次搜到的歌，都收录在同一本原声带里,KeiraKnightley的衣服真好看，穿出一种闲闲的、不用力过猛的精致。平胸果然是王道，轻盈、削薄、纤细…像未发育起来的小女生，又像清秀版的小男生。只要不用那著名的下巴颏演戏，KK也不是很讨厌嘛。MarkRuffalo这只卷毛，每次出来我都想让女猪脚跟他滚床单否则不能尽兴究竟是什么心理。,我知道它不完美。我知道爱上和音乐生活的人是什么感觉，也记得他开始给其他女人写歌时，是什么感觉。KK比我想的好太多。Mark和Adam是两个阶段，别做谁的fucking缪斯，记住这一刻就够了。分享歌单踩街曾是我年轻时的恋爱法则，现在都不再重要，想到这，又哭了出来。Mark演的特别好，我爱每一个瞬间。,电影给4星，歌曲加一星。原声带真的是要进入本年度最佳电影原声候选了。,#SIFF#对不起Mark叔太adorable了我满脑子都是“啊啊啊啊啊”，在天台弹贝斯的地方啊啊啊啊啊啊啊站在镜头边缘我也只看见他啊！歌非常非常好（反正歌一好我就会冲动给高分别理我）！情节不像once那么散，城市环境音的想法很有趣+乐队成员间的dynamics酷毙了！
海边的曼彻斯特,8.6,336113,看出来了，奥斯卡就是集五福，俗到没朋友。这种丧不出来非要丧的东西，竟然还有人说这是生活,我和我不想要的后半生，我和我不愿意和解的自己。你们都朝春天去，就留我在破碎里又丧又美丽。,那些劝我们向前看的朋友，“不是所有人都可以和过去和解”,有時關不上冰箱的門腳趾撞到了桌腿臨出門找不到手機嚎啕大哭你覺得小題大作只有我自己知道為什麼,又名《回忆杀》。有遗憾和失望，二刷后感觉对角色的好感甚于电影，卡西的角色写得演得太饱满了，让我对这个角色产生了依恋感。
达拉斯买家俱乐部,8.8,306933,马修麦康纳和杰瑞德·莱托，他们两不拿小金人真是没天理。现在打赌，2014金球奖和奥斯卡，最佳男主或最佳男配，他们至少一个，若没得奖我吃键盘，上图。立此为据！！8.6（PS：键盘君终于舒了一口气，2014-3-3。==！）,男主、男配演技都破表了。上次见马修.麦康纳还是<林肯律师>里那个拉轰的帅叔，又屌又骚包，这部就眼窝眍䁖、腮帮塌陷、瘦到脱形的战艾斗士了。最诗意，是万千黄蝶绕身飞舞那一幕，如幻似真。对有些人来说，活着就是紧紧攥住意志力的缰绳，制服那头蹦跶公牛，尽量不从牛背颠下，能待多久，就待多久。,用最轻松的态度拍出了最沉重的题材，完全不加煽情的感染人心。男演员们演技都大发了，今年JaredLeto不拿最佳男配我特么就撕逼！！！！,JaredLeto的腿比女人还美！！！JaredLeto的腿比女人还美！！！JaredLeto的腿比女人还美！！！JaredLeto的腿比女人还美！！！【说正事，这热血抗艾片真是百年难遇地好啊，仔细想想，能把lifeoutweighsmoney这种俗道理包在热血的外衣下讲得这么动情深刻。fuckyeacowboy!!!!,满眼都是演技的片子，编导的功力都放在了两位戏霸身上了，一个皮包骨，一个异装癖，不是剧本给了他们多少戏肉，剧本多么偏袒他们，真的是这俩戏霸在用生命来演戏。其实这个从非法走私药物逐步到为人权抗争的故事本就很精彩，如今在两位戏霸面前，能让人印象深刻的也就是他俩的神演技了。★★★★
玩具总动员3,8.8,334194,"闪耀着万丈光芒的又一动画杰作。每一处笑点都能轻易抓到，让我就像是回到了15年前，开心到得意忘形。最后一场戏动人程度堪比UP的""marriedlife""!",我87年出生，，看toy1是小学3年级。看toy3是大学毕业。纯爷们，没哭死我。。。。我想说这是皮克斯送给我们这代人的一份礼物。再见了，我的童年，谢谢你，皮克斯,它对于我已经不仅仅是一部电影那么简单，而是代表了对于童年时代的记忆与怀念，整个电影院从头到尾笑声不断，但我相信，更多人会被影片的后半段打动，相信看过前两部的人都会很感慨。★★★★☆,感觉很平淡呀，难道童心离我而去了吗？no...另外，3D效果不如驯龙高手。,还记得你的那些玩伴么？
小萝莉的猴神大叔,8.4,329916,瑕不掩瑜，两个半小时喜怒哀乐无尿点，心底无数只尼玛跑过：国产娱乐圈（念第四声）上一边天天几十亿去吧！,近年印度神作频出。三傻，印式英语，偶滴神啊，地球上的星星，贫民窟的百万富翁等等等等。每部都让人印象深刻。此剧主题是爱，穿越种族宗教国家争端，三观正都到不行，满满正能量。很美的萝莉，一脸正气的男主，创意鸡肉舞加上令人惊艳的巴基斯坦雪山美景，绝对值得159分目不转睛的观赏。,推荐！推荐！推荐！理由一，宗教、国家、种群冲突，人性美与规则法律的碰撞。小事件大主题。理由二，有血性，有情怀，有毅力，有原则，有大爱。理由三，男主表现极佳，小萝莉笑容极甜。理由四，片长159分，但看着轻松愉悦。,最后一幕永远定格在我的内心深处，人至善、水至柔、景至美、情至真！再铁骨铮铮的汉子也会为之动容，宝莱坞真的不得了！这几年电影不可小觑，小故事大道理发人深省的题材已经独具匠心别具一格！果然有宗教的民族与金钱至上的国度不同啊！人类最最美好的东西通过这部电影保留了下来！谢谢你们的用心！,难道是政治阻止了爱？圣母婊以为爱可以战胜一切
完美陌生人,8.5,382232,糟糕的剧作，为了说教而硬性制造冲突，还都堆在一餐饭时间里，每一个冲突冒出来的时间点都精打细算分秒不差。而且要说教的道理也非常肤浅和老生常谈。整体来说就是意大利知音或读者的水平。,女儿早就看出了她妈的婊，果然女人才了解女人,女主人这个婊啊，睡朋友老公还提议玩看手机的游戏，算准了自己最安全因为这个人不可能当面打给她吧……细思恐极,特别喜欢男主人和胖基佬这俩角色。,不要考验人性，因为人性不配。
爆裂鼓手,8.7,375630,我在同样变态的师傅手下呆了三年，祖宗十八代被骂了个遍，没空吃饭上厕所睡觉交朋友谈恋爱，脊椎侧弯，颈椎强直，严重慢性疲劳，什么都没干，就是学敲键盘写文章。而我的极限在我妈看来不过是纸上吹牛皮而已。这个世界从不善待努力的人，努力了也不一定会成功，但是知道自己在努力，就是活下去的动力,燃！爆！了！相信每个练过乐器，或者在艺术表演方面付出过汗水的人都能找到深刻的共鸣，那种对严师又敬又怕，想汲取他们的能量却感受被逼至悬崖的窒息感，想在技术上完美再完美一点却发现音乐远不止这些的惊喜与恐惧...片子就像里面的爵士乐，是肾上腺素爆发的血汗结晶，它不完美却无可取代,如果你还有空去琢磨片子里的不人道行为和思考扭曲的人物关系，那么你也许错过了其中最美妙的部分：节奏。整个电影的剪辑踩着每一个最扣人心弦的镜头行云流水的推进，两个主演的表演也是每一帧都没有跑调，片中所有的轻重缓急都似乎是浑然天成的组合，推着人随节奏进入到只属于艺术人生的不疯魔不成活。,清晰果断。……另外这部电影真是不错的试金石，看看短评就知道了。只从中看到痛苦，而看不到痛苦之中挟裹着快乐的人，大概从没认真追求过什么。,"我不否認在觀賞度上，這是部精彩的電影。剪輯犀利，節奏甚好，男主男配都有優秀演出。但是我不認同裡面所肯定的價值觀。亦即用肉體/精神虐待逼迫出來的人才是真天才，並認為這種""犧牲""是必要。我只能說那是終於找到男主可以互殺互陰配一對，但在那之前毀掉了多少個喜歡音樂又有才能的學生?"
二十二,8.7,201555,可能成为这些老人最后的影像了。不谈技术，这部纪录片本身的意义值得五星。,题材很好，但是这部纪录片几乎没有成形的故事，以大量空镜头表现情绪，对内容进行碎片化的罗列，而挖掘不深，镜头语言上的调度目的太过于显著。虽然知道拍摄很难，但是纪录片毕竟不是写调查报告，必须作为一个成熟影像展现给观众。,去年上海一处“慰安所”被强拆，周围群众说那是妓院，对小孩不好，应该拆。我们在犯我强汉者，虽远必诛中集体高潮，却不能正视历史的疮疤……,同意“抢救式记录”的说法，初衷值得肯定，但这种题材光以情动人还远远不够。动不动就以各种漂亮（却做作）的空镜串场，开始还是因受触动而落泪，中段起基本都是因为哈欠了。“去苦难”适得其反，内容单薄隔靴搔痒，素材组接无力，没空镜就成了个短片访谈录。“唯美”的制作思路其实更接近剧情片，然而呈现出的效果却更像一场以慰安妇老人为主题的摄影展。同样是拍采访，得学学人家王兵“人类学影像”的力量是从哪里来的。,没资金，采访人数少，资料缺乏，能拍已经是勇气。这种题材，还想组织得多丰富多显眼？打分低的是多专业呀！！！一堆评分低的说些白痴都知道问题。还有一个说没准备好！准备好，老人都走了吧！无论如何，伤疤都在哪里，不是谁去揭不揭的问题。不然老人跟他们说谢谢，不跟你们这帮脑子进过期豆瓣的人说
追随,8.9,124344,我已经几乎可以荣封诺兰为我最喜欢的导演了。这不仅因为同样是环状叙事他的片比昆丁少了许多矫情，更因为他太好的掌握了观众的智力和口味，光凭剪辑和讲故事就能在imdb250里占据那么多席。更因为他那么清楚文青的心理——就是喜欢默默躲在小角落里偷偷观察人，猜测每个人背后的故事。,我曾经跟踪过一对陌生情侣，因为他们走的太快了，完全不符合正常情侣的步速，这让我好奇。当他们拐进路边的快捷酒店时，一切疑云烟消云散。,虽然你行的是鸡鸣狗盗之事，但也不用摆出一副鸡鸣狗盗之相,牛B导演都是从年轻时候就牛B起来的。,两个发现，一个主角叫Cobb，另一个主角房门上有个蝙蝠侠标志。
完美的世界,9.1,161149,我只杀过两个人，一个伤害了我妈妈，一个伤害了你,他看见他，他带走他，就像带走童年的自己。他终于相信这个世界有鬼了，眼前这个开枪打伤他的小鬼就是童年自己的鬼魅。“再见，这是完美之旅。”再见，布奇。,有史以来哭的最伤心的一部电影~,遥远的记忆啊……每次看的时候都想如果Kevin要我做人质，一定张开双手欢迎，然后收紧两臂学足无尾熊的样子抱住他的大腿死都不放。有他当爹，再有Eastwood当爷爷，就是一个perfectworld了。肚腩长在有些人身上莫名地就成了一块萌肉,他杀过人，却未动手打过一下菲利普，这段通往地狱的旅行过程中，当他看到妈妈因为怕孩子把新车弄脏而打骂孩子；爷爷嫌孙子动作慢而对孙子抬手耳刮子时，眼底的愤怒与不屑、憎恨与仇视，皆因他拥有一个对任何人都拳脚相加的父亲。这段近似父子的不寻常感情在影片结尾得到升华，我亦哭得稀里哗啦！
东邪西毒,8.6,413214,“每个人都会经历这个阶段，看见一座山，就想知道山后面是什么。我很想告诉他，可能翻过去山后面，你会发觉没有什么特别，回头看会觉得这边更好。但是他不会相信，以他的性格，自己不试试是不会甘心。”,"在我最美好的时间,我最喜欢的人不在我身边。如果时间可以重新开始该多好。",090331美嘉——这样的片子还是不适合在电影院看——人多的时候看这样的电影，就是一个旁观者。,还是最喜欢张曼玉在窗边那几段……,"当一个人没有办法拥有的时候,最好的办法就是,让自己不要忘记....因为这句话喜欢这电影."
牯岭街少年杀人事件,8.8,173005,很多电影里都会杀人。只有在杨德昌的电影里，那不是杀人，那是整个世界的崩毁。他要你眼睁睁的看着，他用两个多小时创造的世界，在少年捅下去的那一刀里，灰飞烟灭。,海那边六十年代的生活跟海这边八、九十年代差不太多，但tmd海南边的学生凭什么人手一双converse？凭tm什么？,弱者送给弱者的一刀,四小时冒油。五十年代台北群像。十四岁的张震。发力的杨德昌。成长编年史。黑暗中闪光。再回首，青春的轨迹依然明晰到深深嵌入地表，但那种鲜明和深刻是根本由不得人再走一遍。每一个时代都有各自的悲哀和伟大，卑微的人弯着脊背，聆听风雷，勇敢而纯洁的人拿身体和理想叩问苍天，从内部上升或陨落。,近四个小时的长片，我一直不入戏，张震也青涩得让我无感，直到Honey的出现，我才静了下来。这个小混混里的前老大，竟然穿着海军服，又帅又温和，席地而坐说起他看过的最厚的一本武侠书，叫《战争与和平》，英雄主义浪漫至极致的悲壮。
海街日记,8.8,258523,娶大姐为妻，和二姐谈恋爱，把三妹当妹妹，生一个四妹这样的女儿。我爱这温暖治愈的四姐妹，像爱我用心写过的四首诗。,四姐妹在自己家还得穿胸罩，看来大家的关系也没有很好！,把绫濑遥、长泽雅美、夏帆拍得美，是一件太简单的事——譬如开头。但在多数时候，是枝裕和故意让她们显得没有那么美，与那座老房子和日常事物紧密粘合。一花一世界，一木一浮生。反正打开二十秒，后面就停不下来，不想快进不想暂停更不会想关掉。说很平淡很无聊的，开什么国际玩笑啊。,“有些电影惊心动魄是在提醒你它是部电影，而有些电影平平淡淡是在告诉你这是生活。”,总觉得一种日式情趣压倒了电影本身
东京物语,9.2,85194,纪子善良归善良，但这并不能成为讽刺其他子女的利刃，谁也没有错，只是人生如此，自然法则如此。这正是这个世界让人灰心的所在。小津中距离镜头90度拍人物让我十分尴尬。,“兒女們未必不愛自己的父母，他們相信自己是愛的，但卻在日常生活的淘洗中漸次失蹤了那份感情，愛與尊敬只剩下一個自以為是的幻影。”,东京那么大，如果有一天走失了，恐怕一辈子不能再相见……,这世上本来就有许多令人灰心的事情。所以，还请你不要太灰心。,刚到东京的时候，妈妈说：“原来东京这么近。”决定离开东京的时候，妈妈说：“东京真的太远了。”
上帝之城,8.9,220841,脸盲症发作，愣是20分钟才把人脸分清。,看过巴西，才知道我国多么安定……,li'l的发小同伙眼镜benny太可爱了...五官一点都不像典型黑人，笑起来还有甜甜的酒窝..迄今我看过的最好的拉丁电影,史上最强剪辑，《低俗小说》遇上它也要甘拜下风！第一次接触巴西电影，就让我着实惊叹了一大下~~,可是我们的困难无关紧要，在里约热内卢的风景明信片上，是不可能看到我们的
记忆碎片,8.6,420681,有些故弄玄虚，其实我原本应该很喜欢这种结构，但不知为何这部让我不太感冒,你可以连看5部烂片然后忘掉他们或者用同样的时间把《记忆碎片》看上5遍然后爱上它,"最靠谱的评论来自2008-02-2404:45:21MILKY_MOMO我比较倾向“否”的答案，也就是lenny只想杀掉间接导致他妻子死亡的仇人，并且摆脱一直在利用他的teddy。虽然这个答案降低了电影的内涵，破坏了电影的结构美。但这答案符合逻辑。首先，要确定确实存在第２个没有伏法的匪徒（这一点是没有疑问，如果网友有疑问，请自己在电影中寻找答案，篇幅问题，不赘述了），lenny的心理失忆是对他的仇恨引起的（不然“否”这答案的可能性就不存在了）。其次，lenny在杀掉第２个匪徒，大仇得报以后为什么还继续玩侦探游戏，假如lenny只想杀掉那有且仅有的一个仇人的话，为什么还有现在看的这部电影，那人不是早被lenny杀掉了吗？问题在于lenny虽然想要结束“复仇”，但是因为记忆问题一直在被teddy愚弄。这点导演有伏笔，影片中lenny打电话时突然看到自己手臂上纹着“绝不要接听电话”的字样。这情节很突兀，唯一的解释就是lenny曾意识到有人利用电话来愚弄他，lenny早就对因为记忆问题会被利用有了警惕，而利用lenny的那人就是teddy。Lenny拒接电话后才逼迫teddy从利用电话背后操纵lenny浮出了水面，从而被lenny在一次利用自己的记忆缺陷伪装不认识teddy，试探出teddy愚弄他的事实将他锁定并且干掉。Lenny的记忆本是一种缺陷，但他利用自己的缺陷试探出敌人，多么聪明呵。Lenny只想杀掉有且仅有的第2个匪徒的心理，在电影很多地方曾被暗示过。只不过被许多网友选择无视。比如lenny和natalie的一段对话Natalie：不过即使你报了仇，你也不会记得。Lenny：妻子的仇不可不报，记不记得无所谓，即使记不得，依然值得做。即使闭上眼睛，世界并没有消失（这句是关键，lenny相信的是事实，是事情的真相。换句话说，lenny不在乎自己的记忆，而在乎妻子的仇得报的事实！）。我可以拍张照片来提醒自己，或者再纹个备忘录在身上（这句可以断定lenny打算报仇后就停止侦探生活。与之对应的是，他报仇后的照片在teddy身上，也就说明了teddy愚弄了他，teddy私藏了lenny报仇后的证据，也就是为什么lenny还在继续“报仇”的原因）让大家疑惑的是电影的最后一段，貌似lenny打算销毁真相，打算继续愚弄自己。其实大家完全被lenny这个有记忆缺陷的人骗了，他销毁照片只是为了杀死teddy。分析一下电影最后一段lenny的心理独白就可以看出来：“我不是杀手，我只是想补救错误（错误是被teddy利用成杀人工具，错误是误杀了jimmy）。”“你以为我想再去解另一个谜（话后语当然是你猜错了）？再去找另一个John•G？你也是John•G，你可以做我的John•G。我要自欺欺人才快乐（显然不是）？teddy，对于你，我会（只对你，会，因为你愚弄了我）。Lenny的最后一段心理独白这断话表面上像是lenny打算继续当侦探报仇的宣言，其实恰好相反，这段独白最为复杂，是电影迷题的核心：“我要相信世界不是我想象出来的，我要相信我所做的事情仍然有意义，即使我不记得做了什么，我要相信，即使闭上眼睛，世界仍然存在（貌似打算继续自欺欺人，其实这是知道自己已经报仇成功后的lenny在告诉自己――即使今天以后我不记得我已经报过仇了，我做的事情依然有意义，因为，即使我不记得，世界仍然存在，事实仍然存在――即使我不记得，我也已经报过仇了）。“我相不相信世界仍然存在？（注意，这句话后有一个非常关键的画面，这是lenny幻想出的场景，lenny和妻子在床上，lenny胸口有“Ihavedoneit”的纹身。这是lenny在知道自己其实已经报仇后的一副心理画面的描写，可以看做是lenny了结了心事后的一个奢侈的幻想，一个对他来说完美的幻想――妻子没有死，温柔地躺在他身边，而同时他又报了强*妻子的仇，Ihavedoneit。妻子没有死当然只是幻想了，剔除了这点，只剩下了另一个让他满意的信息剩下，Ihavedoneit！我已经做完了！因为这是lenny梦想中完美的世界，我们可以就Ihavedoneit这一句断定，lenny渴望的是已经做完了，而不是要继续欺骗自己去报‘假仇’，换句话说，lenny渴望终结，而不是没完没了。另外，扯离话题，这个幻想的镜头真是一副让人痛彻心扉的画面――妻子抚摩着他纹着身的胸口――这画面用弗洛伊德梦的解析方法来分析，包含着非常复杂，信息量巨大的感情――这里面lenny对妻子蕴涵的爱就不说了，lenny的孤独，复仇后希望把消息传达给死去的妻子而不能的伤心，以及lenny以残疾之身得抱大仇背后的艰辛，特别是这种艰辛渴望得到已经不可能得到的的妻子安慰背后的痛心。无奈，巨大的无奈！这画面让我无泪。）世界仍然存在？我们需要记忆确定自己的身份，我并不另外（这句话lenny说的很得意。是lenny想出杀掉teddy的办法并且能终结自己复仇生涯后的得意――至于lenny想出了什么办法终结自己复仇生涯后面再讨论――lenny很得意，一种认同自己的得意――所以他说，我并不另外。）”好了，不磨叨了，用一个情节就能完全确定lenny的不打算继续自欺欺人――那就是他纹在身上的“事实６”，teddy的车牌！当lenny杀死teddy后，这一切都结束了。Lenny的所有复仇的线索（文身）都指向teddy，当Lenny杀死teddy后，所有线索都终结了，lenny会很容易调查出他的仇人的车牌是个死人的车牌，他也没有任何线索再继续下去了（再继续？你先让lenny把纹了一身的文身清除掉吧，否则每次他都是找一个死人报仇了）。这就是lenny想出的既杀了愚弄操纵他的人，又让自己停止继续报假仇的办法。整个电影可以简单地看做一个记忆残疾人杀死利用他的残疾来愚弄操纵他的人的故事。另外，最让观众疑惑的是teddy说lenny自己撕掉了警察档案的１２叶纸来自己欺骗自己。你真相信teddy的话吗？teddy的话虚虚实实，有些是真，有些是假，这一段就是假的，事实上，那档案应该是teddy撕的。试想，teddy要是不故意迷惑lenny，又怎么能利用他，欺骗他来杀掉jimmy呢？teddy私藏了那些照片。电影中lenny不接teddy电话时，teddy把lenny的报仇后的照片塞进主角房间，逼lenny接他电话。为什么lenny报仇后的照片在teddy手上？因为teddy要误导利用lenny去帮他杀人，所以teddy不能让lenny有已经报完仇的证据，所以teddy私藏了那些照片。与之同理的，teddy既然能用把lenny报仇后的照片私藏的办法误导利用lenny，那么teddy也能（而且必须）用相同的手法撕掉那１２页的警察档案来误导lenny（不然，无法利用他）。至于影片最后lenny又烧了照片，这还是涉及电影的“ＢＵＧ”问题，和为什么不立刻杀死teddy是一个问题。请你再注意电影开始的第一个镜头，是lenny拍下了teddy死亡的照片。假如lenny打算继续玩杀人游戏，那他就不会拍下这张照片了。他拍下照片，就是要结束所有一切。假如lenny决定继续玩杀人游戏，他何必拍下照片。如果按照你的解释，lenny会再把照片烧掉，这样解释不是脱了裤子放Ｐ，多此一举？lenny杀死jimmy时，他也是立刻拍下了照片，要保留证据。结果jimmy临死时说出了“Sammy”这个词，lenny立刻明白自己杀错人了，非常痛苦，责备自己说“我做了些什么啊”。这时候teddy来了，lenny非常机智地假装不认识teddy，利用自己的缺陷明白了原来这一切都是teddy导演的，然后才对teddy起了防备之心（或者杀机）。你思考一下这个问题：lenny只有十分钟的记忆，是否可以证明lenny的个性是永恒不变，处理问题的方式永远不变――因为人的性格不会在十分钟内发生巨大变化。假如lenny烧照片的话，那么说明他的性格和处理问题的方式在１０分钟内（其实更短）发生了巨大变化。说的更深一点，假如你的解释正确，lenny是喜欢玩“侦探杀人游戏”的人，那么他就是个草菅人命的垃圾，为了满足己私，不顾其他无辜人的性命，就lenny的“个性是永恒不变，处理问题的方式永远不变”的生理弱点来推测，假如lenny是这种人的话，那么lenny在杀死jimmy后，为什么会为自己杀错了人而后悔？我们把剧情截断，如果lenny在杀死jimmy后，teddy没有出现，你觉得此时为杀错人痛苦万分的主角会决定继续玩杀人游戏吗？这样就在一个恒定性格的人身上产生了一个人性悖论――――――杀错人后悔――――――――想要杀无辜者来满足自己私欲。想要杀无辜者来满足自己私欲必然会杀错人，杀错人会后悔就不会想要杀无辜者来满足自己私欲。你怎么解释这种人性矛盾？别和我说lenny是多重性格的人，那么我就汗了。""保留他存在于这个世界的意义""是很一厢情愿的看法.整个电影没有支持这种观点的任何事实上的线索，之所以有很多人支持这种观点，无非是teddy那一大段的“１２页纸”那段话，这是teddy误导Lenny的话，大家也都被teddy误导了。""保留他存在于这个世界的意义""只是teddy一个人的结论，是teddy灌输给你的观点。整个电影非常让人迷惑，惟独teddy的那一大段对话说的十分明白，所以观众很容易在一片迷茫中错误地感觉到拨云见日的错觉，认同这个撒谎者的结论。teddy一直在误导Lenny，这样的人说的话，你也信？奉劝大家，如同Lenny告诉自己的：别相信teddy。相信他的话，你就被耍了。",感觉太过用力的在制造悬疑，而不是故事本事迷雾层层,导演用一种前无古人的倒序方式营造出“支离破碎”氛围，让观众深刻体验到Lenny破碎的生活及内在，我们如Lenny般扮成侦探，在电影里寻找着所谓的真实。而那织在复杂结构中的情感更让人没有办法不被感动。“如果自欺才能使我快乐，我选择如此的活着。”我们要生存下去必须给自己一个理由，否则就会精神分裂。但那些我们坚持的东西可能只是自己假象中的虚幻。一觉醒来时看着天花板问问自己：我是谁，我为什么在这里。然后你开始回忆，当那些记忆的碎片一点一点拼凑起来，一个完整的可能也并不客观的现实呈现在眼前，你，是否惶恐？
绿里奇迹,8.8,178523,“我累了，不想活了，真的，我不想再像孤雁一样，我不想再过没有朋友的日子，我希望有人能告诉我该何去何从，我不想再看到丑陋的人性，我不想在每日承担全世界的痛苦。”讲的是耶稣么？十字架变成了电椅。,带着满脸的眼泪和鼻涕泡儿看完的,能把悬疑拍的好看我觉得有难度，虽然接近200分钟时长，但却不觉得冗长，值得回味的电影。,天使也怕黑暗。,感人.汤姆汉克斯的演技很牛～
哈利·波特与阿兹卡班的囚徒,8.6,352141,比前两作进步多了，hp系列电影第一次走出了平铺直叙。并且居然还有了点儿dark的风格。,整套哈利波特。我最爱这一部。最爱的场景是。哈利對赫敏說。你知道嗎。小天狼星剛才給我說叫我搬去和他一起住。這樣我就不用和德克思一家住了。或許我們可以住到鄉下去。那種可以看見天空的地方。我想他在經歷這麼多后會喜歡鄉下的。後來看到小天狼星死的時候。我特別的覺得絕望。很多的時候我們覺得鄧布利多是最保護哈利。......,能感觉导演想拍出不一样的HarryPotter,换了个导演，电影的细节比前两部更经得起推敲，三人的感情纠葛已初见端倪，同样初见端倪的还有赫敏的胸~~~话说，卢平教授的第一节黑魔法课相当有趣啊~~~,好导演出好片...
聚焦,8.8,197968,明年的奥斯卡最佳影片和最佳改编剧本的最大热门，不仅三观正，片子的完成度也非常高！片子的拍法和这群新闻人很像，客观冷静理性，干净利落不煽情，剧本是非常传统的类型片叙事套路，既扎实又踏实，剧组的团队精神就像精彩的群戏表演，没有任何主创抢风头，凝聚到一起却力量十足，让人敬畏。★★★★,唯冷峻克制的表达，更具“于无声处听惊雷”的震撼效果。,有点像“撞车”，都是群戏电影，每个人都有精湛发挥。聚焦天主教性侵丑闻，凌厉割喉的步步求证。电影最成功的是将亵童和性向做出切割，指出这是教会这一全世界最藏污纳垢组织自上而下的制度性丑恶，看完会让人失去对宗教的所有敬畏。,四星半其实我觉得最能挖的是rapistmayhavebeenraped这一点,本来想打四星。然后我问了自己一个问题：“如果这个题材让韩国人拍…”不由得虎躯一震，赶紧改成五星。
贫民窟的百万富翁,8.6,545989,想了想，还是给了四星——其实我觉得它没有那么好。动人的音乐，流畅的节奏，美丽的画面——纵然肮脏也是美丽的，自始至终都充满了那种顽强的，不可遏止的生命力。但还是觉得……无论如何都有着欧美导演看东方那种猎奇的意思。这种“猎奇”对我们来说其实也是一样——繁华与污秽并存的孟买，阳光尘土中的泰姬陵，黑暗的街巷，垃圾堆上的贫民窟……包含的元素和符号太多了。固然有着野心和足够的手段，但同时也会冲散很多东西。大概还是心存警惕。不过无论如何，丹导还是有两把刷子的……这年头会讲故事的导演已经不多了。,justalovestoryagain基本上就是：《上帝之城》+《猜火车》+《阿甘正传》+《开心辞典》！本片又名：山寨富翁/阳光小阿三囧！,近年最弱金像影片。,深刻体会到命中注定一词的含义了。怎么那么多人打5星，我客观点还是给了4星。没办法，最高就是5星，我觉得这片子不至于最高，要不然猜火车该往哪放呢！,杰玛在老大家中劝拉媞卡跟他一起逃走。拉媞卡：那我们靠什么生活？杰玛：爱。这就是现实中爱情和电影中爱情的差距。
血战钢锯岭,8.7,550140,正常国家的战争片告诉你，战争是一件肮脏残酷血腥恐怖的事情。你要有中奖般的运气才能活下来。军国主义国家战争片告诉你，战争很好玩，敌人很愚蠢，每天除了开枪打靶一样打敌人之外，就可以游手好闲，不用上班不用种田，关键还有各种风格的漂亮妹子陪伴,截我影评里的一段话。有个印象很深的片段，首战第一晚他与战友两人坐在战壕里，战友开了一个罐头问他怎么不吃。满脸黑漆漆战灰的道斯笑着摆了摆手说：我不吃肉。我突然觉得多么可敬的人啊，他的信仰无法改变战争，而战争却拿他看似最普通的信仰也无可奈何。,属于那种它想表达的所有点我都懂，但是基本是没有办法接受，更不要说engage的类型，战争血腥和宗教，只能说非常非常的直男以及非常非常的主旋律，以至于影片呈现出的价值观有那么些狭隘了，它将一个伟大的人物一段伟大的故事用某种自以为是的价值观表达了出来，我觉得这对于这些战争中的英雄是一种亵渎,以我有限的观影经验，优秀的战争片不会美化战场，不会粉饰死亡，不会矮化敌人，不会无视常识，最重要的，不会宣扬战争。这个片子基本都做到了。,队伍配置中奶妈的重要性
小偷家族,8.7,545654,或是被第三者插足，或是不受父母待见，或是被辞退，或是父母根本不想把Ta生下来……这群被抛弃的人们，却共同组成了最温馨、最和睦、最融洽、最可爱的家庭。他们或是失业，或是工伤，或是以偷窃维持生计，或是在风俗店工作，他们生活在社会的最底层，他们缺少物质财富，精神生活却无比充实。他们每个人之间都没有血缘关系，但每个人都比原来的家庭过得更加快乐。结婚不意味着幸福，被丈夫抛弃也能子孙满堂；生了孩子不一定就是母亲，没有生育能力也可以给予母爱。柴田治以为什么都教不了孩子，却教会了他什么叫青春期。亚纪远离了富有的家庭，因为4号先生的肩膀更让她感到温暖。由里遭到亲生父母虐待，却有一位素不相识的人愿意以失去工作的代价保护她。富有富的活法，穷有穷的活法。我们在丰衣足食中颓废度日，他们在贫困交加中感受大爱无疆。,那些说是枝一直致敬小津的人可以歇歇了。这次他拍了部让小津最深恶痛绝的今村昌平式的蛆虫电影。在瓦解冷漠虚伪的传统家庭概念的同时，他呈现了萍水相逢的蛆虫之间可以有怎样真挚动情的爱。一部以弱者的温和善意与牺牲精神挑战人类道德伦理制度上限的无政府理想主义之作。,最费力的成长留在树上的只有壳，最狰狞的伤口留在皮肤的只有疤。最动人的烟火绽在空中看不到，最深沉的感谢飘进风中听不清。你教我食物最美味的吃法，却教我获得食物最羞耻的手法；我学会祈祷最灵验的手势，也学会用来祈祷最不齿的心愿。我在商店里偷换掉童年，你在泥土里掩埋了伤疤，而我们组成了家。,安藤樱那场在警察局双手不停抹眼泪的戏，演技大爆炸，可以说是年度最佳哭戏！,如果说爱你，还打你，那一定是说谎；如果爱你，就会像安藤樱一样紧紧抱住你。（沉溺于安藤樱的美色无法自拔
虎口脱险,8.9,160578,法国喜剧展。终于在大银幕上领略了这部经典喜剧的风采，其实称得上是战争意淫剧的始祖，只不过咱们中国的《举起手来》学的太低劣，人家很高级罢了。里面的剧情bug很多，但是笑点设计的很高级，过去几十年仍能给人们带来欢乐，这就是经典喜剧的魅力。菲耐斯真的是喜剧天才，他的名字值得被更多人记住,虽然不合理，但能够娱乐。,永远看不腻的喜剧！,"看过不下20遍,从小到大都喜欢的电影",永远看不腻的喜剧
阿飞正传,8.5,337835,总有一些人以为自己是鸟。,梁朝伟在阿飞正传中的登场令人匪夷所思.这也使得王家卫超越了一般的闷骚.（180630影院国语）,在张国荣面前所有的大牌都黯然失色,杜琪峰曾说，王家卫实际上只拍了这一部电影：后来影片中的人物都能在其中找到原型，而主题永远是人与人之间的沟通——疏离与亲近，拒绝与接纳，追求与失落，忘却与铭记，逃离故土与寻找自由。,物是人非，你是否还记得那一秒，你到底最爱哪一个。刘德华在张国荣面前暗淡无光。
荒蛮故事,8.8,275000,年度撕逼大戏，颁奖季最好也最好看的外语片之一。丛林心态下，所有的人都是animal，所有的故事都是蛮荒故事。精彩翻转，虽癫狂，细思却并不意外，生活实际的样子，远比这荒谬得多。某种意义上，<消失的爱人>是喜剧，<蛮荒故事>却是悲剧。因为前者是刻意的虚无，后者是真实残酷的白描。,“跟你做的比起来，我那做的都不算什么”魔性十足，荒诞满分。每个人都有过一闪而过的犯罪念头，这部片子把我们没敢做出来的那部分呈现出来，狠狠戳中我们的软肋。这个世界总是如此厌倦又可笑。“没人不希望恶有恶报，但又没人愿意脏了自己的手。”,客机坠毁背后有何惊天秘密？厨娘为何对顾客起了杀机？荒郊野外两车爆炸烧焦尸体怎会纠缠一起？爆破工程师炸毁拖车公司是有预谋还是耍脾气？顶包案背后是何种金钱利益？新郎新娘婚礼现场反目成仇与神秘女子又有何关系？请收看人间自保指南：《别刻薄别冲动别装逼别较真别贪婪别约炮》,这是迄今为止天蝎座人士在银幕上最大规模的集体展现。,《恨我的人都去死吧》《姑娘，让我喂你的仇人老鼠药吧》《古有泼妇骂街，今有壮士斗街》《该死的收费站，炸裂》《黑吃黑谈判》《相爱相杀的婚礼直播》，喜欢第一个，第三个，第六个。
一次别离,8.7,187997,不知道怎么描述。大概这就是无感,4.5。一次即永恒！①着意隐去匠气，还故事以挚诚本真，唯象征私隐于后。②一席黑头巾掠过楼道、车流。③隐匿于镜头外的西方理想国。④你怎么敢看着我的眼睛撒谎！⑤古兰经的存在一度置瑞茨于人性罪责和信仰之间，如替老人洗澡、告白真相等。⑥玻璃门之隔。,一个教育女儿坚持写正确答案，哪怕为此开罪老师（权威），哪怕为此失去分数和成绩（利益）的男人，却手按着圣洁的古兰经流利娴熟地撒了谎。而一个没什么文化，艰辛挣扎在社会底层的女人，却在向古兰经宣誓之前，想到自己说出的可能是难以确证的谎言，而瑟缩崩溃地说：不，我还有疑虑……,一个有信仰的国家才能发生的道德纠结。手持与频繁的主观镜头将观众带进他们的世界，甚至会错觉自己也是当事人。对角色感情细腻且准确的把握让你的情感天平反复在两组家庭之间。对角色心理暗角和懦弱一面的剖析，让人忍不住叫好。情节上波折不断，是生活的力量。与《关于依丽》一样，与众不同的伊朗电影,一个战争与宗教包围着的国度奉献的一部佳作，可以称之为实至名归的金熊奖最佳影片。大量的手持镜头，用客观而冷峻的镜头讲述着两个平凡家庭的琐碎与冲突，人物刻画入木三分，故事的悬念更是凭借着适当的掌控丝丝入扣，直到电影完结仍使观众处在情绪当中。★★★★☆
电锯惊魂,8.7,337532,可是跟电锯有毛线关系啊明明是手动的,最后五分钟让我全身发抖！,这其实是个励志片好不好，杀手先生告诉俺们即使在生命的尽头还是能干成很多事情滴~,看第一部的时候着实被他的情节设计给惊讶到了。,第二次看，感觉着仍然是一部顶级的血腥电影，结构和叙事都很牛逼，叙事张弛有度。
新世界,8.8,208148,好伟大的爱情片，我都快哭了,韩国电影的山寨路线中心思想就是【西巴！】——要做就做狠一点，于是，新鲜的东西就出现了。,弄巧成拙姜科长，无心插柳李子成，唯我独尊李仲久，超长待机是丁青，壮哉天朝大黑客，实力助攻小延边，智商不够高局长，我没看够宋智孝,md，太好看了，害怕她一点点演完。虽然一开始就猜到了结局，但是拍的真带感啊，尤其是戏骨黄的车库突围戏，那叫一个悲壮。棒子又一次感动了我，好电影,最后还是华侨统一了南棒黑社会，中国人最狠啊。。。
香水,8.5,403167,最大的缺点是：我根本闻不到香水嘛，你在那陶醉个啥？,这简直就是一部资本主义发展史，出生于最肮脏和腐臭的地方，却追求最纯粹的美，通过杀戮得到迷惑人心的力量，就连最痛恨他的人也甘愿俯首称臣，最后犹如寓言一般消失于这个世界......,一个单凭体香达到高潮的男人,丫怎么长得那么像郭敬明？！,这个故事如何不是比嫌疑犯x的献身要好上数百倍的大气故事呢？巴黎、格拉斯，每个城市里为了香味而忘我且凶残的努力——这并非凶残，而是纯粹的追求人生中唯一至高至圣的目标，找到那个生命中最后的味道。而一旦这个味道得到了，他生活的一切也就失去了意义，反而重拾当年全部细节的美好，最终就回归了起点，在鱼市场的臭味里让一切归位了。
驴得水,8.3,619497,即便评分再高也完全喜欢不来。我们还是太热衷主题与意义了，以至于忽视了传递主题的方式与合理性。影片为了所谓的人性深度，而刻意设计剧情和人物转折，忽视基本的人物行为轨迹，都非常让人不舒服。喜欢有深度的电影，但希望能以更巧妙的方式讲出来，而不该是现在这样。以及形式上，这不就是舞台搬演么,幸好有个民国，不然借古讽今都没有抓手,这样的剧本，这样的电影，任凭你们怎么说风凉话，都休想模仿出来，国产片的普通货色离它差距太大。,1.库斯图里卡的癫狂、荒诞+法哈蒂的困境、冲突，而这...其实在中国这片土地上随处可见；2.追求自由的人，死了；3.愤怒的人，成了听话的牲口；4.宽容的人，成了小人；5.淳朴的人，成了恶棍；6.正面向上的人，总在行骗；7.就让我们忘掉过去吧，才能继续作为“人”活下去。,不能把开心麻花出的所有电影都粗暴地归到「喜剧」里……这种营销思路就会导致我今天观影时遇到的蜜汁尴尬……有一帮观众从开头驴棚着火就开始笑，然后一直笑到结尾枪声……我……真特么……跪了……
傲慢与偏见,8.6,506187,最爱~~~伊丽莎白在大雾中看到渐渐清晰向自己走来的达西先生，我眼睛都湿润了……,乔·怀特对长镜头有种奇怪的迷恋，总会用那么一两处调度极其复杂的长镜头。美术真棒，布景超华丽，外景也漂亮，摄影很美。情绪很饱满，有几处细节很用心。当然，对于原著党来说，她们是永远不会满意的,"拍得挺美的,拍名著只要不把它拍砸了就是胜利",那个傲慢的人在溢满雾气的晨曦中走来，用最卑微的姿态求你爱他，甚是美好,这一版的每一刻都美得让我心醉。特别是片尾达西从田野的晨雾中向伊丽莎白走来的镜头~
黑天鹅,8.6,610367,舞台上那段黑天鹅太惊艳了！！！！！！Natalie这牛逼演技！！！！！！,非常概念化的故事，毫无情感内核，充满刻意的惊悚，只能用化妆和特效弥补对故事掌控的不足，要说非跟冷血惊魂比，实在有点露怯。波曼的表演也实在缺乏点层次吧，从头到尾不知所措的慌张表情实在看得生腻。所以表演还是讲求天分的事儿，跟智商无关。,那一颗星星是被吓掉的,不配5星，至少20星。,“我感受到了，感到了……完美。”一段用走火入魔来成就的完美，亦真亦假、亦实亦幻。影片从始至终都弥漫着黑暗的色调，很惊悚，很压抑，无论配乐还是摄影都极其吸引观众。娜塔莉·波特曼颠覆以往，奉献了一场精彩的演出。★★★★★
房间,8.8,268258,小演员没提名最佳男主角，一定是为了把小金人让给莱奥纳多。,电影开场一个半小时：卧槽原来这孩子是男的！！！,小男孩才是真正的主角，故事站在受害者的视角上，讲心理自救，母亲努力让儿子和同龄的孩子一样，故事选择了一个非常有趣的切入点，环境改变到内心改变，一切都以小男孩的情绪展开，很有难度，所幸小男孩的演技是奥斯卡级别的，剧本是模式化的类型片写法，前一个小时非常完美，拍的工工整整。★★★★,被偷走的岁月，被伤害的生命，被禁锢的灵魂，终将被希望和善意救赎。,3.5入；被小主角打动好多次，那个在成人眼里充满黑暗龌蹉的“房间”，却是他童年梦幻的乐园，可以和光影追逐，可以和家具嬉戏，孩子无穷的想象让密闭空间变得无穷大，前半部拍得既美丽又残酷；融入外界后线索较芜杂，没有处理好，“你又救了我一次”和告别仪式真催泪。
无耻混蛋,8.6,337220,"放映室里俩人互相枪击那段,音乐配的太好了，我太想钻进去了",当法国人不讲情义，美国人不讲人权，德国人不讲原则，英国人满脑浆糊，犹太人大开杀戒，希特勒就死了。,昆汀同学越来越变态了，比北野武还杜琪峰。,引用某影評人曾說的話：「一些得令的導演，由於創作泉源枯竭，只會從B級或C級垃圾片堆中覓食，美其名說向它們致敬，終究下過是垃圾再造垃圾而已。」,我只有一点不理解：影院老板最后在电影上的那段宣言，可以是法语也可以是德语，它怎么会是英语呢。。。。
时空恋旅人,8.7,364393,穿越界第一女朋友:RachelMcAdams;喜欢这部片子的光感，最爱大雨如注的那场婚礼，你紧张地问我，是不是想要一个阳光明媚的婚礼，不不，一切不需要重来，一生只这一次就好。,对于我们最爱的人，不说永远，只说珍惜。差点在电影院哭断气,理查德·柯蒂斯擅长的轻松有趣加温情。时空旅行仅是噱头，重头还是亲情。当主角发现即便可以时空旅行，仍无法避免那些生活的悲剧。比如亲人的离去，我们始终无能为力，这恐怕是最触动我的地方。最终的主题仍是学会爱，学会生活，并珍惜与亲人的每一天，这话说来容易，实际却相当难。生活中同样应该如此,突然悟出一個道理。分分合合的戀情，多半因為其中一方熱切於gobackintime，重臨兩人曾經的過往。而另一方並不。,1、三观够正，道理积极；2、故事想法很有意思；3、原声配乐很好听；4、剧本有问题，过度弱化冲突，故事本身除了舒服外没有说服力，lifeismuchharder；5、太多旁白只说明剧情推进的乏力；6、镜头不时莫名其妙地晃；7、片子质量有三分，给到四分是私心
头号玩家,8.7,962452,9。我爱这部电影，就好像我的梦想是能进入马丁·斯科塞斯的《出租车司机》，看罗伯特德尼罗枪杀嫖客和鸡头，营救朱迪·福斯特。所以，我爱这部电影。,走马观花的IP大赏，剧情人物基本不通，鸡汤也撒得不知所云。适合跟塑料姐妹们一起假嗨,要哭了，每个友邻都是五星好评，而我羞愧地半路睡着了……就感觉故事蛮老套的，那些让人嗨的点，心里只是“哦”了一下。,大开眼界！对我这个只玩过斗地主的电脑游戏盲来说，《头号玩家》的内容确是匪夷所思。年轻观众欢呼雀跃的无数“彩蛋”我常常无从辨识，一头雾水，但是观影体验仍然痛快、满足。比我小四岁的老导演斯皮尔伯格，如此旺盛的艺术想象力和娴熟才华，让人佩服不已。后半部渐显落套，也无可苛求。,斯皮尔伯格把他对电影的梦想、热心、爱与情怀，浓缩到这部片子，通过极具年代感的经典电影和角色，又并茂高科技的现代游戏闯关，他拿手的、专注的、想诉说的都在这里给影迷情倾盆呈现，并在最后一句“谢谢你玩我的游戏”推向高潮，就像在银幕前看着他对我们说“谢谢你看我的电影”…泪奔
黑鹰坠落,8.7,197793,这里没有《拯救大兵瑞恩》的煽情回忆，也没有《现代启示录》的痛苦反思，有的只是战争，真实而残酷的战争！,战争中的人性光辉啊，美国大兵居然也让别人打得这么惨，但令我震惊的是最后只死亡16人，装备和医疗就是牛逼啊,非洲兄弟命贱，一死一大片！,是想当作一个任务如何失败的案例来看的。。战斗场面够多，信息量还是不够全。。战争残酷狰狞自不必说，只是只有美方士兵单方面的人性化描画，至于那些发狂的索马里士兵却只是默默而生，默默而死，成不了一个相互沟通的契机。。背景音乐很不错,发现这种突击类枪战片的翻拍总有丧尸片的气质，不怕死而且打不完。真实又恐怖的战争，弹壳如雨点般飞落。
雨中曲,9.0,140838,我曾无数次从《发条橙》、《AI》、《如果爱》、《WALLE》里看到对《雨中曲》的致敬今日终于承认：这就是人类歌舞片的巅峰，超越《音乐之声》，秒杀一切，无与伦比。当然刻画、节奏、布景等等有着非常多的毛病还是搁置下来好好看看吉恩凯利俘获美人心时的那副小样吧这绝对是影史最珍贵的片段之一,“从此以后，我只在乎一个影迷”、“你是我的歌，春夏秋冬”…于是以后，见到这样的路灯，就想扶着灯柱起舞。,美国歌舞片的代表作。GeneKelly初获芳心后在雨中欢快地载歌载舞，此段情节堪称歌舞片历史上的永恒经典！我都不记得我把这段看过多少遍了。,老电影总是快乐得那么纯粹,大雨的夜晚，与戴比·雷诺兹分别后，男主角陷入捕获芳心的无比快乐中，索性收起雨伞，在雨中载歌载舞！
谍影重重2,8.6,248607,拍摄利落。全片大量采用了近景跟随拍摄，追逐逃亡场景用极短的镜头剪接连缀，没有用近几年时髦的慢动作、子弹时间、镜头满天转等特效。但是一样达到了让人屏住呼吸、目瞪口呆的效果。汽车追逐片断中近距离车内拍摄的碰撞场面尤其惊心动魄，远比其他动作片中动辄撞坏十几辆车来的惊险刺激。,俄罗斯出租质量真好,伯恩在水下亲吻玛丽的那段，真是又美丽，又悲伤，唉。,"我发觉叫JB的都很厉害，是不是？JamesBond,JasonBourne",整个片子干净利落，扣人心弦。对自我身份的确认与对过去的救赎又让影片多一份厚重。
喜宴,8.9,227781,“妈，同性恋的人能够在各方面合得来凑合在一起生活，非常不容易。所以我跟赛门都很珍惜对方。”李安总能在边缘和传统之间找到恰到好处的平衡点，然后双双将我们击溃。,李安那句酱油台词太霸道了，大家都没捅破的窗户纸就这样被他。。。可能是编剧有外国人的缘故，台词有点心灵鸡汤啊，不过一切都很完美，喜欢归亚蕾的表演，赵文瑄也确实巨小受哈哈哈。爸爸才是终极boss，不要小看爸爸！懂外语就是王道啊~~~感人的好片,看來高爸爸也是gay跟張管家有一腿但是爲了這個家嘛延續香火就只好結婚生娃咯,李安总是善于在西方的文化背景下表现中国文化的细枝末节。被放大致喜剧形式所表现的那场中国婚宴，反讽了中国文化中对于性的压抑…而中国最传统的家庭、家族理念，也在这一场假结婚的风波中进一步深化。隐忍的情感，家庭中的冲突，最终在爱与理解中得到化解。接受了一切向前走，这终是一场喜宴。,看到房间号1069我的玻璃心碎了一地...
花样年华,8.6,384413,张曼玉比梁朝伟高，但他们站在一起那么协调。想来，是穿了高跟鞋的她，懂得委婉地低头的缘故。,"Theyareinthemoodforlove,butnotinthetimeandplaceforit.剧本很有意思，设置了一对在电影里没有任何镜头的偷情男女，却又无时不刻地提醒着周慕云和苏丽珍不要做爱，所以王家卫镜头里沉闷的男女，空荡的房间里充斥着一种不可得的情欲，极省略的叙事，舒缓优雅的大提琴曲配乐实在是太到",深夜，雨巷，慢镜头；暧昧，寡欢，语还休。与君淡如水，千杯亦不醉。,"王家卫最强的,就是让人掉到一种情绪中去",隐忍的中年激情。＂我一开始只是想知道他们是怎么开始的，后来我发现原来一切都是在不知不觉中发生的。＂
我爱你,9.0,101383,你说，如果到人生的尽头，还没找到牵手的人，那咋办啊？,和《素媛》同理，差强人意的作品,對不起，我是個膽小鬼，沒有妳我怕活不下去。,他们是我看过最帅和最漂亮的四位男女主角。,"“我是个胆小鬼，没有你，我怕活不下去。”四个古稀老人，两段浓浓黄昏恋，他们爱的善良，爱的浪漫，爱的纯粹。即便有些段落会让人感觉略显刻意煽情，但众多老戏骨奉献出的这部电影依然十分值得一看同时也耐人寻味。btw,我始终无法免疫这类电影，满满都是泪。★★★★"
恐怖游轮,8.5,533900,我看过的最好的悬疑片，为了严谨，加上之一。。。一个循环的世界，西西弗斯的世界。。。看完给人以警醒，我们总是在说，如果给我再来一次的机会，我一定会怎么怎么样，但是真的是这样么，电影给了我们一个很好的答案。。。最后再说一句，看懂了这部电影的人，会毫不犹豫的给5星。。。,知道自己命运的人最恐怖,有小聪明，少大智慧~详细一点说：导演有一定匠心，但是全片看太注重一些边边角角部分，整体结构上显欠缺，解释不合理，主线力不从心，细节再装扮的故弄玄虚也算不上上佳之作，姑且三星,好吧，Triangle，多好的名字，谁TM给译成《恐怖游轮》这个标准的B级片片名的！？,不要企图在重复中寻找已经失去的爱
谍影重重3,8.8,293724,“如果你在办公室，那我们现在就是面对面谈话了。”这句对白太拽了。,紧凑、凌厉，史上最佳间谍动作片。,美国特工已经成仙鸟,作为Bourne系列，这部真是豹尾，节奏与情节安排都极为令人称道。,Bourne去救Nicky这段最抓人。
猜火车,8.5,329928,世界在边，音乐在变，连毒品也在边，你不会越来越年轻,墮落也需要天分。,啊，马桶世界无比神奇,就一点想法，而且与电影无关：外国连个吸毒的流氓都知道和未成年发生性关系是违法的，即使是人家自愿的，但在天朝。。。。。我就不说了。。。,令人惊艳的马桶
发条橙,8.5,269095,我也想买那个瓷的大JJ,对于他的电影我一直都抱着没水平写影评就闭嘴的态度,库布里克我想看下你的脑花并谢谢你陪我度过了躁动轻狂的青春期,经典的3p节奏..漂亮干净的画面,成功预言了杨永信的电击疗法。
你的名字。,8.4,915658,新海诚终于会讲一个复杂故事了，真不容易啊！当年那部搔首弄姿、无病呻吟的“言叶之庭”差点让我转成终身黑，“君之名”却轰出了我睽违已久的少女心。彗星降临的末世情怀，穿越时空的灵之绳结，只有7秒钟记忆的鱼...星空、爱情以及所有遇见都是注定。,你我相逢在黑夜的空中，你有你的我有我的方向，你记得也好，最好你忘掉，在这交会时互放的光亮。,聚结成状，交错纠缠，时而回转，中断，却又再次续接。这就是组纽。这就是时间。这就是结。黄昏，不是白昼亦不是夜晚，是我努力却看不清你的脸。たそがれ、誰そ彼。我已记不得你的名字，却还记得喜欢你。,和《追逐繁星的孩子》同个毛病——一个平时专注于言情的人看了科幻小说之后可能就是这样的，他执着于用新学到的概念来包装自己的认知，而不是放手让这个概念去革新它。,一清早醒来捏捏自己的胸部，“啊，真不好意思呢。”然后穿上了人家的裙子，美满地过了女生的一天。
人工智能,8.6,296739,那只熊在自己缝自己！！,很奇怪，看斯皮尔伯格的电影，即使有些场景拍摄得十分感人，但总是不能让我从心里感动，可能是觉得太商业了，太刻意了？,那个小男孩真的很会演戏,如果不能爱我很久，为什么要启动我爱的程序？,这才叫大片儿！大主题大人性，简洁漂亮新奇质朴又壮丽。印象深刻的是三人吃饭的俯瞰镜头，把小孩儿彻底变成了基督。
教父3,8.9,230357,维多·柯里昂死于极乐，旁边是一个机灵的毛孩；麦克·柯里昂死于极悲，旁边是一只棕色的小狗。,看到最后要哭死了，可能因为总算有终了，这是教父系列我最喜欢的一部。另外想问问索菲亚小姐，您演技差也没关系但是没见过人死吗。。。。要不是帕西诺在嚎啕就完全没泪点了。,本来冲着索菲亚·科波拉要少打一颗星的，但是看到她被杀死了好开心啊！！！！,年老的阿尔·帕西诺，并没有失去力量，而是更魅惑动人。,说实话，我真不喜欢三。
新龙门客栈,8.6,300592,那时甄子丹还没出名，在演大反派，林青霞因为《东方不败》、梁家辉因为《情人》都红到爆，但该片的最大受益人却是张曼玉。那个风骚入骨的客栈老板娘，成了武侠影史上跳不过去的一页。今后恐怕没人能比张曼玉演江湖客栈里的老板娘演得更好了。,当年看到最后把甄子丹的脚剃成骨头的时候我还吓了一跳,大漠孤烟直，长河落日圆。感觉这才是中国的西部片。茫茫大漠里一间小客栈里面各种势力的冲突纠葛。话说原来那双刀鞑子男才是扫地僧般的存在啊。,"三步一个青霞,五步一个曼玉,甚是享受",张曼玉真是风骚啊
卢旺达饭店,8.9,192384,当这个世界闭上双眼，他却敞开了怀抱。,很早以前看黑镜头就知道这段历史了片中还是侧重于胡图族对图西族的屠杀但实际上在图西族控制的地区对胡图族也发生着同样的杀戮这是一场无法说清的事实事实没有真相只有荒谬的让人不可理解人们用最原始的武器棍棒刀叉去和自己的邻居搏命只因为他们觉得不杀死对方对方就会来杀自己,我不再抱怨我生在中国，我不再抱怨我生在80年代。只希望人类自毁灭亡的那天能来得再晚些。任何敢凌驾于生命之上的东西都是狗屎。,我们看了那些屠杀的镜头然后继续吃大餐,屠杀纵然可怕，但更可怕的是对屠杀的漠视。
千钧一发,8.8,159468,是该庆幸这样的电影出现的时候还不是腐女遍地的年代……,没有触目惊心的科幻大场面，娓娓的说伦理、说基因技术的双刃剑。落了泪的点不是主角，而是最后那个医生，原来他一直都帮助着Vincent，这种梦想一旦被共享，也就推动了第一块多米诺骨牌。有趣的是，片名本身是由DNA的碱基组成的，还有剧组成员名字出来的时候，也是先凸显出G.A.C.T，很有心思的小细节。,看了这部《千钧一发》，没想到还真不错，男煮饺儿追求梦想时不给自己留任何后路的精神真鸡巴励志啊……这种励志非心灵鸡汤式励志，而是心灵牛鞭汤式励志……我们曾经都是星尘，莫名其妙地来到了父亲的睾丸里，来人世走一遭后重新变成星尘……反正迟早变星尘，不如追梦尽情活……,“我只是把身体给了你，你却让我分享了你的梦想”。（BTW：OriginalMusicbyMichaelNyman）,现在再看，还挺腐的。。。
魔女宅急便,8.6,317681,我喜欢她头顶的大红蝴蝶结，还有狠狠白那个小男生的一眼,看电影最能触动你的时候，就是电影的宗旨在你最迷茫的时候告诉你现在必须要做什么！KiKI成长了，你呢？KiKi又能飞了，你呢？,结尾仓促，情节简单,宫崎骏的电影总让人感觉世界是美好的，阳光明媚的,虽然设定都♥♥♥♥♥满点可是结局是怎么回事儿好突然……突……然……………………
岁月神偷,8.7,437424,没想到2010年还能看到这样的电影，感到很幸福。,當你發現時間是賊了，他早已偷光你的選擇,弟弟偷了能偷的一切给哥哥，可哥哥被偷走的却是生命。,每个人都有一场被岁月偷走的记忆。眼泪流了那么多，但丝毫不觉得煸情。节奏虽慢，但不琐碎。很喜欢李治廷的表演。这一场感动，来得无比自然、真实而朴素。难一步，佳一步。一步难，一步佳。有这样的爸妈，我们难道没有理由看得见天空中同时出现的两条彩虹吗。另，海报上明明不可以少了李冶廷的份嘛。,突然觉得吴君如如此美丽.
人生果实,9.5,75860,怎样才能活得像个人一样呢？爷爷90岁奶奶87，身为建筑家居住在二层木结构老屋里，每日在自家庭院里锄地拔草、捡落叶、挖土豆、摘樱桃梅子、采核桃柿子、做木工、熬果酱、烤蛋糕、酿酸奶、打年糕…还要给笔友写十封信，亲自骑车去邮局寄。住得像个人，吃得像个人，像个人一样工作，死得像个人，如此，就有了像个人的尊严一生。,【20180117】很美好。让人不怕老。,“老头子之后的事我会努力活下去放心吧那个你等我等我生命到尽头变成骨灰的时候我们一起周游南太平洋等我到那个时候说好了哦一个人会很寂寞但要好好的等着我我很期待再见到你我会好好活下去的”,看这部片子的时候突然想到，生命的长度也许不该从出生计算到临终，而应该由自己觉得开心值得的一刻一秒累加而成，这才是“人”生。,活得越久越能明白，人生是循序渐进，不紧不慢的过程。孜孜不倦地去活，自然会结出丰硕的果。
谍影重重,8.6,297163,"我发觉叫JB的都很厉害，是不是？JamesBond,JasonBourne",喜欢Bourne的冷静。当MattDamon打开银行的保险柜时，我突然发觉，世界之大，持有三样东西便可畅通无阻：金钱，身份（也可理解为地位），枪（强权）。要求自己象特工一样生活显然是很辛苦且不切实际的，然而，有些时候，特别是面对危机，试着用特工的思维方式去看待问题也许会很有效，特别是对于男生。,"马特达蒙的外貌在帅哥扎堆的好莱坞实在不算起眼,却又如此特别,总能为你喜欢他找到一个理由.他演天才,演间谍,演神偷,睿智,冷静,从容,身手敏捷,眼神偶尔忧郁,偶尔深情,偶尔锐利充满警觉,走路时姿势总是很怪异,他不常笑,但不经意展露笑容时,会觉得他的笑像孩童般天真,那么有感染力,一不留神已被他俘获",只有动作片，才能如此深沉霸气地表达人类的困境吧！,简洁有力
E.T. 外星人,8.6,244316,在一个特级还不够发达的年代，只能依靠更多的温情和笑料，比如最后ET对德鲁说begood，他临走带走了他们家的一盆花，这是最后的唯一的纪念，然后就一别三十年，只留下天空一道彩虹。,老了老了再看这个能有啥味儿？,生病的ＥＴ皮肤的颜色就像柿子饼,断断续续看过很多次，而且都是很多年前，看完整版还是第一回，自行车突然飞腾的时候多少有些激动。童心与童年爱做的梦，属于童年的故事。,小伙子骑自行车是十级水平，可以代表国家参加奥运会了。2015.3.24成都
惊魂记,8.9,152658,且看诺曼的lastsmile毛骨悚然！,最后那一抹笑容堪称经典。,看这部电影必须回答一个经典的问题：女主角遭到刺杀时，镜头直面花洒，花洒每一条水痕都清晰无误如同肉眼看着一样上镜。请问，摄影机是如何做到的？,人格分裂的鼻祖，试想60年代人们看到这部电影时能有几个不喊牛逼的,神作。全面滿分。如果有任何不被打動的理由，那就是觀眾晚生了50年，受到太多這部電影50年來泛濫的影響，就像一個沒有受過高等教育的英國老婦不會覺得沙劇牛逼一樣。
釜山行,8.5,734927,不以权威口吻说夸张点就吸引不了眼球：韩国电影又甩了我们十年。,一切灾难皆人性，唉，最后那一枪要是开了，就是神作了。,套路很深，下料很重！据说这部电影耗资100亿韩元，其中90亿用于几百名群演的霹雳舞教学费用。哦，对了，还要唱好歌，关键时候保命就靠他了。,这部片子里的孕妇和甄嬛传里的孕妇战斗力不是一个次元的,丧尸再也不是西方的专利了！韩国影人再一次向世人证明了他们非凡的叙事能力和精巧的借鉴本事。没有好莱坞式拯救人类的大英雄主义，多了的是人性的反思与情感的刻画。无论怎么看，这部电影都是亚洲影界的头一遭，五星鼓励！
战争之王,8.6,251331,"世界上每十二个人就有一个在做俯卧撑,我们的任务是让剩下的十一个人也做俯卧撑.",从影帝蜕变到烂片王也是需要一定的气度，就如同影片最后他被家人抛弃被抓到监狱却十分镇定一样。这片子政治隐喻很多。,我爱这部电影～它太人文精神了…………特别是中间能把飞机在一夜拆掉，哎天，太摆了实在是……,喜欢NicholasCage片中的表演，影片立意很高，最后的对现实的讽刺稍有些直白。,做你擅长做的事，而不仅仅是活着。
英雄本色,8.7,331928,香港黑帮电影的代表作！小马哥，那是一个神的样子~~,有几个镜头里，龙哥会发光,Leslie这个萌娃。据说有次Leslie在电影院看午夜场，他跟盆友说：要死了，观众那麼喜欢发仔，而我却是个要抓发仔和我哥哥的警察。第二部的时候，他开森的说：这回有人同情我了。看我演得多好！我的妻子怀孕生子时，我死佐~,我親愛的小馬哥，時至今日你讓我感嘆英雄遲暮更是種折磨……,三个男人的戏，打得太精彩太经典了！
撞车,8.6,241577,《断背山》因你与奥斯卡失之交臂。,多走线接近完美的剧本在美国其实并不少见.但仍旧不理解为什么断背山会输给它.,有点太假的感觉。,表面上是在探讨种族间的偏见与冲突(crash)，本质上是在讲人性的和解与救赎(touch)。,在美国生活后对片中的情节感受更深。我们知道种族歧视不好，知道自己也是所谓的“弱势群体”，但当我们看到街上成群结队的黑人，我们还是会感到害怕厌恶。我们明明做人都恪守准则，但还是有人对黄种人有偏见。当我们在努力为自己这个种族证明时，我们总会有同胞在拖后腿。生活就像撞车，有因不一定有果
哈利·波特与密室,8.6,370938,再没有什么比一封吼叫信更叫人晕菜了！,邓布利多说：让我们成为哪种人的并不是我们的能力，而是我们的选择。,如果一直能由哥伦布导演，那哈迷该多幸福啊...,那时候看电影才9块钱！,影片让我印象最深刻的就是巨型蜘蛛，看得我毛骨悚然。哈利已有长残的倾向了，而小赫敏已活脱脱成一小美人了。怀念理查德·哈里斯，他的邓布利多让人印象深刻
青蛇,8.5,345959,如果有六颗心我就打六星，如果有十颗星我就打十星，别问我为什么！,当时很不能接受的是，许仙竟然和小青有暧昧。不过长大之后再回想，男人，可不就是这样的么。,每个女人，也希望她生命中有两个男人：许仙和法海。是的，法海是用尽千方百计博他偶一欢心的金漆神像，生世位候他稍假词色，仰之弥高；许仙是依依挽手，细细画眉的美少年，给你讲最好听的话语来熨帖心灵。,作为一个性格被阉割的男人，青蛇那一剑捅得好！,我们以为白蛇迷恋的是许仙，青蛇勾引的是法海，实际上真正的爱情只发生在青蛇和白蛇身上。
雨人,8.7,296808,ray……听上去很像rain，愚顿的哥哥曾经对心爱的弟弟说，我是rainman。直到生命进行到成人的阶段，弟弟才突然想起，童年时，他的生活中曾经有一个爱他疼他的雨人……,如果影片可以不那么拖沓.我会把它列为四星.结尾很感人.中间有很多情节可以砍掉.,我可不可以把它看成一部公路片，某种程度。,年轻帅气的阿汤哥，让人眼前一亮的霍夫曼。故事简简单单，配乐大气，并没有特别煽情的段落，不刻意讨好，不哗众取宠，让人看起来十分舒服，让人感动在不知不觉中。★★★☆,生活在自己的世界里，也可以让周围的人显得可笑和渺小。赞。另外达斯丁霍夫曼演的太赞。
七武士,9.2,126399,我只能用”高山仰止”四字来形容我对黑泽天皇这部旷世杰作的仰慕之情；纷繁庞杂却又条理清晰的史诗，严苛而精准的镜头和构图，七个武士和若干农民的性格都被描绘得入木三分，“休憩”后的大决战无比恢弘，叹为观止。,和教父是一种类型的电影，突出人物性格，故事情节也曲折。最后真的是人民战争海洋。很有几次，都觉得这也可以算一部写中国人的电影，比如农民的狡猾与认命等，到最后的我能！,我什么话都么的说。什么叫NB，这就叫NB。,完成度之高啊！三个半小时下来连个低潮都没有，后来的《影武者》、《乱》都比不过这部。每个人物性格都非常鲜明，志村乔仿佛一灯大师，三船敏郎似韦小宝，久葬是独孤求败，胜四郎像段誉……唯一的问题是志村乔剃完头怎么这么像张丰毅呀？！,看完把我累死了。。。
海洋,9.1,125780,看完之后深深希望2012快点来，大家抱团死，剩下的生物就可以好好活了。,"拍得非常好,但不要来假装电影",摄影加一星。影片本身缺乏凝聚力，几乎为单纯的影像展览。,这个剪的确实有点歌剧感觉了,节奏舒爽到我都盹着了一会儿，醒过来后一片黑暗的剧场里，一个小孩子问：爸爸，这深海里我没看到怪兽~~~父亲答道：真正的怪兽是人类。
网络谜踪,8.6,357498,男主应该感谢妻子的陪伴，感谢女儿的善良，还应该感谢谷歌、脸书、油管，要是他用的是百度，估计不但找不到女儿还会被莆田系广告骗走2万块。,Bieberconcert(confirmed),非常新颖的表现形式，整个故事都在电脑屏幕上完成，节奏感把握得极好，多处反转出人意料，想起前面的铺垫又觉得顺理成章，悬疑的氛围持续到结束。影片中各式socialmedia玩得极溜，导演说想要通过影片表达网络有时候也不全是negative的。五个主创拍片十三天却在电脑前剪了两年！,看到结尾回想起一个细节，妈妈电脑里保存的班级电话簿，上面有真凶的联系方式来着，备注写着：家长在警局工作，离异家庭，喜欢玛格。,Amazing!剧本写得太好了，千回百转。几乎没有实景拍摄，但节奏感超强。这种拍摄方式真的太省成本了。
源代码,8.4,576869,後面有延續的結局才是perfect！！！而不是傻逼的在那個kiss的時候結束！,"如果画面停在最后一吻上,就完美了.",这部电影告诉我们，最重要的不是想出一套没有硬伤的“科幻”元素，而是讲一个好故事。,竟然看到短评里有人言“结局累赘”、“如果一切停在这个吻就完美了”。卧槽，两位琼瑶剧迷请勿玷污科幻电影的SF之神好么！！！！可以说，影片3/4之前的剧情是立意新颖但仍中规中矩的悬疑惊悚片，但是结尾处的1/4剧情简直达到了科幻电影的肾上腺素暴表线。这个结局甚至比《月球》更加悬幻陡峭.,平行世界理论一定是真的，我坚定不移的相信着
奇迹男孩,8.6,388916,有种糖放多了的感觉，精华基本都在预告里了。但对孩子们的纯真友情毫无抵抗力啊，就像被温柔的抚摸了一下软肋。JacobTremblay涂着厚厚化妆都能感受到演技，小李子真好意思把奥斯卡摆在家里吗...,其实这更像当代童话，因为，实在是太暖了。里面每个人都那么暖，怎么可以那么暖，怎么可以那么暖！像一个暖心的童话故事。虽然，我也怀疑这样故事的真实性，但是，却喜欢被这样暖的故事感动，一度哭到不行。,“生命流逝太快，我们都没来得及多看对方一眼。”那个帮助奥吉的同学杰克·威尔，在跟同学打架后，委屈扑在老师怀里的表情太心碎了…,买票的时候很纠结，因为是完全可以预料到的剧情。这种温馨少年故事虽各各不同却又次次类似。若是你近来心情疲惫，这部电影是个流泪的好借口。,把“生而为人，很抱歉”，变成了“是个人，都应该与人为善”，多视角还挺有意思的。人与人的孤独重量，都是同一种地心引力。虽然不出意外的，所有人都是自带光芒的nice好人。
忠犬八公物语,9.2,121647,我等你是因为，再没有人像你对我那么好TT,喜欢教授那句话：人有人格，狗也有“狗格”。日本动物爱护管理中心主页上写着：1.无法继续豢养的动物，请不要丢弃（以前是免费，现在只需交付2000日元即可由保护中心收容接管）。2.遗弃、虐待动物是犯罪。3.遗弃动物者，处以50万日元以下罚款。4.杀、伤动物者，处以一年以下刑拘或100万元以下罚款。,看過才感受到美國版跟日本版的極大區別，除去整個情緒上的控制度，看過日本版才能理解為什麼阿八會用牠的餘生去等待主人，因為教授實在太愛牠了啊！教授對牠的那種愛和呵護是美國版完全沒有表現出來的，如果先看美國版會認為這是一隻神犬，跟主人之間的情感是冥冥中的，但日本版告訴我愛絕對是相互的。,美版的才是忠诚，日版的看到是凄惨和无奈，无家可归，忍饥受冻，被人遗弃，追打，如果给他一个家，像教授一样爱它，它也不会这么凄惨，只能在车站那苦苦的等待那个唯一爱它的人。,一只狗对其生命最初的爱，又想起那句话“我们之所以痛苦是因为我们曾经幸福过”
被解救的姜戈,8.7,415849,舒尔茨大夫不远万里，来到米国。一个德国人，毫无利己的动机，把强哥的解放事业当作他自己的事业，这是什么精神？这是国际主义的精神，这是基友主义的精神，每一个好基友都要学习这种精神。,本片很好的说明了什么叫做“躺枪”,4.5。1.痞子昆就是这样，见你犯困了，他就来场重口味强心剂，于是，你又屁颠颠精神百倍。2.头套突袭那场笑喷了，炸平糖果庄园后的示爱也超浪漫。3.遗憾，姜戈痞气不足，沉默期与着魔期的跨度可以更夸张些。4.配乐及部分诗意输出不如[无耻混蛋]讲究，但台词更见功力了。5.同以解放黑奴，与[林肯]暗合。,waltz魅力十足却死的那么酱油。。。,零，有一种类型片，叫昆丁；一，昆丁只拍这种片，但只有昆丁拍这种片；二，此片没那么完美，但已比无耻混蛋用心很多；三，昆丁可能永远再达不到低俗小说的高度，但本作足以革新西部片；四，南方口音蛋疼，有些笑点没听懂，以后我得看中文字幕版；五，原谅我用那么多分号，cuzImagoddamnprogrammer.
四个春天,8.9,109032,我自己的片子，我打五星。。。⁄(⁄⁄•⁄ω⁄•⁄⁄)⁄,看哭了。倒不是说这片子拍得多么惊世（当然导演本来就是一枚文艺大叔&很棒的图片摄影爱好者，对影像有很强的敏感度，拍出一份质朴的诗意），主要是这对老人家太令我羡慕和感动了，这就是中国家庭最缺失的爱的教育啊，小时候梦想中其乐融融的家庭氛围。他们将岁月的苦难化为财富（生活能力极强，除彼此不依附任何人，对一切事物尤其文化生活有强烈的好奇心），展现出超乎常人的乐观、豁达、坚韧与感染力，拍成连续剧我都愿意看。古稀老父自己拍DV学剪辑和后期太可爱了，十八般乐器唱歌书法才艺简直不要太多！姐姐病逝，但她还在他们身边。老照片和家庭录像有效拓展了背景信息量，同时也很抓人。个别处剪辑可以再精炼一下，但总体来说作为非专业出身处女作，扎扎实实不炫技，已经给我太多感动和余味了。,导演一家人，一直有保存和记录家庭影像的传统（片中最早出现的素材是1997年），加上知识分子的文艺情趣，人物鲜活不拘谨，张口都能来上一段曲——已经有中国家庭很少见的乐观达然一面。尤其是导演确立了要创作的想法以后，对摄影拍摄的思考（机位、角度、构图），也令电影不乏美感。《四个春天》是家庭录像在这个时代，这个国度，所能做到的极佳案例。甚至对比《日常对话》，它来得更加随心所欲。父亲姐姐拍摄的素材（印象最深一段是父亲配了《水边的阿狄丽娜》），参与到电影成片当中，也仿若李珞《河流与我的父亲》的实践版。第三个春天的沉默，晦暗与情感凝重，也道出了生之多艰。中国人很少能记住三代以上的亲属，但对于从小陪伴，日常成长的亲人，一旦割舍道别，难免会有切肤之痛，正如每天春节，归家的燕子，总能唤醒相似的生命记忆。,纪录片直击穷山恶水黑社会是一种力量，记录柴米油盐酱醋茶也是一种力量。我们的家庭叙事中很少见到这样豁达与乐观的父母辈，他们对生活中具体的一餐一饭一花一草一事一物真心好奇，真心感恩，真心享受。父亲无论遇到什么事，都笑着说“好玩得很”，看见红亮腊肠慨叹一句“安逸”，看燕子筑巢，看荆条发芽，吹一支蒲公英，这些不是文艺青年的摆拍，是来自真实生活中的点滴情趣，它本应是生活的本意，只是长久地被尘埃覆盖。这其中也有死亡和告别，甚至是最惨痛的那一种，但即便如此也是透亮的。这两位老人没有被时光钝化，没有被窘迫打垮，没有抱怨没有唉声叹气，过好每一天，生命都有界限与终点，所以意义是什么？不过就是盼树叶返绿，等燕子复归的这个过程。,日本有《人生果实》，韩国有《亲爱的，不要跨过那条江》，我们也终于有《四个春天》了。辛波斯卡写“就让那些从未找到幸福爱情的人，不断去说世上没有这种东西，这信念会让他们活得较轻松死得较无憾”——是真的没错，毕竟平成的我们要上哪里去找一个会五六种乐器、会唱歌会跳华尔兹、会书法会视频剪辑、会修家具修电器、会种菜会养蜂、会做家务还超关心我的爱人啊！！！
头脑特工队,8.7,395075,这要不是明年的奥斯卡，我直播吃三斤翔。20156.21,皮克斯第一部没有反派的动画也是其最大胆的作品。整部影片在给孩子看的低龄冒险故事之下，满是只有成年人才能体会到的源自生活的非凡想像力和创造力，核心记忆，个性小岛，抽象空间，造梦制片厂，潜意识监狱，遗忘深渊...而一如既往的欢笑与感动更使之成功挤进皮克斯TOP之列。,不止是卖萌的画面和天马行空的想象力，看完电影后会重新审视自己的情绪，记忆，甚至梦境。BingBong消失的时候我哭得和Toystory3结尾时一样……,果然想象力爆棚！最惊喜的倒不是五种情绪的互相作用，而是对影响性格与情感的个性之岛、核心记忆、抽象思维、造梦工厂影像化的呈现。记忆废墟的设定太催泪了，那些被遗忘的曾经和所有崩坏的岛屿，就是我们成长的代价。,当有天我们会为快乐的回忆流下眼泪，那种笑中有泪的感觉就是长大啊。本质上只是一个儿童故事，但皮克斯的想象力让人叹为观止，尤其是构造出一个妙趣横生而又严谨有序的脑洞世界，看完后好想扒看每个人的脑内呀！！！
地球上的星星,8.9,140633,为什么一定要成为全才，为什么一定要有出息，不会拼写有什么关系，不会系鞋带又有什么关系，你懂得什么是想象，你能画出美丽的池塘夜色吗。要相信每个人都有别人无法超越的那一面，可悲的不是有其他方面表现的比别人差，而是有些人一辈子都发现不了自己最闪光的那一面。喜欢最后一幕ishaan奔向nikumbh，脸上泛着喜悦与自信的光芒。,每一个镜头都寓意很深，他的才华有目共睹。看这部电影的时候，我想很多人都会有强烈的代入感想到自己的童年吧？小时候，在家长的压力下，不得已放弃那些看似幼稚却是我们心中真正渴望表达的东西。在既定的规则下，我们失去了儿时的那份纯真，逐渐沦为社会规则的牺牲品。★★★★★,将来我儿子要是不爱上学，那就不上，在家歇着，爹下班回家陪你玩！瞧瞧把孩子给逼成什么样了？中国哪有那么多像阿米尔汗那样的好老师啊！,这是看过第二印度关于教育的电影了，那一部是三个宝大闹宝来坞。当然，时间长是印度片子的最大特点，一部片子里至少有3首MTV。片中不仅寻求教育理念，还着重体现亲情、友情，这是印度影片与西方片子不同之处。,没有坏学生，只有差老师
疯狂的石头,8.4,539473,聪明的宁浩，能走多远？,中国最nb的片,最可贵的一点是没把观众当傻子。国内电影都指着这样儿拍就行，嗯,难怪老外会看不懂。重庆话版太接地气啊，简直笑死爹了～～～～～～～～,学大烟枪学Snatch学得很足嘛..套了国风的外壳，很多内容（比如杀手的山寨货等等）也符合国情，就是画面欠点火候.黄渤为本片中最亮眼的配角.
梦之安魂曲,8.7,158343,说实话我看完有点想吐。这还是第一次。最后每个人都回到母体里的状态。剪辑，音乐逼得人无路可走。后面看的难受死了，张力太大，我快受不了了。。。。。,一如既往的匠气，视听则非常过度，不是重口味而是语言上不知节制堆砌的差品味。剧本是典型自以为高明的美式多线程，无非是形式填塞浅薄内容表率。这种胡里花哨噱头电影最经不起时间考验，因为充满了可学视觉技巧，大家都玩烂之后，就会写满了过时两个字。,我操真他吗黑色……不论你有多开心看完这片你就感同身受了……,是我对常识的要求太高了么，剪辑和音乐再怎么优秀，也无法掩盖这只是一部禁毒宣传片的本质。沾染毒品与家破人亡本来就是强因果关系，由此带来的绝望本身可以预期。形式主义是一种精致的造作，尤其是没有实质的时候。,一部极好的反吸毒电影……
疯狂原始人,8.7,590353,和这个比起来iceage系列弱爆了。。。and没有男人有不要捉急，只要你力气够大，身为女汉子你总有一天能给自己抓一只男盆友,《超人总动员》一家人的团结与各显神通、《冰河世纪》的原野放逐与聒噪搞笑、《勇敢传说》的脉脉亲情、《阿凡达》的奇观异景、《驯龙高手》的各色萌兽……前后呼应、没有一个多余的情节，过山车式爽快节奏，一路笑着哭。2014第86届奥斯卡最佳动画长片预定提名,现在好莱坞动画片太模式化了永远都是在追求梦想或者冒险的路上有一个羁绊你的家庭/朋友，然后遇到一个靠谱异性青年/灵魂导师，经过艰难险阻重重误会发现家太阳最红毛主席最亲家人朋友才是第一位，最后无论遇到多么大的危险也不会有人死呢。所以如今只有喜羊羊才能不落窠臼了么(屁)。,很不错的合家欢动画。故事很简单，工具，使用火等道理让孩子也能很快理解，然后又植入亲情和勇气，结尾还略感动。整个故事又有很多惊险与搞笑的场面。第一段找早餐的段落真棒，即很精彩，又介绍了主要人物，性格特点及生活环境都出来了。这是编剧很常用的手法，却也很好用。,就让动画片拯救全人类吧！！
罗生门,8.8,205780,如果不是那一阵风,「人对于自己的事不会实话实说，谈他自己的事的时候，不可能不加虚饰。这个剧本描写的就是不加虚饰就活不下去的人的本性。甚至可以这样说：人就算死了也不会放弃虚饰，可见人的罪孽如何之深。这是一幅描绘人与生俱来的罪孽和人难以更改的本性、展示人的利己心的奇妙画卷。诸位说仍然不懂这个剧本，因为,谎言是人性的救命稻草,想起史铁生的一句话：“历史在发生时未被发现，在发现时已被重组”，没有绝对的真实能在叙述中被还原。很赞同看过的一个说法“谎言的对立面是宽容”，听者的理解力与接受度影响着叙述者对真相还原的保留度，你若能对他的懦弱退让和罪恶表示宽容，兴许由着这份信任就能更贴近真相了。,强盗是个2B女人是狡猾的狐狸它老公是个自私鬼讲故事的是个伪君子鉴定完毕
城市之光,9.3,80721,"""在她的眼睛未被治愈的时候，她说，“他不仅仅是个有钱人”，而当她的眼睛被治愈的时候，她是否还会说出这样的话语，在结尾处，一个笑容，将所有的想象留给了我们。当她终于可以目睹这座城市的光芒的时候，她是否还可以感受到一个人内心的光芒？""",永远的小人物，伟大的卓别林。,”假如我们长时间地、专注看一个好笑的故事，它会变得越来越悲哀“——果戈理,老电影咖啡馆的第一弹。原来明天会更好的原文也可以是tomorrowthebirdswillsing。,爱情是光，将城市点亮，笑的最后却是感动。卓别林竟然是爱情电影的大师……
变脸,8.5,306049,当发哥的风衣、墨镜出现在了凯奇身上，当凯奇在教堂唱起“哈利路亚”，我完全被他迷倒了~~,原来是吴宇森作品，看的时候还奇怪外国人是怎么想出这个复杂的事情的，而且还能看到《英雄本色》和《喋血双雄》的影子。。。,说实话，换脸变成另一个人是一件很可怕的事，想一想在变成另一个的时候可以无视道德和法律的约束，会不会在变换的过程中迷失最初的自己,不了解为什么这么多好评。在我看来，这是一部外表刻意又没有内涵的作品。情节太假，其他的也是寻常好莱坞的感觉。抛开连续集都可圈可点的英雄本色，算是非常有诚意的作品，其实我真的不喜欢所谓的暴力美学导演的吴宇森。,确实好看呀，我喜欢特拉沃尔塔~
血钻,8.6,237183,又是一个Leonardo适合的角色，彪悍的小混混。“几内亚，100万人的非洲第二大难民营，但在电视上，最多只能播1分钟新闻，在体育和气象之间。”,抵制血钻~~~BS为了小破石头的虚荣而不惜以采钻者血的代价来实现的女人们~~~要是我吗，冰糖也能当钻戒,但愿看过这片子的人以后都不再向往钻石,如果早拍10年并换个更有质感的女主，比如年轻时的梅里尔斯特里普，这部片应该能成为另一个走出非洲。除了探讨血钻主题，事实上影片也探讨了很多其他的宏大命题如战争、儿童兵、不绝对的正义与邪恶、生命的意义等。且并不显得突兀，很好的融合在剧情里。剧本有张力，Leo表演很赞。后半程配乐不错。,这部片子让我记住了leo的演技。
